country,year,month,temperature_celsius,wind_kph,precip_mm,humidity,pressure_mb,uv_index
Afghanistan,2024,5,20.305882352941175,11.51764705882353,1.85,38.05882352941177,1010.0,3.764705882352941
Afghanistan,2024,6,25.59,17.11,2.18,24.833333333333332,1004.9,6.5
Afghanistan,2024,7,31.303448275862067,20.731034482758623,0.01,17.93103448275862,998.0,7.758620689655173
Afghanistan,2024,8,30.848387096774193,20.19677419354839,1.15,20.548387096774192,1001.258064516129,7.483870967741935
Afghanistan,2024,9,28.216666666666665,12.223333333333333,0.43000000000000005,13.733333333333333,1004.8,7.0
Afghanistan,2024,10,21.98709677419355,6.461290322580646,3.15,21.70967741935484,1011.8387096774194,4.183870967741935
Afghanistan,2024,11,15.67,4.6466666666666665,0.06,27.466666666666665,1015.9,2.76
Afghanistan,2024,12,7.174193548387097,4.235483870967743,0.01,22.387096774193548,1018.3225806451613,0.6322580645161291
Afghanistan,2025,1,1.3129032258064517,6.961290322580646,2.31,58.87096774193548,1022.8064516129032,0.8548387096774194
Afghanistan,2025,2,4.789285714285714,7.139285714285714,1.42,47.857142857142854,1019.3214285714286,1.6500000000000001
Afghanistan,2025,3,11.993548387096775,6.32258064516129,1.98,33.03225806451613,1015.258064516129,3.5580645161290323
Afghanistan,2025,4,22.986666666666668,6.613333333333333,0.04,18.4,1010.2,7.653333333333333
Afghanistan,2025,5,27.26774193548387,10.783870967741937,4.3500000000000005,17.483870967741936,1005.8064516129032,9.390322580645162
Afghanistan,2025,6,31.013333333333332,12.126666666666667,0.06999999999999999,13.0,1001.8666666666667,10.353333333333333
Afghanistan,2025,7,32.880645161290325,9.67741935483871,0.02,11.741935483870968,998.8387096774194,10.229032258064517
Afghanistan,2025,8,30.480645161290322,6.870967741935484,0.0,15.35483870967742,1003.0,10.825806451612904
Afghanistan,2025,9,26.833333333333332,5.503333333333333,0.0,17.266666666666666,1007.8,8.823333333333332
Afghanistan,2025,10,20.26451612903226,4.380645161290323,0.01,18.258064516129032,1013.7741935483871,6.122580645161291
Afghanistan,2025,11,13.923333333333334,4.1433333333333335,0.0,7.9,1018.4333333333333,4.076666666666666
Afghanistan,2025,12,8.619354838709677,4.006451612903226,0.8,33.74193548387097,1020.7096774193549,2.6129032258064515
Afghanistan,2026,1,1.8266666666666667,4.8566666666666665,2.52,47.06666666666667,1024.1333333333334,2.92
Afghanistan,2026,2,1.6333333333333335,4.683333333333334,0.46,63.5,1027.6666666666667,3.4499999999999997
Albania,2024,5,25.647058823529413,13.076470588235294,5.02,57.529411764705884,1012.2352941176471,5.411764705882353
Albania,2024,6,30.84333333333333,14.346666666666666,1.6,45.766666666666666,1012.9,7.133333333333334
Albania,2024,7,34.63793103448276,18.78965517241379,3.17,37.0,1010.2413793103449,8.172413793103448
Albania,2024,8,34.980645161290326,18.125806451612902,0.69,32.12903225806452,1010.5483870967741,8.129032258064516
Albania,2024,9,27.516666666666666,9.120000000000001,11.68,48.266666666666666,1013.0,6.133333333333334
Albania,2024,10,21.835483870967742,6.135483870967741,4.39,56.806451612903224,1019.5483870967741,3.1580645161290324
Albania,2024,11,13.783333333333333,6.133333333333334,2.59,59.13333333333333,1020.8666666666667,1.21
Albania,2024,12,11.741935483870968,6.77741935483871,9.71,62.58064516129032,1018.4193548387096,1.1064516129032258
Albania,2025,1,13.425806451612903,6.280645161290322,3.2799999999999994,58.96774193548387,1021.1612903225806,1.4161290322580644
Albania,2025,2,12.428571428571429,5.175,0.5700000000000001,52.42857142857143,1023.6071428571429,1.842857142857143
Albania,2025,3,16.067741935483873,7.719354838709678,7.45,51.61290322580645,1016.4193548387096,2.638709677419355
Albania,2025,4,18.403333333333332,8.13,4.32,49.833333333333336,1015.3,4.16
Albania,2025,5,21.664516129032258,8.22258064516129,6.58,50.96774193548387,1013.9677419354839,4.767741935483872
Albania,2025,6,29.323333333333334,7.836666666666667,0.0,38.36666666666667,1016.4666666666667,6.5600000000000005
Albania,2025,7,30.361290322580647,12.077419354838709,0.45999999999999996,36.58064516129032,1011.4516129032259,5.948387096774193
Albania,2025,8,28.22258064516129,8.916129032258064,0.27,44.32258064516129,1013.4193548387096,4.312903225806451
Albania,2025,9,23.373333333333335,6.223333333333333,0.82,60.266666666666666,1016.8,2.6599999999999997
Albania,2025,10,15.170967741935485,5.829032258064516,2.5300000000000002,71.3225806451613,1016.0,0.8290322580645161
Albania,2025,11,12.423333333333334,6.506666666666666,13.68,81.26666666666667,1015.5,0.32
Albania,2025,12,5.306451612903226,5.903225806451613,0.030000000000000002,82.45161290322581,1018.6451612903226,0.17419354838709677
Albania,2026,1,6.609999999999999,9.173333333333334,9.11,76.73333333333333,1011.3,0.14333333333333334
Albania,2026,2,7.6000000000000005,8.183333333333334,0.5700000000000001,81.16666666666667,1004.6666666666666,0.18333333333333335
Algeria,2024,5,26.11764705882353,22.61764705882353,0.01,45.705882352941174,1013.3529411764706,6.0
Algeria,2024,6,27.89,23.71333333333333,0.0,46.733333333333334,1013.8,6.6
Algeria,2024,7,30.29642857142857,16.84642857142857,0.0,53.82142857142857,1013.8928571428571,7.321428571428571
Algeria,2024,8,31.483870967741936,17.580645161290324,0.0,51.74193548387097,1013.1612903225806,7.419354838709677
Algeria,2024,9,28.43,15.01,0.55,50.63333333333333,1015.0333333333333,6.533333333333333
Algeria,2024,10,23.76774193548387,10.425806451612903,0.78,62.12903225806452,1017.1290322580645,2.8451612903225807
Algeria,2024,11,19.44333333333333,9.496666666666666,2.57,66.3,1021.3666666666667,0.9833333333333333
Algeria,2024,12,14.748387096774193,10.332258064516129,1.87,61.58064516129032,1026.5483870967741,1.3741935483870968
Algeria,2025,1,15.019354838709678,13.22258064516129,3.11,63.03225806451613,1022.8064516129032,1.493548387096774
Algeria,2025,2,15.424999999999999,7.921428571428572,1.4200000000000002,65.78571428571429,1023.0,2.1964285714285716
Algeria,2025,3,17.616129032258065,15.070967741935483,1.2999999999999998,60.96774193548387,1014.3870967741935,2.1774193548387095
Algeria,2025,4,19.7,11.743333333333334,2.0,59.13333333333333,1015.5333333333333,2.9166666666666665
Algeria,2025,5,22.274193548387096,11.958064516129031,2.87,60.29032258064516,1016.4193548387096,3.174193548387097
Algeria,2025,6,28.503333333333334,10.463333333333333,0.0,55.1,1017.5333333333333,4.02
Algeria,2025,7,29.34193548387097,12.261290322580644,0.13,55.806451612903224,1015.1612903225806,3.2
Algeria,2025,8,27.712903225806453,9.725806451612904,0.0,55.225806451612904,1015.0,2.2548387096774194
Algeria,2025,9,24.243333333333332,9.053333333333335,0.18,69.26666666666667,1017.4,1.2266666666666666
Algeria,2025,10,19.029032258064515,8.438709677419356,0.15,73.54838709677419,1017.9677419354839,0.43870967741935485
Algeria,2025,11,12.66,12.52,3.57,76.03333333333333,1017.8666666666667,0.08666666666666667
Algeria,2025,12,9.606451612903227,11.387096774193548,2.14,84.58064516129032,1016.8387096774194,0.0
Algeria,2026,1,10.163333333333332,18.183333333333334,6.56,80.86666666666666,1012.9,0.0
Algeria,2026,2,12.700000000000001,16.733333333333334,0.09,69.83333333333333,1007.0,0.0
Andorra,2024,5,12.423529411764704,9.876470588235295,5.9799999999999995,60.88235294117647,1013.0,3.176470588235294
Andorra,2024,6,17.459999999999997,10.673333333333334,5.41,53.2,1014.8666666666667,4.266666666666667
Andorra,2024,7,24.010344827586206,13.072413793103449,3.19,37.44827586206897,1016.2413793103449,6.0
Andorra,2024,8,23.416129032258063,9.180645161290323,4.03,42.16129032258065,1016.2903225806451,5.516129032258065
Andorra,2024,9,14.58,9.94,9.33,55.03333333333333,1015.6666666666666,3.9
Andorra,2024,10,11.593548387096773,8.580645161290322,1.1400000000000001,67.0,1017.3870967741935,1.7645161290322582
Andorra,2024,11,6.1433333333333335,6.846666666666667,2.6100000000000003,74.63333333333334,1022.5,0.6566666666666666
Andorra,2024,12,2.9645161290322584,8.319354838709677,2.17,69.38709677419355,1025.3870967741937,0.9806451612903226
Andorra,2025,1,2.035483870967742,8.025806451612903,3.73,66.48387096774194,1019.4193548387096,0.9580645161290322
Andorra,2025,2,4.128571428571428,6.710714285714286,1.4,67.60714285714286,1021.2142857142857,1.5392857142857144
Andorra,2025,3,1.1806451612903226,9.516129032258064,6.43,82.51612903225806,1013.8709677419355,1.9516129032258065
Andorra,2025,4,7.21,8.566666666666666,5.97,63.7,1014.0333333333333,2.7866666666666666
Andorra,2025,5,11.038709677419355,7.558064516129032,4.07,54.87096774193548,1015.8709677419355,3.512903225806452
Andorra,2025,6,21.09333333333333,8.026666666666667,1.3800000000000001,43.03333333333333,1020.3666666666667,4.416666666666667
Andorra,2025,7,19.07741935483871,7.658064516129032,2.67,50.41935483870968,1018.1612903225806,3.629032258064516
Andorra,2025,8,20.793548387096774,6.296774193548386,2.02,44.96774193548387,1018.8387096774194,2.174193548387097
Andorra,2025,9,13.860000000000001,7.056666666666667,1.09,62.833333333333336,1020.1333333333333,1.0633333333333332
Andorra,2025,10,9.35483870967742,5.861290322580645,0.81,63.806451612903224,1018.8709677419355,0.3290322580645161
Andorra,2025,11,-0.36666666666666664,8.773333333333333,4.47,79.2,1018.1,0.05333333333333334
Andorra,2025,12,-2.8677419354838714,6.767741935483871,3.54,80.87096774193549,1018.8387096774194,0.0
Andorra,2026,1,-5.51,8.316666666666666,5.41,86.76666666666667,1012.3,0.0
Andorra,2026,2,-3.0333333333333337,6.533333333333332,0.05,95.16666666666667,1001.6666666666666,0.0
Angola,2024,5,29.08823529411765,19.594117647058823,0.0,69.76470588235294,1009.4705882352941,8.0
Angola,2024,6,26.55,19.243333333333332,0.0,68.33333333333333,1011.0333333333333,7.566666666666666
Angola,2024,7,24.475862068965515,15.827586206896552,0.0,67.0,1013.8965517241379,7.0344827586206895
Angola,2024,8,24.458064516129035,14.687096774193549,0.0,67.83870967741936,1013.5806451612904,7.0
Angola,2024,9,25.956666666666667,12.473333333333333,0.02,68.03333333333333,1013.4666666666667,6.966666666666667
Angola,2024,10,26.251612903225805,9.348387096774195,0.27,73.58064516129032,1013.6451612903226,5.906451612903226
Angola,2024,11,27.296666666666667,7.6033333333333335,0.8600000000000001,76.1,1012.3333333333334,5.28
Angola,2024,12,27.758064516129032,9.529032258064515,5.73,76.96774193548387,1011.6451612903226,6.554838709677419
Angola,2025,1,29.38064516129032,8.135483870967741,1.72,67.19354838709677,1011.2903225806451,8.587096774193547
Angola,2025,2,29.264285714285712,8.407142857142857,1.78,69.75,1010.6428571428571,8.982142857142858
Angola,2025,3,29.548387096774192,6.077419354838709,0.2,69.41935483870968,1011.1612903225806,7.445161290322581
Angola,2025,4,28.626666666666665,7.923333333333333,3.0900000000000003,73.93333333333334,1011.2333333333333,5.533333333333333
Angola,2025,5,27.861290322580647,7.583870967741936,1.29,76.7741935483871,1012.9677419354839,4.416129032258064
Angola,2025,6,25.203333333333333,6.116666666666666,0.01,75.26666666666667,1015.0666666666667,3.2800000000000002
Angola,2025,7,22.293548387096774,6.880645161290323,0.0,74.80645161290323,1017.3225806451613,2.1806451612903226
Angola,2025,8,21.019354838709678,6.038709677419354,0.030000000000000002,79.38709677419355,1016.8064516129032,1.6741935483870967
Angola,2025,9,22.696666666666665,4.873333333333333,0.09,79.53333333333333,1015.5,1.51
Angola,2025,10,24.612903225806452,7.416129032258064,0.6000000000000001,79.70967741935483,1013.6774193548387,1.6451612903225807
Angola,2025,11,26.14,7.093333333333333,1.13,78.26666666666667,1012.6666666666666,2.0100000000000002
Angola,2025,12,25.77741935483871,8.54516129032258,0.14,80.41935483870968,1011.1935483870968,1.7870967741935484
Angola,2026,1,26.016666666666666,8.1,0.05,79.66666666666667,1011.4,1.7066666666666668
Angola,2026,2,25.633333333333336,9.9,0.02,80.5,1012.5,1.4666666666666668
Antigua and Barbuda,2024,5,29.41176470588235,16.241176470588233,1.6600000000000001,72.82352941176471,1015.8235294117648,6.0588235294117645
Antigua and Barbuda,2024,6,29.92758620689655,16.368965517241378,1.22,72.34482758620689,1015.6551724137931,5.482758620689655
Antigua and Barbuda,2024,7,28.675,21.657142857142855,3.0,76.85714285714286,1016.4285714285714,6.107142857142857
Antigua and Barbuda,2024,8,28.774193548387096,20.03548387096774,3.6100000000000003,76.41935483870968,1015.0967741935484,6.064516129032258
Antigua and Barbuda,2024,9,27.709999999999997,15.706666666666667,3.69,81.46666666666667,1012.3666666666667,5.233333333333333
Antigua and Barbuda,2024,10,27.72258064516129,19.73548387096774,2.66,77.0,1011.8064516129032,0.2903225806451613
Antigua and Barbuda,2024,11,26.389655172413793,19.282758620689656,4.36,83.82758620689656,1010.8965517241379,0.0
Antigua and Barbuda,2024,12,25.606451612903225,26.02258064516129,5.29,76.7741935483871,1013.8709677419355,0.0
Antigua and Barbuda,2025,1,24.436666666666667,27.83,2.08,80.8,1015.6,0.013333333333333334
Antigua and Barbuda,2025,2,24.67142857142857,33.371428571428574,6.09,75.85714285714286,1015.8571428571429,0.0
Antigua and Barbuda,2025,3,24.506451612903227,25.55483870967742,1.8499999999999999,78.74193548387096,1014.4193548387096,0.0
Antigua and Barbuda,2025,4,24.946666666666665,28.60666666666667,1.46,79.46666666666667,1014.1333333333333,0.0
Antigua and Barbuda,2025,5,26.129032258064516,28.225806451612904,1.18,82.19354838709677,1014.6774193548387,0.0
Antigua and Barbuda,2025,6,26.8,31.376666666666665,1.43,76.76666666666667,1016.9333333333333,0.0
Antigua and Barbuda,2025,7,26.81935483870968,29.5258064516129,5.5,79.48387096774194,1016.2258064516129,0.0
Antigua and Barbuda,2025,8,27.62258064516129,24.458064516129035,2.4699999999999998,79.29032258064517,1014.3548387096774,0.0
Antigua and Barbuda,2025,9,27.02,21.663333333333334,5.37,81.53333333333333,1013.2333333333333,0.0
Antigua and Barbuda,2025,10,26.719354838709677,23.345161290322583,10.61,83.09677419354838,1011.6129032258065,0.0
Antigua and Barbuda,2025,11,26.026666666666664,26.08,2.2800000000000002,80.23333333333333,1013.5333333333333,0.04
Antigua and Barbuda,2025,12,25.038709677419355,26.016129032258064,2.64,76.09677419354838,1014.0,0.0
Antigua and Barbuda,2026,1,24.456666666666667,25.423333333333336,4.51,79.6,1014.8,0.0
Antigua and Barbuda,2026,2,24.116666666666664,21.650000000000002,0.1,81.0,1015.6666666666666,0.0
Argentina,2024,5,11.235294117647058,11.258823529411766,0.02,75.6470588235294,1022.7647058823529,4.176470588235294
Argentina,2024,6,13.55,12.723333333333333,1.35,79.43333333333334,1015.7666666666667,4.9
Argentina,2024,7,6.796428571428572,8.425,0.0,78.32142857142857,1025.107142857143,3.857142857142857
Argentina,2024,8,9.764516129032257,12.30967741935484,6.359999999999999,84.83870967741936,1019.5806451612904,4.258064516129032
Argentina,2024,9,12.383333333333333,11.506666666666666,0.44,82.06666666666666,1015.8,3.9
Argentina,2024,10,14.780645161290321,10.006451612903225,0.78,84.38709677419355,1015.3225806451613,0.3870967741935484
Argentina,2024,11,17.709999999999997,10.686666666666667,1.6,83.9,1013.3,0.29
Argentina,2024,12,17.838709677419356,12.019354838709678,1.6,74.61290322580645,1013.5806451612904,0.5806451612903226
Argentina,2025,1,21.716666666666665,9.993333333333334,0.09,77.33333333333333,1012.4333333333333,0.45666666666666667
Argentina,2025,2,21.567857142857143,10.032142857142857,4.710000000000001,81.85714285714286,1011.2142857142857,0.18571428571428572
Argentina,2025,3,18.551612903225806,8.996774193548386,8.15,88.58064516129032,1015.0,0.0064516129032258064
Argentina,2025,4,13.693333333333333,8.993333333333334,0.61,87.46666666666667,1017.4666666666667,0.0
Argentina,2025,5,13.296774193548387,8.69032258064516,6.109999999999999,89.61290322580645,1016.741935483871,0.0
Argentina,2025,6,7.88,9.646666666666667,0.43000000000000005,81.23333333333333,1018.6,0.0
Argentina,2025,7,8.98709677419355,9.01290322580645,3.61,86.12903225806451,1022.258064516129,0.0
Argentina,2025,8,10.277419354838708,10.509677419354839,2.4499999999999997,84.6774193548387,1019.3548387096774,0.0
Argentina,2025,9,11.093333333333334,9.753333333333334,1.81,87.5,1017.6666666666666,0.0
Argentina,2025,10,14.990322580645161,10.870967741935484,10.75,80.41935483870968,1016.258064516129,0.0
Argentina,2025,11,15.816666666666666,9.533333333333333,7.1000000000000005,83.86666666666666,1013.3,0.0
Argentina,2025,12,20.01290322580645,11.061290322580644,0.14,78.51612903225806,1008.4193548387096,0.0
Argentina,2026,1,20.959999999999997,12.576666666666666,0.22,76.0,1012.5666666666667,0.0
Argentina,2026,2,21.683333333333334,10.216666666666667,0.01,79.5,1008.0,0.0
Armenia,2024,5,22.823529411764707,10.617647058823529,3.7600000000000002,33.8235294117647,1013.5294117647059,5.0
Armenia,2024,6,31.30666666666667,12.54,3.48,20.7,1010.2666666666667,6.8
Armenia,2024,7,31.858620689655172,10.851724137931035,1.29,29.17241379310345,1005.5172413793103,7.206896551724138
Armenia,2024,8,34.13225806451613,8.174193548387096,0.08,22.193548387096776,1007.1935483870968,8.096774193548388
Armenia,2024,9,27.65666666666667,8.326666666666666,0.76,28.966666666666665,1013.9,6.6
Armenia,2024,10,18.35483870967742,8.383870967741935,1.7499999999999998,36.903225806451616,1018.258064516129,3.958064516129032
Armenia,2024,11,10.886666666666667,6.45,1.26,49.53333333333333,1020.9666666666667,2.15
Armenia,2024,12,4.696774193548387,4.941935483870967,1.23,55.74193548387097,1023.1612903225806,1.2935483870967743
Armenia,2025,1,3.3548387096774195,3.903225806451613,0.0,53.67741935483871,1026.3225806451612,1.7258064516129032
Armenia,2025,2,3.5392857142857146,5.667857142857143,1.58,48.17857142857143,1019.1428571428571,2.439285714285714
Armenia,2025,3,14.51290322580645,5.612903225806452,3.54,32.38709677419355,1019.0322580645161,4.658064516129032
Armenia,2025,4,17.06,9.94,1.26,42.8,1014.9666666666667,6.0
Armenia,2025,5,23.58709677419355,9.245161290322581,2.0300000000000002,34.83870967741935,1014.0967741935484,8.503225806451614
Armenia,2025,6,27.43,8.286666666666667,0.33,23.866666666666667,1012.7,9.9
Armenia,2025,7,31.129032258064516,6.687096774193549,0.13,27.096774193548388,1010.3548387096774,9.838709677419354
Armenia,2025,8,31.019354838709678,8.67741935483871,0.05,28.096774193548388,1012.3548387096774,8.64516129032258
Armenia,2025,9,23.583333333333332,8.68,0.36,35.53333333333333,1015.3666666666667,5.593333333333334
Armenia,2025,10,16.938709677419357,6.303225806451613,0.4,52.74193548387097,1019.1935483870968,2.925806451612903
Armenia,2025,11,8.52,4.166666666666667,0.01,59.43333333333333,1026.3,1.6333333333333333
Armenia,2025,12,1.7032258064516128,3.8806451612903223,0.7000000000000001,82.38709677419355,1020.4193548387096,0.9064516129032258
Armenia,2026,1,-3.9866666666666664,4.193333333333333,1.0,81.53333333333333,1021.8,1.1933333333333331
Armenia,2026,2,1.0,4.016666666666667,0.27999999999999997,83.0,1017.8333333333334,1.05
Australia,2024,5,3.8666666666666667,6.446666666666667,0.22,92.0,1025.8,1.0
Australia,2024,6,3.978125,8.64375,0.66,90.5625,1018.9375,1.0
Australia,2024,7,4.403448275862069,10.458620689655174,2.44,89.82758620689656,1022.1379310344828,1.0
Australia,2024,8,7.738709677419355,10.861290322580645,10.23,86.09677419354838,1020.8387096774194,1.0
Australia,2024,9,10.606666666666666,11.486666666666668,0.6,64.03333333333333,1020.8333333333334,1.0
Australia,2024,10,11.23225806451613,11.435483870967742,0.08,70.87096774193549,1018.7096774193549,0.2903225806451613
Australia,2024,11,17.373333333333335,12.496666666666666,3.6,65.1,1015.6333333333333,0.13333333333333333
Australia,2024,12,17.074193548387097,10.125806451612902,2.27,67.70967741935483,1012.1935483870968,0.0
Australia,2025,1,18.970967741935485,12.361290322580645,1.6900000000000002,73.70967741935483,1014.6451612903226,0.03225806451612903
Australia,2025,2,20.724999999999998,10.367857142857144,0.95,67.39285714285714,1015.75,0.0
Australia,2025,3,19.861290322580647,13.32258064516129,0.54,69.03225806451613,1019.6774193548387,0.0
Australia,2025,4,16.113333333333333,8.95,1.71,63.233333333333334,1019.1666666666666,0.0
Australia,2025,5,11.029032258064515,8.583870967741936,1.36,73.7741935483871,1023.5483870967741,0.04516129032258064
Australia,2025,6,5.676666666666667,7.8133333333333335,0.49,79.5,1019.4,0.0
Australia,2025,7,7.951612903225806,12.996774193548386,7.330000000000001,77.48387096774194,1014.516129032258,0.0
Australia,2025,8,10.183870967741935,11.290322580645162,1.02,67.06451612903226,1020.5806451612904,0.0064516129032258064
Australia,2025,9,14.233333333333333,14.326666666666666,15.03,54.3,1016.9666666666667,0.11333333333333333
Australia,2025,10,18.451612903225808,13.509677419354839,1.05,47.516129032258064,1013.1612903225806,0.39354838709677425
Australia,2025,11,21.45,16.853333333333335,0.22999999999999998,37.833333333333336,1007.9666666666667,1.0366666666666666
Australia,2025,12,26.01290322580645,17.96451612903226,13.309999999999999,32.54838709677419,1011.4193548387096,1.4548387096774194
Australia,2026,1,28.470000000000002,20.06,0.36,36.56666666666667,1010.7333333333333,1.3233333333333335
Australia,2026,2,29.366666666666664,18.816666666666666,0.0,20.666666666666668,1016.5,1.9833333333333334
Austria,2024,5,20.647058823529413,16.535294117647055,2.13,60.76470588235294,1012.5294117647059,4.882352941176471
Austria,2024,6,24.936666666666667,17.823333333333334,3.02,53.43333333333333,1013.1333333333333,6.2
Austria,2024,7,28.482142857142858,14.639285714285716,0.68,41.07142857142857,1014.4642857142857,7.178571428571429
Austria,2024,8,29.43548387096774,13.922580645161291,0.48,43.32258064516129,1014.4516129032259,7.354838709677419
Austria,2024,9,20.09333333333333,19.1,12.639999999999999,60.1,1014.7333333333333,5.3
Austria,2024,10,13.583870967741934,12.948387096774193,0.6799999999999999,73.48387096774194,1020.0322580645161,2.009677419354839
Austria,2024,11,5.87,12.106666666666666,0.9,72.63333333333334,1023.2,0.62
Austria,2024,12,4.377419354838709,12.248387096774193,1.17,73.41935483870968,1023.1935483870968,0.5935483870967742
Austria,2025,1,3.351612903225807,12.73225806451613,1.02,76.70967741935483,1019.6774193548387,0.7193548387096774
Austria,2025,2,2.6392857142857147,12.971428571428572,0.11,64.53571428571429,1027.142857142857,1.1535714285714285
Austria,2025,3,9.125806451612902,11.016129032258064,2.04,64.03225806451613,1016.3870967741935,1.7161290322580647
Austria,2025,4,13.806666666666667,15.139999999999999,2.17,61.7,1017.1,2.89
Austria,2025,5,14.906451612903227,12.019354838709678,3.12,62.806451612903224,1015.9354838709677,3.141935483870968
Austria,2025,6,22.98,12.139999999999999,4.359999999999999,55.2,1019.7,4.739999999999999
Austria,2025,7,22.529032258064515,13.393548387096773,4.33,60.645161290322584,1014.0967741935484,3.9387096774193546
Austria,2025,8,21.4741935483871,11.36774193548387,0.8200000000000001,59.96774193548387,1016.741935483871,3.1516129032258067
Austria,2025,9,16.77,11.826666666666666,1.1400000000000001,75.43333333333334,1019.0333333333333,1.3666666666666667
Austria,2025,10,10.187096774193549,13.306451612903226,0.89,76.87096774193549,1017.483870967742,0.3838709677419355
Austria,2025,11,4.0,10.283333333333333,3.43,86.9,1016.2,0.11000000000000001
Austria,2025,12,1.5419354838709676,8.603225806451613,2.1900000000000004,93.51612903225806,1021.516129032258,0.0
Austria,2026,1,-2.03,11.020000000000001,1.24,83.23333333333333,1010.8333333333334,0.010000000000000002
Austria,2026,2,0.2833333333333332,11.700000000000001,0.16,91.83333333333333,1004.0,0.05000000000000001
Azerbaijan,2024,5,20.88235294117647,21.28235294117647,0.2,51.705882352941174,1016.1764705882352,5.352941176470588
Azerbaijan,2024,6,28.766666666666666,21.84333333333333,0.07,47.13333333333333,1009.9,6.966666666666667
Azerbaijan,2024,7,30.5,24.28965517241379,0.35000000000000003,46.06896551724138,1007.3103448275862,7.172413793103448
Azerbaijan,2024,8,30.61935483870968,22.809677419354838,0.12,44.41935483870968,1009.2258064516129,7.387096774193548
Azerbaijan,2024,9,26.855172413793102,23.379310344827587,0.0,45.793103448275865,1015.0,6.448275862068965
Azerbaijan,2024,10,19.04516129032258,21.4,2.26,66.7741935483871,1018.3225806451613,3.1193548387096777
Azerbaijan,2024,11,13.28,24.066666666666666,1.2,71.26666666666667,1020.7666666666667,1.6900000000000002
Azerbaijan,2024,12,9.48709677419355,21.80322580645161,1.17,72.16129032258064,1022.1612903225806,0.7838709677419355
Azerbaijan,2025,1,9.3,22.406451612903226,0.07,72.03225806451613,1024.3548387096773,1.2967741935483872
Azerbaijan,2025,2,5.121428571428572,27.00357142857143,0.46,74.10714285714286,1022.6071428571429,1.4607142857142856
Azerbaijan,2025,3,13.061290322580646,26.845161290322583,0.1,60.38709677419355,1019.483870967742,3.958064516129032
Azerbaijan,2025,4,17.003333333333334,24.59,3.29,60.5,1015.3,5.5600000000000005
Azerbaijan,2025,5,23.048387096774192,24.593548387096774,0.0,52.516129032258064,1013.7096774193549,7.948387096774193
Azerbaijan,2025,6,26.543333333333333,25.483333333333334,0.0,50.766666666666666,1011.9666666666667,8.986666666666668
Azerbaijan,2025,7,31.383870967741935,22.903225806451612,0.0,46.16129032258065,1008.741935483871,9.125806451612902
Azerbaijan,2025,8,31.69677419354839,20.43548387096774,0.54,44.67741935483871,1011.5806451612904,8.116129032258064
Azerbaijan,2025,9,24.37666666666667,23.290000000000003,1.4400000000000002,58.0,1015.2333333333333,4.496666666666667
Azerbaijan,2025,10,20.46451612903226,20.496774193548386,0.5700000000000001,64.87096774193549,1017.2258064516129,2.8225806451612905
Azerbaijan,2025,11,16.323333333333334,17.790000000000003,0.41000000000000003,72.06666666666666,1023.1666666666666,1.5133333333333332
Azerbaijan,2025,12,9.925806451612903,23.41290322580645,6.07,74.61290322580645,1019.9032258064516,0.6483870967741936
Azerbaijan,2026,1,6.546666666666667,27.529999999999998,0.82,76.83333333333333,1018.8333333333334,0.87
Azerbaijan,2026,2,5.666666666666667,25.483333333333334,0.14,82.83333333333333,1017.6666666666666,1.0
Bahamas,2024,5,28.764705882352942,13.829411764705881,0.5499999999999999,73.6470588235294,1015.7647058823529,6.352941176470588
Bahamas,2024,6,28.548275862068966,16.713793103448275,4.75,78.48275862068965,1016.1379310344828,6.379310344827586
Bahamas,2024,7,29.0,14.735714285714286,1.72,77.17857142857143,1018.25,6.464285714285714
Bahamas,2024,8,28.42258064516129,16.5258064516129,6.1899999999999995,78.90322580645162,1016.6129032258065,6.32258064516129
Bahamas,2024,9,27.62,13.253333333333334,1.35,85.16666666666667,1013.3666666666667,4.066666666666666
Bahamas,2024,10,26.803333333333335,26.923333333333336,0.27,77.53333333333333,1014.3666666666667,0.3
Bahamas,2024,11,24.555172413793105,24.848275862068967,4.65,76.20689655172414,1014.7586206896551,0.0
Bahamas,2024,12,22.64516129032258,26.758064516129032,0.0,79.09677419354838,1018.9677419354839,0.0
Bahamas,2025,1,20.19,20.64,0.0,79.7,1019.7333333333333,0.0
Bahamas,2025,2,20.900000000000002,21.557142857142857,0.0,87.21428571428571,1019.0357142857143,0.0
Bahamas,2025,3,20.08709677419355,23.635483870967743,1.56,82.2258064516129,1016.741935483871,0.0
Bahamas,2025,4,23.026666666666664,24.40666666666667,0.0,74.03333333333333,1018.3666666666667,0.0
Bahamas,2025,5,25.266666666666666,22.363333333333333,0.0,81.96666666666667,1016.5666666666667,0.0
Bahamas,2025,6,27.003333333333334,22.836666666666666,0.0,80.26666666666667,1018.7,0.0
Bahamas,2025,7,27.03548387096774,20.793548387096774,0.0,83.2258064516129,1018.258064516129,0.0
Bahamas,2025,8,27.90967741935484,18.43548387096774,4.04,82.03225806451613,1016.2903225806451,0.0
Bahamas,2025,9,26.683333333333334,17.959999999999997,10.85,88.7,1013.1,0.0
Bahamas,2025,10,25.94516129032258,22.538709677419355,0.0,83.7741935483871,1012.483870967742,0.0
Bahamas,2025,11,22.833333333333332,21.033333333333335,7.92,80.93333333333334,1017.8,0.0
Bahamas,2025,12,22.45483870967742,20.541935483870965,0.060000000000000005,82.70967741935483,1018.0967741935484,0.0
Bahamas,2026,1,21.016666666666666,21.223333333333336,0.7100000000000001,80.5,1018.8,0.0
Bahamas,2026,2,15.133333333333333,35.1,0.0,65.0,1020.8333333333334,0.0
Bahrain,2024,5,34.411764705882355,22.417647058823526,0.0,39.1764705882353,1003.7647058823529,7.470588235294118
Bahrain,2024,6,36.983333333333334,18.616666666666667,0.0,44.36666666666667,998.8,8.4
Bahrain,2024,7,37.88965517241379,24.313793103448276,0.0,44.6551724137931,994.9310344827586,8.551724137931034
Bahrain,2024,8,36.94193548387097,20.77741935483871,0.0,56.225806451612904,998.0322580645161,8.580645161290322
Bahrain,2024,9,37.18,17.376666666666665,0.0,45.13333333333333,1003.1666666666666,8.066666666666666
Bahrain,2024,10,31.067741935483873,16.703225806451613,0.0,54.67741935483871,1011.0645161290323,6.951612903225806
Bahrain,2024,11,27.14,19.973333333333336,0.0,59.1,1015.7333333333333,4.95
Bahrain,2024,12,21.283870967741933,18.606451612903225,0.0,56.32258064516129,1018.258064516129,3.2580645161290325
Bahrain,2025,1,20.125806451612902,20.17096774193548,0.01,52.225806451612904,1019.2903225806451,3.7580645161290325
Bahrain,2025,2,19.853571428571428,22.40357142857143,0.14,55.714285714285715,1017.0357142857143,4.225
Bahrain,2025,3,24.06451612903226,20.13225806451613,0.04,47.74193548387097,1015.6129032258065,7.122580645161291
Bahrain,2025,4,31.94,17.90666666666667,0.0,32.1,1010.2333333333333,9.453333333333335
Bahrain,2025,5,36.099999999999994,20.83225806451613,0.0,29.258064516129032,1005.2903225806451,10.399999999999999
Bahrain,2025,6,37.75,22.77,0.0,31.233333333333334,1000.8333333333334,11.036666666666667
Bahrain,2025,7,38.97096774193548,21.683870967741935,0.0,34.74193548387097,997.3548387096774,10.525806451612903
Bahrain,2025,8,39.141935483870974,12.735483870967743,0.0,44.87096774193548,999.741935483871,9.806451612903226
Bahrain,2025,9,36.593333333333334,16.996666666666666,0.0,45.56666666666667,1005.1666666666666,8.246666666666666
Bahrain,2025,10,31.52258064516129,15.887096774193548,0.0,52.516129032258064,1011.6774193548387,5.970967741935484
Bahrain,2025,11,26.396666666666665,16.78666666666667,0.0,57.7,1018.7333333333333,4.263333333333334
Bahrain,2025,12,22.370967741935484,15.887096774193548,0.88,63.74193548387097,1018.0645161290323,2.97741935483871
Bahrain,2026,1,18.206666666666667,22.48,0.05,62.6,1021.6,3.4233333333333333
Bahrain,2026,2,20.866666666666667,18.9,0.0,62.0,1019.8333333333334,3.716666666666667
Bangladesh,2024,5,31.605882352941173,19.48235294117647,13.23,62.294117647058826,1000.1764705882352,1.4705882352941178
Bangladesh,2024,6,30.12,22.28666666666667,14.08,74.46666666666667,1000.3,1.1666666666666667
Bangladesh,2024,7,30.185714285714287,19.567857142857143,10.27,74.57142857142857,998.3571428571429,4.892857142857143
Bangladesh,2024,8,28.961290322580645,17.838709677419356,18.61,78.61290322580645,1001.9677419354839,6.516129032258065
Bangladesh,2024,9,31.196666666666665,13.35,19.69,67.7,1001.7,7.1
Bangladesh,2024,10,31.151612903225807,10.519354838709678,9.39,58.225806451612904,1006.2903225806451,3.3677419354838714
Bangladesh,2024,11,29.983333333333334,9.26,0.0,37.46666666666667,1010.1,2.8066666666666666
Bangladesh,2024,12,26.451612903225808,11.241935483870968,0.0,28.774193548387096,1011.4516129032259,0.5064516129032258
Bangladesh,2025,1,26.94193548387097,11.051612903225807,0.0,27.516129032258064,1011.1935483870968,0.8483870967741935
Bangladesh,2025,2,30.34642857142857,13.842857142857143,0.0,21.607142857142858,1010.2142857142857,0.9071428571428573
Bangladesh,2025,3,35.74516129032258,15.351612903225806,0.0,17.516129032258064,1006.8387096774194,3.0161290322580645
Bangladesh,2025,4,37.36,11.636666666666667,1.68,26.733333333333334,1004.4,3.19
Bangladesh,2025,5,34.858064516129026,13.729032258064517,31.460000000000004,45.12903225806452,1001.8387096774194,3.4387096774193546
Bangladesh,2025,6,33.217241379310344,17.93103448275862,7.05,59.03448275862069,999.7586206896551,5.1689655172413795
Bangladesh,2025,7,31.55806451612903,18.780645161290323,22.2,67.25806451612904,998.4516129032259,5.270967741935484
Bangladesh,2025,8,31.80322580645161,16.051612903225806,17.95,63.54838709677419,1002.8064516129032,5.964516129032258
Bangladesh,2025,9,32.82666666666667,10.783333333333333,9.35,58.93333333333333,1003.4,6.183333333333334
Bangladesh,2025,10,32.24193548387097,10.100000000000001,14.68,52.645161290322584,1008.0322580645161,5.861290322580645
Bangladesh,2025,11,29.123333333333335,11.04,0.04,41.266666666666666,1011.2333333333333,5.13
Bangladesh,2025,12,26.125806451612902,8.312903225806451,0.0,34.12903225806452,1013.2258064516129,4.709677419354839
Bangladesh,2026,1,25.836666666666666,10.389999999999999,0.0,29.766666666666666,1014.8333333333334,5.196666666666667
Bangladesh,2026,2,27.0,9.833333333333334,0.0,26.833333333333332,1016.1666666666666,5.916666666666667
Barbados,2024,5,29.58823529411765,29.54705882352941,0.79,77.17647058823529,1014.4705882352941,5.411764705882353
Barbados,2024,6,29.403333333333332,28.876666666666665,2.82,78.16666666666667,1014.3,5.8
Barbados,2024,7,28.727586206896554,27.848275862068967,10.53,79.65517241379311,1014.6551724137931,6.275862068965517
Barbados,2024,8,28.716129032258067,21.61935483870968,3.96,79.16129032258064,1013.8709677419355,6.096774193548387
Barbados,2024,9,28.326666666666664,15.096666666666666,4.35,84.06666666666666,1011.2666666666667,5.066666666666666
Barbados,2024,10,27.83225806451613,19.241935483870968,3.8000000000000003,81.87096774193549,1010.5483870967741,0.2903225806451613
Barbados,2024,11,27.74137931034483,21.444827586206895,12.71,82.58620689655173,1009.5172413793103,0.010344827586206896
Barbados,2024,12,26.138709677419353,23.25483870967742,3.0300000000000002,79.12903225806451,1012.1935483870968,0.01935483870967742
Barbados,2025,1,25.626666666666665,26.416666666666668,3.8,79.53333333333333,1013.4333333333333,0.02666666666666667
Barbados,2025,2,25.49285714285714,29.342857142857145,2.31,77.42857142857143,1013.6071428571429,0.0
Barbados,2025,3,25.887096774193548,24.961290322580645,1.35,79.3225806451613,1013.1290322580645,0.0
Barbados,2025,4,25.966666666666665,24.779999999999998,1.82,81.86666666666666,1012.2333333333333,0.0
Barbados,2025,5,27.151612903225807,24.603225806451615,3.54,81.90322580645162,1012.741935483871,0.0
Barbados,2025,6,27.113333333333333,30.759999999999998,2.63,81.66666666666667,1014.1666666666666,0.0
Barbados,2025,7,27.183870967741935,24.551612903225806,4.39,81.74193548387096,1014.0322580645161,0.0032258064516129032
Barbados,2025,8,27.726666666666667,21.09333333333333,2.92,77.56666666666666,1012.8,0.0
Barbados,2025,9,27.923333333333336,19.19333333333333,6.02,79.83333333333333,1011.6333333333333,0.0
Barbados,2025,10,27.351612903225806,19.629032258064516,4.41,80.29032258064517,1010.5806451612904,0.0
Barbados,2025,11,27.066666666666666,25.146666666666665,7.9399999999999995,77.96666666666667,1011.3333333333334,0.0
Barbados,2025,12,25.958064516129035,27.532258064516128,9.25,78.54838709677419,1011.6129032258065,0.0
Barbados,2026,1,25.823333333333334,25.253333333333334,2.84,77.4,1012.6,0.0
Barbados,2026,2,25.966666666666665,24.349999999999998,0.3,74.66666666666667,1014.0,0.0
Belarus,2024,5,22.470588235294116,14.329411764705881,5.15,40.705882352941174,1018.8823529411765,4.764705882352941
Belarus,2024,6,22.153333333333332,15.84,4.82,58.96666666666667,1012.6,5.066666666666666
Belarus,2024,7,24.29310344827586,16.120689655172413,11.08,60.172413793103445,1013.2413793103449,5.724137931034483
Belarus,2024,8,24.664516129032258,15.04516129032258,2.29,52.25806451612903,1014.483870967742,6.064516129032258
Belarus,2024,9,22.42,20.009999999999998,0.51,49.9,1019.4666666666667,5.766666666666667
Belarus,2024,10,10.54516129032258,14.59032258064516,2.15,74.48387096774194,1019.3870967741935,1.6774193548387097
Belarus,2024,11,3.2666666666666666,18.363333333333333,0.16,82.66666666666667,1017.7333333333333,0.4966666666666667
Belarus,2024,12,0.8483870967741935,17.983870967741936,0.64,87.51612903225806,1018.0322580645161,0.2709677419354839
Belarus,2025,1,1.2903225806451613,19.75483870967742,2.42,90.48387096774194,1013.3548387096774,0.3806451612903226
Belarus,2025,2,-2.9785714285714286,14.007142857142856,0.34,71.46428571428571,1028.0,0.9928571428571429
Belarus,2025,3,7.212903225806452,20.522580645161288,1.92,64.19354838709677,1014.741935483871,1.864516129032258
Belarus,2025,4,11.139999999999999,19.83,0.42,54.333333333333336,1015.1666666666666,2.753333333333333
Belarus,2025,5,12.438709677419354,15.629032258064516,4.43,64.35483870967742,1010.8064516129032,2.7161290322580647
Belarus,2025,6,17.913333333333334,22.066666666666666,5.4,66.26666666666667,1012.2333333333333,4.233333333333333
Belarus,2025,7,21.403225806451612,14.370967741935484,3.93,71.83870967741936,1009.9677419354839,4.267741935483872
Belarus,2025,8,19.14516129032258,15.98709677419355,1.73,64.38709677419355,1014.5483870967741,3.425806451612903
Belarus,2025,9,15.436666666666667,17.623333333333335,0.89,76.26666666666667,1021.8,1.9266666666666665
Belarus,2025,10,6.848387096774194,17.258064516129032,1.6199999999999999,89.45161290322581,1012.0967741935484,0.432258064516129
Belarus,2025,11,2.61,13.773333333333333,0.42,95.86666666666666,1015.7,0.17
Belarus,2025,12,0.11612903225806454,15.819354838709677,2.36,92.29032258064517,1017.2258064516129,0.0
Belarus,2026,1,-12.6,13.893333333333334,2.29,86.7,1013.2333333333333,0.05333333333333334
Belarus,2026,2,-18.333333333333332,14.1,0.25,84.0,1018.1666666666666,0.15
Belgium,2024,5,16.294117647058822,15.814705882352943,9.34,77.41176470588235,1011.3823529411765,3.9411764705882355
Belgium,2024,6,18.598275862068967,16.76206896551724,7.92,64.01724137931035,1014.1551724137931,4.448275862068965
Belgium,2024,7,21.582456140350878,14.656140350877193,6.47,61.473684210526315,1014.5263157894736,5.157894736842105
Belgium,2024,8,23.437096774193545,15.3,3.4600000000000004,59.11290322580645,1014.6935483870968,5.806451612903226
Belgium,2024,9,18.236666666666668,18.065,8.31,72.93333333333334,1014.2166666666667,4.55
Belgium,2024,10,13.430645161290323,16.15967741935484,3.1100000000000003,84.24193548387096,1015.8548387096774,1.4580645161290324
Belgium,2024,11,8.026666666666667,16.323333333333334,4.8500000000000005,87.46666666666667,1020.1333333333333,0.3383333333333333
Belgium,2024,12,6.361290322580645,20.106451612903225,5.93,84.6774193548387,1021.9516129032259,0.25483870967741934
Belgium,2025,1,3.9919354838709675,16.108064516129033,8.55,88.90322580645162,1014.741935483871,0.3741935483870968
Belgium,2025,2,4.878571428571428,16.367857142857144,1.94,82.75,1023.0357142857143,0.6839285714285716
Belgium,2025,3,8.637096774193548,14.919354838709678,0.23,71.14516129032258,1017.4354838709677,1.5
Belgium,2025,4,12.453333333333335,15.69,1.75,68.35,1018.0833333333334,2.1033333333333335
Belgium,2025,5,15.288709677419355,18.675806451612903,6.13,64.46774193548387,1017.4354838709677,2.543548387096774
Belgium,2025,6,19.861666666666668,19.676666666666666,2.7,65.66666666666667,1017.6166666666667,3.2800000000000002
Belgium,2025,7,20.453225806451613,14.866129032258065,7.84,67.93548387096774,1015.0,2.5580645161290323
Belgium,2025,8,19.0,15.457894736842105,1.9699999999999998,70.6842105263158,1016.8421052631579,1.8280701754385966
Belgium,2025,9,14.347916666666668,18.564583333333335,1.1300000000000001,79.91666666666667,1016.8125,0.7916666666666666
Belgium,2025,10,11.052727272727273,17.85090909090909,13.299999999999999,86.56363636363636,1014.0909090909091,0.18545454545454548
Belgium,2025,11,7.772222222222222,17.56851851851852,7.01,89.14814814814815,1011.425925925926,0.02962962962962963
Belgium,2025,12,5.305555555555555,17.75925925925926,1.25,87.94444444444444,1016.4629629629629,0.0
Belgium,2026,1,2.5673913043478263,17.356521739130436,2.9,88.67391304347827,1004.3695652173913,0.0
Belgium,2026,2,4.58,15.52,2.0300000000000002,91.3,994.9,0.0
Belize,2024,5,30.352941176470587,11.047058823529412,0.26,80.6470588235294,1011.0,6.411764705882353
Belize,2024,6,27.683333333333334,6.983333333333333,7.96,91.56666666666666,1009.4333333333333,5.9
Belize,2024,7,25.768965517241377,5.524137931034482,2.71,95.13793103448276,1013.448275862069,5.137931034482759
Belize,2024,8,23.79032258064516,3.648387096774194,1.31,97.70967741935483,1013.5483870967741,5.032258064516129
Belize,2024,9,24.32,3.8400000000000003,4.029999999999999,96.26666666666667,1009.1666666666666,3.033333333333333
Belize,2024,10,22.426666666666666,4.596666666666667,3.64,96.53333333333333,1011.8333333333334,0.3
Belize,2024,11,20.97241379310345,4.037931034482759,4.3100000000000005,96.27586206896552,1011.7586206896551,0.0
Belize,2024,12,19.748387096774195,3.774193548387097,1.27,97.64516129032258,1016.4516129032259,0.0
Belize,2025,1,19.55666666666667,4.02,1.58,98.33333333333333,1016.4,0.0
Belize,2025,2,20.525000000000002,3.7035714285714287,0.6,98.25,1014.6785714285714,0.0
Belize,2025,3,20.70967741935484,3.8548387096774195,0.83,95.87096774193549,1012.8709677419355,0.0
Belize,2025,4,21.233333333333334,5.293333333333334,8.1,93.7,1013.2,0.0
Belize,2025,5,23.65666666666667,5.1466666666666665,2.13,94.63333333333334,1011.1666666666666,0.0
Belize,2025,6,23.33,4.1033333333333335,25.619999999999997,97.56666666666666,1012.0666666666667,0.0
Belize,2025,7,22.825806451612905,3.648387096774194,3.45,98.16129032258064,1014.258064516129,0.0
Belize,2025,8,23.003225806451614,3.7193548387096773,1.09,96.51612903225806,1013.2903225806451,0.0
Belize,2025,9,23.10666666666667,3.6266666666666665,5.16,97.46666666666667,1011.8,0.0
Belize,2025,10,22.31935483870968,4.025806451612903,2.68,95.70967741935483,1011.1935483870968,0.0
Belize,2025,11,20.60666666666667,4.14,8.01,96.2,1015.1333333333333,0.0
Belize,2025,12,20.383870967741935,3.648387096774194,0.85,98.48387096774194,1015.258064516129,0.0
Belize,2026,1,18.813793103448276,4.003448275862069,0.49,94.51724137931035,1016.7931034482758,0.0
Belize,2026,2,13.85,4.133333333333334,0.0,90.83333333333333,1022.8333333333334,0.0
Benin,2024,5,30.864705882352943,20.276470588235295,1.19,72.47058823529412,1010.8235294117648,6.9411764705882355
Benin,2024,6,29.709999999999997,18.126666666666665,4.33,75.03333333333333,1011.8,6.366666666666666
Benin,2024,7,28.114285714285717,21.317857142857143,4.72,74.39285714285714,1013.9285714285714,6.0
Benin,2024,8,28.135483870967743,22.09032258064516,2.78,70.74193548387096,1013.8709677419355,6.064516129032258
Benin,2024,9,28.42,17.296666666666667,4.69,76.53333333333333,1013.7666666666667,6.333333333333333
Benin,2024,10,28.093548387096774,8.883870967741935,5.33,79.12903225806451,1013.483870967742,4.719354838709678
Benin,2024,11,28.81,6.14,1.19,78.1,1012.1333333333333,3.31
Benin,2024,12,31.39032258064516,5.854838709677419,0.0,55.0,1012.1290322580645,5.800000000000001
Benin,2025,1,30.916129032258063,8.048387096774194,0.16,67.58064516129032,1011.8387096774194,5.709677419354839
Benin,2025,2,30.682142857142857,10.242857142857144,1.2,76.25,1010.5357142857143,6.1499999999999995
Benin,2025,3,31.20967741935484,14.183870967741935,2.66,74.2258064516129,1010.7096774193549,4.638709677419355
Benin,2025,4,29.733333333333334,13.186666666666667,0.55,77.33333333333333,1010.5,4.286666666666666
Benin,2025,5,29.293548387096774,11.238709677419354,5.46,77.7741935483871,1012.6774193548387,3.329032258064516
Benin,2025,6,27.326666666666664,10.08,1.93,83.56666666666666,1014.2666666666667,3.05
Benin,2025,7,26.135483870967743,14.399999999999999,13.0,84.58064516129032,1015.9354838709677,2.0
Benin,2025,8,25.387096774193548,13.151612903225805,5.02,87.25806451612904,1015.1935483870968,1.6838709677419357
Benin,2025,9,25.756666666666668,10.556666666666667,6.62,89.3,1014.0333333333333,1.3299999999999998
Benin,2025,10,26.503225806451614,7.922580645161291,0.49,88.74193548387096,1012.6774193548387,1.0838709677419356
Benin,2025,11,26.883333333333333,7.233333333333333,0.3,88.8,1011.4666666666667,0.56
Benin,2025,12,27.258064516129032,7.470967741935484,1.95,89.41935483870968,1010.2903225806451,0.39032258064516134
Benin,2026,1,26.85,6.626666666666667,0.44999999999999996,90.33333333333333,1010.5666666666667,0.3533333333333334
Benin,2026,2,27.21666666666667,8.450000000000001,0.06,88.16666666666667,1010.0,0.23333333333333336
Bhutan,2024,5,11.905882352941177,5.0588235294117645,5.53,89.0,1011.2352941176471,1.1764705882352942
Bhutan,2024,6,12.803333333333335,4.016666666666667,8.15,95.56666666666666,1008.6333333333333,1.2666666666666666
Bhutan,2024,7,15.146428571428572,4.103571428571429,13.77,94.32142857142857,1005.8928571428571,3.107142857142857
Bhutan,2024,8,14.580645161290322,4.267741935483872,22.81,93.12903225806451,1009.3870967741935,3.3548387096774195
Bhutan,2024,9,15.2,5.3966666666666665,16.6,83.5,1009.6333333333333,3.433333333333333
Bhutan,2024,10,14.558064516129033,8.625806451612902,8.39,65.70967741935483,1011.0,2.7774193548387096
Bhutan,2024,11,11.093333333333334,9.226666666666667,0.77,51.06666666666667,1013.5333333333333,2.5433333333333334
Bhutan,2024,12,6.1,7.174193548387097,0.16,55.96774193548387,1013.4193548387096,0.529032258064516
Bhutan,2025,1,8.119354838709677,8.758064516129032,0.74,50.0,1011.3225806451613,0.7548387096774193
Bhutan,2025,2,5.878571428571428,8.839285714285714,5.44,66.17857142857143,1012.1785714285714,0.8571428571428571
Bhutan,2025,3,11.887096774193548,10.819354838709677,3.25,44.516129032258064,1009.4193548387096,3.1258064516129034
Bhutan,2025,4,14.22,9.54,10.8,50.93333333333333,1010.1333333333333,4.2
Bhutan,2025,5,15.154838709677419,7.819354838709677,15.77,67.29032258064517,1007.9032258064516,5.274193548387097
Bhutan,2025,6,18.886666666666667,9.306666666666667,17.51,64.13333333333334,1004.6333333333333,6.376666666666667
Bhutan,2025,7,20.0,9.67741935483871,16.02,64.41935483870968,1003.3225806451613,6.993548387096775
Bhutan,2025,8,18.338709677419356,8.529032258064515,19.09,72.90322580645162,1007.0967741935484,5.670967741935484
Bhutan,2025,9,18.716666666666665,9.0,14.39,64.33333333333333,1008.1666666666666,6.27
Bhutan,2025,10,15.5,8.819354838709677,8.99,50.41935483870968,1012.8709677419355,5.616129032258065
Bhutan,2025,11,12.926666666666668,9.093333333333334,0.84,41.56666666666667,1013.3333333333334,5.5233333333333325
Bhutan,2025,12,12.04516129032258,9.629032258064516,0.07,32.935483870967744,1012.0967741935484,5.122580645161291
Bhutan,2026,1,10.226666666666667,9.653333333333334,0.21000000000000002,28.433333333333334,1013.0,5.35
Bhutan,2026,2,11.78,9.7,0.0,26.4,1014.0,6.34
Bolivia,2024,5,20.052941176470586,6.561764705882353,0.01,52.05882352941177,1017.2058823529412,6.205882352941177
Bolivia,2024,6,21.42542372881356,5.513559322033898,0.09,45.25423728813559,1015.6271186440678,6.762711864406779
Bolivia,2024,7,15.539285714285715,5.8125,0.32,60.67857142857143,1018.7678571428571,5.535714285714286
Bolivia,2024,8,17.067741935483873,5.280645161290322,0.11,53.435483870967744,1016.5,5.870967741935484
Bolivia,2024,9,18.85666666666667,5.126666666666667,0.06,54.766666666666666,1013.0166666666667,4.15
Bolivia,2024,10,18.315,5.35,2.54,76.15,1011.3166666666667,0.3
Bolivia,2024,11,17.939655172413794,4.937931034482758,6.38,85.72413793103448,1010.1724137931035,0.010344827586206896
Bolivia,2024,12,17.770967741935483,4.891935483870968,5.88,85.91935483870968,1011.6290322580645,0.0967741935483871
Bolivia,2025,1,17.138333333333332,4.165,16.97,89.7,1012.4666666666667,0.043333333333333335
Bolivia,2025,2,17.125,4.191071428571428,11.23,89.23214285714286,1012.5357142857143,0.0
Bolivia,2025,3,17.0,4.77741935483871,18.87,94.53225806451613,1012.6129032258065,0.0
Bolivia,2025,4,16.529999999999998,5.0600000000000005,11.61,92.73333333333333,1012.5666666666667,0.0
Bolivia,2025,5,16.125806451612902,4.735483870967743,5.64,85.29032258064517,1013.8870967741935,0.0
Bolivia,2025,6,14.606666666666666,4.78,3.35,78.21666666666667,1014.3166666666667,0.0
Bolivia,2025,7,13.611290322580645,4.638709677419355,0.22,72.01612903225806,1016.3387096774194,0.0
Bolivia,2025,8,14.887096774193548,5.127419354838709,0.5700000000000001,64.96774193548387,1014.758064516129,0.0
Bolivia,2025,9,17.611666666666668,5.886666666666667,7.37,73.38333333333334,1012.75,0.0
Bolivia,2025,10,17.23548387096774,5.953225806451614,3.8000000000000003,76.93548387096774,1011.6290322580645,0.0
Bolivia,2025,11,17.723333333333336,5.401666666666667,8.13,82.45,1010.25,0.0
Bolivia,2025,12,17.916129032258063,5.333870967741936,15.68,87.08064516129032,1008.9677419354839,0.0
Bolivia,2026,1,17.55,4.755,17.65,89.16666666666667,1011.8166666666667,0.0
Bolivia,2026,2,18.733333333333334,5.375,0.31000000000000005,86.41666666666667,1010.6666666666666,0.0
Bosnia and Herzegovina,2024,5,22.470588235294116,12.458823529411765,11.77,52.11764705882353,1012.7058823529412,4.352941176470588
Bosnia and Herzegovina,2024,6,27.326666666666664,10.516666666666667,3.5,44.46666666666667,1014.1,6.133333333333334
Bosnia and Herzegovina,2024,7,29.524137931034485,9.506896551724138,2.56,39.58620689655172,1014.1034482758621,7.0344827586206895
Bosnia and Herzegovina,2024,8,30.425806451612903,7.770967741935484,10.1,36.903225806451616,1014.1935483870968,7.0
Bosnia and Herzegovina,2024,9,20.59333333333333,7.223333333333333,12.96,64.1,1015.1,4.966666666666667
Bosnia and Herzegovina,2024,10,17.0258064516129,5.674193548387097,2.0500000000000003,68.70967741935483,1020.0322580645161,2.7225806451612904
Bosnia and Herzegovina,2024,11,7.056666666666667,6.233333333333333,1.57,76.8,1022.8333333333334,1.09
Bosnia and Herzegovina,2024,12,4.041935483870968,5.745161290322581,9.49,88.96774193548387,1021.6451612903226,0.8677419354838709
Bosnia and Herzegovina,2025,1,4.264516129032257,7.512903225806451,1.88,78.54838709677419,1021.8064516129032,1.1935483870967742
Bosnia and Herzegovina,2025,2,3.585714285714286,4.760714285714286,0.74,70.64285714285714,1025.0714285714287,1.4857142857142858
Bosnia and Herzegovina,2025,3,9.23225806451613,7.880645161290323,7.62,67.7741935483871,1016.741935483871,1.9225806451612903
Bosnia and Herzegovina,2025,4,12.713333333333333,8.886666666666667,2.91,61.7,1016.8333333333334,3.1799999999999997
Bosnia and Herzegovina,2025,5,15.938709677419356,9.064516129032258,1.85,59.225806451612904,1015.6451612903226,4.358064516129032
Bosnia and Herzegovina,2025,6,23.009999999999998,7.03,0.5800000000000001,49.733333333333334,1020.8,6.64
Bosnia and Herzegovina,2025,7,23.080645161290324,7.567741935483871,4.470000000000001,54.193548387096776,1015.0,5.064516129032258
Bosnia and Herzegovina,2025,8,19.69677419354839,6.32258064516129,4.83,67.7741935483871,1017.9354838709677,4.151612903225806
Bosnia and Herzegovina,2025,9,16.083333333333332,4.916666666666667,3.4299999999999997,81.96666666666667,1019.9,2.3666666666666667
Bosnia and Herzegovina,2025,10,8.66451612903226,6.038709677419354,2.6,88.2258064516129,1018.5483870967741,0.5935483870967742
Bosnia and Herzegovina,2025,11,3.7066666666666666,5.886666666666667,7.48,94.83333333333333,1016.9,0.27666666666666667
Bosnia and Herzegovina,2025,12,0.29677419354838713,4.77741935483871,2.29,97.51612903225806,1021.5806451612904,0.08064516129032258
Bosnia and Herzegovina,2026,1,-1.1700000000000002,5.623333333333333,6.26,94.5,1010.7666666666667,0.08666666666666667
Bosnia and Herzegovina,2026,2,3.65,8.4,0.36000000000000004,94.33333333333333,1002.8333333333334,0.10000000000000002
Botswana,2024,5,25.98235294117647,8.117647058823529,0.0,26.058823529411764,1022.7647058823529,7.235294117647059
Botswana,2024,6,22.153333333333332,12.796666666666665,0.06,28.2,1022.7666666666667,6.866666666666666
Botswana,2024,7,24.582758620689653,9.848275862068967,0.0,11.655172413793103,1017.8965517241379,7.379310344827586
Botswana,2024,8,26.967741935483872,12.480645161290322,0.0,15.612903225806452,1017.6451612903226,7.870967741935484
Botswana,2024,9,27.813333333333333,15.610000000000001,0.01,24.8,1017.6666666666666,8.3
Botswana,2024,10,27.406451612903226,16.04193548387097,0.52,26.64516129032258,1019.6774193548387,9.251612903225807
Botswana,2024,11,29.013333333333332,16.23,1.07,36.46666666666667,1017.3,9.853333333333333
Botswana,2024,12,31.809677419354838,14.32258064516129,3.1900000000000004,36.29032258064516,1013.3548387096774,11.838709677419354
Botswana,2025,1,29.393548387096775,11.251612903225807,2.56,45.25806451612903,1013.6774193548387,12.658064516129032
Botswana,2025,2,27.900000000000002,13.4,8.9,57.535714285714285,1013.0,10.639285714285714
Botswana,2025,3,26.16774193548387,12.812903225806451,0.66,57.41935483870968,1019.2258064516129,9.754838709677419
Botswana,2025,4,21.96333333333333,12.443333333333333,0.25,66.5,1020.4,6.3100000000000005
Botswana,2025,5,17.725806451612904,10.76774193548387,0.0,57.70967741935484,1026.4193548387098,4.441935483870967
Botswana,2025,6,14.226666666666667,11.493333333333334,0.0,56.96666666666667,1026.1666666666667,3.75
Botswana,2025,7,15.251612903225807,11.919354838709678,0.0,52.03225806451613,1028.5806451612902,3.429032258064516
Botswana,2025,8,17.396774193548385,13.432258064516128,0.0,42.806451612903224,1024.774193548387,3.9935483870967743
Botswana,2025,9,21.296666666666667,16.86,0.01,48.7,1022.2333333333333,4.163333333333333
Botswana,2025,10,22.387096774193548,16.6,0.2,53.096774193548384,1021.4516129032259,4.645161290322581
Botswana,2025,11,21.740000000000002,15.363333333333333,1.27,72.7,1019.8,4.9399999999999995
Botswana,2025,12,22.35483870967742,14.829032258064515,10.01,76.61290322580645,1018.741935483871,4.84516129032258
Botswana,2026,1,22.98,13.32,0.35,73.46666666666667,1016.7333333333333,5.323333333333333
Botswana,2026,2,22.71666666666667,15.066666666666668,0.0,67.0,1020.1666666666666,4.7
Brazil,2024,5,28.276470588235295,5.658823529411765,10.79,80.47058823529412,1013.0,7.0588235294117645
Brazil,2024,6,29.413333333333334,6.946666666666667,2.53,65.76666666666667,1013.4666666666667,7.966666666666667
Brazil,2024,7,28.348275862068967,5.7,0.01,59.689655172413794,1014.3793103448276,8.10344827586207
Brazil,2024,8,28.5258064516129,5.767741935483872,0.03,51.74193548387097,1013.6451612903226,7.967741935483871
Brazil,2024,9,27.71333333333333,5.72,0.71,55.96666666666667,1010.2333333333333,6.8
Brazil,2024,10,24.709999999999997,4.056666666666667,0.35000000000000003,67.0,1008.5,0.4666666666666667
Brazil,2024,11,24.944827586206895,4.189655172413793,3.12,73.82758620689656,1007.551724137931,0.027586206896551727
Brazil,2024,12,23.57741935483871,3.9967741935483874,7.39,91.06451612903226,1009.8387096774194,0.04193548387096774
Brazil,2025,1,22.53793103448276,4.055172413793104,3.9,94.44827586206897,1010.551724137931,0.02413793103448276
Brazil,2025,2,22.535714285714285,3.842857142857143,15.6,96.82142857142857,1010.4285714285714,0.0
Brazil,2025,3,22.5,4.196774193548387,12.2,97.87096774193549,1010.5806451612904,0.0
Brazil,2025,4,22.776666666666664,4.02,11.68,97.36666666666666,1010.2333333333333,0.0
Brazil,2025,5,22.648387096774194,3.8870967741935485,4.430000000000001,96.83870967741936,1011.1935483870968,0.0
Brazil,2025,6,22.436666666666667,4.126666666666667,3.53,94.46666666666667,1011.9333333333333,0.0
Brazil,2025,7,22.338709677419356,3.8451612903225807,2.94,84.19354838709677,1012.3870967741935,0.0
Brazil,2025,8,22.674193548387095,4.306451612903226,1.32,80.2258064516129,1011.3225806451613,0.0
Brazil,2025,9,23.733333333333334,4.22,3.18,74.53333333333333,1009.9666666666667,0.0
Brazil,2025,10,23.641935483870967,3.883870967741936,5.58,82.12903225806451,1008.6129032258065,0.0
Brazil,2025,11,24.276666666666664,3.8800000000000003,4.52,81.5,1007.4,0.0
Brazil,2025,12,23.225806451612904,3.980645161290323,10.66,92.61290322580645,1007.5483870967741,0.0
Brazil,2026,1,22.816666666666666,3.71,8.12,94.96666666666667,1008.8333333333334,0.0
Brazil,2026,2,22.733333333333334,4.083333333333333,0.18,96.5,1010.0,0.0
Brunei Darussalam,2024,5,27.88235294117647,5.31764705882353,17.02,95.0,1009.0588235294117,1.411764705882353
Brunei Darussalam,2024,6,26.75862068965517,5.431034482758621,19.28,95.3103448275862,1010.8620689655172,1.0
Brunei Darussalam,2024,7,27.372413793103448,5.862068965517241,12.48,88.89655172413794,1009.2068965517242,1.0
Brunei Darussalam,2024,8,26.864516129032257,5.841935483870968,26.34,85.70967741935483,1009.6129032258065,1.0
Brunei Darussalam,2024,9,29.10666666666667,9.08,9.54,77.9,1008.1333333333333,3.3666666666666667
Brunei Darussalam,2024,10,28.809677419354838,10.09032258064516,14.09,78.96774193548387,1007.7741935483871,2.358064516129032
Brunei Darussalam,2024,11,29.459999999999997,8.733333333333333,19.44,76.7,1006.8333333333334,1.5166666666666666
Brunei Darussalam,2024,12,27.75483870967742,7.16774193548387,17.3,83.54838709677419,1007.3225806451613,0.0
Brunei Darussalam,2025,1,27.980645161290322,8.406451612903227,15.1,82.61290322580645,1007.5806451612904,0.267741935483871
Brunei Darussalam,2025,2,27.875,9.778571428571428,14.79,82.46428571428571,1008.6071428571429,0.03571428571428571
Brunei Darussalam,2025,3,28.951612903225808,10.387096774193548,14.37,80.45161290322581,1007.3870967741935,0.7612903225806452
Brunei Darussalam,2025,4,30.073333333333334,8.796666666666665,22.3,74.66666666666667,1007.7666666666667,1.0766666666666667
Brunei Darussalam,2025,5,30.93548387096774,8.496774193548386,13.79,70.12903225806451,1006.9354838709677,1.7677419354838708
Brunei Darussalam,2025,6,31.33,11.396666666666667,8.87,65.43333333333334,1007.8333333333334,1.8166666666666667
Brunei Darussalam,2025,7,31.603225806451615,12.748387096774193,4.279999999999999,66.80645161290323,1006.8064516129032,2.435483870967742
Brunei Darussalam,2025,8,30.30322580645161,10.54516129032258,14.51,70.54838709677419,1007.9677419354839,2.545161290322581
Brunei Darussalam,2025,9,30.660000000000004,10.610000000000001,17.52,68.6,1008.0,4.073333333333333
Brunei Darussalam,2025,10,30.44516129032258,10.067741935483872,16.62,71.54838709677419,1007.7096774193549,4.074193548387097
Brunei Darussalam,2025,11,30.009999999999998,9.943333333333333,15.780000000000001,73.3,1007.4666666666667,4.383333333333334
Brunei Darussalam,2025,12,29.893548387096775,8.906451612903227,16.41,74.90322580645162,1006.9354838709677,5.151612903225806
Brunei Darussalam,2026,1,28.743333333333332,9.919999999999998,17.15,77.46666666666667,1009.6666666666666,5.0566666666666675
Brunei Darussalam,2026,2,29.53333333333333,12.200000000000001,2.2,75.83333333333333,1010.3333333333334,7.3
Bulgaria,2024,5,20.404,14.924000000000001,12.96,58.2,1014.92,4.72
Bulgaria,2024,6,29.664102564102567,13.828205128205127,37.8,40.0,1012.7564102564103,6.923076923076923
Bulgaria,2024,7,33.65,13.896428571428572,0.01,23.982142857142858,1011.6607142857143,8.25
Bulgaria,2024,8,32.49032258064516,12.838709677419354,5.64,26.93548387096774,1011.9677419354839,7.790322580645161
Bulgaria,2024,9,24.246666666666666,11.803333333333335,4.48,41.28333333333333,1014.0833333333334,6.0
Bulgaria,2024,10,17.90806451612903,8.904838709677419,1.73,42.46774193548387,1021.0967741935484,3.270967741935484
Bulgaria,2024,11,7.076666666666667,8.718333333333334,3.15,61.61666666666667,1023.8833333333333,1.1883333333333332
Bulgaria,2024,12,5.038709677419354,9.253225806451614,10.68,75.06451612903226,1021.6774193548387,0.9290322580645162
Bulgaria,2025,1,5.47741935483871,6.141935483870968,1.5,66.04838709677419,1022.9032258064516,1.4209677419354838
Bulgaria,2025,2,2.307142857142857,7.5249999999999995,2.0700000000000003,67.0,1028.0535714285713,1.967857142857143
Bulgaria,2025,3,12.432258064516128,8.529032258064515,6.09,54.983870967741936,1017.8064516129032,2.795161290322581
Bulgaria,2025,4,13.95,11.705,5.3500000000000005,58.983333333333334,1017.1666666666666,3.841666666666667
Bulgaria,2025,5,17.7758064516129,12.359677419354838,11.700000000000001,57.5,1014.4354838709677,4.577419354838709
Bulgaria,2025,6,26.123333333333335,9.07,1.05,45.0,1018.7666666666667,6.931666666666667
Bulgaria,2025,7,29.30483870967742,10.508064516129032,0.71,33.435483870967744,1012.7903225806451,6.291935483870968
Bulgaria,2025,8,25.591666666666665,10.994444444444445,1.2100000000000002,40.333333333333336,1016.4027777777778,4.675000000000001
Bulgaria,2025,9,20.983720930232558,11.470930232558139,1.59,51.19767441860465,1019.8604651162791,2.7093023255813953
Bulgaria,2025,10,10.876344086021506,12.04731182795699,28.72,76.02150537634408,1017.2903225806451,0.832258064516129
Bulgaria,2025,11,7.9911111111111115,7.236666666666666,5.11,85.02222222222223,1017.3777777777777,0.31666666666666665
Bulgaria,2025,12,2.3164835164835167,8.285714285714286,6.220000000000001,87.13186813186813,1021.4835164835165,0.17252747252747255
Bulgaria,2026,1,-0.3886075949367089,7.725316455696202,3.42,89.58227848101266,1013.4177215189874,0.18734177215189873
Bulgaria,2026,2,-1.65,7.418749999999999,0.44,91.0625,1011.0625,0.2625
Burkina Faso,2024,5,37.57058823529412,11.394117647058822,0.23,39.1764705882353,1009.1176470588235,9.470588235294118
Burkina Faso,2024,6,35.61333333333334,13.496666666666666,0.0,42.86666666666667,1010.8,8.833333333333334
Burkina Faso,2024,7,31.139285714285712,16.389285714285712,10.76,61.57142857142857,1012.5714285714286,7.214285714285714
Burkina Faso,2024,8,29.103225806451615,18.62258064516129,6.09,67.12903225806451,1011.9032258064516,6.290322580645161
Burkina Faso,2024,9,29.23,13.18,5.84,68.5,1013.3333333333334,6.8
Burkina Faso,2024,10,29.44193548387097,11.974193548387097,1.24,63.12903225806452,1013.9032258064516,4.4
Burkina Faso,2024,11,27.416666666666668,18.09,0.0,30.366666666666667,1014.4,2.6666666666666665
Burkina Faso,2024,12,28.38064516129032,21.283870967741933,0.0,16.70967741935484,1015.516129032258,5.287096774193548
Burkina Faso,2025,1,28.17096774193548,22.641935483870967,0.0,17.06451612903226,1015.0,5.196774193548387
Burkina Faso,2025,2,29.482142857142858,21.935714285714287,0.0,17.25,1013.1428571428571,5.242857142857143
Burkina Faso,2025,3,33.400000000000006,14.793548387096775,0.0,36.903225806451616,1011.258064516129,3.9612903225806453
Burkina Faso,2025,4,32.52,14.46,0.0,45.63333333333333,1010.8,3.893333333333333
Burkina Faso,2025,5,30.593548387096774,18.780645161290323,0.0,58.61290322580645,1012.6774193548387,2.92258064516129
Burkina Faso,2025,6,28.6,17.58,0.03,69.2,1014.0666666666667,2.533333333333333
Burkina Faso,2025,7,26.34193548387097,17.812903225806455,0.33999999999999997,84.12903225806451,1015.0645161290323,2.332258064516129
Burkina Faso,2025,8,24.529032258064515,14.932258064516128,8.77,94.61290322580645,1014.483870967742,1.761290322580645
Burkina Faso,2025,9,24.62,12.596666666666666,2.09,95.5,1014.0333333333333,1.2433333333333332
Burkina Faso,2025,10,25.393548387096775,9.580645161290322,0.0,81.96774193548387,1013.0322580645161,0.8516129032258064
Burkina Faso,2025,11,22.93,10.386666666666667,0.0,55.1,1012.6333333333333,0.4033333333333333
Burkina Faso,2025,12,22.029032258064515,13.161290322580646,0.0,33.38709677419355,1012.0645161290323,0.18709677419354842
Burkina Faso,2026,1,20.063333333333333,13.913333333333332,0.0,30.966666666666665,1013.0666666666667,0.18666666666666668
Burkina Faso,2026,2,21.883333333333336,11.333333333333334,0.0,28.666666666666668,1011.8333333333334,0.19999999999999998
Burundi,2024,5,26.735294117647058,31.129411764705885,6.34,60.294117647058826,1012.8823529411765,5.764705882352941
Burundi,2024,6,27.46333333333333,116.92333333333333,2.15,50.96666666666667,1013.4333333333333,6.533333333333333
Burundi,2024,7,27.57586206896552,16.951724137931034,0.16,43.3448275862069,1012.9310344827586,7.0
Burundi,2024,8,28.041935483870965,16.503225806451614,0.25,43.225806451612904,1012.2258064516129,7.709677419354839
Burundi,2024,9,30.103333333333335,14.026666666666667,0.9,44.2,1012.5,8.066666666666666
Burundi,2024,10,27.816129032258065,6.838709677419355,8.040000000000001,57.74193548387097,1013.741935483871,9.574193548387097
Burundi,2024,11,25.81,5.883333333333334,11.84,68.53333333333333,1014.1333333333333,8.706666666666667
Burundi,2024,12,26.11935483870968,4.687096774193549,12.43,67.12903225806451,1013.1290322580645,10.693548387096774
Burundi,2025,1,26.716129032258067,4.467741935483871,6.109999999999999,62.41935483870968,1013.516129032258,11.17741935483871
Burundi,2025,2,28.032142857142855,4.367857142857143,5.95,59.82142857142857,1012.6428571428571,12.971428571428572
Burundi,2025,3,26.190322580645162,4.987096774193549,9.46,65.03225806451613,1014.3548387096774,11.387096774193548
Burundi,2025,4,26.003333333333334,4.1066666666666665,18.27,68.3,1015.2,9.729999999999999
Burundi,2025,5,24.26451612903226,4.190322580645161,11.46,69.12903225806451,1016.9032258064516,8.070967741935483
Burundi,2025,6,25.19,4.946666666666667,3.83,60.7,1017.4666666666667,7.523333333333334
Burundi,2025,7,23.516129032258064,5.003225806451613,1.06,55.354838709677416,1017.7741935483871,6.377419354838709
Burundi,2025,8,25.283870967741933,5.241935483870968,0.45,50.0,1016.7741935483871,6.374193548387097
Burundi,2025,9,26.813333333333333,6.116666666666666,0.44,47.2,1015.9666666666667,6.133333333333334
Burundi,2025,10,26.845161290322583,4.938709677419355,2.68,55.225806451612904,1014.4193548387096,5.532258064516129
Burundi,2025,11,25.39,4.28,5.09,67.36666666666666,1015.0,5.35
Burundi,2025,12,23.92258064516129,4.790322580645161,6.390000000000001,74.58064516129032,1014.9354838709677,4.622580645161291
Burundi,2026,1,23.706666666666667,4.793333333333334,6.77,78.13333333333334,1015.2,4.576666666666667
Burundi,2026,2,23.3,5.216666666666667,1.05,76.16666666666667,1015.8333333333334,3.85
Bélgica,2024,7,17.4,22.0,0.12,63.0,1013.0,4.0
Cambodia,2024,5,30.58823529411765,6.535294117647059,9.030000000000001,77.88235294117646,1006.5882352941177,1.4705882352941178
Cambodia,2024,6,29.35,8.253333333333334,2.7800000000000002,78.73333333333333,1007.2333333333333,1.0
Cambodia,2024,7,27.693103448275863,11.906896551724138,8.610000000000001,85.44827586206897,1006.4137931034483,1.0
Cambodia,2024,8,29.812903225806455,10.725806451612904,10.09,77.16129032258064,1006.3870967741935,1.0
Cambodia,2024,9,29.523333333333333,12.213333333333333,4.3500000000000005,85.36666666666666,1004.4,3.566666666666667
Cambodia,2024,10,30.787096774193547,10.067741935483872,10.23,72.70967741935483,1006.0,2.967741935483871
Cambodia,2024,11,31.82,13.19,2.14,62.233333333333334,1007.0333333333333,2.146666666666667
Cambodia,2024,12,29.080645161290324,13.761290322580646,2.67,65.19354838709677,1008.2258064516129,0.18387096774193548
Cambodia,2025,1,30.486666666666668,12.583333333333334,0.01,49.36666666666667,1008.8666666666667,0.5366666666666667
Cambodia,2025,2,33.17857142857143,11.139285714285714,2.3899999999999997,46.25,1008.0357142857143,0.43571428571428567
Cambodia,2025,3,34.78387096774193,13.193548387096774,0.87,47.87096774193548,1006.4193548387096,1.5483870967741935
Cambodia,2025,4,34.486666666666665,11.823333333333332,1.6300000000000001,57.13333333333333,1005.9666666666667,2.1933333333333334
Cambodia,2025,5,33.11612903225806,13.14516129032258,2.85,69.16129032258064,1004.1612903225806,1.7870967741935484
Cambodia,2025,6,32.20666666666667,18.823333333333334,5.24,73.3,1004.3666666666667,1.97
Cambodia,2025,7,32.20322580645161,23.14516129032258,2.44,73.45161290322581,1003.6129032258065,2.648387096774193
Cambodia,2025,8,32.2,18.706451612903226,5.66,72.41935483870968,1005.0322580645161,3.0354838709677416
Cambodia,2025,9,30.80666666666667,15.610000000000001,8.71,68.0,1005.5,3.2633333333333336
Cambodia,2025,10,31.938709677419357,13.980645161290322,7.94,56.32258064516129,1006.3225806451613,5.116129032258065
Cambodia,2025,11,28.90666666666667,16.779999999999998,10.85,64.56666666666666,1008.1666666666666,4.666666666666667
Cambodia,2025,12,30.641935483870967,18.248387096774195,0.9900000000000001,50.516129032258064,1008.7741935483871,5.841935483870968
Cambodia,2026,1,31.103333333333335,13.056666666666667,0.08,38.166666666666664,1010.8666666666667,6.29
Cambodia,2026,2,33.083333333333336,12.833333333333334,0.02,35.166666666666664,1011.1666666666666,7.616666666666667
Cameroon,2024,5,29.394117647058824,6.135294117647058,5.529999999999999,62.11764705882353,1014.0,6.235294117647059
Cameroon,2024,6,24.00357142857143,6.396428571428571,18.58,74.28571428571429,1012.6785714285714,5.285714285714286
Cameroon,2024,7,24.486206896551725,8.303448275862069,17.37,71.62068965517241,1014.2413793103449,5.448275862068965
Cameroon,2024,8,22.651612903225807,8.138709677419355,18.65,79.03225806451613,1013.6774193548387,5.064516129032258
Cameroon,2024,9,23.846666666666668,5.296666666666667,17.37,74.96666666666667,1016.8666666666667,5.066666666666666
Cameroon,2024,10,23.76774193548387,6.66774193548387,8.7,71.12903225806451,1016.3870967741935,6.509677419354839
Cameroon,2024,11,25.596666666666668,11.473333333333333,0.0,31.133333333333333,1015.0,5.760000000000001
Cameroon,2024,12,27.993548387096773,12.570967741935483,0.0,19.903225806451612,1014.1935483870968,8.0
Cameroon,2025,1,28.1,13.109677419354838,0.0,18.580645161290324,1015.8709677419355,8.13225806451613
Cameroon,2025,2,29.517857142857142,11.542857142857143,0.0,17.285714285714285,1015.7142857142857,9.010714285714286
Cameroon,2025,3,30.35483870967742,11.361290322580645,0.02,24.838709677419356,1013.9677419354839,7.732258064516128
Cameroon,2025,4,27.740000000000002,7.883333333333334,0.14,51.86666666666667,1014.9666666666667,7.303333333333333
Cameroon,2025,5,24.845161290322583,7.980645161290322,0.21,69.83870967741936,1017.741935483871,5.47741935483871
Cameroon,2025,6,23.016666666666666,6.943333333333333,7.32,80.23333333333333,1018.9,4.72
Cameroon,2025,7,21.41290322580645,5.112903225806452,16.53,88.7741935483871,1020.5806451612904,3.7516129032258063
Cameroon,2025,8,22.016129032258064,5.274193548387097,9.959999999999999,94.16129032258064,1018.7096774193549,3.0354838709677416
Cameroon,2025,9,25.12,4.346666666666667,13.22,96.13333333333334,1014.3666666666667,2.1666666666666665
Cameroon,2025,10,25.419354838709676,4.116129032258065,13.43,94.38709677419355,1013.3548387096774,1.3935483870967742
Cameroon,2025,11,26.163333333333334,3.8033333333333332,1.79,94.33333333333333,1012.2666666666667,1.3166666666666667
Cameroon,2025,12,26.048387096774192,3.990322580645161,2.74,95.83870967741936,1010.8064516129032,0.7806451612903226
Cameroon,2026,1,25.913333333333334,4.096666666666667,3.38,96.76666666666667,1010.9333333333333,0.7733333333333333
Cameroon,2026,2,24.900000000000002,4.016666666666667,0.41,99.0,1011.3333333333334,0.7833333333333333
Canada,2024,5,17.41176470588235,12.558823529411764,0.79,69.52941176470588,1012.7058823529412,4.470588235294118
Canada,2024,6,19.173333333333336,13.116666666666667,7.38,74.26666666666667,1012.5666666666667,4.566666666666666
Canada,2024,7,19.87241379310345,10.068965517241379,0.5900000000000001,86.48275862068965,1015.1034482758621,5.137931034482759
Canada,2024,8,16.990322580645163,10.412903225806453,15.56,91.74193548387096,1016.0645161290323,4.451612903225806
Canada,2024,9,13.283333333333333,9.273333333333333,8.54,96.96666666666667,1018.6666666666666,2.5
Canada,2024,10,7.29,9.686666666666667,0.1,85.9,1018.1666666666666,0.3
Canada,2024,11,2.3586206896551727,13.424137931034483,0.0,85.3103448275862,1014.2068965517242,0.0
Canada,2024,12,-4.919354838709677,10.683870967741935,12.66,88.25806451612904,1018.8709677419355,0.0
Canada,2025,1,-9.953333333333335,14.120000000000001,1.27,77.9,1012.2,0.0
Canada,2025,2,-11.153571428571428,13.132142857142856,6.87,79.42857142857143,1017.75,0.0
Canada,2025,3,-3.454838709677419,12.05483870967742,4.29,79.41935483870968,1009.7741935483871,0.0
Canada,2025,4,2.1766666666666667,12.166666666666666,14.54,79.63333333333334,1015.8666666666667,0.0
Canada,2025,5,9.635483870967741,10.306451612903226,6.13,89.41935483870968,1014.2258064516129,0.0
Canada,2025,6,15.216666666666667,10.93,5.890000000000001,89.63333333333334,1013.3333333333334,0.0
Canada,2025,7,18.429032258064513,7.193548387096774,0.0,94.09677419354838,1014.3225806451613,0.0
Canada,2025,8,15.893548387096773,8.225806451612904,1.63,85.74193548387096,1018.4193548387096,0.0
Canada,2025,9,12.353333333333333,7.016666666666667,0.0,85.2,1018.2,0.0
Canada,2025,10,7.6,8.95483870967742,2.3,80.06451612903226,1019.0967741935484,0.0
Canada,2025,11,-0.36999999999999994,12.646666666666667,1.27,86.1,1010.9666666666667,0.0
Canada,2025,12,-9.154838709677419,14.793548387096775,3.0300000000000002,78.03225806451613,1013.1935483870968,0.0
Canada,2026,1,-11.283333333333333,13.370000000000001,2.14,77.7,1013.1333333333333,0.0
Canada,2026,2,-12.800000000000002,6.95,0.04,77.16666666666667,1018.1666666666666,0.0
Cape Verde,2024,5,27.294117647058822,33.30588235294118,0.0,53.35294117647059,1014.8235294117648,6.0588235294117645
Cape Verde,2024,6,27.476666666666667,28.61,0.01,57.266666666666666,1014.7666666666667,6.1
Cape Verde,2024,7,27.179310344827588,18.686206896551724,0.34,70.06896551724138,1014.3793103448276,6.586206896551724
Cape Verde,2024,8,28.338709677419356,16.274193548387096,0.51,69.51612903225806,1012.6451612903226,6.580645161290323
Cape Verde,2024,9,28.126666666666665,19.029999999999998,4.01,75.36666666666666,1012.5333333333333,6.333333333333333
Cape Verde,2024,10,26.458064516129035,15.296774193548387,0.03,80.87096774193549,1013.3548387096774,2.4838709677419355
Cape Verde,2024,11,24.310000000000002,18.083333333333332,0.0,70.7,1013.1,0.6566666666666666
Cape Verde,2024,12,24.783870967741933,21.041935483870965,0.05,64.58064516129032,1015.483870967742,1.7193548387096775
Cape Verde,2025,1,23.070967741935487,26.36774193548387,0.02,64.3225806451613,1015.6451612903226,1.9709677419354839
Cape Verde,2025,2,21.392857142857142,28.614285714285717,0.0,63.82142857142857,1014.9642857142857,2.232142857142857
Cape Verde,2025,3,20.719354838709677,25.809677419354838,0.0,72.19354838709677,1014.8709677419355,1.0096774193548388
Cape Verde,2025,4,22.296666666666667,22.55,0.01,68.66666666666667,1013.1333333333333,0.9600000000000001
Cape Verde,2025,5,23.051612903225806,21.825806451612905,0.08,68.12903225806451,1014.0645161290323,0.7612903225806452
Cape Verde,2025,6,23.34333333333333,18.43,0.02,74.4,1014.8666666666667,0.7733333333333333
Cape Verde,2025,7,24.509677419354837,11.596774193548388,0.13,77.90322580645162,1014.2903225806451,0.4096774193548387
Cape Verde,2025,8,25.13225806451613,10.490322580645161,0.61,84.29032258064517,1012.5483870967741,0.2
Cape Verde,2025,9,25.736666666666668,12.573333333333332,1.09,82.96666666666667,1012.7,0.08000000000000002
Cape Verde,2025,10,25.177419354838708,15.393548387096773,0.07,81.90322580645162,1013.258064516129,0.0
Cape Verde,2025,11,23.959999999999997,16.313333333333336,1.2,79.7,1013.1666666666666,0.0
Cape Verde,2025,12,21.548387096774192,23.961290322580645,0.64,72.16129032258064,1014.2258064516129,0.0
Cape Verde,2026,1,20.666666666666668,25.676666666666666,0.02,67.93333333333334,1014.9,0.0
Cape Verde,2026,2,19.01666666666667,20.05,0.0,74.83333333333333,1014.5,0.0
Central African Republic,2024,5,32.62352941176471,8.858823529411765,1.16,56.411764705882355,1009.7647058823529,7.529411764705882
Central African Republic,2024,6,32.2,6.786666666666666,0.25,55.63333333333333,1009.7333333333333,7.8
Central African Republic,2024,7,31.50714285714286,6.0928571428571425,2.47,56.57142857142857,1010.7142857142857,7.285714285714286
Central African Republic,2024,8,30.729032258064517,6.199999999999999,5.8,56.41935483870968,1010.6129032258065,7.032258064516129
Central African Republic,2024,9,29.623333333333335,6.876666666666667,15.590000000000002,66.96666666666667,1012.6333333333333,6.333333333333333
Central African Republic,2024,10,27.006451612903227,4.816129032258065,17.77,77.2258064516129,1013.258064516129,6.503225806451613
Central African Republic,2024,11,28.81,5.963333333333334,0.54,56.96666666666667,1012.0,5.786666666666666
Central African Republic,2024,12,35.08709677419355,9.796774193548387,0.0,19.516129032258064,1010.0,7.509677419354839
Central African Republic,2025,1,33.067741935483866,9.625806451612902,0.0,34.45161290322581,1011.483870967742,7.406451612903226
Central African Republic,2025,2,31.785714285714285,7.5928571428571425,0.0,51.857142857142854,1011.5,8.714285714285714
Central African Republic,2025,3,30.970967741935485,8.303225806451612,0.0,60.87096774193548,1012.1290322580645,7.538709677419354
Central African Republic,2025,4,28.683333333333334,7.36,0.25,70.4,1012.2666666666667,6.486666666666666
Central African Republic,2025,5,27.76451612903226,7.406451612903226,2.78,74.7741935483871,1014.6129032258065,5.72258064516129
Central African Republic,2025,6,27.02,5.506666666666666,0.54,77.1,1015.5,5.473333333333333
Central African Republic,2025,7,25.338709677419356,4.680645161290323,10.26,86.38709677419355,1016.8709677419355,3.832258064516129
Central African Republic,2025,8,25.238709677419354,4.725806451612903,7.94,85.54838709677419,1015.741935483871,3.0354838709677416
Central African Republic,2025,9,25.476666666666667,4.466666666666667,2.8400000000000003,83.76666666666667,1015.2666666666667,3.246666666666667
Central African Republic,2025,10,24.635483870967743,3.893548387096774,10.51,88.70967741935483,1014.5806451612904,2.6903225806451614
Central African Republic,2025,11,25.03666666666667,4.55,0.0,86.23333333333333,1013.7333333333333,2.496666666666667
Central African Republic,2025,12,23.883870967741935,5.380645161290323,0.09,85.3225806451613,1012.6129032258065,1.603225806451613
Central African Republic,2026,1,24.063333333333333,5.253333333333333,0.0,85.06666666666666,1012.5333333333333,1.5933333333333333
Central African Republic,2026,2,23.53333333333333,4.733333333333333,0.06,92.33333333333333,1012.6666666666666,1.6499999999999997
Chad,2024,5,41.63529411764706,13.794117647058824,0.0,19.352941176470587,1006.1764705882352,9.941176470588236
Chad,2024,6,37.78666666666666,13.233333333333333,0.30000000000000004,35.5,1007.6333333333333,9.2
Chad,2024,7,31.655172413793103,13.06551724137931,4.78,57.724137931034484,1010.2413793103449,7.793103448275862
Chad,2024,8,28.87741935483871,17.129032258064516,10.469999999999999,71.19354838709677,1010.4516129032259,6.419354838709677
Chad,2024,9,30.08,12.153333333333334,9.129999999999999,71.6,1012.2333333333333,7.233333333333333
Chad,2024,10,31.43548387096774,14.422580645161291,0.0,48.67741935483871,1012.6129032258065,6.725806451612903
Chad,2024,11,28.293333333333333,23.10666666666667,0.0,21.133333333333333,1014.2333333333333,5.13
Chad,2024,12,28.280645161290323,19.164516129032258,0.0,17.29032258064516,1014.483870967742,7.209677419354839
Chad,2025,1,29.519354838709678,20.783870967741933,0.0,16.032258064516128,1013.7096774193549,7.696774193548387
Chad,2025,2,31.075,19.678571428571427,0.0,12.035714285714286,1011.5357142857143,8.296428571428573
Chad,2025,3,35.34193548387096,23.56451612903226,0.0,9.935483870967742,1010.6129032258065,7.651612903225806
Chad,2025,4,36.236666666666665,21.273333333333333,0.0,15.766666666666667,1009.4333333333333,6.766666666666667
Chad,2025,5,35.251612903225805,16.690322580645162,0.0,32.354838709677416,1010.483870967742,5.935483870967742
Chad,2025,6,32.1,14.639999999999999,0.0,50.7,1011.7666666666667,5.903333333333333
Chad,2025,7,27.56451612903226,14.96774193548387,0.8899999999999999,77.0,1013.5806451612904,3.7161290322580647
Chad,2025,8,26.112903225806452,14.541935483870969,3.93,86.64516129032258,1012.7741935483871,3.5161290322580645
Chad,2025,9,27.15,12.003333333333334,0.09999999999999999,87.56666666666666,1012.5,3.27
Chad,2025,10,28.258064516129032,12.964516129032257,0.0,56.774193548387096,1011.8064516129032,2.4516129032258065
Chad,2025,11,25.723333333333336,19.56,0.0,26.633333333333333,1012.6333333333333,1.5599999999999998
Chad,2025,12,21.16774193548387,16.441935483870967,0.0,34.0,1011.8709677419355,1.2064516129032257
Chad,2026,1,20.41,16.653333333333332,0.0,25.133333333333333,1012.2333333333333,1.2533333333333334
Chad,2026,2,20.633333333333333,15.733333333333334,0.0,23.166666666666668,1010.6666666666666,1.3499999999999999
Chile,2024,5,6.882352941176471,7.847058823529412,2.3,85.23529411764706,1019.4117647058823,4.0588235294117645
Chile,2024,6,7.8133333333333335,6.793333333333333,10.31,86.1,1017.7666666666667,4.133333333333334
Chile,2024,7,4.231034482758621,4.8,0.0,73.24137931034483,1019.3793103448276,3.586206896551724
Chile,2024,8,5.583870967741936,5.712903225806452,1.8,77.51612903225806,1020.6451612903226,3.4193548387096775
Chile,2024,9,7.716666666666667,5.296666666666667,0.18,82.66666666666667,1017.8,3.1666666666666665
Chile,2024,10,10.893333333333334,3.8666666666666667,5.1899999999999995,81.5,1015.9,0.3
Chile,2024,11,12.817241379310344,3.613793103448276,0.0,65.93103448275862,1015.7931034482758,0.020689655172413793
Chile,2024,12,17.94516129032258,4.203225806451614,0.0,46.354838709677416,1014.3225806451613,0.08064516129032258
Chile,2025,1,16.19,3.756666666666667,0.0,62.86666666666667,1013.9666666666667,0.03666666666666667
Chile,2025,2,15.742857142857144,3.6142857142857143,0.0,62.5,1012.6071428571429,0.0
Chile,2025,3,13.66451612903226,3.7419354838709675,0.0,75.51612903225806,1014.3548387096774,0.0
Chile,2025,4,10.333333333333334,3.6700000000000004,0.0,78.9,1015.6,0.0
Chile,2025,5,8.625806451612902,3.7870967741935484,2.3,88.06451612903226,1017.0322580645161,0.0
Chile,2025,6,4.536666666666666,4.533333333333333,6.949999999999999,91.53333333333333,1019.0666666666667,0.0
Chile,2025,7,5.490322580645161,4.34516129032258,0.04,90.12903225806451,1017.741935483871,0.0
Chile,2025,8,6.919354838709677,4.880645161290323,6.22,91.96774193548387,1018.741935483871,0.0
Chile,2025,9,8.436666666666666,4.043333333333333,0.46,86.96666666666667,1018.0333333333333,0.0
Chile,2025,10,11.493548387096775,3.8,0.35,76.0,1016.5483870967741,0.0
Chile,2025,11,13.113333333333333,3.6733333333333333,0.0,75.16666666666667,1015.1,0.0
Chile,2025,12,16.24838709677419,3.796774193548387,0.05,68.03225806451613,1014.0322580645161,0.0
Chile,2026,1,17.706666666666667,3.9566666666666666,0.15,67.56666666666666,1013.2,0.0
Chile,2026,2,17.233333333333334,4.983333333333333,0.0,83.33333333333333,1015.5,0.0
China,2024,5,21.705882352941178,11.670588235294119,0.17,57.88235294117647,1009.0588235294117,1.411764705882353
China,2024,6,27.386206896551727,10.289655172413791,2.3899999999999997,49.93103448275862,1004.5172413793103,1.0
China,2024,7,27.389655172413796,10.524137931034483,10.77,72.96551724137932,1001.3793103448276,1.0
China,2024,8,26.706451612903226,6.906451612903226,9.7,77.58064516129032,1005.0,1.0
China,2024,9,22.066666666666666,7.506666666666666,0.24,66.36666666666666,1014.4666666666667,3.066666666666667
China,2024,10,18.06451612903226,8.474193548387097,0.17,44.74193548387097,1020.3870967741935,1.4774193548387096
China,2024,11,11.786666666666667,8.826666666666666,0.04,42.06666666666667,1022.9333333333333,0.27666666666666667
China,2024,12,2.293548387096774,9.806451612903226,0.01,24.516129032258064,1027.1612903225807,0.0
China,2025,1,0.8161290322580644,7.490322580645161,0.01,28.741935483870968,1026.3548387096773,0.03225806451612903
China,2025,2,3.6785714285714284,10.682142857142859,0.04,17.607142857142858,1025.0,0.0035714285714285718
China,2025,3,14.683870967741935,11.619354838709677,0.21,23.677419354838708,1017.0,0.27419354838709675
China,2025,4,22.083333333333332,16.763333333333332,2.3,25.4,1007.1333333333333,0.8033333333333333
China,2025,5,25.693548387096776,14.064516129032258,1.83,40.38709677419355,1006.8709677419355,1.4870967741935484
China,2025,6,31.779999999999998,13.653333333333334,0.73,40.03333333333333,1002.3666666666667,1.9033333333333333
China,2025,7,31.861290322580647,9.641935483870967,2.55,61.935483870967744,1003.1612903225806,2.1548387096774193
China,2025,8,30.164516129032258,9.35483870967742,6.01,65.74193548387096,1005.8064516129032,1.7096774193548387
China,2025,9,27.706666666666667,11.046666666666665,0.17,47.43333333333333,1011.9666666666667,1.51
China,2025,10,16.929032258064513,8.429032258064517,3.43,52.32258064516129,1022.4516129032259,0.970967741935484
China,2025,11,13.2,11.323333333333332,1.47,27.166666666666668,1021.4,0.6333333333333333
China,2025,12,4.635483870967741,9.716129032258063,0.58,28.70967741935484,1024.3870967741937,0.4483870967741936
China,2026,1,2.796666666666667,8.593333333333334,0.01,26.033333333333335,1025.5333333333333,0.5766666666666667
China,2026,2,5.883333333333333,11.0,0.0,17.5,1025.0,0.7833333333333333
Colombia,2024,6,13.5,4.7,0.02,80.0,1019.0,3.0
Comoros,2024,5,25.8,26.735294117647058,1.78,77.94117647058823,1014.8823529411765,6.705882352941177
Comoros,2024,6,25.43103448275862,21.66551724137931,1.57,75.03448275862068,1016.1724137931035,6.931034482758621
Comoros,2024,7,25.364285714285717,21.22142857142857,2.06,69.03571428571429,1016.0357142857143,7.0
Comoros,2024,8,25.09032258064516,20.38064516129032,2.65,70.80645161290323,1016.516129032258,6.838709677419355
Comoros,2024,9,25.136666666666667,14.81,5.859999999999999,75.66666666666667,1016.3333333333334,6.6
Comoros,2024,10,26.4,14.896774193548387,5.72,74.45161290322581,1015.8064516129032,10.516129032258064
Comoros,2024,11,26.373333333333335,10.01,15.84,76.66666666666667,1013.8,10.92
Comoros,2024,12,26.44516129032258,10.990322580645161,15.68,75.87096774193549,1013.0322580645161,9.896774193548387
Comoros,2025,1,26.58709677419355,19.232258064516127,17.14,79.16129032258064,1011.4193548387096,11.003225806451614
Comoros,2025,2,27.589285714285715,21.710714285714285,6.38,75.64285714285714,1011.25,11.885714285714286
Comoros,2025,3,27.9,13.212903225806452,22.95,78.64516129032258,1012.1290322580645,11.97741935483871
Comoros,2025,4,27.863333333333333,11.913333333333332,18.740000000000002,76.26666666666667,1013.6,10.67
Comoros,2025,5,27.661290322580644,19.86774193548387,11.65,73.7741935483871,1015.741935483871,8.564516129032258
Comoros,2025,6,26.5,21.15666666666667,2.4,66.83333333333333,1018.3333333333334,7.89
Comoros,2025,7,25.251612903225805,23.625806451612902,1.18,67.35483870967742,1019.7741935483871,7.645161290322581
Comoros,2025,8,25.1,19.738709677419354,1.5799999999999998,66.3225806451613,1019.0967741935484,9.35483870967742
Comoros,2025,9,25.563333333333333,15.676666666666668,1.98,70.4,1018.4333333333333,10.153333333333334
Comoros,2025,10,25.806451612903224,13.716129032258063,5.08,72.12903225806451,1016.6774193548387,9.696774193548388
Comoros,2025,11,25.736666666666668,9.863333333333333,8.77,75.2,1016.0333333333333,9.413333333333332
Comoros,2025,12,25.60967741935484,11.119354838709677,9.2,73.87096774193549,1013.7096774193549,9.064516129032258
Comoros,2026,1,26.636666666666667,19.52,10.860000000000001,75.7,1013.5333333333333,7.166666666666667
Comoros,2026,2,27.7,17.53333333333333,0.03,75.0,1014.1666666666666,8.200000000000001
Congo,2024,5,31.68823529411765,9.011764705882353,0.14,58.1764705882353,1010.5294117647059,9.058823529411764
Congo,2024,6,31.75172413793103,7.772413793103448,0.01,48.275862068965516,1011.0,9.620689655172415
Congo,2024,7,30.620689655172413,9.10344827586207,0.0,47.793103448275865,1013.0,9.517241379310345
Congo,2024,8,31.89032258064516,11.061290322580644,0.0,42.29032258064516,1012.3225806451613,9.64516129032258
Congo,2024,9,28.716666666666665,8.76,0.48000000000000004,62.06666666666667,1014.1333333333333,8.933333333333334
Congo,2024,10,28.06451612903226,8.087096774193547,10.870000000000001,69.06451612903226,1014.2903225806451,6.019354838709678
Congo,2024,11,27.113333333333333,4.85,13.84,76.16666666666667,1013.3333333333334,5.52
Congo,2024,12,29.270967741935483,4.829032258064516,11.639999999999999,67.90322580645162,1012.1290322580645,8.180645161290322
Congo,2025,1,28.335483870967742,6.535483870967742,3.9499999999999997,70.03225806451613,1013.1935483870968,7.438709677419355
Congo,2025,2,27.582142857142856,5.439285714285715,1.31,74.67857142857143,1013.3571428571429,8.739285714285714
Congo,2025,3,27.641935483870967,6.390322580645161,20.5,75.03225806451613,1013.8709677419355,7.512903225806451
Congo,2025,4,26.970000000000002,5.086666666666667,3.9199999999999995,79.43333333333334,1013.9,6.296666666666667
Congo,2025,5,25.97741935483871,4.661290322580645,3.37,83.16129032258064,1015.6129032258065,4.9
Congo,2025,6,25.220000000000002,6.656666666666666,0.0,79.96666666666667,1016.6333333333333,3.4166666666666665
Congo,2025,7,22.6,8.345161290322581,0.0,78.61290322580645,1019.0645161290323,2.193548387096774
Congo,2025,8,21.903225806451612,9.5,0.0,75.80645161290323,1018.6451612903226,1.8870967741935485
Congo,2025,9,24.273333333333333,9.9,0.87,74.33333333333333,1017.3666666666667,2.1166666666666667
Congo,2025,10,25.070967741935487,7.448387096774193,3.65,77.48387096774194,1015.5483870967741,1.967741935483871
Congo,2025,11,24.436666666666667,4.433333333333334,11.73,87.23333333333333,1014.9333333333333,1.8599999999999999
Congo,2025,12,24.532258064516128,4.441935483870968,1.35,87.3225806451613,1013.6774193548387,1.6096774193548387
Congo,2026,1,24.086666666666666,5.77,0.79,89.66666666666667,1013.8666666666667,1.54
Congo,2026,2,23.366666666666664,5.033333333333333,0.28,91.33333333333333,1014.1666666666666,1.7
Costa Rica,2024,5,23.705882352941178,10.464705882352941,3.18,75.23529411764706,1018.2352941176471,5.294117647058823
Costa Rica,2024,6,22.024137931034485,7.5344827586206895,3.8,83.06896551724138,1017.2068965517242,4.655172413793103
Costa Rica,2024,7,19.02857142857143,7.960714285714286,3.1,91.0,1016.1428571428571,4.321428571428571
Costa Rica,2024,8,18.448387096774194,9.041935483870969,0.5599999999999999,87.3225806451613,1016.4193548387096,3.967741935483871
Costa Rica,2024,9,20.873333333333335,6.0633333333333335,4.59,88.9,1014.9,2.6333333333333333
Costa Rica,2024,10,15.623333333333333,4.8,6.65,96.13333333333334,1013.2666666666667,0.3
Costa Rica,2024,11,15.058620689655172,4.458620689655173,13.85,98.13793103448276,1012.6896551724138,0.0
Costa Rica,2024,12,13.62258064516129,8.190322580645162,4.220000000000001,94.6774193548387,1014.258064516129,0.0
Costa Rica,2025,1,18.886666666666667,9.073333333333332,0.22000000000000003,77.66666666666667,1014.9666666666667,0.0
Costa Rica,2025,2,21.035714285714285,9.014285714285714,0.12,69.67857142857143,1014.4285714285714,0.0
Costa Rica,2025,3,20.638709677419357,8.02258064516129,0.03,71.41935483870968,1015.1612903225806,0.0
Costa Rica,2025,4,21.346666666666668,7.623333333333333,1.1199999999999999,72.6,1014.3666666666667,0.0
Costa Rica,2025,5,21.396666666666665,5.363333333333333,1.37,87.36666666666666,1015.0,0.0
Costa Rica,2025,6,20.733333333333334,5.003333333333333,2.86,90.5,1015.4,0.0
Costa Rica,2025,7,21.66774193548387,6.829032258064517,12.04,80.58064516129032,1015.6774193548387,0.0
Costa Rica,2025,8,21.05806451612903,6.116129032258065,0.67,84.2258064516129,1016.1290322580645,0.0
Costa Rica,2025,9,20.45,4.983333333333333,0.86,92.46666666666667,1016.4666666666667,0.0
Costa Rica,2025,10,19.951612903225808,4.074193548387097,5.11,93.61290322580645,1015.7741935483871,0.0
Costa Rica,2025,11,21.186666666666667,6.946666666666667,5.049999999999999,81.73333333333333,1015.7,0.0
Costa Rica,2025,12,20.725806451612904,7.858064516129032,0.05,78.38709677419355,1016.0645161290323,0.0
Costa Rica,2026,1,20.613793103448273,8.924137931034483,0.47,70.75862068965517,1016.7586206896551,0.0
Costa Rica,2026,2,19.95,10.666666666666666,2.05,73.16666666666667,1019.1666666666666,0.0
Cote d'Ivoire,2025,8,22.436363636363637,6.9363636363636365,0.31,89.27272727272727,1015.8181818181819,0.7636363636363637
Cote d'Ivoire,2025,9,22.78666666666667,5.739999999999999,2.84,92.6,1015.1,0.5766666666666667
Cote d'Ivoire,2025,10,23.14516129032258,4.648387096774194,1.2399999999999998,94.80645161290323,1013.7741935483871,0.4741935483870968
Cote d'Ivoire,2025,11,22.633333333333333,4.306666666666667,0.4,92.8,1012.7666666666667,0.26666666666666666
Cote d'Ivoire,2025,12,22.80322580645161,4.170967741935484,0.26,91.16129032258064,1011.7741935483871,0.10645161290322581
Cote d'Ivoire,2026,1,22.57,4.19,0.03,86.7,1012.0666666666667,0.11333333333333334
Cote d'Ivoire,2026,2,22.766666666666666,4.616666666666666,0.0,88.16666666666667,1011.8333333333334,0.15
Croatia,2024,5,22.058823529411764,9.758823529411766,6.390000000000001,61.05882352941177,1011.6470588235294,5.235294117647059
Croatia,2024,6,26.96896551724138,10.020689655172415,0.7,51.13793103448276,1012.6551724137931,6.655172413793103
Croatia,2024,7,31.289285714285715,7.703571428571428,0.43,40.25,1013.3928571428571,7.785714285714286
Croatia,2024,8,32.274193548387096,5.864516129032259,0.33999999999999997,38.67741935483871,1013.4193548387096,7.935483870967742
Croatia,2024,9,21.783333333333335,9.383333333333333,15.610000000000001,61.233333333333334,1014.2333333333333,5.466666666666667
Croatia,2024,10,15.922580645161291,6.945161290322581,2.29,72.70967741935483,1020.4516129032259,2.1870967741935483
Croatia,2024,11,7.403333333333333,6.886666666666667,5.95,76.6,1023.7,0.85
Croatia,2024,12,4.429032258064517,7.945161290322581,0.18,77.64516129032258,1023.3870967741935,0.7225806451612904
Croatia,2025,1,5.425806451612903,9.890322580645162,1.7000000000000002,78.96774193548387,1021.9677419354839,0.9419354838709677
Croatia,2025,2,3.935714285714286,5.778571428571429,2.6199999999999997,71.92857142857143,1027.357142857143,1.2321428571428572
Croatia,2025,3,10.438709677419356,8.438709677419356,3.81,66.19354838709677,1016.6451612903226,1.8516129032258064
Croatia,2025,4,15.26,9.706666666666667,1.79,60.43333333333333,1016.8333333333334,3.14
Croatia,2025,5,17.506451612903227,7.861290322580645,6.49,61.0,1015.516129032258,3.6193548387096777
Croatia,2025,6,25.723333333333336,9.706666666666667,0.1,49.03333333333333,1019.3,5.5633333333333335
Croatia,2025,7,24.561290322580643,7.303225806451613,4.86,56.87096774193548,1013.6129032258065,4.367741935483871
Croatia,2025,8,22.89032258064516,6.351612903225806,1.46,60.774193548387096,1016.5806451612904,3.07741935483871
Croatia,2025,9,18.123333333333335,5.673333333333333,2.77,78.63333333333334,1018.6333333333333,1.7566666666666668
Croatia,2025,10,9.832258064516129,6.82258064516129,3.54,88.2258064516129,1018.3548387096774,0.6161290322580646
Croatia,2025,11,4.253333333333333,6.2733333333333325,0.5,88.93333333333334,1016.8333333333334,0.16999999999999998
Croatia,2025,12,1.2129032258064516,4.490322580645161,1.82,93.45161290322581,1022.1290322580645,0.0
Croatia,2026,1,-0.5233333333333333,5.843333333333334,1.18,88.76666666666667,1011.5666666666667,0.02666666666666667
Croatia,2026,2,3.4166666666666665,5.766666666666667,0.24000000000000002,90.0,1003.6666666666666,0.03333333333333333
Cuba,2024,5,28.823529411764707,9.811764705882354,0.02,70.58823529411765,1015.4117647058823,6.764705882352941
Cuba,2024,6,27.73,11.25,9.48,81.6,1014.6,6.7
Cuba,2024,7,26.882758620689657,9.903448275862068,0.08,87.65517241379311,1016.9655172413793,6.827586206896552
Cuba,2024,8,25.683870967741935,8.212903225806452,3.8,91.45161290322581,1015.4193548387096,6.645161290322581
Cuba,2024,9,24.773333333333333,9.216666666666667,0.7,97.3,1011.8,3.9
Cuba,2024,10,25.366666666666667,19.09333333333333,0.08,90.66666666666667,1013.2666666666667,0.3
Cuba,2024,11,23.586206896551722,20.47241379310345,3.27,86.89655172413794,1013.4137931034483,0.0
Cuba,2024,12,21.958064516129035,20.33225806451613,0.0,85.3225806451613,1018.2903225806451,0.0
Cuba,2025,1,18.55666666666667,18.876666666666665,0.0,90.23333333333333,1019.1666666666666,0.0
Cuba,2025,2,19.42142857142857,16.55,0.0,97.75,1018.0714285714286,0.0
Cuba,2025,3,18.758064516129032,16.799999999999997,0.0,93.90322580645162,1016.1290322580645,0.0
Cuba,2025,4,20.273333333333333,20.57,0.0,93.66666666666667,1017.0666666666667,0.0
Cuba,2025,5,23.58,13.889999999999999,0.0,94.26666666666667,1015.4333333333333,0.0
Cuba,2025,6,23.88,16.206666666666667,0.0,96.5,1017.0,0.0
Cuba,2025,7,24.35483870967742,12.896774193548387,1.23,98.25806451612904,1017.3870967741935,0.0
Cuba,2025,8,24.225806451612904,11.083870967741936,0.0,98.64516129032258,1016.0,0.0
Cuba,2025,9,24.046666666666667,11.2,0.0,98.13333333333334,1014.0,0.0
Cuba,2025,10,23.174193548387095,13.829032258064515,2.52,98.48387096774194,1012.4193548387096,0.0
Cuba,2025,11,20.973333333333336,17.863333333333333,0.32,91.53333333333333,1017.3,0.0
Cuba,2025,12,20.26451612903226,15.793548387096775,0.0,94.48387096774194,1017.7741935483871,0.0
Cuba,2026,1,17.96333333333333,16.35,0.0,90.9,1018.7666666666667,0.0
Cuba,2026,2,14.083333333333334,22.433333333333334,0.0,75.83333333333333,1022.8333333333334,0.0
Cyprus,2024,5,27.058823529411764,26.123529411764704,0.0,52.76470588235294,1010.4117647058823,6.588235294117647
Cyprus,2024,6,36.31666666666667,19.216666666666665,0.0,29.966666666666665,1005.9333333333333,8.066666666666666
Cyprus,2024,7,36.089285714285715,17.196428571428573,0.28,33.214285714285715,1003.0714285714286,8.428571428571429
Cyprus,2024,8,35.53225806451613,15.474193548387097,0.01,35.67741935483871,1005.5483870967741,8.0
Cyprus,2024,9,32.31666666666667,14.033333333333333,0.06999999999999999,40.1,1009.5666666666667,7.5
Cyprus,2024,10,26.47741935483871,10.47741935483871,0.0,42.45161290322581,1015.483870967742,5.22258064516129
Cyprus,2024,11,20.366666666666667,13.143333333333334,1.51,54.43333333333333,1018.2333333333333,2.5966666666666667
Cyprus,2024,12,17.135483870967743,12.912903225806453,2.27,59.70967741935484,1018.8709677419355,2.0451612903225804
Cyprus,2025,1,17.574193548387097,11.790322580645162,0.46,56.516129032258064,1021.741935483871,2.4000000000000004
Cyprus,2025,2,13.864285714285714,15.414285714285715,3.3,50.285714285714285,1019.3571428571429,3.1750000000000003
Cyprus,2025,3,21.364516129032257,13.748387096774193,0.89,41.483870967741936,1016.8709677419355,5.361290322580645
Cyprus,2025,4,22.15666666666667,13.676666666666668,2.88,44.7,1012.6666666666666,6.543333333333334
Cyprus,2025,5,27.419354838709676,10.325806451612904,1.1900000000000002,39.70967741935484,1011.5483870967741,7.793548387096774
Cyprus,2025,6,32.61333333333333,9.76,0.01,33.4,1009.2,9.370000000000001
Cyprus,2025,7,34.49677419354839,9.406451612903227,0.0,37.645161290322584,1005.9032258064516,8.95483870967742
Cyprus,2025,8,33.39032258064516,7.470967741935484,0.0,42.70967741935484,1007.8387096774194,7.538709677419354
Cyprus,2025,9,29.873333333333335,8.12,0.0,48.766666666666666,1011.3,5.016666666666667
Cyprus,2025,10,24.596774193548388,9.587096774193547,0.08,54.87096774193548,1016.0322580645161,3.0548387096774197
Cyprus,2025,11,21.543333333333333,9.623333333333333,0.07,59.86666666666667,1018.5666666666667,1.37
Cyprus,2025,12,14.399999999999999,12.812903225806451,3.9899999999999998,75.80645161290323,1016.483870967742,0.7354838709677419
Cyprus,2026,1,11.656666666666666,13.806666666666667,1.57,79.26666666666667,1017.6666666666666,0.76
Cyprus,2026,2,14.466666666666667,15.733333333333334,0.0,81.16666666666667,1013.6666666666666,1.1
Czech Republic,2024,5,18.88235294117647,13.705882352941176,2.18,63.23529411764706,1012.2352941176471,4.588235294117647
Czech Republic,2024,6,22.986206896551725,13.62758620689655,1.31,52.41379310344828,1013.1724137931035,5.862068965517241
Czech Republic,2024,7,25.044444444444448,11.9,11.67,49.0,1015.074074074074,6.222222222222222
Czech Republic,2024,8,25.94516129032258,10.46774193548387,1.31,52.806451612903224,1015.3548387096774,6.548387096774194
Czech Republic,2024,9,19.066666666666666,16.736666666666668,3.3500000000000005,63.6,1015.0,5.1
Czech Republic,2024,10,12.490322580645161,12.051612903225806,1.15,75.19354838709677,1018.9032258064516,1.7258064516129032
Czech Republic,2024,11,5.113333333333333,12.513333333333332,0.05,75.26666666666667,1021.6666666666666,0.5633333333333332
Czech Republic,2024,12,3.5161290322580645,13.148387096774194,0.62,75.2258064516129,1022.483870967742,0.47419354838709676
Czech Republic,2025,1,2.2161290322580647,13.196774193548388,2.22,82.38709677419355,1017.3548387096774,0.5709677419354838
Czech Republic,2025,2,0.6392857142857142,9.428571428571429,0.1,74.25,1026.0,1.1321428571428571
Czech Republic,2025,3,7.061290322580645,9.703225806451613,2.37,64.29032258064517,1016.5806451612904,1.7774193548387098
Czech Republic,2025,4,12.143333333333334,13.713333333333333,1.57,64.83333333333333,1017.4666666666667,2.77
Czech Republic,2025,5,13.94516129032258,14.248387096774193,3.97,59.903225806451616,1016.1290322580645,3.332258064516129
Czech Republic,2025,6,20.14,14.133333333333333,2.35,60.36666666666667,1019.3666666666667,4.4399999999999995
Czech Republic,2025,7,20.54516129032258,13.103225806451613,2.17,63.67741935483871,1014.0322580645161,3.364516129032258
Czech Republic,2025,8,19.4,10.696774193548388,1.52,62.193548387096776,1016.8387096774194,2.7451612903225806
Czech Republic,2025,9,14.58,13.403333333333334,3.5500000000000003,81.16666666666667,1018.5,1.2466666666666666
Czech Republic,2025,10,8.425806451612903,14.116129032258065,1.32,84.7741935483871,1015.9677419354839,0.33548387096774196
Czech Republic,2025,11,2.4433333333333334,9.013333333333332,1.8599999999999999,93.36666666666666,1015.0333333333333,0.08666666666666667
Czech Republic,2025,12,1.0806451612903225,9.129032258064516,0.27,93.25806451612904,1020.5483870967741,0.0
Czech Republic,2026,1,-2.8466666666666667,11.036666666666667,4.1,89.56666666666666,1008.5666666666667,0.0
Czech Republic,2026,2,-0.5333333333333333,9.966666666666667,0.060000000000000005,89.5,1003.1666666666666,0.0
Democratic Republic of Congo,2024,5,31.664705882352937,8.952941176470588,0.11,58.23529411764706,1010.5294117647059,8.882352941176471
Democratic Republic of Congo,2024,6,31.46206896551724,8.058620689655172,0.01,49.48275862068966,1011.0689655172414,9.586206896551724
Democratic Republic of Congo,2024,7,30.74285714285714,8.971428571428572,0.0,47.357142857142854,1012.8928571428571,9.607142857142858
Democratic Republic of Congo,2024,8,31.916129032258063,11.016129032258064,0.0,42.096774193548384,1012.2903225806451,9.64516129032258
Democratic Republic of Congo,2024,9,28.716666666666665,8.8,0.61,62.06666666666667,1014.1333333333333,8.866666666666667
Democratic Republic of Congo,2024,10,27.86774193548387,8.074193548387097,10.11,69.7741935483871,1014.4516129032259,5.983870967741935
Democratic Republic of Congo,2024,11,26.9,4.866666666666666,15.35,76.9,1013.4333333333333,5.526666666666667
Democratic Republic of Congo,2024,12,29.032258064516128,4.812903225806451,10.24,69.16129032258064,1012.258064516129,8.061290322580644
Democratic Republic of Congo,2025,1,27.719354838709677,6.541935483870968,3.14,72.06451612903226,1013.5483870967741,7.119354838709677
Democratic Republic of Congo,2025,2,27.788888888888888,5.214814814814815,1.2,73.81481481481481,1013.2222222222222,8.6
Democratic Republic of Congo,2025,3,27.75161290322581,6.300000000000001,18.370000000000005,74.87096774193549,1013.8387096774194,7.538709677419354
Democratic Republic of Congo,2025,4,26.91,4.8966666666666665,6.04,79.66666666666667,1013.9333333333333,6.3533333333333335
Democratic Republic of Congo,2025,5,25.97741935483871,4.629032258064516,3.23,83.16129032258064,1015.6129032258065,4.848387096774194
Democratic Republic of Congo,2025,6,24.990000000000002,6.739999999999999,0.0,80.83333333333333,1016.7333333333333,3.3133333333333335
Democratic Republic of Congo,2025,7,22.787096774193547,8.187096774193549,0.0,77.54838709677419,1019.0645161290323,2.235483870967742
Democratic Republic of Congo,2025,8,21.932258064516127,9.374193548387098,0.0,75.64516129032258,1018.6451612903226,1.9258064516129034
Democratic Republic of Congo,2025,9,24.273333333333333,9.886666666666665,0.75,74.33333333333333,1017.3666666666667,2.1166666666666667
Democratic Republic of Congo,2025,10,25.067741935483873,7.306451612903226,4.02,77.61290322580645,1015.5806451612904,2.2161290322580647
Democratic Republic of Congo,2025,11,24.353333333333335,4.296666666666667,9.94,87.36666666666666,1014.9,1.7866666666666666
Democratic Republic of Congo,2025,12,24.538709677419355,4.341935483870968,1.29,87.3225806451613,1013.6774193548387,1.6
Democratic Republic of Congo,2026,1,24.18,5.6,1.08,89.33333333333333,1013.8333333333334,1.5333333333333334
Democratic Republic of Congo,2026,2,23.333333333333332,4.983333333333333,0.26,91.33333333333333,1014.1666666666666,1.7333333333333332
Denmark,2024,5,18.58823529411765,22.13529411764706,0.9400000000000001,62.76470588235294,1014.4705882352941,4.529411764705882
Denmark,2024,6,18.417241379310347,21.99310344827586,4.34,63.689655172413794,1011.448275862069,4.068965517241379
Denmark,2024,7,19.282758620689656,17.279310344827586,7.03,66.86206896551724,1012.5172413793103,4.793103448275862
Denmark,2024,8,20.983870967741936,18.606451612903225,4.44,60.0,1013.8709677419355,5.225806451612903
Denmark,2024,9,18.563333333333333,19.60666666666667,4.7,65.26666666666667,1015.9,4.533333333333333
Denmark,2024,10,12.341935483870968,20.55483870967742,1.9800000000000002,81.6774193548387,1016.0645161290323,1.4258064516129034
Denmark,2024,11,7.0600000000000005,19.43,1.4,83.26666666666667,1016.7,0.29
Denmark,2024,12,5.741935483870968,21.925806451612903,1.7599999999999998,86.87096774193549,1016.483870967742,0.16129032258064516
Denmark,2025,1,3.541935483870968,22.677419354838708,3.2600000000000002,87.64516129032258,1010.2903225806451,0.2967741935483871
Denmark,2025,2,2.292857142857143,17.385714285714286,0.2,83.07142857142857,1027.3214285714287,0.6107142857142858
Denmark,2025,3,6.748387096774193,18.45483870967742,0.41000000000000003,74.25806451612904,1016.3870967741935,1.4483870967741934
Denmark,2025,4,10.770000000000001,14.403333333333334,0.19000000000000003,69.86666666666666,1019.0666666666667,2.0733333333333333
Denmark,2025,5,13.138709677419355,17.925806451612903,1.98,65.2258064516129,1014.0645161290323,2.6903225806451614
Denmark,2025,6,17.146666666666665,23.566666666666666,3.68,68.03333333333333,1014.5333333333333,3.6666666666666665
Denmark,2025,7,19.69677419354839,16.329032258064515,5.07,73.25806451612904,1010.9677419354839,2.980645161290323
Denmark,2025,8,18.316129032258065,16.506451612903227,1.31,71.0,1013.8709677419355,2.1870967741935483
Denmark,2025,9,16.26,20.936666666666667,6.06,80.66666666666667,1016.5666666666667,0.8633333333333334
Denmark,2025,10,10.506451612903225,22.506451612903227,5.8500000000000005,86.03225806451613,1010.1290322580645,0.22258064516129034
Denmark,2025,11,6.1433333333333335,19.603333333333335,0.88,89.03333333333333,1010.7666666666667,0.03333333333333333
Denmark,2025,12,5.267741935483871,19.76451612903226,0.36,87.74193548387096,1017.5806451612904,0.0
Denmark,2026,1,-0.19666666666666666,26.423333333333336,1.97,83.6,1009.0333333333333,0.0
Denmark,2026,2,-2.933333333333333,38.516666666666666,1.48,75.33333333333333,1012.6666666666666,0.0
Djibouti,2024,5,34.38235294117647,17.105882352941176,0.0,55.11764705882353,1004.4117647058823,7.647058823529412
Djibouti,2024,6,36.241379310344826,15.979310344827585,0.11,49.55172413793103,1001.448275862069,8.310344827586206
Djibouti,2024,7,37.875,19.560714285714287,0.26,40.82142857142857,1000.5357142857143,8.642857142857142
Djibouti,2024,8,35.86129032258064,19.65806451612903,9.61,48.67741935483871,1003.3548387096774,7.967741935483871
Djibouti,2024,9,36.18,15.723333333333333,0.18,47.6,1004.4333333333333,8.033333333333333
Djibouti,2024,10,32.483870967741936,15.616129032258065,0.07,58.0,1009.516129032258,9.46774193548387
Djibouti,2024,11,29.57,18.273333333333333,0.7999999999999999,59.36666666666667,1013.4666666666667,8.09
Djibouti,2024,12,27.951612903225808,19.219354838709677,0.08,57.61290322580645,1015.0322580645161,7.483870967741935
Djibouti,2025,1,26.677419354838708,19.374193548387098,0.18,60.54838709677419,1015.3225806451613,7.809677419354839
Djibouti,2025,2,27.482142857142858,18.342857142857145,0.16999999999999998,61.92857142857143,1014.2857142857143,9.935714285714285
Djibouti,2025,3,28.641935483870967,19.374193548387098,0.36,63.67741935483871,1013.2903225806451,10.858064516129033
Djibouti,2025,4,30.77,17.653333333333332,0.03,58.86666666666667,1011.3333333333334,11.973333333333333
Djibouti,2025,5,33.02258064516129,11.62258064516129,0.06,51.354838709677416,1007.6451612903226,10.66451612903226
Djibouti,2025,6,36.28666666666666,11.376666666666667,0.0,43.3,1005.2333333333333,10.153333333333334
Djibouti,2025,7,39.987096774193546,19.996774193548386,0.0,34.774193548387096,1004.4516129032259,9.33548387096774
Djibouti,2025,8,35.541935483870965,17.09032258064516,1.53,48.903225806451616,1006.3225806451613,9.174193548387096
Djibouti,2025,9,34.016666666666666,9.363333333333333,0.0,52.03333333333333,1007.2666666666667,8.816666666666666
Djibouti,2025,10,30.90967741935484,11.725806451612904,0.0,56.54838709677419,1011.6774193548387,7.396774193548388
Djibouti,2025,11,27.696666666666665,18.08,0.45999999999999996,57.96666666666667,1016.2666666666667,5.776666666666667
Djibouti,2025,12,25.606451612903225,18.258064516129032,1.43,63.54838709677419,1015.8064516129032,4.870967741935484
Djibouti,2026,1,24.98,19.71333333333333,0.54,62.43333333333333,1018.3333333333334,4.736666666666666
Djibouti,2026,2,25.150000000000002,21.516666666666666,0.09,62.333333333333336,1018.0,5.366666666666667
Dominica,2024,5,30.352941176470587,9.023529411764706,2.71,67.0,1014.6470588235294,5.705882352941177
Dominica,2024,6,30.013333333333332,10.863333333333333,6.09,68.53333333333333,1014.5333333333333,6.066666666666666
Dominica,2024,7,28.710714285714285,10.260714285714286,4.08,76.21428571428571,1014.8571428571429,6.071428571428571
Dominica,2024,8,28.216129032258067,13.5,6.48,81.38709677419355,1014.741935483871,6.064516129032258
Dominica,2024,9,27.216666666666665,10.403333333333334,3.88,88.4,1012.0666666666667,5.2
Dominica,2024,10,27.799999999999997,13.77741935483871,2.24,76.87096774193549,1011.483870967742,0.4838709677419355
Dominica,2024,11,27.2551724137931,14.455172413793104,4.11,78.37931034482759,1010.7241379310345,0.0
Dominica,2024,12,25.05483870967742,17.061290322580643,4.29,85.0,1013.8387096774194,0.022580645161290325
Dominica,2025,1,24.603333333333335,20.4,2.2199999999999998,83.4,1015.3666666666667,0.020000000000000004
Dominica,2025,2,24.775000000000002,25.282142857142855,3.87,79.25,1015.4285714285714,0.0
Dominica,2025,3,25.312903225806455,17.82903225806452,3.24,75.35483870967742,1014.3870967741935,0.0
Dominica,2025,4,25.483333333333334,18.94,3.2,77.03333333333333,1013.7666666666667,0.0
Dominica,2025,5,26.338709677419356,17.835483870967742,5.92,79.90322580645162,1014.3225806451613,0.0
Dominica,2025,6,26.476666666666667,23.863333333333333,3.14,78.2,1016.1666666666666,0.0
Dominica,2025,7,26.751612903225805,20.009677419354837,3.0,77.83870967741936,1015.6451612903226,0.0
Dominica,2025,8,27.312903225806455,16.893548387096775,4.3,78.03225806451613,1013.9677419354839,0.0
Dominica,2025,9,27.56,14.633333333333333,2.71,77.06666666666666,1012.7333333333333,0.0
Dominica,2025,10,27.416129032258063,16.758064516129032,5.85,78.09677419354838,1011.1935483870968,0.0
Dominica,2025,11,26.373333333333335,18.263333333333332,5.1899999999999995,77.1,1012.6,0.0
Dominica,2025,12,25.37741935483871,19.141935483870967,3.15,75.29032258064517,1013.0322580645161,0.0
Dominica,2026,1,25.103333333333335,18.403333333333332,5.03,76.83333333333333,1013.6333333333333,0.0
Dominica,2026,2,25.21666666666667,16.150000000000002,0.19,74.83333333333333,1015.1666666666666,0.0
Dominican Republic,2024,5,27.823529411764707,11.041176470588235,1.36,85.11764705882354,1015.4117647058823,6.176470588235294
Dominican Republic,2024,6,28.836666666666666,9.55,2.5700000000000003,82.83333333333333,1015.1333333333333,6.366666666666666
Dominican Republic,2024,7,26.814285714285713,10.342857142857142,7.1,88.42857142857143,1016.5357142857143,6.321428571428571
Dominican Republic,2024,8,26.345161290322583,8.97741935483871,1.26,89.45161290322581,1015.2258064516129,6.483870967741935
Dominican Republic,2024,9,25.323333333333334,7.3533333333333335,0.69,96.3,1012.2333333333333,4.2
Dominican Republic,2024,10,25.37,7.983333333333333,17.55,94.43333333333334,1011.8666666666667,0.3
Dominican Republic,2024,11,23.513793103448275,8.613793103448277,1.18,97.13793103448276,1011.0689655172414,0.0
Dominican Republic,2024,12,22.612903225806452,11.235483870967743,0.0,97.61290322580645,1014.2903225806451,0.0
Dominican Republic,2025,1,21.53666666666667,11.770000000000001,1.49,96.33333333333333,1016.2333333333333,0.0
Dominican Republic,2025,2,21.432142857142857,11.117857142857144,0.0,97.60714285714286,1016.1785714285714,0.0
Dominican Republic,2025,3,21.84193548387097,9.451612903225806,16.46,97.70967741935483,1014.6129032258065,0.0
Dominican Republic,2025,4,22.546666666666667,11.916666666666666,3.8200000000000003,95.76666666666667,1014.5333333333333,0.0
Dominican Republic,2025,5,23.351612903225806,9.787096774193548,23.79,97.70967741935483,1015.1290322580645,0.0
Dominican Republic,2025,6,23.970000000000002,8.463333333333333,3.66,95.7,1016.9666666666667,0.0
Dominican Republic,2025,7,24.270967741935483,8.47741935483871,0.0,94.74193548387096,1016.6451612903226,0.0
Dominican Republic,2025,8,25.08709677419355,8.941935483870967,0.0,93.51612903225806,1014.8387096774194,0.0
Dominican Republic,2025,9,25.14333333333333,6.33,0.0,93.96666666666667,1013.3333333333334,0.0
Dominican Republic,2025,10,24.65806451612903,7.087096774193548,4.46,96.2258064516129,1011.5806451612904,0.0
Dominican Republic,2025,11,23.476666666666667,9.206666666666667,0.0,97.06666666666666,1014.5333333333333,0.0
Dominican Republic,2025,12,22.393548387096775,9.851612903225806,0.0,96.0,1015.3225806451613,0.0
Dominican Republic,2026,1,21.813333333333333,9.673333333333334,0.0,96.0,1015.7666666666667,0.0
Dominican Republic,2026,2,22.349999999999998,15.716666666666669,0.0,94.16666666666667,1016.8333333333334,0.0
Ecuador,2024,5,15.229411764705882,5.452941176470588,0.6900000000000001,67.94117647058823,1017.1176470588235,5.117647058823529
Ecuador,2024,6,13.266666666666667,5.61,0.66,69.23333333333333,1018.5,4.966666666666667
Ecuador,2024,7,10.703448275862069,7.241379310344827,0.02,72.20689655172414,1018.7931034482758,4.551724137931035
Ecuador,2024,8,9.574193548387097,6.551612903225807,0.0,69.0,1019.4516129032259,4.258064516129032
Ecuador,2024,9,10.35,6.996666666666667,0.49,65.1,1017.3666666666667,2.9
Ecuador,2024,10,10.76,4.3,2.1,82.26666666666667,1016.3666666666667,0.3
Ecuador,2024,11,10.386206896551723,3.8551724137931034,1.76,89.34482758620689,1015.7586206896551,0.0
Ecuador,2024,12,10.316129032258065,3.806451612903226,2.43,91.58064516129032,1016.1935483870968,0.0
Ecuador,2025,1,9.843333333333334,4.0,2.46,88.03333333333333,1016.6666666666666,0.0
Ecuador,2025,2,10.235714285714286,3.757142857142857,3.98,91.71428571428571,1015.6785714285714,0.0
Ecuador,2025,3,9.873333333333333,3.95,4.659999999999999,90.63333333333334,1016.4,0.0
Ecuador,2025,4,10.013333333333332,4.3533333333333335,1.32,89.16666666666667,1016.1666666666666,0.0
Ecuador,2025,5,9.896666666666667,4.91,1.06,87.26666666666667,1017.2333333333333,0.0
Ecuador,2025,6,9.346666666666666,5.61,0.32,83.6,1017.7,0.0
Ecuador,2025,7,9.041935483870969,5.987096774193549,0.54,78.0,1018.1935483870968,0.0
Ecuador,2025,8,9.264516129032257,5.341935483870968,0.02,79.74193548387096,1017.9354838709677,0.0
Ecuador,2025,9,10.146666666666667,5.11,0.24000000000000002,76.26666666666667,1017.3,0.0
Ecuador,2025,10,10.351612903225806,3.838709677419355,3.35,86.87096774193549,1016.3548387096774,0.0
Ecuador,2025,11,10.626666666666667,3.6700000000000004,8.31,92.03333333333333,1015.8333333333334,0.0
Ecuador,2025,12,10.790322580645162,3.796774193548387,2.6,87.80645161290323,1015.4193548387096,0.0
Ecuador,2026,1,10.886666666666667,3.636666666666667,9.55,92.7,1015.8333333333334,0.0
Ecuador,2026,2,10.950000000000001,3.6,1.01,92.66666666666667,1017.5,0.0
Egypt,2024,5,33.588235294117645,16.947058823529414,0.0,22.11764705882353,1012.3529411764706,7.705882352941177
Egypt,2024,6,37.84666666666667,19.706666666666667,0.0,21.433333333333334,1006.8333333333334,9.5
Egypt,2024,7,37.5,15.757142857142856,0.0,25.107142857142858,1004.7142857142857,9.285714285714286
Egypt,2024,8,36.806451612903224,15.548387096774194,0.0,25.419354838709676,1007.0645161290323,9.193548387096774
Egypt,2024,9,32.70666666666667,14.993333333333334,0.0,37.766666666666666,1011.1,8.066666666666666
Egypt,2024,10,27.903225806451612,15.86774193548387,0.0,38.61290322580645,1014.7096774193549,5.974193548387096
Egypt,2024,11,22.006666666666668,15.086666666666668,0.21,53.4,1018.8333333333334,3.283333333333333
Egypt,2024,12,19.596774193548388,16.37741935483871,0.0,46.29032258064516,1019.6129032258065,3.2870967741935484
Egypt,2025,1,19.35483870967742,13.806451612903226,0.0,49.16129032258065,1020.6774193548387,3.693548387096774
Egypt,2025,2,16.87857142857143,17.70714285714286,0.060000000000000005,45.357142857142854,1020.1785714285714,4.7250000000000005
Egypt,2025,3,22.812903225806455,14.812903225806451,0.0,37.58064516129032,1016.8387096774194,6.422580645161291
Egypt,2025,4,24.17,16.706666666666667,0.0,35.8,1013.6666666666666,7.34
Egypt,2025,5,28.43548387096774,16.316129032258065,0.0,31.838709677419356,1013.2258064516129,8.061290322580644
Egypt,2025,6,29.103333333333335,12.733333333333333,0.0,43.333333333333336,1010.9333333333333,9.51
Egypt,2025,7,32.44193548387097,9.774193548387096,0.0,38.645161290322584,1007.9354838709677,8.687096774193549
Egypt,2025,8,31.03548387096774,12.55483870967742,0.0,45.806451612903224,1009.6451612903226,7.6
Egypt,2025,9,27.683333333333334,13.229999999999999,0.0,54.3,1012.5666666666667,5.58
Egypt,2025,10,25.032258064516128,14.90967741935484,0.0,54.645161290322584,1016.1612903225806,3.4129032258064513
Egypt,2025,11,21.990000000000002,12.416666666666666,0.02,61.333333333333336,1017.9333333333333,1.7
Egypt,2025,12,16.164516129032258,13.283870967741937,0.04,59.45161290322581,1017.8387096774194,1.0580645161290323
Egypt,2026,1,14.729999999999999,13.44,0.0,52.0,1018.8333333333334,1.1733333333333333
Egypt,2026,2,17.916666666666668,11.950000000000001,0.0,42.333333333333336,1016.3333333333334,1.5833333333333333
El Salvador,2024,5,26.764705882352942,5.488235294117647,0.85,85.88235294117646,1013.5294117647059,6.352941176470588
El Salvador,2024,6,24.127586206896552,6.210344827586207,50.0,93.6896551724138,1013.0344827586207,5.206896551724138
El Salvador,2024,7,23.039285714285715,5.382142857142857,1.4200000000000002,95.57142857142857,1012.4285714285714,5.214285714285714
El Salvador,2024,8,21.187096774193545,4.296774193548386,2.91,96.58064516129032,1013.5483870967741,4.967741935483871
El Salvador,2024,9,23.57,3.8233333333333333,4.03,98.36666666666666,1009.8333333333334,3.0
El Salvador,2024,10,20.916666666666668,4.416666666666667,7.25,96.33333333333333,1011.5666666666667,0.3
El Salvador,2024,11,19.93448275862069,4.710344827586207,2.08,95.48275862068965,1011.1034482758621,0.0
El Salvador,2024,12,19.274193548387096,6.374193548387097,0.02,91.38709677419355,1013.1935483870968,0.0
El Salvador,2025,1,23.52,5.816666666666666,0.0,77.2,1012.0,0.0
El Salvador,2025,2,24.428571428571427,5.132142857142857,0.09,81.53571428571429,1011.1428571428571,0.0
El Salvador,2025,3,25.038709677419355,4.367741935483871,0.26,80.25806451612904,1010.7741935483871,0.0
El Salvador,2025,4,25.876666666666665,4.836666666666667,6.13,75.6,1010.5333333333333,0.0
El Salvador,2025,5,25.913333333333334,3.8400000000000003,5.27,89.4,1010.2,0.0
El Salvador,2025,6,24.09,3.996666666666667,12.41,94.8,1011.4333333333333,0.0
El Salvador,2025,7,24.370967741935484,4.719354838709678,6.01,91.09677419354838,1011.9677419354839,0.0
El Salvador,2025,8,24.812903225806455,4.248387096774193,15.620000000000001,91.74193548387096,1012.1290322580645,0.0
El Salvador,2025,9,24.983333333333334,3.9766666666666666,23.28,92.66666666666667,1011.6,0.0
El Salvador,2025,10,24.393548387096775,3.9741935483870967,14.950000000000001,94.7741935483871,1010.7096774193549,0.0
El Salvador,2025,11,24.759999999999998,5.406666666666666,0.07,80.96666666666667,1011.6666666666666,0.0
El Salvador,2025,12,24.641935483870967,4.990322580645161,2.1,85.19354838709677,1011.8709677419355,0.0
El Salvador,2026,1,23.73448275862069,5.706896551724138,0.0,72.06896551724138,1013.0344827586207,0.0
El Salvador,2026,2,24.383333333333336,8.700000000000001,0.0,46.333333333333336,1015.6666666666666,0.0
Equatorial Guinea,2024,5,30.076470588235296,10.823529411764707,1.1600000000000001,82.82352941176471,1010.7647058823529,6.176470588235294
Equatorial Guinea,2024,6,28.746666666666666,11.303333333333335,27.400000000000002,82.86666666666666,1012.1,5.966666666666667
Equatorial Guinea,2024,7,26.486206896551725,13.46206896551724,16.5,87.86206896551724,1014.1379310344828,5.689655172413793
Equatorial Guinea,2024,8,25.251612903225805,11.861290322580645,16.91,84.93548387096774,1014.258064516129,5.516129032258065
Equatorial Guinea,2024,9,26.883333333333333,10.253333333333334,8.96,87.5,1014.2333333333333,5.833333333333333
Equatorial Guinea,2024,10,25.74516129032258,7.196774193548387,20.41,82.61290322580645,1014.8387096774194,4.535483870967742
Equatorial Guinea,2024,11,27.403333333333332,6.03,5.63,78.83333333333333,1012.9666666666667,4.696666666666667
Equatorial Guinea,2024,12,27.822580645161292,7.506451612903225,0.91,72.83870967741936,1012.5806451612904,6.819354838709677
Equatorial Guinea,2025,1,28.687096774193545,7.106451612903226,0.73,72.41935483870968,1012.8387096774194,6.161290322580645
Equatorial Guinea,2025,2,31.0,6.389285714285714,1.59,72.14285714285714,1011.4285714285714,7.007142857142857
Equatorial Guinea,2025,3,29.361290322580647,6.683870967741935,5.99,77.7741935483871,1012.1290322580645,5.712903225806452
Equatorial Guinea,2025,4,29.136666666666667,4.966666666666667,2.08,82.8,1011.7333333333333,5.08
Equatorial Guinea,2025,5,28.703225806451613,5.922580645161291,5.7,87.16129032258064,1013.8064516129032,3.6838709677419357
Equatorial Guinea,2025,6,27.563333333333333,6.166666666666667,11.99,87.66666666666667,1015.2,3.716666666666667
Equatorial Guinea,2025,7,25.938709677419357,8.764516129032257,41.01,93.38709677419355,1016.6774193548387,1.4774193548387096
Equatorial Guinea,2025,8,25.870967741935484,8.961290322580645,7.16,90.6774193548387,1016.0,2.0903225806451613
Equatorial Guinea,2025,9,25.466666666666665,9.08,33.08,95.3,1015.0666666666667,1.4833333333333334
Equatorial Guinea,2025,10,25.490322580645163,6.0,7.26,95.25806451612904,1013.9354838709677,1.6838709677419357
Equatorial Guinea,2025,11,26.173333333333336,5.626666666666667,5.47,96.33333333333333,1012.8333333333334,1.1333333333333333
Equatorial Guinea,2025,12,25.97741935483871,5.851612903225806,4.19,94.16129032258064,1011.5483870967741,0.7903225806451613
Equatorial Guinea,2026,1,25.46333333333333,6.746666666666667,1.22,95.36666666666666,1011.6,0.74
Equatorial Guinea,2026,2,25.3,6.433333333333334,0.43,93.83333333333333,1012.0,0.7166666666666667
Eritrea,2024,5,23.341176470588238,15.617647058823529,0.8800000000000001,37.411764705882355,1012.0,5.588235294117647
Eritrea,2024,6,25.8,18.11,2.97,29.633333333333333,1009.7666666666667,6.5
Eritrea,2024,7,22.63103448275862,12.482758620689655,14.41,49.827586206896555,1010.4137931034483,5.172413793103448
Eritrea,2024,8,20.312903225806455,11.077419354838709,24.14,63.83870967741935,1011.6129032258065,4.548387096774194
Eritrea,2024,9,23.816666666666666,17.59,2.56,37.7,1011.8666666666667,5.833333333333333
Eritrea,2024,10,22.12258064516129,16.406451612903226,4.5200000000000005,40.32258064516129,1013.8064516129032,9.038709677419355
Eritrea,2024,11,19.736666666666668,8.243333333333334,2.67,61.4,1015.5,7.71
Eritrea,2024,12,17.700000000000003,7.638709677419355,0.16,53.12903225806452,1015.5806451612904,7.712903225806452
Eritrea,2025,1,18.306451612903224,6.97741935483871,0.17,45.0,1014.4516129032259,8.3
Eritrea,2025,2,19.482142857142858,7.685714285714285,1.23,49.035714285714285,1013.6071428571429,9.785714285714286
Eritrea,2025,3,21.229032258064517,5.838709677419355,1.91,40.774193548387096,1013.0645161290323,12.306451612903226
Eritrea,2025,4,22.90666666666667,11.806666666666667,0.19,35.03333333333333,1012.6,13.56
Eritrea,2025,5,23.970967741935485,13.038709677419355,0.86,30.225806451612904,1013.1290322580645,12.187096774193549
Eritrea,2025,6,25.64333333333333,15.506666666666666,0.13,19.333333333333332,1012.8,11.270000000000001
Eritrea,2025,7,22.629032258064516,9.125806451612902,4.68,44.87096774193548,1013.4193548387096,10.693548387096774
Eritrea,2025,8,20.95483870967742,9.896774193548387,7.92,57.96774193548387,1013.1935483870968,7.483870967741935
Eritrea,2025,9,23.17,13.276666666666667,1.09,40.86666666666667,1014.1,8.616666666666667
Eritrea,2025,10,20.85483870967742,12.48709677419355,1.77,42.58064516129032,1015.9354838709677,6.764516129032257
Eritrea,2025,11,20.966666666666665,7.573333333333333,0.07,52.266666666666666,1017.4666666666667,5.6899999999999995
Eritrea,2025,12,19.990322580645163,5.658064516129032,0.05,48.25806451612903,1016.1612903225806,4.84516129032258
Eritrea,2026,1,17.513333333333332,6.67,0.1,51.03333333333333,1017.8333333333334,5.193333333333333
Eritrea,2026,2,17.05,5.266666666666667,0.02,51.5,1017.0,5.183333333333333
Estonia,2024,5,21.529411764705884,16.805882352941175,2.13,43.1764705882353,1019.8823529411765,4.352941176470588
Estonia,2024,6,19.366666666666667,17.233333333333334,1.5,57.03333333333333,1011.1,4.433333333333334
Estonia,2024,7,20.785714285714285,17.025,6.25,64.5,1010.9285714285714,4.714285714285714
Estonia,2024,8,20.80322580645161,17.80322580645161,3.94,64.25806451612904,1012.0645161290323,5.096774193548387
Estonia,2024,9,18.720000000000002,14.763333333333332,2.76,65.86666666666666,1017.9666666666667,4.633333333333334
Estonia,2024,10,10.567741935483872,20.77741935483871,1.58,72.54838709677419,1015.6451612903226,1.2967741935483872
Estonia,2024,11,5.0233333333333325,24.383333333333333,3.32,83.63333333333334,1009.2666666666667,0.24000000000000002
Estonia,2024,12,2.0064516129032257,23.238709677419354,2.17,83.45161290322581,1011.6129032258065,0.1032258064516129
Estonia,2025,1,1.335483870967742,20.96451612903226,5.140000000000001,85.93548387096774,1006.7741935483871,0.1806451612903226
Estonia,2025,2,-1.457142857142857,14.475,0.32,79.35714285714286,1026.392857142857,0.5
Estonia,2025,3,4.609677419354839,18.58709677419355,0.86,69.03225806451613,1011.2903225806451,1.2645161290322582
Estonia,2025,4,7.666666666666667,16.506666666666668,2.83,63.46666666666667,1015.2,2.0166666666666666
Estonia,2025,5,11.380645161290323,16.81935483870968,0.5700000000000001,55.87096774193548,1010.9677419354839,2.9645161290322584
Estonia,2025,6,15.996666666666666,18.613333333333333,5.91,64.86666666666666,1007.9,3.1199999999999997
Estonia,2025,7,21.780645161290323,15.612903225806452,5.4,68.83870967741936,1010.1290322580645,3.7129032258064516
Estonia,2025,8,17.22258064516129,15.112903225806452,4.9399999999999995,70.41935483870968,1010.1612903225806,2.416129032258065
Estonia,2025,9,14.943333333333333,17.48,3.39,80.83333333333333,1018.6333333333333,1.3333333333333333
Estonia,2025,10,7.109677419354839,18.58709677419355,4.55,90.6774193548387,1009.5806451612904,0.27741935483870966
Estonia,2025,11,3.8133333333333335,18.083333333333332,2.19,91.56666666666666,1009.6666666666666,0.020000000000000004
Estonia,2025,12,2.574193548387097,21.13225806451613,1.06,88.48387096774194,1013.5806451612904,0.0
Estonia,2026,1,-8.263333333333334,17.21333333333333,1.22,88.46666666666667,1016.2666666666667,0.0
Estonia,2026,2,-12.133333333333333,13.916666666666666,0.060000000000000005,86.0,1024.5,0.0
Estonie,2024,7,23.3,16.9,0.0,61.0,1012.0,6.0
Ethiopia,2024,5,24.41764705882353,18.476470588235294,0.57,38.35294117647059,1020.1764705882352,5.882352941176471
Ethiopia,2024,6,22.26206896551724,23.06551724137931,15.68,48.51724137931034,1018.8275862068965,5.344827586206897
Ethiopia,2024,7,19.42142857142857,9.107142857142858,23.79,66.53571428571429,1016.6071428571429,4.25
Ethiopia,2024,8,18.5258064516129,10.90967741935484,31.64,73.74193548387096,1018.7741935483871,3.967741935483871
Ethiopia,2024,9,20.57,12.4,21.64,60.36666666666667,1023.5,4.266666666666667
Ethiopia,2024,10,19.661290322580644,10.774193548387096,8.85,59.67741935483871,1019.8064516129032,9.358064516129033
Ethiopia,2024,11,19.526666666666664,10.51,1.74,45.833333333333336,1022.8666666666667,9.79
Ethiopia,2024,12,21.403225806451612,12.425806451612903,0.0,28.161290322580644,1019.1935483870968,10.419354838709678
Ethiopia,2025,1,21.20967741935484,12.770967741935483,0.06,33.45161290322581,1022.1935483870968,10.587096774193547
Ethiopia,2025,2,23.042857142857144,15.553571428571429,0.0,28.5,1022.9642857142857,13.228571428571428
Ethiopia,2025,3,22.174193548387095,13.03225806451613,2.27,42.903225806451616,1023.1935483870968,12.906451612903227
Ethiopia,2025,4,23.0,10.253333333333334,0.67,34.0,1024.1666666666667,12.806666666666667
Ethiopia,2025,5,21.838709677419356,9.361290322580645,1.86,48.16129032258065,1024.3225806451612,11.241935483870968
Ethiopia,2025,6,20.596666666666668,9.406666666666666,0.72,56.0,1025.7333333333333,10.973333333333333
Ethiopia,2025,7,17.94516129032258,6.316129032258065,18.28,71.3225806451613,1026.1935483870968,8.864516129032259
Ethiopia,2025,8,16.64516129032258,6.132258064516129,18.38,77.58064516129032,1026.0967741935483,8.387096774193548
Ethiopia,2025,9,18.029999999999998,6.816666666666666,11.05,71.63333333333334,1025.3333333333333,10.25
Ethiopia,2025,10,18.896774193548385,9.774193548387096,3.1300000000000003,51.903225806451616,1025.5483870967741,9.05483870967742
Ethiopia,2025,11,18.183333333333334,10.196666666666665,0.03,44.4,1027.8666666666666,6.873333333333333
Ethiopia,2025,12,17.032258064516128,9.558064516129033,0.46,55.32258064516129,1026.1935483870968,5.941935483870967
Ethiopia,2026,1,16.163333333333334,8.18,0.04,47.233333333333334,1026.1333333333334,6.533333333333333
Ethiopia,2026,2,17.216666666666665,6.966666666666668,0.0,41.166666666666664,1022.3333333333334,5.466666666666666
Fiji Islands,2024,5,24.0,16.1,2.87,97.8125,1012.5625,1.0
Fiji Islands,2024,6,22.573333333333334,7.053333333333333,4.65,93.3,1014.9666666666667,1.0
Fiji Islands,2024,7,22.63448275862069,11.279310344827588,2.9499999999999997,85.82758620689656,1014.7931034482758,1.0
Fiji Islands,2024,8,21.625806451612902,11.106451612903227,32.27,85.19354838709677,1017.1290322580645,1.0
Fiji Islands,2024,9,22.74516129032258,10.687096774193549,4.66,91.12903225806451,1015.2258064516129,1.0
Fiji Islands,2024,10,23.725806451612904,11.496774193548386,11.19,92.48387096774194,1013.741935483871,0.2903225806451613
Fiji Islands,2024,11,24.833333333333332,12.906666666666666,9.26,92.86666666666666,1012.7666666666667,0.03333333333333333
Fiji Islands,2024,12,25.306451612903224,9.32258064516129,2.5700000000000003,93.51612903225806,1010.0645161290323,0.0
Fiji Islands,2025,1,25.493548387096773,9.035483870967742,19.52,95.29032258064517,1009.7096774193549,0.03225806451612903
Fiji Islands,2025,2,26.092857142857145,9.674999999999999,11.75,95.0,1008.9285714285714,0.0
Fiji Islands,2025,3,25.73225806451613,9.287096774193548,14.14,95.09677419354838,1011.0967741935484,0.0
Fiji Islands,2025,4,25.723333333333336,9.796666666666665,19.74,96.33333333333333,1011.2,0.0
Fiji Islands,2025,5,24.870967741935484,14.825806451612904,6.96,91.3225806451613,1012.6129032258065,0.0
Fiji Islands,2025,6,23.75,15.166666666666666,4.78,88.8,1014.4333333333333,0.0
Fiji Islands,2025,7,23.041935483870965,13.993548387096775,1.74,87.41935483870968,1014.1935483870968,0.0
Fiji Islands,2025,8,23.519354838709678,12.761290322580646,4.04,86.93548387096774,1014.0,0.0
Fiji Islands,2025,9,23.116666666666667,15.803333333333335,1.69,80.1,1015.6,0.0
Fiji Islands,2025,10,24.5258064516129,15.038709677419355,6.75,86.38709677419355,1014.1612903225806,0.0
Fiji Islands,2025,11,25.37,9.620000000000001,14.35,91.66666666666667,1009.3666666666667,0.0033333333333333335
Fiji Islands,2025,12,26.438709677419357,9.480645161290322,9.56,86.80645161290323,1007.7741935483871,0.0
Fiji Islands,2026,1,27.703333333333333,12.833333333333334,14.72,85.4,1005.8,0.006666666666666667
Fiji Islands,2026,2,28.133333333333336,8.65,5.8,86.66666666666667,1007.5,0.0
Finland,2024,5,22.764705882352942,17.458823529411767,0.56,37.529411764705884,1019.9411764705883,5.0588235294117645
Finland,2024,6,20.45,20.836666666666666,0.54,53.0,1010.0666666666667,4.7
Finland,2024,7,21.158620689655173,17.251724137931035,4.39,64.34482758620689,1010.448275862069,4.931034482758621
Finland,2024,8,21.125806451612902,16.55483870967742,2.2800000000000002,61.38709677419355,1011.258064516129,4.903225806451613
Finland,2024,9,17.64,15.45,3.91,70.2,1018.0,4.6
Finland,2024,10,10.025806451612903,18.822580645161292,1.93,78.29032258064517,1014.9677419354839,1.2935483870967743
Finland,2024,11,4.09,21.546666666666667,2.93,87.1,1007.9333333333333,0.24666666666666667
Finland,2024,12,0.9419354838709677,20.38064516129032,3.39,88.70967741935483,1010.6451612903226,0.0967741935483871
Finland,2025,1,-0.08709677419354832,19.016129032258064,5.82,89.6774193548387,1006.0967741935484,0.1774193548387097
Finland,2025,2,-2.039285714285714,14.785714285714286,0.22,85.42857142857143,1026.142857142857,0.4321428571428571
Finland,2025,3,4.129032258064516,17.05483870967742,0.11,68.48387096774194,1010.3225806451613,1.2999999999999998
Finland,2025,4,7.676666666666667,15.883333333333333,1.64,59.46666666666667,1014.9333333333333,1.88
Finland,2025,5,12.141935483870967,14.761290322580646,0.35,52.225806451612904,1010.516129032258,2.7870967741935484
Finland,2025,6,16.09,17.583333333333332,9.94,66.03333333333333,1007.2666666666667,2.8400000000000003
Finland,2025,7,22.73548387096774,15.248387096774193,2.36,63.70967741935484,1010.4193548387096,3.661290322580645
Finland,2025,8,17.093548387096774,14.764516129032257,2.25,73.19354838709677,1009.6774193548387,2.4741935483870967
Finland,2025,9,14.353333333333333,17.283333333333335,2.17,85.93333333333334,1018.3333333333334,1.2566666666666668
Finland,2025,10,7.232258064516128,18.032258064516128,1.42,89.93548387096774,1009.3225806451613,0.25483870967741934
Finland,2025,11,3.42,17.39333333333333,3.3600000000000003,92.96666666666667,1008.3666666666667,0.020000000000000004
Finland,2025,12,1.7354838709677418,18.75483870967742,1.6500000000000001,88.38709677419355,1012.6774193548387,0.0
Finland,2026,1,-9.68,16.106666666666666,1.24,88.26666666666667,1017.0666666666667,0.0
Finland,2026,2,-17.983333333333334,10.549999999999999,0.01,85.33333333333333,1025.6666666666667,0.0
France,2024,5,17.423529411764704,12.058823529411764,6.46,68.76470588235294,1012.2941176470588,3.9411764705882355
France,2024,6,21.113333333333333,14.623333333333333,5.46,56.733333333333334,1014.6666666666666,4.933333333333334
France,2024,7,24.268965517241377,12.555172413793104,3.78,49.310344827586206,1014.9655172413793,6.0
France,2024,8,25.80322580645161,13.312903225806451,4.580000000000001,49.193548387096776,1015.258064516129,6.580645161290323
France,2024,9,18.116666666666667,16.793333333333333,0.5,72.53333333333333,1014.9,4.933333333333334
France,2024,10,14.003225806451614,10.403225806451612,5.029999999999999,87.45161290322581,1016.0322580645161,1.4193548387096775
France,2024,11,8.963333333333333,11.543333333333333,2.15,87.53333333333333,1021.5,0.3766666666666667
France,2024,12,6.548387096774194,12.735483870967743,2.72,85.19354838709677,1024.6451612903227,0.3645161290322581
France,2025,1,4.6,13.180645161290323,3.81,88.90322580645162,1016.483870967742,0.45806451612903226
France,2025,2,5.514285714285714,11.285714285714286,1.57,85.64285714285714,1022.6785714285714,0.8142857142857143
France,2025,3,9.348387096774195,11.670967741935485,0.5900000000000001,73.03225806451613,1016.6451612903226,1.435483870967742
France,2025,4,13.853333333333333,12.786666666666665,0.2,62.13333333333333,1016.4333333333333,2.05
France,2025,5,16.493333333333332,13.013333333333334,1.78,63.56666666666667,1017.8333333333334,2.5833333333333335
France,2025,6,21.403333333333332,11.783333333333333,0.59,63.166666666666664,1018.9666666666667,3.4099999999999997
France,2025,7,21.070967741935487,10.774193548387096,9.549999999999999,67.87096774193549,1016.4193548387096,2.606451612903226
France,2025,8,19.825806451612905,11.193548387096774,1.19,68.87096774193549,1017.0645161290323,1.7258064516129032
France,2025,9,14.806666666666667,14.336666666666668,4.0200000000000005,83.53333333333333,1017.4666666666667,0.6733333333333333
France,2025,10,11.345161290322581,13.403225806451612,2.4,87.35483870967742,1016.5806451612904,0.14838709677419354
France,2025,11,7.9,11.806666666666667,0.37,91.36666666666666,1013.0333333333333,0.03666666666666667
France,2025,12,6.190322580645161,12.029032258064515,3.42,90.74193548387096,1016.9032258064516,0.0
France,2026,1,4.086666666666667,13.01,3.6999999999999997,90.9,1005.8333333333334,0.0
France,2026,2,6.1499999999999995,11.883333333333333,1.06,95.5,992.8333333333334,0.0
Gabon,2024,5,29.823529411764707,12.541176470588235,3.65,78.0,1010.1176470588235,6.176470588235294
Gabon,2024,6,28.113793103448273,13.227586206896552,0.68,72.48275862068965,1011.4137931034483,6.724137931034483
Gabon,2024,7,27.017241379310345,13.344827586206897,0.22,71.93103448275862,1013.7586206896551,6.448275862068965
Gabon,2024,8,27.203225806451613,15.567741935483872,0.43,69.80645161290323,1013.5806451612904,6.548387096774194
Gabon,2024,9,27.83,10.389999999999999,6.59,79.26666666666667,1013.1666666666666,6.033333333333333
Gabon,2024,10,26.12258064516129,9.13225806451613,17.39,87.06451612903226,1014.1290322580645,5.074193548387097
Gabon,2024,11,26.816666666666666,8.753333333333334,7.58,88.33333333333333,1012.5,3.7066666666666666
Gabon,2024,12,28.98709677419355,8.02258064516129,9.74,76.74193548387096,1011.6451612903226,7.264516129032257
Gabon,2025,1,28.929032258064513,7.503225806451613,6.24,80.41935483870968,1011.6451612903226,6.893548387096774
Gabon,2025,2,29.3,7.3500000000000005,12.059999999999999,81.46428571428571,1010.6071428571429,7.7821428571428575
Gabon,2025,3,29.23548387096774,8.083870967741936,4.4,79.06451612903226,1011.483870967742,5.612903225806452
Gabon,2025,4,28.69,8.046666666666667,2.94,80.56666666666666,1011.4333333333333,4.663333333333333
Gabon,2025,5,27.296774193548387,7.719354838709678,15.25,87.3225806451613,1013.0322580645161,3.541935483870968
Gabon,2025,6,26.57,10.43,2.99,85.8,1014.6333333333333,3.2333333333333334
Gabon,2025,7,24.483870967741936,11.564516129032258,0.59,82.35483870967742,1016.5483870967741,1.567741935483871
Gabon,2025,8,23.97741935483871,11.380645161290323,0.8200000000000001,84.0,1016.1935483870968,1.6903225806451612
Gabon,2025,9,24.84333333333333,9.653333333333332,3.2199999999999998,89.16666666666667,1014.7333333333333,1.4033333333333333
Gabon,2025,10,25.74516129032258,8.929032258064517,11.73,87.06451612903226,1013.516129032258,1.4064516129032258
Gabon,2025,11,25.95,8.386666666666667,7.1,88.83333333333333,1012.4333333333333,0.9433333333333334
Gabon,2025,12,26.177419354838708,10.148387096774194,4.26,89.54838709677419,1011.1290322580645,0.8516129032258065
Gabon,2026,1,26.053333333333335,9.396666666666667,4.6899999999999995,90.93333333333334,1011.1666666666666,0.8233333333333334
Gabon,2026,2,25.183333333333334,9.450000000000001,2.6199999999999997,90.66666666666667,1011.0,0.9500000000000001
Gambia,2024,5,32.8235294117647,12.617647058823529,0.0,47.8235294117647,1011.4117647058823,6.647058823529412
Gambia,2024,6,31.53103448275862,12.144827586206896,0.01,56.172413793103445,1012.1379310344828,6.896551724137931
Gambia,2024,7,29.0,12.067857142857141,4.22,75.64285714285714,1013.3928571428571,6.25
Gambia,2024,8,28.261290322580646,13.738709677419354,9.76,78.64516129032258,1012.258064516129,6.129032258064516
Gambia,2024,9,27.553333333333335,11.58,6.7700000000000005,83.8,1012.1,6.3
Gambia,2024,10,27.338709677419356,15.658064516129032,23.66,81.54838709677419,1012.9354838709677,2.735483870967742
Gambia,2024,11,25.959999999999997,16.12333333333333,0.0,64.1,1011.9666666666667,1.05
Gambia,2024,12,25.154838709677417,20.14516129032258,0.0,39.645161290322584,1013.8387096774194,2.5903225806451613
Gambia,2025,1,23.84193548387097,22.88064516129032,0.0,31.677419354838708,1013.4193548387096,2.703225806451613
Gambia,2025,2,22.707142857142856,21.692857142857143,0.0,38.42857142857143,1012.3571428571429,2.9499999999999997
Gambia,2025,3,22.683870967741935,17.55806451612903,0.0,58.38709677419355,1011.9354838709677,1.5451612903225806
Gambia,2025,4,23.666666666666668,14.766666666666667,0.0,66.3,1010.6,1.47
Gambia,2025,5,24.26451612903226,10.47741935483871,1.73,77.80645161290323,1012.1935483870968,1.0451612903225806
Gambia,2025,6,26.003333333333334,14.496666666666666,0.030000000000000002,83.03333333333333,1013.3666666666667,1.1900000000000002
Gambia,2025,7,25.9,19.206451612903226,8.76,90.25806451612904,1013.483870967742,0.6161290322580646
Gambia,2025,8,25.070967741935487,15.248387096774193,28.62,98.03225806451613,1011.9677419354839,0.3903225806451613
Gambia,2025,9,24.456666666666667,14.053333333333335,3.58,99.6,1011.7,0.21666666666666667
Gambia,2025,10,25.05806451612903,14.69032258064516,3.5500000000000003,96.29032258064517,1011.5806451612904,0.1064516129032258
Gambia,2025,11,24.34333333333333,20.023333333333333,0.0,79.83333333333333,1011.2666666666667,0.030000000000000002
Gambia,2025,12,20.59032258064516,23.706451612903226,0.03,53.516129032258064,1011.7096774193549,0.0
Gambia,2026,1,20.383333333333333,19.743333333333332,0.02,51.833333333333336,1012.0,0.0
Gambia,2026,2,19.95,14.283333333333333,0.0,73.5,1012.3333333333334,0.0
Georgia,2024,5,20.176470588235293,12.735294117647058,0.19,58.64705882352941,1016.1764705882352,4.705882352941177
Georgia,2024,6,28.54137931034483,18.113793103448273,1.62,44.10344827586207,1011.7241379310345,6.896551724137931
Georgia,2024,7,30.075,12.857142857142858,1.3199999999999998,42.92857142857143,1008.6071428571429,7.535714285714286
Georgia,2024,8,31.458064516129035,13.009677419354839,4.92,35.774193548387096,1010.483870967742,7.161290322580645
Georgia,2024,9,25.490000000000002,13.42,0.53,46.2,1016.5,6.5
Georgia,2024,10,17.629032258064516,9.312903225806451,1.4,54.645161290322584,1019.2258064516129,3.551612903225806
Georgia,2024,11,11.156666666666666,10.19,2.27,59.06666666666667,1021.5666666666667,1.5633333333333332
Georgia,2024,12,6.935483870967742,9.606451612903227,0.6900000000000001,60.935483870967744,1022.4516129032259,1.0225806451612902
Georgia,2025,1,8.706451612903225,10.058064516129033,0.1,51.61290322580645,1023.8387096774194,1.3129032258064517
Georgia,2025,2,6.057142857142857,9.292857142857143,1.44,53.464285714285715,1020.3214285714286,1.842857142857143
Georgia,2025,3,14.983870967741936,9.887096774193548,1.92,42.67741935483871,1019.4516129032259,3.958064516129032
Georgia,2025,4,16.113333333333333,10.436666666666667,2.09,58.3,1016.1333333333333,4.593333333333333
Georgia,2025,5,21.738709677419354,11.035483870967743,1.16,52.903225806451616,1015.1612903225806,7.158064516129032
Georgia,2025,6,25.456666666666667,14.213333333333333,0.57,44.9,1014.2,8.76
Georgia,2025,7,29.503225806451614,11.880645161290323,3.01,45.774193548387096,1011.7741935483871,8.458064516129031
Georgia,2025,8,29.716129032258067,12.296774193548387,0.12,43.903225806451616,1014.3225806451613,7.45483870967742
Georgia,2025,9,21.323333333333334,10.1,1.21,62.6,1017.2,4.096666666666667
Georgia,2025,10,17.05483870967742,8.825806451612904,0.37,61.67741935483871,1019.0645161290323,2.5999999999999996
Georgia,2025,11,12.073333333333332,5.77,0.0,59.86666666666667,1024.0666666666666,1.3133333333333332
Georgia,2025,12,5.409677419354838,7.574193548387097,0.52,75.38709677419355,1020.2258064516129,0.6935483870967742
Georgia,2026,1,3.1333333333333333,9.32,0.38,70.66666666666667,1018.7666666666667,0.7733333333333333
Georgia,2026,2,5.666666666666667,11.233333333333334,0.0,72.66666666666667,1016.5,1.1666666666666667
Germany,2024,5,22.294117647058822,17.841176470588238,3.77,51.470588235294116,1011.4117647058823,5.294117647058823
Germany,2024,6,22.483333333333334,15.78,2.41,51.56666666666667,1012.6,5.7
Germany,2024,7,24.217241379310344,14.951724137931036,1.24,50.03448275862069,1013.9655172413793,5.931034482758621
Germany,2024,8,26.10967741935484,15.419354838709678,0.6,44.774193548387096,1014.7096774193549,6.612903225806452
Germany,2024,9,21.146666666666665,19.946666666666665,2.37,56.3,1014.8,5.5
Germany,2024,10,13.248387096774193,14.770967741935483,1.1300000000000001,75.09677419354838,1017.258064516129,1.567741935483871
Germany,2024,11,5.989999999999999,13.8,4.31,81.56666666666666,1019.9333333333333,0.42
Germany,2024,12,4.883870967741935,14.680645161290323,1.07,81.90322580645162,1020.1290322580645,0.27419354838709675
Germany,2025,1,3.829032258064516,15.796774193548387,1.11,80.48387096774194,1014.4516129032259,0.45483870967741935
Germany,2025,2,2.607142857142857,11.157142857142857,0.25,76.07142857142857,1026.4285714285713,0.8571428571428571
Germany,2025,3,8.067741935483872,11.541935483870969,0.6100000000000001,63.96774193548387,1017.4516129032259,1.7935483870967743
Germany,2025,4,13.483333333333333,12.913333333333332,0.98,60.3,1018.3666666666667,2.64
Germany,2025,5,15.261290322580646,15.254838709677419,1.96,56.58064516129032,1015.6451612903226,3.083870967741935
Germany,2025,6,21.246666666666666,17.086666666666666,2.87,54.666666666666664,1017.1666666666666,4.04
Germany,2025,7,20.932258064516127,13.625806451612902,6.960000000000001,67.25806451612904,1012.3548387096774,2.796774193548387
Germany,2025,8,19.174193548387095,11.567741935483872,3.19,70.41935483870968,1015.6129032258065,2.232258064516129
Germany,2025,9,15.416666666666666,15.469999999999999,2.3400000000000003,78.53333333333333,1017.8333333333334,1.0666666666666667
Germany,2025,10,9.45483870967742,16.503225806451614,1.3499999999999999,87.19354838709677,1013.516129032258,0.26129032258064516
Germany,2025,11,4.093333333333333,10.686666666666667,1.01,91.5,1013.2666666666667,0.03666666666666667
Germany,2025,12,2.167741935483871,11.741935483870968,1.07,92.7741935483871,1019.9032258064516,0.0
Germany,2026,1,-3.2066666666666666,15.043333333333333,0.47000000000000003,87.43333333333334,1008.6,0.0
Germany,2026,2,-5.566666666666666,18.716666666666665,0.92,81.16666666666667,1006.5,0.0
Ghana,2024,5,30.358823529411765,19.352941176470587,1.78,72.17647058823529,1011.0588235294117,6.764705882352941
Ghana,2024,6,29.02,20.34333333333333,6.93,74.83333333333333,1012.2666666666667,6.066666666666666
Ghana,2024,7,27.055172413793105,21.75862068965517,1.3699999999999999,77.0,1014.4827586206897,6.0344827586206895
Ghana,2024,8,26.651612903225807,23.148387096774194,1.08,74.70967741935483,1014.258064516129,6.129032258064516
Ghana,2024,9,28.1,17.69,1.17,72.13333333333334,1014.2666666666667,6.333333333333333
Ghana,2024,10,27.238709677419354,11.609677419354838,3.42,81.6774193548387,1014.0,4.835483870967742
Ghana,2024,11,28.323333333333334,8.366666666666667,2.9899999999999998,80.66666666666667,1012.3333333333334,3.4099999999999997
Ghana,2024,12,30.203225806451613,7.229032258064516,0.03,61.645161290322584,1012.3548387096774,5.558064516129033
Ghana,2025,1,30.096774193548388,10.851612903225806,0.11,69.83870967741936,1012.0322580645161,5.638709677419355
Ghana,2025,2,30.025000000000002,13.585714285714285,0.06,72.28571428571429,1010.8571428571429,6.035714285714286
Ghana,2025,3,29.219354838709677,16.16774193548387,0.28,76.25806451612904,1011.1935483870968,4.164516129032258
Ghana,2025,4,28.663333333333334,14.66,0.22,80.26666666666667,1011.0333333333333,3.7866666666666666
Ghana,2025,5,28.19677419354839,12.416129032258064,5.48,82.06451612903226,1013.0322580645161,2.832258064516129
Ghana,2025,6,26.646666666666665,12.963333333333333,12.54,87.03333333333333,1014.6,2.9099999999999997
Ghana,2025,7,25.006451612903227,15.025806451612903,1.64,88.35483870967742,1016.6451612903226,1.6129032258064515
Ghana,2025,8,24.041935483870965,14.209677419354838,0.71,90.54838709677419,1015.6129032258065,1.332258064516129
Ghana,2025,9,24.94333333333333,12.993333333333334,1.1099999999999999,89.6,1014.6666666666666,1.2566666666666668
Ghana,2025,10,25.44516129032258,11.161290322580646,3.29,90.12903225806451,1013.0645161290323,1.0419354838709676
Ghana,2025,11,25.83,10.066666666666666,0.29000000000000004,91.4,1011.7333333333333,0.64
Ghana,2025,12,25.825806451612905,11.935483870967742,1.02,93.64516129032258,1010.6451612903226,0.3
Ghana,2026,1,26.39333333333333,11.91,0.45,91.03333333333333,1010.8333333333334,0.29
Ghana,2026,2,27.2,12.6,0.03,88.16666666666667,1010.1666666666666,0.25
Greece,2024,5,24.705882352941178,17.400000000000002,0.45,44.529411764705884,1013.4117647058823,6.176470588235294
Greece,2024,6,34.02068965517241,18.513793103448275,0.01,26.24137931034483,1010.5172413793103,7.931034482758621
Greece,2024,7,34.91428571428572,22.375,1.26,26.714285714285715,1008.9642857142857,8.178571428571429
Greece,2024,8,34.141935483870974,18.27741935483871,0.75,30.548387096774192,1009.6774193548387,8.0
Greece,2024,9,29.716666666666665,14.59,0.16999999999999998,36.13333333333333,1012.0666666666667,7.033333333333333
Greece,2024,10,24.177419354838708,15.064516129032258,0.0,42.38709677419355,1019.483870967742,4.361290322580645
Greece,2024,11,17.15666666666667,14.303333333333335,0.14,55.6,1020.8666666666667,1.8099999999999998
Greece,2024,12,14.764516129032257,13.577419354838709,0.62,60.12903225806452,1018.3225806451613,1.5838709677419356
Greece,2025,1,15.14516129032258,9.406451612903227,1.75,64.3225806451613,1022.0645161290323,1.967741935483871
Greece,2025,2,11.674999999999999,14.35,1.9600000000000002,61.535714285714285,1025.1785714285713,2.310714285714286
Greece,2025,3,17.490322580645163,13.474193548387097,0.54,51.29032258064516,1017.8064516129032,4.093548387096774
Greece,2025,4,18.220000000000002,13.96,1.92,51.233333333333334,1014.9333333333333,4.613333333333333
Greece,2025,5,24.316129032258065,16.151612903225807,0.6200000000000001,38.96774193548387,1012.741935483871,6.083870967741936
Greece,2025,6,31.46206896551724,20.78965517241379,0.0,30.655172413793103,1014.7931034482758,7.613793103448276
Greece,2025,7,34.61,17.293333333333333,0.0,25.8,1009.2,7.15
Greece,2025,8,30.074193548387097,20.56451612903226,0.0,38.483870967741936,1011.9354838709677,5.661290322580645
Greece,2025,9,26.936666666666667,16.08,0.04,42.2,1015.7666666666667,3.3866666666666663
Greece,2025,10,20.26774193548387,8.329032258064515,4.3,59.225806451612904,1015.9032258064516,1.474193548387097
Greece,2025,11,17.753333333333334,12.253333333333334,4.4,70.53333333333333,1017.3333333333334,0.6533333333333334
Greece,2025,12,11.54516129032258,8.490322580645161,3.9200000000000004,76.03225806451613,1018.1935483870968,0.3064516129032258
Greece,2026,1,9.796666666666665,14.006666666666666,4.53,73.23333333333333,1013.5666666666667,0.3466666666666667
Greece,2026,2,10.533333333333333,14.216666666666667,0.9199999999999999,84.16666666666667,1007.5,0.5
Grenada,2024,5,30.099999999999998,24.941176470588236,0.74,73.52941176470588,1014.2352941176471,6.0
Grenada,2024,6,29.75,22.092857142857145,6.07,76.92857142857143,1014.0714285714286,6.25
Grenada,2024,7,28.420689655172417,20.282758620689656,9.86,80.62068965517241,1014.4827586206897,6.206896551724138
Grenada,2024,8,28.580645161290324,14.619354838709677,14.799999999999999,79.58064516129032,1013.7096774193549,6.290322580645161
Grenada,2024,9,28.826666666666664,15.0,4.1,82.63333333333334,1011.3333333333334,5.266666666666667
Grenada,2024,10,27.654838709677417,16.5258064516129,2.82,85.61290322580645,1010.483870967742,0.4838709677419355
Grenada,2024,11,27.417241379310347,17.979310344827585,6.33,85.96551724137932,1009.4137931034483,0.006896551724137932
Grenada,2024,12,25.9,18.393548387096775,4.4,83.83870967741936,1011.9032258064516,0.025806451612903226
Grenada,2025,1,25.583333333333332,20.773333333333333,3.71,82.56666666666666,1013.2333333333333,0.02333333333333333
Grenada,2025,2,25.52857142857143,22.95,2.39,83.71428571428571,1013.0,0.0
Grenada,2025,3,25.896774193548385,25.55483870967742,3.0,83.35483870967742,1012.7741935483871,0.0
Grenada,2025,4,26.386666666666667,25.14,3.5100000000000002,82.73333333333333,1012.0666666666667,0.0
Grenada,2025,5,27.251612903225805,25.116129032258065,5.84,82.93548387096774,1012.741935483871,0.0
Grenada,2025,6,26.896666666666665,26.406666666666663,6.92,82.4,1014.0,0.0
Grenada,2025,7,26.761290322580646,19.067741935483873,4.72,86.09677419354838,1014.0967741935484,0.0
Grenada,2025,8,28.029032258064515,18.219354838709677,2.0700000000000003,82.51612903225806,1012.8709677419355,0.0
Grenada,2025,9,27.64,18.18,2.29,83.9,1011.8,0.0
Grenada,2025,10,27.961290322580645,18.47741935483871,5.36,83.6774193548387,1010.483870967742,0.0
Grenada,2025,11,26.853333333333335,19.720000000000002,4.5,84.5,1011.2,0.0
Grenada,2025,12,25.700000000000003,20.761290322580646,5.36,83.38709677419355,1011.6774193548387,0.0
Grenada,2026,1,25.763333333333332,19.2,2.45,84.1,1012.4666666666667,0.0
Grenada,2026,2,26.016666666666666,21.516666666666666,0.76,82.5,1014.0,0.0
Guatemala,2024,5,21.529411764705884,12.841176470588236,0.97,82.58823529411765,1021.2941176470588,5.411764705882353
Guatemala,2024,6,19.448275862068964,8.327586206896552,14.01,88.65517241379311,1018.6551724137931,4.551724137931035
Guatemala,2024,7,17.392857142857142,10.089285714285714,0.9500000000000001,93.92857142857143,1019.1428571428571,4.071428571428571
Guatemala,2024,8,17.161290322580644,11.04516129032258,0.0,94.12903225806451,1019.5483870967741,3.7419354838709675
Guatemala,2024,9,17.90666666666667,5.21,1.72,95.53333333333333,1017.6,2.533333333333333
Guatemala,2024,10,16.326666666666668,5.316666666666666,1.51,95.7,1017.2333333333333,0.3
Guatemala,2024,11,16.317241379310346,5.548275862068966,0.21,91.93103448275862,1018.0344827586207,0.0
Guatemala,2024,12,15.106451612903227,7.380645161290323,0.1,89.0,1020.4516129032259,0.0
Guatemala,2025,1,15.31,6.696666666666667,0.07,89.33333333333333,1022.0333333333333,0.0
Guatemala,2025,2,16.342857142857145,5.8999999999999995,0.13,89.82142857142857,1020.8928571428571,0.0
Guatemala,2025,3,17.241935483870968,5.0,0.1,87.12903225806451,1020.6451612903226,0.0
Guatemala,2025,4,17.073333333333334,5.073333333333333,1.76,87.43333333333334,1020.7666666666667,0.0
Guatemala,2025,5,19.13,4.1433333333333335,0.92,89.46666666666667,1019.9,0.0
Guatemala,2025,6,17.936666666666667,4.246666666666667,8.879999999999999,93.93333333333334,1020.4666666666667,0.0
Guatemala,2025,7,17.980645161290322,5.035483870967742,1.9300000000000002,91.09677419354838,1021.9032258064516,0.0
Guatemala,2025,8,17.87741935483871,4.793548387096774,6.03,92.16129032258064,1022.0,0.0
Guatemala,2025,9,18.273333333333333,4.083333333333333,7.01,95.06666666666666,1021.3666666666667,0.0
Guatemala,2025,10,17.364516129032257,4.451612903225806,5.9799999999999995,94.2258064516129,1019.8709677419355,0.0
Guatemala,2025,11,16.67,6.253333333333333,0.03,90.5,1021.9,0.0
Guatemala,2025,12,16.63225806451613,5.9,1.18,91.19354838709677,1021.7741935483871,0.0
Guatemala,2026,1,14.76551724137931,6.410344827586207,0.0,85.37931034482759,1022.5172413793103,0.0
Guatemala,2026,2,11.683333333333332,8.633333333333333,0.0,77.5,1025.8333333333333,0.0
Guinea,2024,5,30.529411764705884,12.51764705882353,0.36000000000000004,72.47058823529412,1012.0588235294117,6.647058823529412
Guinea,2024,6,29.196666666666665,12.906666666666666,8.72,75.46666666666667,1012.5,6.266666666666667
Guinea,2024,7,26.186206896551724,13.679310344827586,41.39,87.55172413793103,1014.8275862068965,5.482758620689655
Guinea,2024,8,25.98709677419355,16.603225806451615,37.22,87.09677419354838,1014.0967741935484,5.580645161290323
Guinea,2024,9,26.293333333333333,11.416666666666666,22.3,89.06666666666666,1013.5,5.633333333333334
Guinea,2024,10,26.10967741935484,10.399999999999999,7.989999999999999,86.06451612903226,1013.5483870967741,2.725806451612903
Guinea,2024,11,26.766666666666666,8.356666666666666,0.67,86.76666666666667,1012.0333333333333,1.4333333333333333
Guinea,2024,12,26.193548387096776,9.961290322580645,0.01,62.58064516129032,1013.1935483870968,3.3193548387096774
Guinea,2025,1,26.741935483870968,8.1,0.0,71.38709677419355,1011.7741935483871,3.6967741935483875
Guinea,2025,2,27.207142857142856,8.317857142857143,0.0,75.85714285714286,1010.5357142857143,3.6285714285714286
Guinea,2025,3,26.970967741935485,8.183870967741935,0.30000000000000004,75.90322580645162,1011.0322580645161,1.7645161290322582
Guinea,2025,4,27.033333333333335,10.613333333333333,1.46,76.53333333333333,1010.6,1.4
Guinea,2025,5,26.967741935483872,10.993548387096775,9.5,84.3225806451613,1012.0322580645161,0.964516129032258
Guinea,2025,6,26.126666666666665,10.013333333333334,12.59,88.83333333333333,1013.1,1.18
Guinea,2025,7,24.929032258064513,14.345161290322581,47.77,93.70967741935483,1014.2258064516129,0.4483870967741936
Guinea,2025,8,24.91290322580645,15.651612903225805,48.34,94.96774193548387,1012.8387096774194,0.34516129032258064
Guinea,2025,9,24.7448275862069,10.158620689655173,21.61,95.10344827586206,1012.2413793103449,0.2793103448275862
Guinea,2025,10,25.345161290322583,9.348387096774195,2.5,89.12903225806451,1011.7096774193549,0.15806451612903227
Guinea,2025,11,25.59333333333333,9.323333333333332,4.54,91.5,1010.6666666666666,0.04666666666666667
Guinea,2025,12,25.97741935483871,11.32258064516129,1.2,88.83870967741936,1009.5806451612904,0.0
Guinea,2026,1,25.543333333333333,10.81,0.02,87.5,1010.1333333333333,0.0
Guinea,2026,2,25.55,20.7,0.02,81.5,1010.8333333333334,0.0
Guinea-Bissau,2024,5,34.35294117647059,12.188235294117646,0.0,47.411764705882355,1011.4705882352941,7.764705882352941
Guinea-Bissau,2024,6,31.990000000000002,9.706666666666667,0.7,58.56666666666667,1012.3666666666667,7.333333333333333
Guinea-Bissau,2024,7,28.882758620689657,9.87241379310345,24.08,75.79310344827586,1013.7931034482758,6.0344827586206895
Guinea-Bissau,2024,8,28.200000000000003,13.845161290322581,32.36,79.6774193548387,1012.8387096774194,5.967741935483871
Guinea-Bissau,2024,9,27.736666666666668,10.69,16.34,85.1,1012.3666666666667,5.966666666666667
Guinea-Bissau,2024,10,26.76451612903226,9.319354838709677,7.17,88.51612903225806,1012.9677419354839,2.635483870967742
Guinea-Bissau,2024,11,25.623333333333335,8.79,0.0,85.1,1012.0,1.2466666666666666
Guinea-Bissau,2024,12,26.083870967741937,15.751612903225807,0.0,39.32258064516129,1013.2903225806451,2.9741935483870967
Guinea-Bissau,2025,1,24.638709677419357,16.73225806451613,0.0,36.67741935483871,1013.0967741935484,3.0580645161290323
Guinea-Bissau,2025,2,24.11785714285714,17.54285714285714,0.0,39.535714285714285,1011.8214285714286,3.1392857142857147
Guinea-Bissau,2025,3,23.770967741935483,11.703225806451613,0.0,65.83870967741936,1011.9677419354839,1.6483870967741936
Guinea-Bissau,2025,4,25.386666666666667,10.139999999999999,0.060000000000000005,74.13333333333334,1010.9666666666667,1.4066666666666667
Guinea-Bissau,2025,5,25.519354838709678,11.219354838709679,1.69,81.06451612903226,1012.6774193548387,1.1064516129032258
Guinea-Bissau,2025,6,26.386666666666667,10.616666666666667,2.1999999999999997,87.06666666666666,1013.9333333333333,1.0966666666666667
Guinea-Bissau,2025,7,25.280645161290323,13.90967741935484,56.97,96.83870967741936,1014.0967741935484,0.5612903225806452
Guinea-Bissau,2025,8,25.141935483870967,14.435483870967742,20.759999999999998,96.74193548387096,1012.6451612903226,0.35161290322580646
Guinea-Bissau,2025,9,24.63,10.166666666666666,25.28,97.06666666666666,1012.3666666666667,0.26333333333333336
Guinea-Bissau,2025,10,24.990322580645163,9.748387096774193,3.8000000000000003,92.83870967741936,1011.8387096774194,0.12580645161290321
Guinea-Bissau,2025,11,24.136666666666667,10.703333333333335,1.48,85.06666666666666,1011.6666666666666,0.03666666666666667
Guinea-Bissau,2025,12,20.335483870967742,15.770967741935483,0.15,61.32258064516129,1011.4193548387096,0.0
Guinea-Bissau,2026,1,20.153333333333332,13.733333333333333,0.0,66.3,1011.8666666666667,0.0
Guinea-Bissau,2026,2,21.216666666666665,12.366666666666667,0.0,79.83333333333333,1011.5,0.0
Guyana,2024,5,28.11764705882353,12.288235294117648,12.9,85.0,1013.7058823529412,5.647058823529412
Guyana,2024,6,27.67,8.556666666666667,17.35,85.8,1013.7,5.733333333333333
Guyana,2024,7,26.637931034482758,8.117241379310345,21.71,88.03448275862068,1014.4137931034483,6.0344827586206895
Guyana,2024,8,26.94193548387097,7.364516129032259,11.55,83.61290322580645,1014.1290322580645,6.290322580645161
Guyana,2024,9,26.02,8.32,4.43,90.96666666666667,1011.5666666666667,5.4
Guyana,2024,10,25.2,9.8,6.58,92.46666666666667,1010.1333333333333,0.4666666666666667
Guyana,2024,11,24.896551724137932,10.772413793103448,10.89,95.03448275862068,1008.9310344827586,0.017241379310344827
Guyana,2024,12,23.648387096774194,8.451612903225806,18.83,95.61290322580645,1010.9677419354839,0.06451612903225806
Guyana,2025,1,22.506666666666668,8.639999999999999,17.52,97.8,1011.9666666666667,0.03333333333333333
Guyana,2025,2,23.192857142857143,9.174999999999999,11.48,97.28571428571429,1011.4285714285714,0.0
Guyana,2025,3,23.461290322580645,8.906451612903227,8.88,96.6774193548387,1011.7741935483871,0.0
Guyana,2025,4,24.563333333333333,9.216666666666667,15.17,96.03333333333333,1011.0333333333333,0.0
Guyana,2025,5,24.358064516129033,8.025806451612903,29.51,98.45161290322581,1011.7096774193549,0.0
Guyana,2025,6,24.186666666666667,8.5,19.76,98.3,1012.5666666666667,0.0
Guyana,2025,7,23.693548387096776,7.45483870967742,19.37,99.03225806451613,1013.2903225806451,0.0
Guyana,2025,8,24.26451612903226,7.435483870967742,14.7,96.29032258064517,1012.3870967741935,0.0
Guyana,2025,9,24.313333333333333,9.603333333333333,3.4699999999999998,97.23333333333333,1011.5,0.0
Guyana,2025,10,23.970967741935485,11.100000000000001,3.51,97.03225806451613,1010.0967741935484,0.0
Guyana,2025,11,24.28666666666667,10.453333333333335,16.1,97.6,1009.9,0.0
Guyana,2025,12,23.83225806451613,9.283870967741937,18.61,97.80645161290323,1009.7741935483871,0.0
Guyana,2026,1,23.85,8.37,9.870000000000001,97.33333333333333,1011.0333333333333,0.0
Guyana,2026,2,23.683333333333334,8.466666666666667,0.30000000000000004,93.16666666666667,1012.6666666666666,0.0
Haiti,2024,5,28.823529411764707,15.129411764705882,2.57,70.6470588235294,1014.7058823529412,6.705882352941177
Haiti,2024,6,30.086666666666666,18.936666666666667,2.9899999999999998,69.83333333333333,1013.2666666666667,7.266666666666667
Haiti,2024,7,28.36551724137931,12.886206896551723,0.12,71.89655172413794,1016.2758620689655,7.068965517241379
Haiti,2024,8,28.070967741935487,9.674193548387096,0.0,74.51612903225806,1015.0,7.0
Haiti,2024,9,25.096666666666668,6.783333333333333,0.0,85.0,1012.4333333333333,4.4
Haiti,2024,10,21.34333333333333,5.78,0.0,91.73333333333333,1012.9,0.3
Haiti,2024,11,20.52758620689655,5.948275862068965,0.0,90.13793103448276,1011.8275862068965,0.0
Haiti,2024,12,19.183870967741935,6.632258064516129,0.0,93.06451612903226,1014.8064516129032,0.0
Haiti,2025,1,17.773333333333333,6.41,0.0,91.73333333333333,1016.5,0.0
Haiti,2025,2,17.053571428571427,7.471428571428571,0.0,88.35714285714286,1016.1785714285714,0.0
Haiti,2025,3,18.751612903225805,5.574193548387097,0.0,89.3225806451613,1015.0322580645161,0.0
Haiti,2025,4,19.603333333333335,6.72,0.0,91.73333333333333,1015.1,0.0
Haiti,2025,5,20.60666666666667,5.983333333333333,1.62,92.06666666666666,1015.1666666666666,0.0
Haiti,2025,6,20.61,6.703333333333333,0.0,91.06666666666666,1016.3666666666667,0.0
Haiti,2025,7,20.04516129032258,5.725806451612903,0.0,90.7741935483871,1016.3870967741935,0.0
Haiti,2025,8,21.04516129032258,4.903225806451613,3.49,90.83870967741936,1014.5483870967741,0.0
Haiti,2025,9,21.646666666666665,5.17,2.39,90.43333333333334,1013.2333333333333,0.0
Haiti,2025,10,21.87741935483871,5.761290322580645,1.7,88.70967741935483,1011.0645161290323,0.0
Haiti,2025,11,19.166666666666668,5.073333333333333,0.0,89.13333333333334,1014.2666666666667,0.0
Haiti,2025,12,18.780645161290323,4.738709677419355,0.0,85.54838709677419,1014.8709677419355,0.0
Haiti,2026,1,18.636666666666667,4.876666666666667,0.0,86.1,1015.2,0.0
Haiti,2026,2,19.233333333333334,6.233333333333333,0.0,86.83333333333333,1016.3333333333334,0.0
Honduras,2024,5,24.58823529411765,5.823529411764706,0.56,71.76470588235294,1018.8823529411765,6.0588235294117645
Honduras,2024,6,21.853333333333335,5.6866666666666665,12.129999999999999,86.93333333333334,1017.3333333333334,5.1
Honduras,2024,7,19.728571428571428,6.610714285714286,0.12000000000000001,91.57142857142857,1018.0714285714286,4.285714285714286
Honduras,2024,8,19.16774193548387,5.470967741935484,0.21000000000000002,93.48387096774194,1017.9354838709677,3.967741935483871
Honduras,2024,9,19.90666666666667,4.596666666666667,4.08,94.6,1016.0666666666667,2.6
Honduras,2024,10,16.773333333333333,5.819999999999999,1.38,96.16666666666667,1014.3666666666667,0.3
Honduras,2024,11,15.910344827586206,6.3999999999999995,4.37,95.62068965517241,1014.1034482758621,0.0
Honduras,2024,12,15.85483870967742,9.783870967741937,0.25,94.03225806451613,1017.5806451612904,0.0
Honduras,2025,1,17.153333333333332,8.256666666666666,0.13,90.1,1086.0666666666666,0.0
Honduras,2025,2,17.985714285714288,7.039285714285714,0.18,87.03571428571429,1019.0714285714286,0.0
Honduras,2025,3,19.36774193548387,5.841935483870968,0.12,80.2258064516129,1018.3870967741935,0.0
Honduras,2025,4,20.02,6.1,0.32,77.2,1019.7666666666667,0.0
Honduras,2025,5,21.23,4.88,0.72,81.76666666666667,1018.9,0.0
Honduras,2025,6,20.376666666666665,5.216666666666667,2.7800000000000002,89.2,1018.5666666666667,0.0
Honduras,2025,7,20.216129032258067,6.412903225806452,0.11,85.54838709677419,1019.741935483871,0.0
Honduras,2025,8,19.94516129032258,5.532258064516129,0.8500000000000001,86.09677419354838,1019.6774193548387,0.0
Honduras,2025,9,20.453333333333333,4.376666666666667,6.949999999999999,88.9,1018.9666666666667,0.0
Honduras,2025,10,19.683870967741935,4.738709677419355,11.57,93.80645161290323,1017.741935483871,0.0
Honduras,2025,11,18.233333333333334,7.21,0.97,90.96666666666667,1019.4,0.0
Honduras,2025,12,18.82903225806452,6.606451612903226,0.35000000000000003,87.83870967741936,1019.6451612903226,0.0
Honduras,2026,1,17.413793103448278,7.782758620689655,0.11,87.06896551724138,1020.551724137931,0.0
Honduras,2026,2,14.083333333333334,10.566666666666666,0.0,81.16666666666667,1025.0,0.0
Hungary,2024,5,23.294117647058822,15.205882352941176,2.77,50.76470588235294,1012.7647058823529,5.411764705882353
Hungary,2024,6,26.866666666666667,14.086666666666668,3.02,49.0,1013.0,6.266666666666667
Hungary,2024,7,31.279310344827586,14.296551724137931,2.09,35.0,1013.2068965517242,7.551724137931035
Hungary,2024,8,31.351612903225806,10.906451612903227,0.01,34.96774193548387,1013.4193548387096,7.967741935483871
Hungary,2024,9,21.946666666666665,15.146666666666668,4.72,55.36666666666667,1014.2666666666667,5.666666666666667
Hungary,2024,10,14.577419354838709,11.01290322580645,0.22,66.2258064516129,1020.741935483871,2.235483870967742
Hungary,2024,11,6.053333333333333,8.853333333333333,3.6899999999999995,70.83333333333333,1023.2666666666667,0.7766666666666667
Hungary,2024,12,4.77741935483871,9.361290322580645,0.46,74.25806451612904,1022.8064516129032,0.5774193548387097
Hungary,2025,1,4.135483870967741,11.01290322580645,0.57,78.35483870967742,1021.0322580645161,0.7935483870967742
Hungary,2025,2,2.8249999999999997,7.896428571428571,0.91,62.107142857142854,1028.0714285714287,1.2249999999999999
Hungary,2025,3,10.879999999999999,9.973333333333333,3.51,60.5,1016.4333333333333,1.9533333333333334
Hungary,2025,4,16.05,13.526666666666667,0.55,52.1,1016.6,3.35
Hungary,2025,5,16.25483870967742,11.893548387096773,2.57,58.58064516129032,1014.5806451612904,3.7451612903225806
Hungary,2025,6,25.183333333333334,13.503333333333334,0.0,44.43333333333333,1018.9666666666667,5.930000000000001
Hungary,2025,7,24.532258064516128,12.219354838709679,0.73,51.58064516129032,1012.7741935483871,4.541935483870968
Hungary,2025,8,23.696875,10.1,0.73,49.125,1016.03125,3.325
Hungary,2025,9,19.376470588235293,10.785294117647059,0.32,69.55882352941177,1018.2058823529412,2.0352941176470587
Hungary,2025,10,10.290322580645162,12.52258064516129,0.5499999999999999,73.3225806451613,1017.0645161290323,0.5838709677419355
Hungary,2025,11,5.22,8.453333333333333,6.27,90.9,1016.2,0.14
Hungary,2025,12,2.6575757575757577,8.309090909090909,0.0,91.48484848484848,1022.1818181818181,0.0
Hungary,2026,1,-2.826829268292683,7.373170731707317,1.75,90.7560975609756,1010.2926829268292,0.021951219512195124
Hungary,2026,2,2.05,8.9625,0.66,90.75,1005.625,0.0625
Iceland,2024,5,8.411764705882353,32.029411764705884,4.47,76.23529411764706,1010.3529411764706,2.235294117647059
Iceland,2024,6,9.466666666666667,29.290000000000003,2.34,77.86666666666666,1008.5333333333333,2.3
Iceland,2024,7,10.827586206896552,22.489655172413794,4.9799999999999995,90.13793103448276,1005.0344827586207,3.0
Iceland,2024,8,9.841935483870968,25.9741935483871,9.04,82.7741935483871,993.0322580645161,2.967741935483871
Iceland,2024,9,6.97,27.563333333333333,2.18,86.26666666666667,1012.9333333333333,2.3
Iceland,2024,10,4.52258064516129,24.39032258064516,2.55,83.51612903225806,1001.5483870967741,0.6129032258064516
Iceland,2024,11,3.216666666666667,32.53666666666667,7.65,76.56666666666666,1008.7,0.03333333333333333
Iceland,2024,12,1.8806451612903226,36.83870967741935,4.35,77.61290322580645,1002.6774193548387,0.0
Iceland,2025,1,1.7451612903225806,28.92258064516129,12.54,82.0,1002.0,0.03225806451612903
Iceland,2025,2,4.275,46.19285714285714,10.28,84.92857142857143,996.1071428571429,0.03214285714285715
Iceland,2025,3,3.4516129032258065,21.81935483870968,11.2,84.45161290322581,1004.2258064516129,0.12258064516129033
Iceland,2025,4,5.066666666666666,21.053333333333335,0.97,76.13333333333334,1013.3666666666667,0.48666666666666664
Iceland,2025,5,8.235483870967743,15.896774193548387,3.26,78.87096774193549,1012.1290322580645,0.8741935483870968
Iceland,2025,6,8.066666666666666,20.30666666666667,2.35,82.6,1001.8666666666667,0.9266666666666666
Iceland,2025,7,11.548387096774194,20.229032258064517,5.78,89.09677419354838,1006.3225806451613,0.7419354838709677
Iceland,2025,8,11.54516129032258,17.82903225806452,4.4399999999999995,85.45161290322581,1005.516129032258,0.3387096774193548
Iceland,2025,9,8.303448275862069,21.317241379310342,5.57,78.65517241379311,1000.1379310344828,0.027586206896551727
Iceland,2025,10,5.006451612903225,17.03548387096774,7.09,82.25806451612904,1005.2903225806451,0.0
Iceland,2025,11,1.7733333333333332,14.53,2.05,73.63333333333334,1006.8,0.0
Iceland,2025,12,4.129032258064516,25.83225806451613,6.3100000000000005,74.74193548387096,999.1935483870968,0.0
Iceland,2026,1,1.11,20.313333333333333,0.5700000000000001,68.36666666666666,1004.5,0.0
Iceland,2026,2,2.4833333333333334,17.316666666666666,0.05,58.0,1004.1666666666666,0.0
Inde,2024,7,31.2,6.8,0.0,71.0,996.0,9.0
India,2024,5,39.588235294117645,10.28235294117647,0.0,20.764705882352942,999.5294117647059,1.5294117647058822
India,2024,6,38.199999999999996,14.055172413793104,2.83,32.37931034482759,998.0689655172414,2.0
India,2024,7,34.528571428571425,9.960714285714285,7.0,60.42857142857143,995.6785714285714,8.392857142857142
India,2024,8,32.04193548387097,11.493548387096775,6.34,68.64516129032258,1000.5806451612904,7.161290322580645
India,2024,9,31.013333333333332,9.166666666666666,2.78,71.26666666666667,1003.8333333333334,7.2
India,2024,10,34.71612903225807,9.264516129032257,0.0,29.70967741935484,1008.9354838709677,4.409677419354838
India,2024,11,28.95,7.010000000000001,0.0,31.566666666666666,1013.7,2.5566666666666666
India,2024,12,21.88064516129032,9.05483870967742,0.1,31.64516129032258,1015.1290322580645,0.4225806451612903
India,2025,1,20.73225806451613,9.729032258064517,0.03,47.774193548387096,1015.1612903225806,0.9129032258064517
India,2025,2,25.099999999999998,11.910714285714286,0.0,33.607142857142854,1014.0714285714286,1.3214285714285714
India,2025,3,30.783870967741933,12.5,0.0,23.06451612903226,1011.1290322580645,3.138709677419355
India,2025,4,37.519999999999996,7.233333333333333,0.83,18.366666666666667,1006.8666666666667,5.716666666666667
India,2025,5,35.99354838709677,11.6,0.44999999999999996,38.354838709677416,1003.1935483870968,5.696774193548387
India,2025,6,36.38666666666666,9.166666666666666,0.77,45.86666666666667,1000.3666666666667,5.196666666666667
India,2025,7,33.91935483870968,12.51290322580645,4.63,58.67741935483871,998.8709677419355,4.348387096774194
India,2025,8,31.77741935483871,13.04516129032258,9.68,69.83870967741936,1003.6774193548387,6.367741935483871
India,2025,9,32.78666666666667,15.083333333333334,3.27,58.333333333333336,1006.3,7.0
India,2025,10,29.670967741935485,7.141935483870968,0.56,50.064516129032256,1012.3548387096774,5.306451612903226
India,2025,11,25.13,9.673333333333334,0.0,37.233333333333334,1016.4333333333333,4.263333333333334
India,2025,12,19.041935483870965,9.44516129032258,0.0,57.354838709677416,1018.3225806451613,3.9096774193548387
India,2026,1,15.726666666666667,8.576666666666666,1.31,62.96666666666667,1020.1666666666666,4.1066666666666665
India,2026,2,18.150000000000002,10.983333333333334,0.2,63.666666666666664,1021.8333333333334,4.8
Indonesia,2024,5,25.258823529411764,8.6,8.709999999999999,85.20588235294117,1010.6470588235294,1.3823529411764706
Indonesia,2024,6,24.57377049180328,7.362295081967213,16.86,85.08196721311475,1011.8524590163935,1.0
Indonesia,2024,7,24.74655172413793,9.087931034482759,5.6000000000000005,80.98275862068965,1011.3103448275862,1.0
Indonesia,2024,8,25.051612903225806,8.369354838709677,7.74,78.43548387096774,1011.483870967742,1.0
Indonesia,2024,9,26.718333333333337,11.063333333333333,10.61,75.16666666666667,1009.6666666666666,3.95
Indonesia,2024,10,30.27258064516129,14.317741935483872,11.49,62.693548387096776,1008.5,3.1806451612903226
Indonesia,2024,11,29.925,10.306666666666667,33.39,68.1,1006.85,2.04
Indonesia,2024,12,27.15,11.758064516129032,50.25,79.51612903225806,1006.8870967741935,0.27580645161290324
Indonesia,2025,1,26.87741935483871,11.01774193548387,81.46000000000001,83.30645161290323,1007.2258064516129,0.5645161290322581
Indonesia,2025,2,27.657142857142855,10.007142857142856,43.65,80.60714285714286,1007.9642857142857,0.26071428571428573
Indonesia,2025,3,29.05806451612903,11.235483870967743,37.55,74.87096774193549,1006.7258064516129,1.2725806451612904
Indonesia,2025,4,28.84333333333333,10.205,44.19,75.68333333333334,1007.65,1.2533333333333334
Indonesia,2025,5,29.366129032258065,9.790322580645162,49.02,75.48387096774194,1007.1129032258065,1.6161290322580646
Indonesia,2025,6,28.413333333333334,10.29,25.86,76.21666666666667,1009.0166666666667,1.4549999999999998
Indonesia,2025,7,28.433870967741935,10.738709677419354,7.41,71.96774193548387,1008.6612903225806,2.2112903225806453
Indonesia,2025,8,28.774193548387096,12.01290322580645,11.56,68.46774193548387,1009.3064516129032,2.5903225806451613
Indonesia,2025,9,29.396666666666665,12.135,11.87,67.66666666666667,1008.9,4.041666666666667
Indonesia,2025,10,30.516129032258064,11.296774193548387,20.98,66.1774193548387,1007.8387096774194,5.02741935483871
Indonesia,2025,11,29.26833333333333,12.578333333333335,45.19,73.75,1007.4833333333333,5.285
Indonesia,2025,12,29.719354838709677,12.05,34.45,71.95161290322581,1006.9032258064516,6.122580645161291
Indonesia,2026,1,28.236666666666668,11.438333333333333,45.12,76.55,1008.7333333333333,5.983333333333333
Indonesia,2026,2,28.34166666666667,11.708333333333334,8.81,75.33333333333333,1009.6666666666666,8.15
Iran,2024,5,24.102941176470587,18.5,1.52,29.058823529411764,1012.6764705882352,6.0
Iran,2024,6,30.77457627118644,17.34237288135593,0.05,19.23728813559322,1008.5254237288135,7.372881355932203
Iran,2024,7,34.136842105263156,17.191228070175438,0.0,15.0,1002.7719298245614,8.140350877192983
Iran,2024,8,34.5758064516129,16.580645161290324,0.0,13.5,1005.4032258064516,8.306451612903226
Iran,2024,9,28.075,15.988333333333333,0.59,19.2,1011.8166666666667,6.833333333333333
Iran,2024,10,19.643548387096775,14.608064516129033,0.34,24.43548387096774,1016.2903225806451,4.637096774193548
Iran,2024,11,12.201666666666666,10.68,4.39,42.766666666666666,1019.45,2.8866666666666663
Iran,2024,12,6.408064516129032,7.925806451612903,1.32,40.58064516129032,1020.4354838709677,1.3919354838709677
Iran,2025,1,5.975806451612903,7.16774193548387,0.94,41.20967741935484,1021.983870967742,1.7096774193548387
Iran,2025,2,3.435714285714286,10.564285714285715,1.6500000000000001,43.80357142857143,1053.0535714285713,2.8267857142857147
Iran,2025,3,12.690322580645162,11.858064516129033,10.48,36.17741935483871,1018.3709677419355,4.625806451612903
Iran,2025,4,19.988333333333333,19.501666666666665,1.85,26.35,1014.95,7.833333333333333
Iran,2025,5,25.996774193548386,16.398387096774194,0.44,19.70967741935484,1012.7741935483871,10.443548387096774
Iran,2025,6,28.134999999999998,14.573333333333332,0.16,16.483333333333334,1008.9333333333333,11.6
Iran,2025,7,32.42903225806452,12.193548387096774,0.03,15.14516129032258,1007.3064516129032,11.401612903225805
Iran,2025,8,32.67903225806452,12.233870967741936,0.0,13.935483870967742,1010.8225806451613,10.296774193548387
Iran,2025,9,25.89333333333333,10.918333333333333,0.030000000000000002,18.333333333333332,1013.4166666666666,7.968333333333334
Iran,2025,10,21.643548387096775,12.438709677419356,0.0,19.112903225806452,1017.6290322580645,5.29516129032258
Iran,2025,11,13.455,5.886666666666667,1.31,26.766666666666666,1024.3166666666666,2.8433333333333333
Iran,2025,12,5.818181818181818,7.2272727272727275,5.09,55.29090909090909,1020.6181818181818,1.5854545454545454
Iran,2026,1,1.221153846153846,5.790384615384616,4.26,59.86538461538461,1022.5769230769231,1.9442307692307692
Iran,2026,2,6.2700000000000005,6.659999999999999,0.38,67.0,1019.4,2.2399999999999998
Iraq,2024,5,37.71176470588235,14.629411764705882,0.0,15.352941176470589,1006.2941176470588,8.176470588235293
Iraq,2024,6,44.62,18.506666666666668,0.0,9.033333333333333,999.2666666666667,10.366666666666667
Iraq,2024,7,44.800000000000004,22.3,0.0,10.862068965517242,996.1379310344828,10.517241379310345
Iraq,2024,8,44.751612903225805,18.31935483870968,0.0,11.419354838709678,999.258064516129,10.548387096774194
Iraq,2024,9,39.81333333333334,19.44,0.0,17.166666666666668,1005.3333333333334,9.5
Iraq,2024,10,31.116129032258065,14.167741935483871,0.0,17.870967741935484,1013.0645161290323,5.974193548387096
Iraq,2024,11,23.403333333333332,15.586666666666668,0.0,39.266666666666666,1018.0333333333333,3.3066666666666666
Iraq,2024,12,18.212903225806453,15.770967741935483,0.13,33.096774193548384,1020.1935483870968,2.2838709677419353
Iraq,2025,1,16.467741935483872,15.051612903225807,0.63,44.54838709677419,1021.4516129032259,2.5548387096774197
Iraq,2025,2,15.335714285714285,13.910714285714286,0.36,38.785714285714285,1019.1071428571429,3.192857142857143
Iraq,2025,3,22.31935483870968,17.251612903225805,0.48000000000000004,41.16129032258065,1017.0,5.348387096774194
Iraq,2025,4,28.68,17.89,0.14,28.233333333333334,1011.6333333333333,7.66
Iraq,2025,5,35.645161290322584,22.061290322580643,0.0,18.774193548387096,1007.4193548387096,9.174193548387096
Iraq,2025,6,39.78333333333333,21.59,0.0,13.5,1002.8,10.613333333333333
Iraq,2025,7,41.012903225806454,22.10967741935484,0.0,17.032258064516128,998.8709677419355,9.94516129032258
Iraq,2025,8,41.0516129032258,24.858064516129033,0.0,16.387096774193548,1002.0322580645161,9.106451612903227
Iraq,2025,9,35.3,16.21,0.0,18.833333333333332,1007.3,6.6899999999999995
Iraq,2025,10,28.719354838709677,15.364516129032259,0.0,28.580645161290324,1014.0645161290323,4.267741935483872
Iraq,2025,11,20.040000000000003,15.253333333333332,0.04,41.13333333333333,1020.4666666666667,2.413333333333333
Iraq,2025,12,12.709677419354838,15.738709677419354,2.9699999999999998,72.87096774193549,1018.6451612903226,1.332258064516129
Iraq,2026,1,9.28,17.7,0.0,66.6,1022.0333333333333,1.6133333333333333
Iraq,2026,2,14.083333333333334,18.416666666666668,0.31,57.0,1018.6666666666666,2.0333333333333337
Ireland,2024,5,15.882352941176471,17.776470588235295,3.33,70.6470588235294,1012.8235294117648,3.823529411764706
Ireland,2024,6,16.148275862068967,19.25172413793103,3.3200000000000003,64.82758620689656,1013.6551724137931,3.793103448275862
Ireland,2024,7,17.44137931034483,16.8,4.59,68.41379310344827,1012.8965517241379,4.206896551724138
Ireland,2024,8,18.238709677419354,19.358064516129033,2.0,64.83870967741936,1010.0,4.451612903225806
Ireland,2024,9,14.616666666666667,18.77,3.23,78.7,1015.6,3.9
Ireland,2024,10,11.44516129032258,15.361290322580645,1.84,83.09677419354838,1010.9677419354839,1.0870967741935484
Ireland,2024,11,8.003333333333334,14.253333333333334,6.53,88.9,1017.7333333333333,0.16333333333333336
Ireland,2024,12,7.464516129032258,20.403225806451612,1.8599999999999999,83.87096774193549,1021.2258064516129,0.14193548387096774
Ireland,2025,1,4.516129032258065,15.187096774193549,9.41,87.74193548387096,1009.6129032258065,0.2
Ireland,2025,2,6.989285714285714,20.62142857142857,3.2399999999999998,82.78571428571429,1016.75,0.35000000000000003
Ireland,2025,3,8.574193548387097,13.058064516129033,0.4,79.03225806451613,1016.7741935483871,0.8
Ireland,2025,4,10.983333333333333,12.366666666666667,5.75,77.46666666666667,1016.1333333333333,1.1066666666666667
Ireland,2025,5,13.464516129032257,13.238709677419354,1.09,73.58064516129032,1018.741935483871,1.935483870967742
Ireland,2025,6,15.203333333333335,14.84,8.379999999999999,78.3,1013.2333333333333,1.9466666666666665
Ireland,2025,7,16.273333333333333,12.29,1.38,82.03333333333333,1015.1666666666666,1.4933333333333332
Ireland,2025,8,15.935483870967742,14.13225806451613,0.34,83.25806451612904,1014.2903225806451,0.9774193548387097
Ireland,2025,9,11.583333333333334,14.813333333333333,4.54,89.13333333333334,1010.5333333333333,0.35666666666666663
Ireland,2025,10,10.206451612903225,16.280645161290323,4.46,86.41935483870968,1012.3548387096774,0.041935483870967745
Ireland,2025,11,7.63,17.573333333333334,13.16,90.6,1006.0333333333333,0.0
Ireland,2025,12,7.551612903225807,18.56451612903226,4.53,83.0,1009.1935483870968,0.0
Ireland,2026,1,4.536666666666666,18.029999999999998,5.71,89.13333333333334,998.3333333333334,0.0
Ireland,2026,2,6.3,23.166666666666668,1.39,91.16666666666667,988.8333333333334,0.0
Israel,2024,5,27.176470588235293,18.258823529411764,0.0,48.23529411764706,1012.4705882352941,6.352941176470588
Israel,2024,6,31.16,20.16,0.0,46.8,1006.7666666666667,7.533333333333333
Israel,2024,7,31.785714285714285,25.032142857142855,0.0,40.25,1005.0,7.678571428571429
Israel,2024,8,30.461290322580645,25.15806451612903,0.0,33.903225806451616,1007.2903225806451,7.67741935483871
Israel,2024,9,30.116666666666667,21.933333333333334,0.01,45.333333333333336,1010.2333333333333,7.0
Israel,2024,10,24.719354838709677,11.067741935483872,0.01,37.354838709677416,1014.1290322580645,5.745161290322581
Israel,2024,11,17.35666666666667,12.506666666666666,0.26,48.86666666666667,1018.1666666666666,3.433333333333333
Israel,2024,12,14.438709677419356,12.3,0.8800000000000001,42.87096774193548,1019.2258064516129,2.8677419354838714
Israel,2025,1,18.664516129032258,8.993548387096775,0.21,47.32258064516129,1020.1612903225806,3.325806451612903
Israel,2025,2,16.310714285714287,16.37142857142857,3.12,52.92857142857143,1018.75,4.0964285714285715
Israel,2025,3,22.625806451612902,12.899999999999999,0.94,41.74193548387097,1016.2258064516129,5.980645161290322
Israel,2025,4,24.553333333333335,19.066666666666666,0.15,39.333333333333336,1012.9666666666667,7.636666666666667
Israel,2025,5,27.01290322580645,13.97741935483871,0.36,44.70967741935484,1012.3548387096774,9.04516129032258
Israel,2025,6,29.376666666666665,10.873333333333333,0.0,52.7,1009.4,10.156666666666666
Israel,2025,7,32.00645161290323,14.961290322580645,0.0,49.54838709677419,1006.741935483871,9.506451612903225
Israel,2025,8,31.54516129032258,11.906451612903227,0.0,52.41935483870968,1008.4516129032259,8.338709677419354
Israel,2025,9,29.376666666666665,10.016666666666667,0.01,54.46666666666667,1011.2,6.3966666666666665
Israel,2025,10,26.138709677419353,7.932258064516129,0.08,53.12903225806452,1015.6774193548387,3.6903225806451614
Israel,2025,11,23.71333333333333,10.379999999999999,0.31,53.13333333333333,1017.1,1.87
Israel,2025,12,15.816129032258065,11.316129032258065,1.24,68.03225806451613,1016.741935483871,1.1548387096774193
Israel,2026,1,13.963333333333333,14.376666666666667,1.47,65.83333333333333,1018.5666666666667,1.1633333333333333
Israel,2026,2,15.799999999999999,14.633333333333333,0.22,64.0,1015.5,1.6833333333333333
Italy,2024,5,24.0,16.241176470588236,0.01,53.1764705882353,1012.2352941176471,6.176470588235294
Italy,2024,6,29.32,17.456666666666663,0.65,39.266666666666666,1013.5666666666667,7.166666666666667
Italy,2024,7,34.38214285714286,16.07857142857143,0.06,33.392857142857146,1012.1785714285714,8.428571428571429
Italy,2024,8,34.71935483870968,13.729032258064517,0.08,34.70967741935484,1011.7741935483871,8.451612903225806
Italy,2024,9,25.490000000000002,10.666666666666666,3.83,56.43333333333333,1012.8,6.466666666666667
Italy,2024,10,21.019354838709678,9.364516129032259,4.16,72.51612903225806,1018.1935483870968,2.8193548387096774
Italy,2024,11,13.916666666666666,8.986666666666668,0.4,74.76666666666667,1020.7666666666667,1.0033333333333334
Italy,2024,12,10.30967741935484,10.316129032258065,3.07,69.70967741935483,1019.9677419354839,1.0806451612903225
Italy,2025,1,12.12258064516129,13.187096774193549,2.45,74.45161290322581,1019.6129032258065,1.1870967741935483
Italy,2025,2,11.396428571428572,7.596428571428571,1.3900000000000001,76.78571428571429,1022.3928571428571,1.7
Italy,2025,3,13.738709677419356,9.661290322580646,2.12,72.93548387096774,1015.0967741935484,2.2548387096774194
Italy,2025,4,17.06,9.033333333333333,1.62,68.93333333333334,1015.2333333333333,3.3
Italy,2025,5,20.47741935483871,9.16451612903226,2.51,64.09677419354838,1014.5483870967741,4.335483870967742
Italy,2025,6,28.703333333333333,8.623333333333333,0.2,46.333333333333336,1017.5333333333333,5.826666666666667
Italy,2025,7,28.55483870967742,10.85483870967742,0.92,49.096774193548384,1012.741935483871,4.835483870967742
Italy,2025,8,27.241935483870968,8.135483870967743,3.4,56.70967741935484,1013.8064516129032,3.3225806451612905
Italy,2025,9,22.246666666666666,8.45,6.58,71.66666666666667,1017.0333333333333,1.7666666666666666
Italy,2025,10,15.851612903225806,9.5,1.13,73.29032258064517,1016.1935483870968,0.6838709677419355
Italy,2025,11,10.533333333333333,8.776666666666667,4.83,86.03333333333333,1014.3,0.22666666666666666
Italy,2025,12,7.009677419354838,8.112903225806452,1.23,88.25806451612904,1017.5483870967741,0.0
Italy,2026,1,7.113333333333333,9.01,8.42,88.8,1008.6333333333333,0.02666666666666667
Italy,2026,2,9.083333333333334,11.016666666666666,0.2,84.5,1000.6666666666666,0.10000000000000002
Jamaica,2024,5,30.21764705882353,11.729411764705883,0.28,67.76470588235294,1013.7058823529412,6.882352941176471
Jamaica,2024,6,30.323333333333334,19.236666666666668,4.02,70.63333333333334,1012.6666666666666,7.0
Jamaica,2024,7,28.43793103448276,10.803448275862069,0.08,76.6896551724138,1014.0689655172414,6.620689655172414
Jamaica,2024,8,28.241935483870968,8.458064516129031,0.1,78.2258064516129,1013.5806451612904,6.806451612903226
Jamaica,2024,9,28.826666666666664,8.703333333333335,0.02,79.5,1010.3,4.233333333333333
Jamaica,2024,10,27.25,5.1466666666666665,28.74,86.46666666666667,1010.6666666666666,0.3
Jamaica,2024,11,26.348275862068967,6.362068965517241,51.78,85.58620689655173,1009.2758620689655,0.0
Jamaica,2024,12,25.55806451612903,6.758064516129032,0.0,86.80645161290323,1013.0,0.0
Jamaica,2025,1,25.05666666666667,6.846666666666667,0.0,80.03333333333333,1014.4666666666667,0.0
Jamaica,2025,2,25.103571428571428,6.389285714285714,0.0,75.71428571428571,1014.1428571428571,0.0
Jamaica,2025,3,25.24516129032258,6.138709677419355,0.0,74.74193548387096,1013.3225806451613,0.0
Jamaica,2025,4,25.946666666666665,6.843333333333334,2.49,73.56666666666666,1012.9666666666667,0.0
Jamaica,2025,5,26.60666666666667,6.016666666666667,0.0,79.53333333333333,1013.0333333333333,0.0
Jamaica,2025,6,27.490000000000002,6.78,0.0,74.73333333333333,1014.1666666666666,0.0
Jamaica,2025,7,27.52258064516129,5.964516129032258,0.0,76.74193548387096,1014.5483870967741,0.0
Jamaica,2025,8,27.980645161290322,4.941935483870967,0.0,78.51612903225806,1013.8709677419355,0.0
Jamaica,2025,9,27.826666666666664,4.226666666666667,0.0,79.1,1012.0666666666667,0.0
Jamaica,2025,10,27.335483870967742,5.941935483870967,16.8,80.90322580645162,1009.258064516129,0.0
Jamaica,2025,11,26.216666666666665,5.45,0.0,78.13333333333334,1013.0333333333333,0.0
Jamaica,2025,12,25.82903225806452,5.370967741935484,0.67,75.45161290322581,1013.6451612903226,0.0
Jamaica,2026,1,25.253333333333334,5.466666666666667,0.0,79.16666666666667,1014.1666666666666,0.0
Jamaica,2026,2,23.55,8.1,0.0,72.66666666666667,1016.3333333333334,0.0
Japan,2024,5,20.523529411764706,16.27058823529412,5.300000000000001,73.52941176470588,1011.1176470588235,1.2941176470588236
Japan,2024,6,22.673333333333336,15.376666666666667,1.27,78.2,1009.3333333333334,1.0
Japan,2024,7,27.844827586206897,14.137931034482758,4.74,79.37931034482759,1007.8965517241379,1.0
Japan,2024,8,28.88064516129032,18.770967741935483,5.49,76.7741935483871,1007.8064516129032,1.0
Japan,2024,9,27.053333333333335,18.77,3.0500000000000003,79.9,1013.0333333333333,1.0
Japan,2024,10,22.38064516129032,18.338709677419356,3.06,75.61290322580645,1017.8387096774194,0.2903225806451613
Japan,2024,11,15.986666666666668,14.526666666666667,12.61,55.53333333333333,1017.5666666666667,0.03333333333333333
Japan,2024,12,10.429032258064517,15.748387096774193,0.06999999999999999,49.064516129032256,1013.258064516129,0.0
Japan,2025,1,8.570967741935483,13.661290322580646,3.3099999999999996,52.83870967741935,1015.1612903225806,0.03225806451612903
Japan,2025,2,8.214285714285714,19.135714285714283,0.67,44.82142857142857,1013.1785714285714,0.0
Japan,2025,3,11.983870967741936,17.4,5.43,68.35483870967742,1013.9354838709677,0.0
Japan,2025,4,18.273333333333333,22.386666666666667,2.2800000000000002,58.06666666666667,1009.0,0.09000000000000001
Japan,2025,5,20.858064516129033,20.970967741935485,16.81,64.61290322580645,1010.0967741935484,0.20967741935483872
Japan,2025,6,27.066666666666666,20.753333333333334,3.91,67.5,1007.7333333333333,0.4
Japan,2025,7,30.27741935483871,26.051612903225806,1.43,66.35483870967742,1009.0,0.6483870967741936
Japan,2025,8,32.596774193548384,22.190322580645162,1.3599999999999999,60.516129032258064,1007.5806451612904,0.45161290322580644
Japan,2025,9,29.293333333333333,19.13,10.93,61.766666666666666,1011.5,0.33666666666666667
Japan,2025,10,20.65806451612903,17.6,2.1,67.96774193548387,1017.741935483871,0.2032258064516129
Japan,2025,11,16.09,12.47,0.9600000000000001,49.06666666666667,1016.0333333333333,0.14
Japan,2025,12,11.922580645161291,11.312903225806451,0.02,46.54838709677419,1015.4193548387096,0.05483870967741936
Japan,2026,1,9.78,13.479999999999999,0.04,30.766666666666666,1010.7666666666667,0.14
Japan,2026,2,12.0,4.683333333333334,0.0,27.333333333333332,1013.8333333333334,0.3
Jemen,2024,7,26.1,14.8,0.2,34.0,1007.0,6.0
Jordan,2024,5,27.647058823529413,22.78235294117647,0.01,30.0,1015.7647058823529,6.470588235294118
Jordan,2024,6,34.78333333333333,20.596666666666668,0.0,20.866666666666667,1010.4666666666667,8.066666666666666
Jordan,2024,7,32.824137931034485,22.78620689655172,0.0,27.103448275862068,1007.2413793103449,7.896551724137931
Jordan,2024,8,32.248387096774195,19.961290322580645,0.0,30.612903225806452,1009.6451612903226,7.903225806451613
Jordan,2024,9,29.253333333333334,19.466666666666665,0.030000000000000002,35.7,1014.5666666666667,7.3
Jordan,2024,10,24.32903225806452,13.516129032258064,0.02,35.935483870967744,1017.9354838709677,5.835483870967742
Jordan,2024,11,18.0,15.016666666666667,0.36,49.96666666666667,1019.8,3.4733333333333336
Jordan,2024,12,14.890322580645162,15.038709677419355,0.47,40.87096774193548,1022.2258064516129,2.903225806451613
Jordan,2025,1,13.893548387096773,14.077419354838709,0.06,48.225806451612904,1022.5806451612904,3.358064516129032
Jordan,2025,2,10.807142857142859,17.928571428571427,2.0100000000000002,53.464285714285715,1019.2857142857143,4.182142857142857
Jordan,2025,3,17.625806451612902,15.496774193548386,0.85,42.193548387096776,1018.9677419354839,5.97741935483871
Jordan,2025,4,21.776666666666664,21.48,0.07,30.833333333333332,1015.7333333333333,7.8
Jordan,2025,5,25.780645161290323,16.896774193548385,0.02,24.93548387096774,1015.6129032258065,9.364516129032259
Jordan,2025,6,29.273333333333333,17.06,0.0,22.166666666666668,1013.2333333333333,10.776666666666667
Jordan,2025,7,30.42258064516129,21.538709677419355,0.0,24.741935483870968,1011.3548387096774,9.896774193548387
Jordan,2025,8,29.919354838709676,17.05806451612903,0.0,40.0,1013.1290322580645,8.567741935483872
Jordan,2025,9,26.11,15.51,0.0,39.733333333333334,1015.5333333333333,6.696666666666667
Jordan,2025,10,22.041935483870965,11.429032258064517,0.04,48.806451612903224,1019.6129032258065,4.0
Jordan,2025,11,17.6,16.92,0.23,42.733333333333334,1022.3333333333334,2.13
Jordan,2025,12,10.432258064516128,15.658064516129032,3.18,72.64516129032258,1018.6451612903226,1.164516129032258
Jordan,2026,1,8.336666666666666,17.34333333333333,3.87,67.43333333333334,1020.3,1.22
Jordan,2026,2,12.0,14.35,0.14,59.333333333333336,1017.5,1.8166666666666667
Kazakhstan,2024,5,14.0,22.858823529411765,1.8,65.17647058823529,1013.9411764705883,3.8823529411764706
Kazakhstan,2024,6,24.489655172413794,15.23448275862069,3.34,48.55172413793103,1008.5862068965517,6.137931034482759
Kazakhstan,2024,7,24.451724137931034,17.410344827586208,5.21,50.275862068965516,1004.5172413793103,5.896551724137931
Kazakhstan,2024,8,22.154838709677417,16.690322580645162,4.69,51.806451612903224,1007.5483870967741,5.483870967741935
Kazakhstan,2024,9,15.426666666666668,18.63,0.88,50.93333333333333,1022.2,4.333333333333333
Kazakhstan,2024,10,9.661290322580646,19.516129032258064,2.45,55.16129032258065,1020.0967741935484,1.8806451612903226
Kazakhstan,2024,11,-2.0833333333333335,19.48,1.54,79.7,1021.0333333333333,0.74
Kazakhstan,2024,12,-9.374193548387098,16.948387096774194,0.84,85.64516129032258,1027.0967741935483,0.2064516129032258
Kazakhstan,2025,1,-9.187096774193549,18.493548387096773,1.06,80.35483870967742,1023.6451612903226,0.3225806451612903
Kazakhstan,2025,2,-6.992857142857143,15.682142857142859,0.26,82.28571428571429,1027.75,0.7928571428571428
Kazakhstan,2025,3,-0.3419354838709677,17.903225806451612,1.11,68.12903225806451,1022.3870967741935,2.235483870967742
Kazakhstan,2025,4,15.896666666666667,23.266666666666666,1.12,43.733333333333334,1015.1333333333333,3.25
Kazakhstan,2025,5,22.14516129032258,20.33225806451613,2.46,39.225806451612904,1014.4516129032259,4.403225806451613
Kazakhstan,2025,6,24.85,17.416666666666668,2.67,46.56666666666667,1008.2666666666667,5.043333333333334
Kazakhstan,2025,7,26.322580645161292,16.812903225806455,1.5899999999999999,38.25806451612903,1006.483870967742,5.47741935483871
Kazakhstan,2025,8,22.55483870967742,18.270967741935483,3.27,47.03225806451613,1010.7741935483871,4.45483870967742
Kazakhstan,2025,9,17.36,18.32,3.6300000000000003,52.4,1016.4666666666667,3.05
Kazakhstan,2025,10,7.551612903225807,17.01290322580645,0.12,47.064516129032256,1025.7096774193549,1.7741935483870968
Kazakhstan,2025,11,1.0433333333333334,19.126666666666665,2.3,78.66666666666667,1023.8333333333334,0.8
Kazakhstan,2025,12,-7.580645161290323,18.85483870967742,1.17,84.0,1019.9677419354839,0.6161290322580645
Kazakhstan,2026,1,-14.620000000000001,13.933333333333334,0.26,78.8,1027.8333333333333,0.84
Kazakhstan,2026,2,-9.633333333333333,13.700000000000001,1.1400000000000001,81.33333333333333,1018.3333333333334,1.0833333333333333
Kenya,2024,5,23.711764705882356,12.641176470588235,9.44,58.8235294117647,1021.0588235294117,5.470588235294118
Kenya,2024,6,22.532258064516128,12.651612903225805,7.43,55.67741935483871,1021.0,6.0
Kenya,2024,7,22.26551724137931,10.96896551724138,9.11,53.89655172413793,1019.551724137931,6.0344827586206895
Kenya,2024,8,22.812903225806455,11.935483870967742,0.36,48.16129032258065,1019.3225806451613,6.935483870967742
Kenya,2024,9,24.63,10.496666666666666,0.38,40.96666666666667,1021.5666666666667,7.2
Kenya,2024,10,23.92258064516129,12.95483870967742,4.6,46.61290322580645,1021.483870967742,11.351612903225806
Kenya,2024,11,22.353333333333335,14.99,7.3100000000000005,60.2,1022.7333333333333,11.18
Kenya,2024,12,24.309677419354838,16.677419354838708,0.98,46.70967741935484,1019.0645161290323,12.16451612903226
Kenya,2025,1,25.04516129032258,15.429032258064517,4.03,41.12903225806452,1021.3548387096774,12.35483870967742
Kenya,2025,2,25.335714285714285,19.04642857142857,0.05,38.607142857142854,1021.4642857142857,14.053571428571429
Kenya,2025,3,24.248387096774195,15.796774193548387,3.8600000000000003,51.38709677419355,1021.9677419354839,14.13225806451613
Kenya,2025,4,22.25,10.873333333333333,5.2700000000000005,62.43333333333333,1023.2,12.046666666666665
Kenya,2025,5,21.725806451612904,9.603225806451613,6.88,61.38709677419355,1025.1290322580646,10.76774193548387
Kenya,2025,6,20.143333333333334,9.283333333333333,1.1600000000000001,64.73333333333333,1025.4,8.96
Kenya,2025,7,18.17096774193548,8.206451612903226,0.49,73.74193548387096,1026.3870967741937,8.17741935483871
Kenya,2025,8,18.335483870967742,8.851612903225806,2.15,68.35483870967742,1024.6129032258063,8.893548387096773
Kenya,2025,9,19.846666666666668,9.3,0.13,64.66666666666667,1025.3333333333333,9.976666666666667
Kenya,2025,10,20.45483870967742,10.55483870967742,3.66,65.48387096774194,1023.6451612903226,8.816129032258065
Kenya,2025,11,20.353333333333335,16.3,0.32,65.06666666666666,1023.4666666666667,7.9766666666666675
Kenya,2025,12,19.77741935483871,15.548387096774194,1.4100000000000001,70.6774193548387,1023.8064516129032,7.296774193548386
Kenya,2026,1,20.733333333333334,18.94,0.02,55.233333333333334,1023.4,7.626666666666667
Kenya,2026,2,20.566666666666666,17.7,0.0,62.166666666666664,1024.6666666666667,7.3999999999999995
Kiribati,2024,5,29.0875,21.04375,1.22,74.3125,1007.8125,1.0
Kiribati,2024,6,28.862068965517242,17.337931034482757,0.47000000000000003,71.20689655172414,1009.0,1.0
Kiribati,2024,7,28.585714285714285,16.678571428571427,2.94,72.5,1008.8214285714286,1.0
Kiribati,2024,8,28.683870967741935,18.893548387096775,1.8900000000000001,72.38709677419355,1009.8387096774194,1.0
Kiribati,2024,9,28.306451612903224,18.351612903225806,2.16,71.7741935483871,1010.0,1.0
Kiribati,2024,10,28.05806451612903,20.780645161290323,0.32,73.41935483870968,1011.1612903225806,0.39354838709677414
Kiribati,2024,11,27.903333333333332,19.676666666666666,1.58,72.2,1010.6,0.03333333333333333
Kiribati,2024,12,27.874193548387098,25.283870967741933,2.01,77.38709677419355,1009.3225806451613,0.0
Kiribati,2025,1,27.26774193548387,25.25483870967742,0.42000000000000004,77.16129032258064,1009.9677419354839,0.03225806451612903
Kiribati,2025,2,26.910714285714285,23.360714285714288,0.24,77.92857142857143,1011.0,0.0
Kiribati,2025,3,26.83225806451613,25.387096774193548,0.72,81.54838709677419,1011.258064516129,0.0
Kiribati,2025,4,27.323333333333334,19.88,2.82,81.4,1010.5666666666667,0.0
Kiribati,2025,5,27.86774193548387,19.9741935483871,0.69,78.58064516129032,1010.2903225806451,0.0
Kiribati,2025,6,28.12,19.006666666666668,2.6500000000000004,74.33333333333333,1010.8,0.0
Kiribati,2025,7,27.961290322580645,21.774193548387096,3.22,75.38709677419355,1010.0967741935484,0.0
Kiribati,2025,8,27.958064516129035,22.393548387096775,2.38,73.7741935483871,1010.9677419354839,0.0
Kiribati,2025,9,27.496666666666666,21.583333333333332,0.67,73.7,1011.4666666666667,0.0
Kiribati,2025,10,27.45483870967742,22.193548387096776,3.3499999999999996,75.09677419354838,1010.7741935483871,0.03870967741935484
Kiribati,2025,11,27.596666666666668,19.433333333333334,1.49,76.1,1009.0666666666667,0.01
Kiribati,2025,12,27.67096774193548,18.654838709677417,3.6100000000000003,75.61290322580645,1008.0645161290323,0.0
Kiribati,2026,1,28.10666666666667,17.313333333333333,3.43,74.13333333333334,1007.4,0.01
Kiribati,2026,2,28.516666666666666,18.900000000000002,2.05,73.0,1008.8333333333334,0.049999999999999996
Komoren,2024,7,25.2,24.8,0.0,71.0,1017.0,8.0
Kosovo,2024,6,29.3,9.4,0.27,42.0,1012.0,6.0
Kuwait,2024,5,38.84117647058823,11.464705882352941,0.0,16.823529411764707,1003.3529411764706,8.470588235294118
Kuwait,2024,6,43.99,13.603333333333333,0.0,12.733333333333333,997.5333333333333,9.733333333333333
Kuwait,2024,7,44.206896551724135,20.20689655172414,0.0,15.862068965517242,994.3448275862069,10.068965517241379
Kuwait,2024,8,41.729032258064514,19.896774193548385,0.0,25.612903225806452,997.516129032258,9.612903225806452
Kuwait,2024,9,41.31333333333334,18.266666666666666,0.0,16.1,1002.5333333333333,9.4
Kuwait,2024,10,31.506451612903227,14.141935483870967,0.09,26.258064516129032,1011.483870967742,6.361290322580645
Kuwait,2024,11,25.85666666666667,17.456666666666667,0.62,36.233333333333334,1016.3666666666667,3.9233333333333333
Kuwait,2024,12,20.129032258064516,15.583870967741936,0.0,30.193548387096776,1018.4516129032259,2.8129032258064517
Kuwait,2025,1,20.016129032258064,14.399999999999999,0.63,31.451612903225808,1019.258064516129,3.2419354838709675
Kuwait,2025,2,18.310714285714287,15.057142857142859,0.13,36.32142857142857,1017.1428571428571,4.110714285714286
Kuwait,2025,3,23.480645161290322,17.36774193548387,0.3,37.354838709677416,1015.741935483871,6.303225806451613
Kuwait,2025,4,32.49666666666666,15.110000000000001,0.02,23.1,1010.0,8.343333333333334
Kuwait,2025,5,39.332258064516125,20.932258064516127,0.0,12.612903225806452,1004.9354838709677,9.993548387096775
Kuwait,2025,6,42.2,24.543333333333337,0.0,10.633333333333333,1000.2,10.46
Kuwait,2025,7,44.68064516129032,21.135483870967743,0.0,8.935483870967742,996.741935483871,10.038709677419355
Kuwait,2025,8,42.13870967741936,18.432258064516127,0.0,19.870967741935484,1000.0,9.412903225806453
Kuwait,2025,9,39.123333333333335,17.456666666666667,0.0,15.3,1005.8666666666667,7.776666666666667
Kuwait,2025,10,32.18709677419355,17.958064516129035,0.0,18.806451612903224,1012.6129032258065,5.34516129032258
Kuwait,2025,11,23.69333333333333,13.556666666666667,0.0,29.633333333333333,1020.6,3.4099999999999997
Kuwait,2025,12,17.20967741935484,13.94516129032258,0.5800000000000001,64.06451612903226,1019.741935483871,1.993548387096774
Kuwait,2026,1,13.546666666666665,19.053333333333335,0.0,49.43333333333333,1023.2666666666667,2.5533333333333332
Kuwait,2026,2,17.233333333333334,12.483333333333334,0.0,58.166666666666664,1021.1666666666666,2.8833333333333333
Kyrghyzstan,2024,5,15.823529411764707,9.064705882352941,6.85,71.23529411764706,1018.3529411764706,4.0
Kyrghyzstan,2024,6,24.90666666666667,10.763333333333334,5.359999999999999,41.56666666666667,1009.6333333333333,5.9
Kyrghyzstan,2024,7,27.75357142857143,15.450000000000001,14.78,39.92857142857143,1005.5714285714286,6.25
Kyrghyzstan,2024,8,29.641935483870967,15.6,7.3500000000000005,27.967741935483872,1007.8064516129032,7.032258064516129
Kyrghyzstan,2024,9,22.243333333333332,12.616666666666667,2.01,28.033333333333335,1016.0,5.633333333333334
Kyrghyzstan,2024,10,16.093548387096774,9.183870967741935,2.54,45.225806451612904,1019.2258064516129,2.761290322580645
Kyrghyzstan,2024,11,9.963333333333333,6.1,2.18,49.833333333333336,1023.7,1.2366666666666668
Kyrghyzstan,2024,12,0.4000000000000001,6.309677419354839,3.7399999999999998,73.58064516129032,1029.0645161290322,0.3838709677419355
Kyrghyzstan,2025,1,0.28387096774193543,4.951612903225806,1.17,79.64516129032258,1028.8387096774193,0.5838709677419355
Kyrghyzstan,2025,2,3.5214285714285714,5.567857142857143,0.44,71.25,1024.8214285714287,0.9464285714285714
Kyrghyzstan,2025,3,10.548387096774194,9.225806451612904,1.8499999999999999,50.645161290322584,1021.5483870967741,2.458064516129032
Kyrghyzstan,2025,4,20.703333333333333,9.503333333333334,1.76,36.2,1016.3666666666667,4.526666666666667
Kyrghyzstan,2025,5,25.567741935483873,9.04516129032258,2.26,34.225806451612904,1012.5483870967741,6.638709677419355
Kyrghyzstan,2025,6,31.926666666666666,12.763333333333332,1.69,21.333333333333332,1007.4333333333333,7.073333333333334
Kyrghyzstan,2025,7,34.62903225806452,15.874193548387098,1.81,17.032258064516128,1003.483870967742,8.32258064516129
Kyrghyzstan,2025,8,31.88064516129032,16.677419354838708,0.56,17.419354838709676,1008.4193548387096,7.793548387096774
Kyrghyzstan,2025,9,24.956666666666667,14.47,2.08,26.166666666666668,1013.2666666666667,5.2733333333333325
Kyrghyzstan,2025,10,17.548387096774192,9.716129032258063,0.52,31.93548387096774,1019.2903225806451,3.051612903225806
Kyrghyzstan,2025,11,11.456666666666667,6.859999999999999,0.84,34.93333333333333,1025.9333333333334,1.8566666666666667
Kyrghyzstan,2025,12,4.738709677419355,6.680645161290323,3.0,64.83870967741936,1023.1935483870968,1.1838709677419357
Kyrghyzstan,2026,1,2.7199999999999998,5.616666666666666,0.79,67.13333333333334,1024.3333333333333,1.43
Kyrghyzstan,2026,2,6.533333333333334,7.8500000000000005,0.55,63.666666666666664,1020.6666666666666,1.6166666666666665
Lao People's Democratic Republic,2024,6,25.0,9.0,1.97,95.0,1004.0,1.0
Latvia,2024,5,24.529411764705884,15.6,2.77,43.294117647058826,1018.2352941176471,5.352941176470588
Latvia,2024,6,21.163333333333334,10.913333333333332,2.04,58.03333333333333,1011.7,4.966666666666667
Latvia,2024,7,22.477777777777778,12.792592592592591,4.24,61.51851851851852,1012.1111111111111,5.37037037037037
Latvia,2024,8,22.364516129032257,14.3,3.58,59.16129032258065,1013.6129032258065,5.612903225806452
Latvia,2024,9,20.62,12.526666666666667,2.5300000000000002,62.7,1017.9666666666667,5.6
Latvia,2024,10,11.09032258064516,13.600000000000001,0.8500000000000001,72.87096774193549,1018.1290322580645,1.4967741935483871
Latvia,2024,11,5.323333333333333,17.84333333333333,3.33,84.46666666666667,1013.7,0.3266666666666667
Latvia,2024,12,2.925806451612903,18.338709677419356,2.7800000000000002,82.45161290322581,1015.1612903225806,0.16451612903225807
Latvia,2025,1,2.8032258064516125,15.558064516129033,3.94,88.16129032258064,1009.3870967741935,0.22580645161290322
Latvia,2025,2,-1.4857142857142858,12.592857142857143,1.32,80.14285714285714,1027.5714285714287,0.6357142857142858
Latvia,2025,3,6.370967741935484,14.258064516129032,1.58,69.61290322580645,1013.483870967742,1.4806451612903226
Latvia,2025,4,9.526666666666667,16.016666666666666,2.59,65.4,1016.3333333333334,2.3800000000000003
Latvia,2025,5,12.316129032258065,13.106451612903227,3.4899999999999998,61.935483870967744,1011.4516129032259,3.0290322580645164
Latvia,2025,6,16.736666666666668,18.09333333333333,4.5,69.66666666666667,1010.3666666666667,3.5733333333333333
Latvia,2025,7,21.67096774193548,11.845161290322581,5.5,72.0,1009.516129032258,3.5935483870967744
Latvia,2025,8,17.606451612903225,13.53225806451613,3.96,75.41935483870968,1011.9032258064516,2.5161290322580645
Latvia,2025,9,15.766666666666667,14.816666666666666,1.78,83.0,1019.4333333333333,1.5466666666666666
Latvia,2025,10,7.5,14.754838709677419,3.98,90.90322580645162,1010.3870967741935,0.3064516129032258
Latvia,2025,11,3.25,13.15,1.04,91.5,1012.6666666666666,0.060000000000000005
Latvia,2025,12,2.8483870967741933,16.31935483870968,2.7,86.6774193548387,1016.0645161290323,0.0
Latvia,2026,1,-9.106666666666666,13.19,0.49000000000000005,84.5,1014.4333333333333,0.0
Latvia,2026,2,-15.266666666666666,10.366666666666667,0.0,81.33333333333333,1022.1666666666666,0.05000000000000001
Lebanon,2024,5,24.941176470588236,15.082352941176469,0.0,63.88235294117647,1014.0588235294117,6.0588235294117645
Lebanon,2024,6,28.61,12.546666666666665,0.0,66.56666666666666,1008.5,6.833333333333333
Lebanon,2024,7,30.260714285714283,16.692857142857143,0.02,64.60714285714286,1006.0357142857143,6.964285714285714
Lebanon,2024,8,29.71935483870968,13.754838709677419,0.0,63.87096774193548,1008.258064516129,7.0
Lebanon,2024,9,29.696666666666665,15.156666666666666,0.15,59.2,1011.9333333333333,6.8
Lebanon,2024,10,25.02258064516129,12.841935483870968,0.04,53.29032258064516,1015.4193548387096,5.238709677419355
Lebanon,2024,11,21.296666666666667,13.5,2.32,59.63333333333333,1019.3,2.7366666666666664
Lebanon,2024,12,18.216129032258067,14.241935483870968,3.5300000000000002,54.064516129032256,1019.9354838709677,2.3225806451612905
Lebanon,2025,1,18.864516129032257,10.474193548387097,1.1,53.61290322580645,1022.6451612903226,2.8225806451612905
Lebanon,2025,2,14.821428571428571,14.017857142857142,5.72,54.5,1020.75,3.4071428571428575
Lebanon,2025,3,20.033333333333335,12.236666666666668,1.3,56.2,1018.3666666666667,5.403333333333333
Lebanon,2025,4,21.433333333333334,16.6,1.7,57.4,1014.6,6.703333333333333
Lebanon,2025,5,24.62258064516129,16.54516129032258,0.9600000000000001,62.16129032258065,1013.7741935483871,8.370967741935484
Lebanon,2025,6,27.029999999999998,14.456666666666667,0.0,67.76666666666667,1011.1,9.716666666666667
Lebanon,2025,7,29.72258064516129,18.996774193548386,0.0,65.87096774193549,1008.0967741935484,9.003225806451614
Lebanon,2025,8,30.164516129032258,16.85483870967742,0.0,65.45161290322581,1009.483870967742,7.925806451612903
Lebanon,2025,9,28.61,13.393333333333334,0.08,61.63333333333333,1012.4,5.7266666666666675
Lebanon,2025,10,25.870967741935484,12.393548387096773,0.37,57.0,1017.0967741935484,3.393548387096774
Lebanon,2025,11,24.323333333333334,8.629999999999999,1.97,49.166666666666664,1018.7666666666667,1.6533333333333333
Lebanon,2025,12,17.274193548387096,10.351612903225806,5.78,54.87096774193548,1017.0645161290323,0.9193548387096774
Lebanon,2026,1,15.433333333333334,14.376666666666667,4.8100000000000005,56.03333333333333,1018.8,0.9033333333333334
Lebanon,2026,2,17.349999999999998,14.866666666666665,1.31,57.833333333333336,1015.8333333333334,1.4333333333333333
Lesotho,2024,5,20.970588235294116,12.052941176470588,0.0,22.294117647058822,1020.7647058823529,6.470588235294118
Lesotho,2024,6,15.083333333333334,10.026666666666667,1.2100000000000002,34.9,1023.1333333333333,5.433333333333334
Lesotho,2024,7,15.332142857142857,18.164285714285715,0.0,20.857142857142858,1020.1428571428571,5.535714285714286
Lesotho,2024,8,20.26451612903226,18.65806451612903,0.0,17.129032258064516,1021.3225806451613,6.483870967741935
Lesotho,2024,9,20.44,21.52,0.15,35.36666666666667,1021.6,6.866666666666666
Lesotho,2024,10,22.34193548387097,14.812903225806451,0.36000000000000004,30.322580645161292,1019.3225806451613,8.929032258064517
Lesotho,2024,11,24.646666666666665,18.470000000000002,0.88,34.5,1016.9,9.796666666666665
Lesotho,2024,12,29.248387096774195,19.07741935483871,1.35,26.64516129032258,1013.0645161290323,12.612903225806452
Lesotho,2025,1,26.990322580645163,13.270967741935483,1.05,44.54838709677419,1017.3870967741935,13.170967741935485
Lesotho,2025,2,26.146428571428572,12.210714285714285,4.81,45.92857142857143,1016.6071428571429,11.764285714285714
Lesotho,2025,3,22.480645161290322,10.600000000000001,3.87,58.29032258064516,1022.9032258064516,8.96774193548387
Lesotho,2025,4,16.95,9.44,8.27,67.86666666666666,1024.0,5.36
Lesotho,2025,5,13.964516129032257,8.261290322580646,0.15,53.29032258064516,1028.483870967742,3.767741935483871
Lesotho,2025,6,10.623333333333333,9.476666666666667,0.07,50.93333333333333,1026.6666666666667,2.743333333333333
Lesotho,2025,7,10.729032258064517,9.141935483870967,0.37,56.903225806451616,1029.5483870967741,2.6580645161290324
Lesotho,2025,8,12.990322580645161,11.870967741935484,0.32,49.16129032258065,1026.8709677419354,3.3483870967741933
Lesotho,2025,9,18.126666666666665,14.386666666666665,0.9900000000000001,40.833333333333336,1022.6,4.09
Lesotho,2025,10,19.325806451612905,14.100000000000001,1.5799999999999998,46.41935483870968,1021.7096774193549,5.374193548387097
Lesotho,2025,11,20.43,10.473333333333333,5.9,49.666666666666664,1017.3,5.79
Lesotho,2025,12,22.07741935483871,13.119354838709677,2.01,50.096774193548384,1015.1935483870968,6.077419354838709
Lesotho,2026,1,22.953333333333333,12.073333333333332,0.5800000000000001,49.06666666666667,1016.2666666666667,6.5233333333333325
Lesotho,2026,2,25.28333333333333,14.65,0.0,36.833333333333336,1016.6666666666666,5.683333333333334
Letonia,2024,7,20.6,13.3,1.83,94.0,1007.0,5.0
Liberia,2024,5,30.705882352941178,13.75294117647059,2.01,74.58823529411765,1011.5882352941177,6.176470588235294
Liberia,2024,6,28.372413793103448,13.879310344827585,20.72,82.58620689655173,1012.8275862068965,6.0
Liberia,2024,7,26.644827586206898,17.220689655172414,18.07,81.51724137931035,1015.2758620689655,5.862068965517241
Liberia,2024,8,25.79032258064516,18.219354838709677,25.31,81.03225806451613,1014.7741935483871,5.741935483870968
Liberia,2024,9,25.896666666666665,11.593333333333334,28.32,86.9,1014.3666666666667,5.7
Liberia,2024,10,25.9,7.348387096774194,15.37,89.3225806451613,1013.8387096774194,3.1870967741935483
Liberia,2024,11,26.936666666666667,6.096666666666667,3.98,88.63333333333334,1012.3666666666667,1.9433333333333331
Liberia,2024,12,28.25483870967742,5.945161290322581,0.2,77.74193548387096,1012.7096774193549,4.158064516129032
Liberia,2025,1,27.9741935483871,6.754838709677419,0.7,81.58064516129032,1012.6129032258065,4.035483870967742
Liberia,2025,2,28.22142857142857,8.092857142857143,1.77,80.21428571428571,1011.5,4.307142857142857
Liberia,2025,3,27.335483870967742,9.077419354838709,2.16,82.83870967741936,1012.1290322580645,2.083870967741935
Liberia,2025,4,27.096666666666668,6.8966666666666665,2.59,87.23333333333333,1011.4,2.06
Liberia,2025,5,26.480645161290322,6.890322580645161,9.22,89.70967741935483,1013.0322580645161,1.506451612903226
Liberia,2025,6,25.526666666666664,9.156666666666666,15.79,91.66666666666667,1014.9333333333333,1.2166666666666666
Liberia,2025,7,24.62258064516129,13.290322580645162,11.45,92.25806451612904,1015.516129032258,0.5806451612903226
Liberia,2025,8,24.248387096774195,15.33548387096774,9.5,92.96774193548387,1013.6129032258065,0.4580645161290323
Liberia,2025,9,24.323333333333334,8.52,20.05,94.06666666666666,1012.8666666666667,0.4233333333333333
Liberia,2025,10,24.374193548387098,6.525806451612904,9.3,92.58064516129032,1011.8387096774194,0.35806451612903223
Liberia,2025,11,24.543333333333333,5.303333333333333,14.52,92.86666666666666,1010.7333333333333,0.11
Liberia,2025,12,24.23225806451613,5.754838709677419,8.9,94.0,1009.258064516129,0.0
Liberia,2026,1,24.016666666666666,7.2266666666666675,7.710000000000001,93.66666666666667,1009.9,0.0
Liberia,2026,2,24.116666666666664,7.2,1.51,94.0,1009.5,0.0
Libya,2024,6,27.0,31.7,0.0,74.0,1007.0,7.0
Liechtenstein,2024,5,17.11764705882353,9.911764705882353,10.76,67.88235294117646,1012.4117647058823,3.176470588235294
Liechtenstein,2024,6,20.720000000000002,8.786666666666665,14.67,68.46666666666667,1014.5,4.2
Liechtenstein,2024,7,22.482142857142858,8.332142857142857,3.43,61.107142857142854,1015.75,5.178571428571429
Liechtenstein,2024,8,22.951612903225808,7.958064516129032,3.9799999999999995,55.645161290322584,1015.7741935483871,5.870967741935484
Liechtenstein,2024,9,16.503333333333334,6.47,4.890000000000001,70.83333333333333,1015.4666666666667,3.9
Liechtenstein,2024,10,11.54516129032258,7.112903225806452,5.1,87.96774193548387,1018.3225806451613,1.5129032258064516
Liechtenstein,2024,11,2.14,7.133333333333334,3.3099999999999996,93.86666666666666,1024.5333333333333,0.6666666666666666
Liechtenstein,2024,12,-0.5870967741935483,7.216129032258064,4.08,89.06451612903226,1025.3548387096773,0.7774193548387097
Liechtenstein,2025,1,2.2451612903225806,9.05483870967742,7.409999999999999,85.35483870967742,1019.0,0.8129032258064516
Liechtenstein,2025,2,3.1607142857142856,6.753571428571428,1.09,90.82142857142857,1023.4285714285714,1.45
Liechtenstein,2025,3,6.864516129032258,7.483870967741935,3.1,81.58064516129032,1015.8064516129032,2.061290322580645
Liechtenstein,2025,4,10.236666666666668,7.673333333333333,1.07,73.23333333333333,1016.9333333333333,3.08
Liechtenstein,2025,5,13.529032258064516,5.819354838709677,7.67,71.19354838709677,1017.0645161290323,3.07741935483871
Liechtenstein,2025,6,20.220000000000002,5.84,3.25,69.9,1021.0666666666667,4.6033333333333335
Liechtenstein,2025,7,19.06451612903226,5.009677419354839,20.07,76.2258064516129,1016.9354838709677,3.2129032258064516
Liechtenstein,2025,8,18.883870967741935,4.290322580645161,6.09,79.90322580645162,1017.8387096774194,2.5677419354838706
Liechtenstein,2025,9,14.91,5.006666666666667,6.029999999999999,86.26666666666667,1018.7666666666667,0.98
Liechtenstein,2025,10,9.67741935483871,7.012903225806451,2.0,85.74193548387096,1018.0,0.4129032258064516
Liechtenstein,2025,11,3.61,9.51,3.1,97.73333333333333,1015.3666666666667,0.06666666666666667
Liechtenstein,2025,12,1.5935483870967742,9.406451612903227,0.22999999999999998,96.80645161290323,1019.6129032258065,0.0
Liechtenstein,2026,1,-1.26551724137931,8.841379310344827,3.8,94.62068965517241,1008.2413793103449,0.0
Liechtenstein,2026,2,0.03333333333333333,10.333333333333334,0.0,100.0,998.5,0.0
Lithuania,2024,5,21.705882352941178,15.711764705882354,5.4,49.35294117647059,1018.7058823529412,4.9411764705882355
Lithuania,2024,6,21.836666666666666,14.06,5.27,56.266666666666666,1012.7333333333333,5.2
Lithuania,2024,7,23.349999999999998,14.778571428571428,18.41,57.857142857142854,1013.1785714285714,5.5
Lithuania,2024,8,23.809677419354838,13.66451612903226,0.96,54.806451612903224,1014.6451612903226,5.903225806451613
Lithuania,2024,9,21.46333333333333,15.603333333333333,2.4499999999999997,53.43333333333333,1018.8333333333334,5.8
Lithuania,2024,10,10.229032258064517,13.73225806451613,2.19,76.54838709677419,1019.483870967742,1.6258064516129032
Lithuania,2024,11,3.31,16.476666666666667,0.9500000000000001,86.96666666666667,1016.9333333333333,0.43666666666666665
Lithuania,2024,12,2.0516129032258066,16.40967741935484,0.72,86.45161290322581,1017.516129032258,0.21935483870967742
Lithuania,2025,1,1.729032258064516,16.651612903225807,2.62,89.74193548387096,1011.9354838709677,0.3548387096774194
Lithuania,2025,2,-2.8857142857142857,13.635714285714286,0.33,73.67857142857143,1027.5714285714287,0.8321428571428572
Lithuania,2025,3,6.619354838709677,16.551612903225806,2.05,64.25806451612904,1014.5806451612904,1.7838709677419353
Lithuania,2025,4,11.066666666666666,16.78666666666667,0.59,56.333333333333336,1015.8,2.69
Lithuania,2025,5,11.661290322580646,14.53225806451613,6.16,59.0,1011.6451612903226,3.083870967741935
Lithuania,2025,6,17.19333333333333,19.19333333333333,4.45,68.26666666666667,1012.6666666666666,3.6766666666666667
Lithuania,2025,7,20.66774193548387,12.687096774193549,15.93,72.29032258064517,1010.0,3.8451612903225807
Lithuania,2025,8,17.65806451612903,13.432258064516128,2.5,72.87096774193549,1014.2903225806451,3.193548387096774
Lithuania,2025,9,15.2,15.053333333333335,1.4800000000000002,80.7,1020.8,1.6666666666666667
Lithuania,2025,10,6.838709677419355,14.935483870967742,5.04,91.80645161290323,1011.516129032258,0.43548387096774194
Lithuania,2025,11,2.396666666666667,11.42,1.5899999999999999,95.36666666666666,1014.5666666666667,0.09000000000000001
Lithuania,2025,12,0.8870967741935484,13.567741935483872,0.62,92.2258064516129,1017.3225806451613,0.0
Lithuania,2026,1,-10.75,12.423333333333334,2.58,86.26666666666667,1012.5,0.016666666666666666
Lithuania,2026,2,-15.883333333333333,11.133333333333333,0.18,84.33333333333333,1017.8333333333334,0.13333333333333333
Luxembourg,2024,5,16.564705882352943,15.811764705882354,5.88,67.3529411764706,1011.6470588235294,3.7058823529411766
Luxembourg,2024,6,18.92758620689655,14.789655172413791,7.54,63.724137931034484,1014.2758620689655,4.275862068965517
Luxembourg,2024,7,21.375,14.1,3.6,63.25,1015.5,5.071428571428571
Luxembourg,2024,8,23.04516129032258,13.974193548387097,3.8899999999999997,62.193548387096776,1016.0645161290323,5.903225806451613
Luxembourg,2024,9,16.616666666666667,17.216666666666665,2.38,75.73333333333333,1015.2666666666667,4.366666666666666
Luxembourg,2024,10,11.625806451612902,12.212903225806452,1.78,89.06451612903226,1017.0322580645161,1.429032258064516
Luxembourg,2024,11,5.586666666666667,12.536666666666667,1.47,90.26666666666667,1021.4,0.44
Luxembourg,2024,12,3.270967741935484,14.451612903225806,1.07,89.2258064516129,1022.7096774193549,0.34516129032258064
Luxembourg,2025,1,2.3838709677419354,15.203225806451613,6.54,88.29032258064517,1015.8064516129032,0.4612903225806452
Luxembourg,2025,2,2.5535714285714284,12.557142857142859,0.22,82.60714285714286,1022.6428571428571,0.7535714285714287
Luxembourg,2025,3,7.490322580645161,13.193548387096774,0.04,65.6774193548387,1016.516129032258,1.6451612903225807
Luxembourg,2025,4,11.246666666666666,16.12333333333333,3.14,67.33333333333333,1017.1333333333333,2.143333333333333
Luxembourg,2025,5,14.648387096774194,16.141935483870967,2.3,59.96774193548387,1017.3225806451613,3.041935483870968
Luxembourg,2025,6,18.9,15.736666666666668,1.43,70.4,1019.2333333333333,3.6166666666666667
Luxembourg,2025,7,18.825806451612905,13.270967741935483,3.06,69.64516129032258,1016.258064516129,2.838709677419355
Luxembourg,2025,8,17.580645161290324,12.161290322580646,1.36,74.35483870967742,1017.3548387096774,2.0387096774193547
Luxembourg,2025,9,12.71,14.553333333333335,6.33,91.9,1017.7666666666667,0.8133333333333332
Luxembourg,2025,10,9.3,15.570967741935483,2.2600000000000002,91.6774193548387,1015.7096774193549,0.24838709677419354
Luxembourg,2025,11,4.6866666666666665,9.479999999999999,1.35,93.86666666666666,1012.9666666666667,0.04000000000000001
Luxembourg,2025,12,3.393548387096774,10.422580645161291,0.9700000000000001,92.3225806451613,1017.483870967742,0.0
Luxembourg,2026,1,0.66,12.879999999999999,2.64,95.6,1005.6666666666666,0.0
Luxembourg,2026,2,1.9333333333333336,9.483333333333333,0.5,100.0,995.8333333333334,0.0
Macedonia,2024,5,23.235294117647058,10.858823529411765,2.51,61.529411764705884,1013.4705882352941,5.0
Macedonia,2024,6,33.36896551724138,9.217241379310344,0.06,38.6551724137931,1012.0,7.551724137931035
Macedonia,2024,7,34.99285714285715,11.296428571428573,1.67,28.464285714285715,1011.2142857142857,8.285714285714286
Macedonia,2024,8,35.97096774193548,10.280645161290321,0.19,22.29032258064516,1011.0,8.516129032258064
Macedonia,2024,9,26.38,8.126666666666667,3.7800000000000002,43.03333333333333,1013.9666666666667,6.233333333333333
Macedonia,2024,10,18.76451612903226,5.538709677419355,0.52,55.32258064516129,1021.7096774193549,3.203225806451613
Macedonia,2024,11,8.57,4.739999999999999,1.76,64.66666666666667,1024.0333333333333,1.2
Macedonia,2024,12,6.741935483870968,5.419354838709677,3.7399999999999998,74.41935483870968,1021.9032258064516,0.9290322580645162
Macedonia,2025,1,5.145161290322581,4.580645161290323,1.7699999999999998,77.96774193548387,1024.516129032258,1.432258064516129
Macedonia,2025,2,7.270370370370371,6.055555555555555,0.030000000000000002,60.51851851851852,1027.4444444444443,1.9703703703703705
Macedonia,2025,3,14.906451612903227,6.52258064516129,2.45,56.516129032258064,1017.9032258064516,2.903225806451613
Macedonia,2025,4,16.8,7.1066666666666665,1.6700000000000002,54.36666666666667,1016.9333333333333,3.8066666666666666
Macedonia,2025,5,19.92666666666667,7.543333333333334,2.96,54.86666666666667,1015.2333333333333,4.85
Macedonia,2025,6,29.206666666666667,6.6899999999999995,0.11,38.86666666666667,1018.9,7.05
Macedonia,2025,7,30.322580645161292,9.206451612903225,0.03,36.74193548387097,1012.8064516129032,6.341935483870968
Macedonia,2025,8,24.977419354838712,8.3,0.33999999999999997,50.25806451612903,1016.258064516129,4.648387096774194
Macedonia,2025,9,20.86,6.71,0.27,59.86666666666667,1019.4,2.7633333333333336
Macedonia,2025,10,11.109677419354838,5.66774193548387,4.73,79.06451612903226,1018.1612903225806,0.8064516129032258
Macedonia,2025,11,8.013333333333334,4.263333333333334,4.180000000000001,89.53333333333333,1017.7666666666667,0.3066666666666667
Macedonia,2025,12,1.0516129032258066,3.935483870967742,2.1799999999999997,88.80645161290323,1021.9354838709677,0.16451612903225807
Macedonia,2026,1,0.6133333333333333,4.3566666666666665,1.35,86.96666666666667,1013.4,0.15666666666666668
Macedonia,2026,2,3.516666666666667,4.016666666666667,1.12,87.83333333333333,1008.1666666666666,0.21666666666666667
Madagascar,2024,5,21.22941176470588,15.75,0.54,57.38235294117647,1021.0,5.911764705882353
Madagascar,2024,6,21.577966101694912,14.288135593220339,0.33,53.271186440677965,1020.6949152542373,6.491525423728813
Madagascar,2024,7,24.82456140350877,10.452631578947368,0.0,31.964912280701753,1018.2456140350877,7.4035087719298245
Madagascar,2024,8,25.240322580645163,14.55483870967742,1.65,32.17741935483871,1019.241935483871,7.451612903225806
Madagascar,2024,9,28.26833333333333,14.288333333333332,1.5300000000000002,35.03333333333333,1018.9,7.983333333333333
Madagascar,2024,10,28.47258064516129,13.546774193548387,1.1,33.725806451612904,1017.8387096774194,10.45483870967742
Madagascar,2024,11,31.621666666666666,9.376666666666667,2.8899999999999997,33.53333333333333,1014.6,11.68
Madagascar,2024,12,33.24354838709677,9.774193548387096,2.38,30.548387096774192,1012.7741935483871,12.141935483870967
Madagascar,2025,1,31.19193548387097,10.649999999999999,15.8,43.596774193548384,1012.241935483871,10.798387096774194
Madagascar,2025,2,28.96727272727273,10.610909090909091,21.92,55.41818181818182,1012.0909090909091,10.727272727272727
Madagascar,2025,3,27.661290322580644,12.383870967741935,7.1899999999999995,56.774193548387096,1014.9677419354839,11.830645161290322
Madagascar,2025,4,27.73,9.28,3.34,52.5,1017.3833333333333,9.423333333333334
Madagascar,2025,5,23.967741935483872,12.585483870967742,0.75,55.66129032258065,1021.2096774193549,6.391935483870968
Madagascar,2025,6,22.51833333333333,11.266666666666667,0.26,50.666666666666664,1023.15,5.705
Madagascar,2025,7,20.87258064516129,13.23225806451613,0.17,50.70967741935484,1025.0483870967741,5.588709677419355
Madagascar,2025,8,20.819607843137256,12.474509803921569,0.82,48.568627450980394,1023.6470588235294,7.164705882352941
Madagascar,2025,9,22.60666666666667,12.966666666666667,0.02,45.86666666666667,1024.0333333333333,10.006666666666666
Madagascar,2025,10,23.951612903225808,10.970967741935485,0.2,48.354838709677416,1021.9677419354839,10.37741935483871
Madagascar,2025,11,25.37,8.53,0.49,56.03333333333333,1020.7666666666667,10.196666666666665
Madagascar,2025,12,23.429032258064513,10.248387096774193,3.4,68.25806451612904,1019.8064516129032,8.13225806451613
Madagascar,2026,1,24.043333333333333,9.18,5.92,69.0,1018.5333333333333,9.33
Madagascar,2026,2,24.099999999999998,10.216666666666667,0.16,66.5,1017.8333333333334,10.0
Malawi,2024,5,22.99411764705882,16.811764705882354,0.26,47.64705882352941,1021.1176470588235,6.705882352941177
Malawi,2024,6,23.626666666666665,14.943333333333333,0.0,38.2,1020.1666666666666,7.3
Malawi,2024,7,26.482758620689655,10.96206896551724,0.0,22.03448275862069,1017.551724137931,8.0
Malawi,2024,8,26.480645161290322,15.780645161290321,0.0,27.387096774193548,1018.5806451612904,8.0
Malawi,2024,9,27.313333333333333,17.11,0.030000000000000002,30.533333333333335,1019.0666666666667,8.4
Malawi,2024,10,28.425806451612903,13.906451612903227,0.11,33.774193548387096,1015.8709677419355,10.27741935483871
Malawi,2024,11,28.966666666666665,14.83,0.48,43.266666666666666,1015.5333333333333,10.526666666666667
Malawi,2024,12,30.809677419354838,13.167741935483871,2.46,36.38709677419355,1013.2903225806451,11.893548387096773
Malawi,2025,1,24.0258064516129,9.616129032258065,10.27,72.48387096774194,1015.4193548387096,10.245161290322581
Malawi,2025,2,24.442857142857143,9.867857142857144,14.27,72.35714285714286,1014.8214285714286,12.135714285714286
Malawi,2025,3,24.345161290322583,8.35483870967742,8.06,69.03225806451613,1018.5483870967741,11.96774193548387
Malawi,2025,4,23.88,10.31,4.67,69.3,1020.6666666666666,10.133333333333333
Malawi,2025,5,21.403225806451612,9.858064516129033,0.85,67.19354838709677,1024.7096774193549,7.096774193548387
Malawi,2025,6,20.783333333333335,10.243333333333334,0.01,57.86666666666667,1025.3666666666666,7.0600000000000005
Malawi,2025,7,20.02258064516129,10.174193548387096,0.01,50.83870967741935,1026.2903225806451,6.561290322580645
Malawi,2025,8,21.806451612903224,12.206451612903225,0.0,40.32258064516129,1023.6129032258065,7.241935483870968
Malawi,2025,9,25.183333333333334,15.8,0.0,38.333333333333336,1020.9,7.1866666666666665
Malawi,2025,10,25.225806451612904,16.58709677419355,0.1,45.193548387096776,1020.9354838709677,7.370967741935484
Malawi,2025,11,24.256666666666668,13.496666666666666,5.76,65.46666666666667,1021.0333333333333,6.193333333333333
Malawi,2025,12,22.74516129032258,11.606451612903227,6.99,77.2258064516129,1018.3548387096774,5.532258064516129
Malawi,2026,1,22.31,6.983333333333333,8.6,84.3,1018.0,5.886666666666667
Malawi,2026,2,21.400000000000002,4.933333333333334,0.08,84.83333333333333,1020.1666666666666,6.3500000000000005
Malaysia,2024,5,27.88235294117647,6.335294117647059,6.19,87.70588235294117,1008.5882352941177,1.2941176470588236
Malaysia,2024,6,27.233333333333334,4.953333333333333,11.74,83.4,1010.2,1.0
Malaysia,2024,7,28.86896551724138,5.248275862068965,2.83,75.03448275862068,1008.0689655172414,1.0
Malaysia,2024,8,27.251612903225805,6.377419354838709,25.15,81.48387096774194,1009.2258064516129,1.0
Malaysia,2024,9,30.263333333333332,5.6066666666666665,15.69,70.5,1007.2666666666667,3.3333333333333335
Malaysia,2024,10,29.616129032258065,8.196774193548388,12.82,72.61290322580645,1007.3870967741935,3.2161290322580647
Malaysia,2024,11,28.326666666666664,5.443333333333333,26.310000000000002,81.5,1006.6333333333333,2.55
Malaysia,2024,12,27.10967741935484,5.412903225806452,20.330000000000002,84.35483870967742,1007.5483870967741,0.3225806451612903
Malaysia,2025,1,28.200000000000003,4.258064516129032,26.49,78.29032258064517,1007.9677419354839,0.6387096774193549
Malaysia,2025,2,29.664285714285715,5.682142857142857,20.65,70.96428571428571,1007.8928571428571,0.6071428571428571
Malaysia,2025,3,30.154838709677417,5.564516129032258,30.08,72.06451612903226,1006.741935483871,1.903225806451613
Malaysia,2025,4,30.103333333333335,5.376666666666667,29.5,73.96666666666667,1006.7333333333333,2.5900000000000003
Malaysia,2025,5,31.46451612903226,7.27741935483871,16.99,67.87096774193549,1006.0322580645161,3.0161290322580645
Malaysia,2025,6,32.52333333333333,7.8100000000000005,10.25,60.56666666666667,1007.1666666666666,2.9433333333333334
Malaysia,2025,7,33.277419354838706,9.761290322580646,7.4,55.58064516129032,1006.6129032258065,3.7838709677419353
Malaysia,2025,8,31.887096774193548,8.016129032258064,14.63,60.935483870967744,1007.8064516129032,4.658064516129032
Malaysia,2025,9,31.186666666666667,6.680000000000001,11.33,64.96666666666667,1008.1333333333333,4.673333333333333
Malaysia,2025,10,31.799999999999997,9.103225806451613,20.15,63.58064516129032,1007.7741935483871,6.335483870967742
Malaysia,2025,11,30.733333333333334,8.926666666666668,13.72,69.26666666666667,1007.5333333333333,6.133333333333334
Malaysia,2025,12,30.993548387096773,5.083870967741936,32.19,66.96774193548387,1008.258064516129,6.229032258064516
Malaysia,2026,1,31.91,4.41,14.07,55.7,1010.4,7.266666666666667
Malaysia,2026,2,32.516666666666666,5.3999999999999995,2.6,49.5,1011.5,8.25
Maldives,2024,5,28.823529411764707,33.688235294117646,10.3,80.58823529411765,1008.7647058823529,1.588235294117647
Maldives,2024,6,28.61785714285714,21.603571428571428,1.4200000000000002,78.46428571428571,1009.75,3.2857142857142856
Maldives,2024,7,28.525000000000002,21.446428571428573,7.56,79.03571428571429,1008.3571428571429,6.357142857142857
Maldives,2024,8,27.861290322580647,23.700000000000003,13.9,77.54838709677419,1008.7741935483871,6.451612903225806
Maldives,2024,9,28.053333333333335,22.583333333333332,11.51,77.76666666666667,1009.0333333333333,6.266666666666667
Maldives,2024,10,27.787096774193547,23.425806451612903,11.49,78.25806451612904,1008.4193548387096,7.048387096774194
Maldives,2024,11,27.709999999999997,12.313333333333333,4.33,73.16666666666667,1008.3666666666667,6.776666666666667
Maldives,2024,12,27.693548387096776,14.038709677419355,7.36,70.87096774193549,1008.5483870967741,3.9322580645161294
Maldives,2025,1,27.20967741935484,19.041935483870965,13.94,75.7741935483871,1008.0322580645161,3.3161290322580643
Maldives,2025,2,27.67142857142857,16.442857142857143,1.69,69.0,1009.5357142857143,5.114285714285714
Maldives,2025,3,28.11935483870968,13.719354838709679,4.17,73.16129032258064,1008.9677419354839,8.958064516129031
Maldives,2025,4,28.983333333333334,12.7,3.93,70.2,1008.6666666666666,9.55
Maldives,2025,5,29.067741935483873,24.40967741935484,7.71,75.74193548387096,1008.258064516129,8.419354838709678
Maldives,2025,6,28.39333333333333,25.466666666666665,11.14,77.06666666666666,1009.6,7.946666666666667
Maldives,2025,7,27.94193548387097,25.416129032258063,8.17,78.16129032258064,1009.741935483871,8.8
Maldives,2025,8,27.461290322580645,24.65806451612903,2.77,77.51612903225806,1010.258064516129,10.387096774193548
Maldives,2025,9,27.763333333333332,22.763333333333332,3.62,77.03333333333333,1010.1666666666666,12.093333333333334
Maldives,2025,10,27.625806451612902,25.33225806451613,8.32,77.51612903225806,1009.1935483870968,10.148387096774194
Maldives,2025,11,27.253333333333334,15.52,7.260000000000001,70.96666666666667,1011.7333333333333,9.696666666666665
Maldives,2025,12,27.258064516129032,14.777419354838708,2.2600000000000002,72.25806451612904,1011.0967741935484,10.064516129032258
Maldives,2026,1,26.80666666666667,13.57,1.4600000000000002,71.16666666666667,1013.0333333333333,10.736666666666668
Maldives,2026,2,26.983333333333334,15.233333333333334,2.85,75.0,1013.1666666666666,11.5
Mali,2024,5,37.11764705882353,10.235294117647058,0.14,36.64705882352941,1011.5294117647059,9.294117647058824
Mali,2024,6,35.02333333333333,9.82,0.14,43.6,1012.1666666666666,8.766666666666667
Mali,2024,7,29.603448275862068,11.568965517241379,6.37,67.3103448275862,1013.9310344827586,6.931034482758621
Mali,2024,8,27.961290322580645,12.870967741935484,12.64,73.96774193548387,1013.516129032258,6.064516129032258
Mali,2024,9,28.333333333333332,10.613333333333333,9.290000000000001,74.6,1014.7666666666667,6.266666666666667
Mali,2024,10,27.69677419354839,6.358064516129032,3.08,67.38709677419355,1014.741935483871,3.57741935483871
Mali,2024,11,26.296666666666667,8.979999999999999,0.0,35.06666666666667,1014.7666666666667,1.9666666666666666
Mali,2024,12,26.977419354838712,16.629032258064516,0.0,19.387096774193548,1016.3225806451613,4.290322580645161
Mali,2025,1,25.616129032258065,15.845161290322581,0.0,19.06451612903226,1016.1935483870968,4.15483870967742
Mali,2025,2,27.57857142857143,16.785714285714285,0.0,20.5,1014.6071428571429,4.521428571428571
Mali,2025,3,31.335483870967742,12.703225806451613,0.0,35.12903225806452,1012.741935483871,2.4935483870967743
Mali,2025,4,30.64,12.346666666666666,0.01,51.8,1011.8666666666667,2.566666666666667
Mali,2025,5,28.29032258064516,14.503225806451614,0.01,71.29032258064517,1014.2258064516129,1.961290322580645
Mali,2025,6,26.603333333333335,13.360000000000001,0.01,77.86666666666666,1015.8333333333334,2.0166666666666666
Mali,2025,7,25.458064516129035,11.819354838709677,6.71,87.48387096774194,1016.0,1.3
Mali,2025,8,24.24516129032258,9.54516129032258,6.41,96.19354838709677,1015.0645161290323,0.9419354838709677
Mali,2025,9,23.990000000000002,6.873333333333333,4.3,98.06666666666666,1015.0,0.6466666666666667
Mali,2025,10,24.470967741935485,5.638709677419355,0.0,87.29032258064517,1014.2258064516129,0.45806451612903226
Mali,2025,11,20.673333333333336,6.333333333333333,0.0,67.53333333333333,1013.7333333333333,0.13333333333333333
Mali,2025,12,19.825806451612905,7.761290322580645,0.49,36.516129032258064,1013.8387096774194,0.0
Mali,2026,1,19.93,8.78,0.28,36.2,1014.3333333333334,0.0
Mali,2026,2,19.533333333333335,6.6000000000000005,0.0,49.166666666666664,1013.3333333333334,0.0
Malta,2024,5,26.235294117647058,16.33529411764706,0.13,49.64705882352941,1012.9411764705883,5.764705882352941
Malta,2024,6,28.603333333333335,16.586666666666666,0.0,54.63333333333333,1013.9,6.166666666666667
Malta,2024,7,30.93448275862069,15.744827586206895,0.0,52.44827586206897,1013.1034482758621,6.896551724137931
Malta,2024,8,30.938709677419357,13.958064516129031,0.01,57.54838709677419,1013.0967741935484,7.032258064516129
Malta,2024,9,27.996666666666666,20.30666666666667,0.77,62.4,1015.0333333333333,6.633333333333334
Malta,2024,10,24.625806451612902,17.51290322580645,0.03,66.29032258064517,1019.258064516129,3.732258064516129
Malta,2024,11,20.543333333333333,17.75,6.12,69.6,1021.4,1.59
Malta,2024,12,16.551612903225806,27.274193548387096,1.36,66.90322580645162,1020.3548387096774,1.596774193548387
Malta,2025,1,16.96451612903226,24.925806451612903,2.39,71.74193548387096,1020.5483870967741,2.164516129032258
Malta,2025,2,15.710714285714285,21.035714285714285,1.1300000000000001,75.21428571428571,1022.3571428571429,2.7821428571428575
Malta,2025,3,17.483870967741936,25.570967741935487,3.1100000000000003,75.03225806451613,1015.4193548387096,3.170967741935484
Malta,2025,4,18.540000000000003,21.566666666666666,0.52,70.33333333333333,1015.8,4.303333333333333
Malta,2025,5,23.364516129032257,18.616129032258065,0.9099999999999999,60.25806451612903,1014.9354838709677,5.112903225806452
Malta,2025,6,28.98,10.926666666666668,0.0,50.833333333333336,1017.8,6.346666666666667
Malta,2025,7,30.690322580645162,17.44516129032258,0.04,53.58064516129032,1014.0967741935484,5.548387096774194
Malta,2025,8,28.612903225806452,13.725806451612904,0.01,64.64516129032258,1014.7096774193549,4.029032258064516
Malta,2025,9,26.763333333333332,13.523333333333333,1.8900000000000001,69.06666666666666,1017.3333333333334,2.646666666666667
Malta,2025,10,21.983870967741936,20.996774193548386,0.63,73.51612903225806,1017.258064516129,1.0483870967741935
Malta,2025,11,17.65666666666667,20.283333333333335,1.4100000000000001,78.4,1016.4,0.3933333333333333
Malta,2025,12,13.816129032258065,20.674193548387095,3.52,85.6774193548387,1017.3870967741935,0.1774193548387097
Malta,2026,1,13.446666666666665,31.653333333333332,4.43,81.9,1011.6,0.19666666666666668
Malta,2026,2,14.700000000000001,35.699999999999996,0.54,82.0,1005.0,0.25
Malásia,2024,7,24.3,6.5,1.55,93.0,1009.0,1.0
Marrocos,2024,7,40.3,16.9,0.0,14.0,1010.0,10.0
Marshall Islands,2024,5,28.35,16.625,7.48,82.0,1009.125,1.0
Marshall Islands,2024,6,28.296666666666667,11.613333333333333,10.06,81.26666666666667,1010.1333333333333,1.0
Marshall Islands,2024,7,28.42413793103448,16.755172413793105,13.760000000000002,79.82758620689656,1009.8965517241379,1.0
Marshall Islands,2024,8,28.364516129032257,12.761290322580646,9.3,79.03225806451613,1010.6451612903226,1.0
Marshall Islands,2024,9,28.496774193548386,10.196774193548388,17.44,80.25806451612904,1010.2258064516129,1.0
Marshall Islands,2024,10,28.58709677419355,15.219354838709679,7.44,79.83870967741936,1010.1935483870968,0.2903225806451613
Marshall Islands,2024,11,28.146666666666665,20.243333333333332,11.38,82.86666666666666,1009.3666666666667,0.03333333333333333
Marshall Islands,2024,12,28.0,34.690322580645166,7.890000000000001,82.41935483870968,1009.3225806451613,0.0
Marshall Islands,2025,1,28.038709677419355,34.480645161290326,3.6100000000000003,78.7741935483871,1010.0967741935484,0.03225806451612903
Marshall Islands,2025,2,27.557142857142857,30.32857142857143,3.29,81.5,1010.6071428571429,0.0
Marshall Islands,2025,3,28.141935483870967,32.21290322580645,3.93,80.90322580645162,1010.7096774193549,0.0
Marshall Islands,2025,4,27.833333333333332,29.953333333333333,3.62,82.66666666666667,1010.3666666666667,0.0
Marshall Islands,2025,5,28.187096774193545,27.06451612903226,3.37,82.54838709677419,1010.0322580645161,0.0
Marshall Islands,2025,6,28.09333333333333,25.953333333333333,4.57,81.46666666666667,1010.6666666666666,0.0
Marshall Islands,2025,7,27.616129032258065,23.46451612903226,16.8,84.41935483870968,1010.0,0.0
Marshall Islands,2025,8,28.17096774193548,18.612903225806452,10.12,81.93548387096774,1010.0967741935484,0.0
Marshall Islands,2025,9,28.236666666666668,15.56,9.38,80.4,1010.2666666666667,0.0
Marshall Islands,2025,10,27.916129032258063,18.70967741935484,8.55,82.2258064516129,1009.483870967742,0.025806451612903226
Marshall Islands,2025,11,28.216666666666665,25.59333333333333,13.14,81.53333333333333,1008.2666666666667,0.0033333333333333335
Marshall Islands,2025,12,27.809677419354838,25.41290322580645,12.16,83.0,1007.7741935483871,0.0
Marshall Islands,2026,1,28.75,26.503333333333334,3.08,77.9,1007.5666666666667,0.0
Marshall Islands,2026,2,28.55,33.96666666666667,2.91,80.66666666666667,1010.1666666666666,0.0
Mauritania,2024,5,25.876470588235293,23.41764705882353,0.0,52.705882352941174,1011.7058823529412,6.705882352941177
Mauritania,2024,6,27.44,21.279999999999998,0.0,55.166666666666664,1011.0333333333333,7.0
Mauritania,2024,7,26.20344827586207,21.110344827586207,0.0,72.3103448275862,1012.7241379310345,6.931034482758621
Mauritania,2024,8,28.02258064516129,19.174193548387095,0.36000000000000004,70.3225806451613,1011.3548387096774,6.935483870967742
Mauritania,2024,9,28.063333333333333,16.856666666666666,0.95,62.56666666666667,1011.8333333333334,6.933333333333334
Mauritania,2024,10,27.29032258064516,17.08709677419355,0.0,55.32258064516129,1012.9354838709677,2.8129032258064517
Mauritania,2024,11,24.93,18.583333333333332,0.0,37.86666666666667,1013.8333333333334,1.0166666666666666
Mauritania,2024,12,22.858064516129033,23.167741935483868,0.07,31.967741935483872,1016.8387096774194,1.8774193548387097
Mauritania,2025,1,20.09032258064516,25.92258064516129,0.0,30.0,1017.516129032258,2.5290322580645164
Mauritania,2025,2,20.57857142857143,25.400000000000002,0.0,32.07142857142857,1016.0,2.789285714285714
Mauritania,2025,3,19.361290322580647,23.032258064516128,0.0,56.32258064516129,1014.3870967741935,1.5193548387096774
Mauritania,2025,4,22.296666666666667,21.959999999999997,0.0,54.3,1011.9666666666667,1.55
Mauritania,2025,5,23.051612903225806,21.219354838709677,0.0,56.38709677419355,1012.516129032258,1.3774193548387097
Mauritania,2025,6,23.709999999999997,20.59,0.0,68.0,1012.7666666666667,1.3466666666666667
Mauritania,2025,7,24.05483870967742,20.41290322580645,0.8300000000000001,80.38709677419355,1013.1612903225806,0.7129032258064517
Mauritania,2025,8,25.925806451612903,16.970967741935485,0.65,80.61290322580645,1012.0645161290323,0.5064516129032258
Mauritania,2025,9,27.13,19.52,0.39,72.46666666666667,1011.7,0.27666666666666667
Mauritania,2025,10,27.04516129032258,16.493548387096773,0.07,57.87096774193548,1012.0645161290323,0.14193548387096774
Mauritania,2025,11,24.053333333333335,17.023333333333333,0.16,49.766666666666666,1013.3666666666667,0.04666666666666667
Mauritania,2025,12,19.009677419354837,19.806451612903224,1.3,48.354838709677416,1015.3548387096774,0.0
Mauritania,2026,1,17.61,21.496666666666666,0.0,45.13333333333333,1015.9,0.0
Mauritania,2026,2,18.783333333333335,17.766666666666666,0.0,51.666666666666664,1013.3333333333334,0.0
Mauritius,2024,5,23.823529411764707,16.241176470588233,0.88,79.88235294117646,1017.4705882352941,1.588235294117647
Mauritius,2024,6,23.39333333333333,19.523333333333333,2.55,73.7,1019.1333333333333,3.2666666666666666
Mauritius,2024,7,23.23793103448276,15.993103448275862,1.09,64.0,1018.8965517241379,6.517241379310345
Mauritius,2024,8,22.358064516129033,23.0258064516129,0.75,61.483870967741936,1020.1935483870968,6.387096774193548
Mauritius,2024,9,24.696666666666665,21.48,1.02,63.5,1019.3333333333334,6.7
Mauritius,2024,10,25.5,18.94516129032258,2.04,67.6774193548387,1017.516129032258,9.696774193548388
Mauritius,2024,11,27.743333333333332,19.466666666666665,0.81,66.33333333333333,1015.2666666666667,11.793333333333333
Mauritius,2024,12,28.741935483870968,19.080645161290324,3.81,62.54838709677419,1014.5806451612904,9.52258064516129
Mauritius,2025,1,30.461290322580645,18.461290322580645,3.33,63.74193548387097,1012.2903225806451,9.458064516129031
Mauritius,2025,2,30.75357142857143,16.092857142857145,10.780000000000001,71.14285714285714,1010.0357142857143,8.803571428571429
Mauritius,2025,3,30.503225806451614,16.206451612903226,10.35,69.2258064516129,1012.6129032258065,11.493548387096775
Mauritius,2025,4,29.07,17.473333333333336,6.44,73.93333333333334,1014.7,8.666666666666666
Mauritius,2025,5,27.103225806451615,22.23225806451613,2.62,71.29032258064517,1017.4193548387096,6.745161290322581
Mauritius,2025,6,25.466666666666665,22.886666666666667,1.67,64.1,1020.8666666666667,5.526666666666667
Mauritius,2025,7,23.948387096774194,24.4,0.77,67.7741935483871,1022.1612903225806,6.132258064516129
Mauritius,2025,8,23.98709677419355,22.05806451612903,1.18,67.87096774193549,1021.2903225806451,7.519354838709678
Mauritius,2025,9,24.633333333333333,21.486666666666668,1.7100000000000002,68.93333333333334,1021.2333333333333,9.596666666666666
Mauritius,2025,10,26.106451612903225,21.799999999999997,0.91,64.09677419354838,1019.3548387096774,10.312903225806451
Mauritius,2025,11,27.516666666666666,13.44,3.13,70.56666666666666,1016.6,10.826666666666666
Mauritius,2025,12,28.85483870967742,19.719354838709677,2.54,68.19354838709677,1015.483870967742,11.564516129032258
Mauritius,2026,1,28.506666666666668,20.040000000000003,1.98,73.2,1013.9666666666667,11.956666666666667
Mauritius,2026,2,30.016666666666666,17.466666666666665,0.49,68.5,1010.5,11.950000000000001
Mexico,2024,5,19.75294117647059,6.652941176470588,0.05,53.8235294117647,1026.3529411764705,5.411764705882353
Mexico,2024,6,17.716666666666665,8.19,4.54,62.93333333333333,1023.3,3.933333333333333
Mexico,2024,7,14.810714285714285,6.685714285714285,9.77,85.17857142857143,1023.25,1.0
Mexico,2024,8,14.77741935483871,5.487096774193549,2.07,85.09677419354838,1023.9677419354839,1.0
Mexico,2024,9,15.583333333333334,6.203333333333333,5.5,86.8,1022.4333333333333,1.0
Mexico,2024,10,12.003333333333334,6.680000000000001,0.0,85.93333333333334,1025.8333333333333,0.3
Mexico,2024,11,12.33448275862069,4.724137931034483,0.0,68.82758620689656,1023.1034482758621,0.0
Mexico,2024,12,10.393548387096773,5.790322580645161,0.0,74.96774193548387,1024.483870967742,0.0
Mexico,2025,1,10.946666666666665,5.6,0.0,70.8,1026.0333333333333,0.0
Mexico,2025,2,12.292857142857143,4.942857142857143,0.0,63.142857142857146,1026.5357142857142,0.0
Mexico,2025,3,14.548387096774194,4.970967741935484,0.0,51.16129032258065,1023.3548387096774,0.0
Mexico,2025,4,15.453333333333335,6.45,0.0,44.5,1024.6666666666667,0.0
Mexico,2025,5,17.546666666666667,5.663333333333333,0.0,60.36666666666667,1021.2333333333333,0.0
Mexico,2025,6,15.629999999999999,5.236666666666666,0.0,83.3,1023.2,0.0
Mexico,2025,7,14.770967741935483,4.693548387096774,0.0,85.0,1025.0967741935483,0.0
Mexico,2025,8,15.59032258064516,4.658064516129032,1.83,78.03225806451613,1028.0,0.0
Mexico,2025,9,15.9,5.08,3.09,80.1,1025.5666666666666,0.0
Mexico,2025,10,14.09032258064516,5.951612903225806,0.0,81.45161290322581,1023.1935483870968,0.0
Mexico,2025,11,12.71,5.576666666666667,0.01,60.0,1027.5,0.0
Mexico,2025,12,13.629032258064516,5.909677419354838,0.0,64.38709677419355,1027.6451612903227,0.0
Mexico,2026,1,13.043333333333333,5.0633333333333335,0.4,53.666666666666664,1027.7,0.0
Mexico,2026,2,11.816666666666668,6.900000000000001,0.0,62.833333333333336,1028.0,0.0
Mexique,2024,7,27.4,15.1,0.0,72.0,1013.0,7.0
Micronesia,2024,5,27.375,11.04375,11.12,86.75,1010.125,1.0
Micronesia,2024,6,27.151724137931033,8.055172413793104,19.330000000000002,89.06896551724138,1011.5172413793103,1.0
Micronesia,2024,7,27.23,8.823333333333332,22.03,86.2,1010.7333333333333,1.0
Micronesia,2024,8,27.238709677419354,7.329032258064516,3.12,84.35483870967742,1011.4193548387096,1.0
Micronesia,2024,9,26.616666666666667,9.463333333333333,13.91,90.66666666666667,1011.0,1.0
Micronesia,2024,10,28.1,13.2,13.45,82.70967741935483,1010.3548387096774,0.2903225806451613
Micronesia,2024,11,27.94333333333333,20.353333333333335,12.1,84.3,1009.7666666666667,0.03333333333333333
Micronesia,2024,12,27.761290322580646,31.206451612903226,12.700000000000001,84.41935483870968,1009.6774193548387,0.0
Micronesia,2025,1,28.02258064516129,33.3,4.62,81.45161290322581,1010.4193548387096,0.03225806451612903
Micronesia,2025,2,27.646428571428572,31.196428571428573,9.48,84.57142857142857,1010.7857142857143,0.0
Micronesia,2025,3,28.09032258064516,34.061290322580646,8.200000000000001,81.41935483870968,1010.8709677419355,0.0
Micronesia,2025,4,28.44,29.23,9.989999999999998,82.16666666666667,1010.2666666666667,0.0
Micronesia,2025,5,28.27741935483871,25.983870967741936,8.15,84.51612903225806,1009.3548387096774,0.0
Micronesia,2025,6,28.386666666666667,23.176666666666666,7.49,82.76666666666667,1010.4666666666667,0.0
Micronesia,2025,7,27.919354838709676,18.44516129032258,14.12,85.90322580645162,1009.9032258064516,0.0
Micronesia,2025,8,27.938709677419357,15.461290322580645,11.76,83.83870967741936,1010.0967741935484,0.0
Micronesia,2025,9,28.823333333333334,12.416666666666666,6.8100000000000005,81.53333333333333,1009.9666666666667,0.043333333333333335
Micronesia,2025,10,28.393548387096775,16.31935483870968,14.22,81.64516129032258,1009.483870967742,0.12903225806451613
Micronesia,2025,11,28.396666666666665,23.113333333333333,13.78,83.76666666666667,1008.1,0.030000000000000002
Micronesia,2025,12,28.870967741935484,28.09032258064516,4.49,80.90322580645162,1007.0,0.0
Micronesia,2026,1,29.483333333333334,27.803333333333335,4.29,76.76666666666667,1007.4333333333333,0.03333333333333333
Micronesia,2026,2,28.349999999999998,28.75,0.38,83.16666666666667,1009.3333333333334,0.16666666666666666
Monaco,2024,5,20.88235294117647,17.13529411764706,1.04,69.76470588235294,1011.4117647058823,4.882352941176471
Monaco,2024,6,23.579310344827583,18.25862068965517,1.3,69.89655172413794,1013.1724137931035,5.379310344827586
Monaco,2024,7,26.914285714285715,11.353571428571428,0.53,71.89285714285714,1013.6071428571429,6.25
Monaco,2024,8,28.55483870967742,11.51290322580645,2.66,65.19354838709677,1013.0645161290323,6.903225806451613
Monaco,2024,9,23.77,14.71,8.52,59.166666666666664,1012.5333333333333,5.533333333333333
Monaco,2024,10,19.561290322580643,7.690322580645161,16.45,71.3225806451613,1016.6451612903226,2.116129032258064
Monaco,2024,11,14.08,6.98,0.74,60.96666666666667,1020.6,0.7433333333333334
Monaco,2024,12,11.558064516129033,5.206451612903226,1.05,47.87096774193548,1021.2258064516129,0.8451612903225806
Monaco,2025,1,11.429032258064517,9.283870967741937,3.94,62.45161290322581,1018.0322580645161,0.8903225806451613
Monaco,2025,2,12.728571428571428,6.960714285714286,1.09,62.892857142857146,1021.9642857142857,1.4642857142857142
Monaco,2025,3,14.48709677419355,11.345161290322581,1.42,60.903225806451616,1014.516129032258,2.041935483870968
Monaco,2025,4,16.81,10.106666666666666,4.1,69.46666666666667,1015.0666666666667,2.5866666666666664
Monaco,2025,5,19.825806451612905,10.46774193548387,1.26,68.58064516129032,1014.1290322580645,3.7161290322580647
Monaco,2025,6,26.006666666666668,9.753333333333334,0.41000000000000003,70.53333333333333,1017.5,4.733333333333333
Monaco,2025,7,26.741935483870968,11.629032258064516,1.0699999999999998,58.935483870967744,1012.4193548387096,3.8419354838709676
Monaco,2025,8,27.083870967741937,9.019354838709678,1.37,56.064516129032256,1013.516129032258,2.635483870967742
Monaco,2025,9,21.40666666666667,6.89,0.2,57.733333333333334,1016.2,1.3933333333333333
Monaco,2025,10,17.0,5.719354838709678,7.73,60.87096774193548,1015.6774193548387,0.4032258064516129
Monaco,2025,11,10.616666666666667,9.129999999999999,4.8,62.7,1013.8333333333334,0.07
Monaco,2025,12,9.712903225806452,11.564516129032258,2.94,68.83870967741936,1016.8709677419355,0.0
Monaco,2026,1,7.48,10.21,3.4,63.2,1007.5666666666667,0.0
Monaco,2026,2,8.283333333333333,11.033333333333333,0.05,78.0,999.0,0.0
Mongolia,2024,5,13.058823529411764,10.205882352941176,0.44000000000000006,51.11764705882353,1013.2352941176471,1.2352941176470589
Mongolia,2024,6,15.323333333333332,10.986666666666668,7.960000000000001,58.3,1009.8333333333334,1.1
Mongolia,2024,7,20.224999999999998,10.657142857142857,1.1600000000000001,60.57142857142857,1007.0357142857143,2.7857142857142856
Mongolia,2024,8,16.748387096774195,9.361290322580645,6.65,75.3225806451613,1011.3870967741935,2.4193548387096775
Mongolia,2024,9,12.803333333333335,9.646666666666668,0.54,50.43333333333333,1016.5333333333333,1.5333333333333334
Mongolia,2024,10,-0.7806451612903227,8.958064516129031,0.30000000000000004,63.225806451612904,1021.6774193548387,0.6903225806451613
Mongolia,2024,11,-8.426666666666666,8.770000000000001,0.4,63.8,1026.3333333333333,0.17666666666666667
Mongolia,2024,12,-19.55483870967742,5.370967741935484,0.25,81.41935483870968,1029.9354838709678,0.0
Mongolia,2025,1,-18.483870967741936,5.951612903225806,0.19,71.29032258064517,1023.0967741935484,0.03225806451612903
Mongolia,2025,2,-12.532142857142857,6.035714285714286,0.08,54.75,1019.2142857142857,0.017857142857142856
Mongolia,2025,3,1.7032258064516128,7.877419354838709,0.43,35.87096774193548,1015.4193548387096,0.5580645161290323
Mongolia,2025,4,11.406666666666666,8.793333333333333,0.04,21.9,1010.1333333333333,1.45
Mongolia,2025,5,16.33225806451613,8.312903225806451,0.18,23.451612903225808,1010.1290322580645,2.490322580645161
Mongolia,2025,6,23.993333333333332,7.623333333333333,1.25,26.5,1009.4333333333333,3.0433333333333334
Mongolia,2025,7,25.58,5.963333333333334,1.7,33.03333333333333,1008.3666666666667,3.6166666666666667
Mongolia,2025,8,21.990322580645163,6.783870967741936,3.04,40.12903225806452,1010.3548387096774,2.925806451612903
Mongolia,2025,9,16.07,7.326666666666667,0.75,41.13333333333333,1014.0666666666667,2.1366666666666663
Mongolia,2025,10,2.5387096774193543,6.232258064516128,0.39,48.38709677419355,1021.483870967742,1.3806451612903226
Mongolia,2025,11,-4.87,7.533333333333333,0.29,56.3,1016.8666666666667,0.7566666666666666
Mongolia,2025,12,-16.496774193548386,6.129032258064516,0.09,66.83870967741936,1016.8387096774194,0.5419354838709678
Mongolia,2026,1,-18.459999999999997,5.316666666666666,0.12000000000000001,68.1,1019.7666666666667,0.64
Mongolia,2026,2,-15.016666666666666,9.066666666666666,0.0,61.0,1021.8333333333334,1.0833333333333333
Montenegro,2024,5,23.352941176470587,7.635294117647059,4.66,66.6470588235294,1012.2941176470588,5.117647058823529
Montenegro,2024,6,30.582758620689653,9.162068965517241,3.01,45.0,1012.3448275862069,6.689655172413793
Montenegro,2024,7,34.275862068965516,10.10344827586207,1.6300000000000001,33.241379310344826,1010.551724137931,7.862068965517241
Montenegro,2024,8,34.91935483870968,11.209677419354838,0.73,30.580645161290324,1010.2903225806451,8.290322580645162
Montenegro,2024,9,25.773333333333333,8.1,5.71,49.733333333333334,1012.8666666666667,5.833333333333333
Montenegro,2024,10,19.916129032258063,5.019354838709678,6.87,67.64516129032258,1019.9032258064516,2.883870967741936
Montenegro,2024,11,12.41,7.136666666666667,6.279999999999999,61.233333333333334,1021.9,1.1900000000000002
Montenegro,2024,12,9.748387096774193,6.948387096774193,30.33,68.83870967741936,1019.516129032258,0.9774193548387097
Montenegro,2025,1,10.01290322580645,6.187096774193549,2.95,72.93548387096774,1022.1290322580645,1.1806451612903226
Montenegro,2025,2,9.87142857142857,5.228571428571429,2.48,60.57142857142857,1024.7857142857142,1.7142857142857142
Montenegro,2025,3,14.32258064516129,6.670967741935484,10.89,61.61290322580645,1017.0967741935484,2.306451612903226
Montenegro,2025,4,17.333333333333332,7.1066666666666665,2.65,55.5,1015.7333333333333,3.9466666666666668
Montenegro,2025,5,20.72258064516129,7.829032258064516,3.33,53.516129032258064,1014.3225806451613,4.67741935483871
Montenegro,2025,6,29.759999999999998,7.426666666666666,0.02,34.7,1016.8666666666667,6.71
Montenegro,2025,7,30.69677419354839,9.30967741935484,1.17,36.193548387096776,1011.3225806451613,5.748387096774193
Montenegro,2025,8,29.206451612903226,6.387096774193548,1.73,37.83870967741935,1013.5806451612904,4.293548387096774
Montenegro,2025,9,24.116666666666667,5.246666666666667,1.88,55.06666666666667,1017.0666666666667,2.57
Montenegro,2025,10,15.429032258064517,7.209677419354839,7.91,66.54838709677419,1016.6451612903226,0.9096774193548387
Montenegro,2025,11,11.673333333333334,6.093333333333334,9.82,80.26666666666667,1015.6666666666666,0.25666666666666665
Montenegro,2025,12,4.32258064516129,7.422580645161291,1.5999999999999999,88.03225806451613,1019.516129032258,0.13870967741935483
Montenegro,2026,1,5.4366666666666665,7.04,24.83,84.6,1011.7666666666667,0.12333333333333334
Montenegro,2026,2,6.416666666666667,6.116666666666667,2.5199999999999996,93.33333333333333,1005.0,0.16666666666666666
Morocco,2024,5,21.9375,16.2375,0.0,62.8125,1013.75,5.5
Morocco,2024,6,23.65,17.296666666666667,0.02,64.1,1014.3666666666667,6.0
Morocco,2024,7,25.525000000000002,15.228571428571428,0.0,67.0,1014.3928571428571,6.428571428571429
Morocco,2024,8,26.5,14.780645161290321,0.0,66.16129032258064,1013.1612903225806,6.709677419354839
Morocco,2024,9,24.529999999999998,12.423333333333334,0.16,67.73333333333333,1014.6333333333333,6.133333333333334
Morocco,2024,10,21.73225806451613,12.399999999999999,1.36,77.7741935483871,1016.9032258064516,2.5
Morocco,2024,11,20.436666666666667,9.44,0.88,66.76666666666667,1019.1,0.77
Morocco,2024,12,17.345161290322583,9.596774193548388,0.7,65.29032258064517,1025.0,1.1774193548387097
Morocco,2025,1,15.96774193548387,13.596774193548388,1.5999999999999999,66.29032258064517,1023.4516129032259,1.4709677419354839
Morocco,2025,2,16.021428571428572,12.485714285714286,2.04,75.39285714285714,1021.6071428571429,1.8964285714285716
Morocco,2025,3,15.974193548387097,19.716129032258067,11.47,81.80645161290323,1013.3870967741935,1.5774193548387097
Morocco,2025,4,18.209999999999997,13.713333333333333,0.33,82.13333333333334,1014.0333333333333,2.2866666666666666
Morocco,2025,5,20.661290322580644,12.548387096774194,0.060000000000000005,73.38709677419355,1015.5806451612904,2.4516129032258065
Morocco,2025,6,24.35,12.436666666666667,0.01,69.76666666666667,1016.2,2.85
Morocco,2025,7,23.89677419354839,9.390322580645162,0.01,78.96774193548387,1014.5806451612904,2.1322580645161286
Morocco,2025,8,23.4741935483871,9.52258064516129,0.01,86.87096774193549,1014.0,1.4548387096774194
Morocco,2025,9,20.216666666666665,8.72,0.08,95.93333333333334,1016.1666666666666,0.6266666666666667
Morocco,2025,10,18.393548387096775,7.619354838709677,0.06,94.64516129032258,1016.1612903225806,0.22580645161290322
Morocco,2025,11,12.229999999999999,10.643333333333334,1.16,95.33333333333333,1017.8,0.03666666666666667
Morocco,2025,12,10.47741935483871,16.216129032258063,6.91,94.70967741935483,1016.3870967741935,0.0
Morocco,2026,1,11.743333333333334,19.993333333333332,6.1000000000000005,92.33333333333333,1016.5333333333333,0.0
Morocco,2026,2,13.433333333333332,31.849999999999998,1.6,96.0,1010.8333333333334,0.0
Mozambique,2024,5,26.33529411764706,13.194117647058823,0.02,55.05882352941177,1019.7647058823529,6.823529411764706
Mozambique,2024,6,24.68,14.893333333333334,0.33,53.666666666666664,1020.5666666666667,7.066666666666666
Mozambique,2024,7,26.56896551724138,15.620689655172415,0.04,38.48275862068966,1015.4827586206897,7.551724137931035
Mozambique,2024,8,26.5,20.177419354838708,0.71,46.70967741935484,1018.8709677419355,7.387096774193548
Mozambique,2024,9,25.736666666666668,19.483333333333334,1.42,55.3,1018.1666666666666,7.366666666666666
Mozambique,2024,10,26.0258064516129,14.887096774193548,0.59,55.70967741935484,1018.9032258064516,7.809677419354839
Mozambique,2024,11,27.6,11.936666666666667,0.30000000000000004,61.43333333333333,1015.8333333333334,8.7
Mozambique,2024,12,31.161290322580644,16.31290322580645,0.15,56.193548387096776,1012.3548387096774,11.074193548387097
Mozambique,2025,1,30.81935483870968,15.638709677419355,1.6300000000000001,62.12903225806452,1010.3548387096774,11.887096774193548
Mozambique,2025,2,29.810714285714287,16.053571428571427,6.74,66.46428571428571,1011.8214285714286,10.37857142857143
Mozambique,2025,3,28.780645161290323,11.135483870967741,1.34,65.61290322580645,1016.0,9.27741935483871
Mozambique,2025,4,26.36,12.183333333333334,1.67,66.13333333333334,1017.2666666666667,6.743333333333334
Mozambique,2025,5,24.287096774193547,11.412903225806453,0.01,60.67741935483871,1021.7741935483871,4.33225806451613
Mozambique,2025,6,22.290000000000003,14.303333333333335,0.06,59.13333333333333,1022.5666666666667,3.4200000000000004
Mozambique,2025,7,21.96451612903226,13.838709677419354,0.22,55.935483870967744,1025.7096774193549,3.206451612903226
Mozambique,2025,8,22.403225806451612,12.251612903225807,1.17,66.6774193548387,1022.3225806451613,3.8096774193548386
Mozambique,2025,9,23.46333333333333,14.146666666666667,0.5800000000000001,68.8,1020.7,4.276666666666667
Mozambique,2025,10,23.690322580645162,13.577419354838709,0.5800000000000001,67.54838709677419,1019.3548387096774,5.158064516129032
Mozambique,2025,11,24.25,12.663333333333332,4.66,72.6,1017.7,4.926666666666667
Mozambique,2025,12,24.75483870967742,13.548387096774194,3.13,73.83870967741936,1015.0322580645161,5.383870967741935
Mozambique,2026,1,25.166666666666668,10.923333333333334,9.719999999999999,84.83333333333333,1012.7333333333333,5.096666666666667
Mozambique,2026,2,27.5,6.3,0.12,71.33333333333333,1015.3333333333334,5.816666666666666
Myanmar,2024,5,28.876470588235293,14.594117647058823,13.59,79.58823529411765,1005.1764705882352,1.4705882352941178
Myanmar,2024,6,27.39333333333333,6.760000000000001,12.12,90.66666666666667,1006.2,1.0
Myanmar,2024,7,26.855172413793102,8.951724137931036,18.07,92.06896551724138,1004.9310344827586,1.6896551724137931
Myanmar,2024,8,27.219354838709677,8.47741935483871,28.54,88.3225806451613,1006.9354838709677,1.6129032258064515
Myanmar,2024,9,28.566666666666666,9.09,23.28,88.93333333333334,1004.3333333333334,3.6
Myanmar,2024,10,29.748387096774195,8.329032258064515,13.21,77.6774193548387,1006.7096774193549,2.735483870967742
Myanmar,2024,11,30.34333333333333,9.206666666666667,12.08,68.56666666666666,1008.6333333333333,1.7866666666666666
Myanmar,2024,12,29.874193548387098,7.580645161290323,0.22,61.193548387096776,1009.258064516129,0.13870967741935483
Myanmar,2025,1,30.98709677419355,8.358064516129033,0.0,58.483870967741936,1010.0,0.264516129032258
Myanmar,2025,2,33.36785714285714,12.289285714285715,0.0,56.32142857142857,1009.5,0.5678571428571428
Myanmar,2025,3,36.012903225806454,17.870967741935484,0.0,50.38709677419355,1007.0967741935484,1.2225806451612902
Myanmar,2025,4,33.89,19.4,2.17,59.46666666666667,1007.1666666666666,2.5166666666666666
Myanmar,2025,5,31.85483870967742,16.425806451612903,10.31,73.45161290322581,1004.9677419354839,2.6225806451612903
Myanmar,2025,6,30.086666666666666,14.996666666666668,30.44,78.8,1004.9,1.8033333333333335
Myanmar,2025,7,29.032258064516128,16.738709677419354,53.379999999999995,84.35483870967742,1004.0645161290323,2.3419354838709676
Myanmar,2025,8,29.983870967741936,13.358064516129033,27.42,79.41935483870968,1006.3870967741935,4.038709677419355
Myanmar,2025,9,29.790000000000003,12.303333333333335,18.990000000000002,82.13333333333334,1005.4333333333333,5.193333333333333
Myanmar,2025,10,31.77741935483871,9.306451612903226,13.9,70.74193548387096,1008.2258064516129,5.306451612903226
Myanmar,2025,11,30.096666666666668,9.833333333333334,10.97,69.4,1009.8,4.713333333333334
Myanmar,2025,12,31.193548387096776,7.829032258064516,0.0,55.483870967741936,1011.0967741935484,6.029032258064516
Myanmar,2026,1,31.06,6.096666666666667,0.0,56.93333333333333,1013.0333333333333,6.72
Myanmar,2026,2,32.56666666666666,6.966666666666666,0.0,55.5,1013.6666666666666,7.416666666666667
Namibia,2024,5,24.470588235294116,14.51764705882353,0.0,20.529411764705884,1025.8823529411766,6.823529411764706
Namibia,2024,6,20.803448275862067,16.69655172413793,0.0,19.896551724137932,1022.2758620689655,6.413793103448276
Namibia,2024,7,22.348275862068967,19.675862068965518,0.0,8.379310344827585,1018.6551724137931,6.655172413793103
Namibia,2024,8,25.980645161290322,20.193548387096776,0.0,8.67741935483871,1015.4193548387096,7.806451612903226
Namibia,2024,9,25.736666666666668,22.613333333333333,0.0,14.866666666666667,1018.9333333333333,7.866666666666666
Namibia,2024,10,27.348387096774196,18.75483870967742,0.0,14.451612903225806,1020.8387096774194,9.593548387096773
Namibia,2024,11,28.446666666666665,15.483333333333333,0.5599999999999999,22.0,1019.3333333333334,9.943333333333333
Namibia,2024,12,30.87741935483871,17.08709677419355,1.28,20.29032258064516,1015.6774193548387,13.48709677419355
Namibia,2025,1,28.958064516129035,15.519354838709678,1.75,28.35483870967742,1014.0322580645161,14.170967741935485
Namibia,2025,2,27.739285714285717,17.242857142857144,1.37,38.714285714285715,1013.5,13.664285714285715
Namibia,2025,3,24.0,16.63225806451613,4.53,63.67741935483871,1022.0,8.448387096774193
Namibia,2025,4,21.886666666666667,17.35666666666667,4.47,57.46666666666667,1024.0666666666666,6.166666666666667
Namibia,2025,5,18.177419354838708,18.070967741935487,0.0,44.61290322580645,1027.4516129032259,4.229032258064516
Namibia,2025,6,15.42,17.53666666666667,0.0,38.1,1027.3333333333333,3.5733333333333333
Namibia,2025,7,15.40967741935484,21.316129032258065,0.0,38.41935483870968,1027.516129032258,2.925806451612903
Namibia,2025,8,16.24516129032258,16.116129032258065,0.04,27.774193548387096,1026.3548387096773,3.1548387096774193
Namibia,2025,9,21.55,18.66,0.0,22.4,1024.9,3.3666666666666667
Namibia,2025,10,22.903225806451612,16.003225806451614,0.02,36.61290322580645,1023.6451612903226,4.377419354838709
Namibia,2025,11,23.533333333333335,16.533333333333335,0.08,42.56666666666667,1022.1333333333333,4.4366666666666665
Namibia,2025,12,22.274193548387096,16.31290322580645,0.63,65.12903225806451,1020.6129032258065,3.9000000000000004
Namibia,2026,1,23.706666666666667,11.313333333333333,0.06,47.733333333333334,1017.9333333333333,4.056666666666667
Namibia,2026,2,20.733333333333334,8.166666666666666,0.01,68.66666666666667,1019.3333333333334,2.9166666666666665
Nepal,2024,5,24.941176470588236,9.782352941176471,2.0999999999999996,66.58823529411765,1011.3529411764706,1.411764705882353
Nepal,2024,6,25.59333333333333,9.936666666666667,17.94,70.06666666666666,1007.8,1.1666666666666667
Nepal,2024,7,23.839285714285715,6.285714285714286,28.3,88.60714285714286,1005.0,4.25
Nepal,2024,8,23.148387096774194,7.851612903225806,29.49,87.83870967741936,1008.7741935483871,3.064516129032258
Nepal,2024,9,25.240000000000002,7.930000000000001,26.58,77.1,1012.1333333333333,3.8
Nepal,2024,10,22.496774193548386,6.22258064516129,5.41,69.09677419354838,1010.741935483871,2.370967741935484
Nepal,2024,11,19.826666666666664,5.443333333333333,5.73,56.333333333333336,1015.5333333333333,1.47
Nepal,2024,12,13.654838709677419,5.096774193548387,0.13,53.25806451612903,1014.5806451612904,0.13870967741935483
Nepal,2025,1,17.61935483870968,6.461290322580646,0.060000000000000005,46.483870967741936,1016.1935483870968,0.2903225806451613
Nepal,2025,2,19.607142857142858,10.660714285714286,0.16999999999999998,42.32142857142857,1015.6785714285714,0.5785714285714285
Nepal,2025,3,24.26774193548387,12.329032258064515,1.25,35.16129032258065,1014.1290322580645,1.7225806451612902
Nepal,2025,4,26.15666666666667,10.743333333333334,17.23,38.766666666666666,1014.3666666666667,2.7800000000000002
Nepal,2025,5,26.161290322580644,6.893548387096774,27.32,57.0,1011.6774193548387,3.070967741935484
Nepal,2025,6,27.44,6.3533333333333335,33.48,64.56666666666666,1009.1,4.29
Nepal,2025,7,27.625806451612902,6.15483870967742,38.519999999999996,68.70967741935483,1007.8387096774194,4.812903225806451
Nepal,2025,8,26.80322580645161,5.129032258064516,31.46,74.96774193548387,1011.7096774193549,4.461290322580646
Nepal,2025,9,27.35666666666667,5.206666666666666,31.12,66.9,1013.4333333333333,4.9766666666666675
Nepal,2025,10,24.793548387096774,4.970967741935484,10.78,53.96774193548387,1018.0967741935484,5.019354838709678
Nepal,2025,11,21.55,5.043333333333334,2.02,46.7,1019.7666666666667,3.9733333333333336
Nepal,2025,12,18.52258064516129,4.861290322580645,0.0,45.483870967741936,1019.9677419354839,3.567741935483871
Nepal,2026,1,16.655172413793103,5.182758620689656,1.12,44.689655172413794,1021.4137931034483,3.9896551724137934
Nepal,2026,2,18.45,5.933333333333334,0.0,43.0,1022.3333333333334,5.45
Netherlands,2024,5,18.235294117647058,19.029411764705884,6.95,73.0,1010.4705882352941,4.0
Netherlands,2024,6,18.653333333333332,18.783333333333335,4.07,64.43333333333334,1013.5,4.533333333333333
Netherlands,2024,7,20.667857142857144,19.27857142857143,2.84,63.607142857142854,1013.75,5.107142857142857
Netherlands,2024,8,22.838709677419356,19.596774193548388,0.9500000000000001,58.54838709677419,1014.1612903225806,5.870967741935484
Netherlands,2024,9,18.336666666666666,19.470000000000002,9.5,73.86666666666666,1013.8,4.933333333333334
Netherlands,2024,10,13.5,15.535483870967743,1.78,84.6774193548387,1015.3548387096774,1.3419354838709678
Netherlands,2024,11,7.733333333333333,15.326666666666666,3.15,86.63333333333334,1019.4333333333333,0.3466666666666667
Netherlands,2024,12,6.94516129032258,19.44193548387097,4.6,86.6774193548387,1020.3548387096774,0.2064516129032258
Netherlands,2025,1,4.693548387096774,15.258064516129032,5.21,87.80645161290323,1013.516129032258,0.3548387096774194
Netherlands,2025,2,4.746428571428572,15.135714285714286,1.3299999999999998,82.78571428571429,1023.3928571428571,0.6428571428571429
Netherlands,2025,3,9.3,13.27741935483871,0.21000000000000002,68.58064516129032,1017.5806451612904,1.564516129032258
Netherlands,2025,4,12.75,12.866666666666667,0.63,67.33333333333333,1018.5666666666667,2.07
Netherlands,2025,5,15.538709677419355,16.029032258064515,1.07,65.16129032258064,1017.1612903225806,2.6870967741935483
Netherlands,2025,6,19.446666666666665,18.336666666666666,2.19,67.16666666666667,1016.4333333333333,3.3699999999999997
Netherlands,2025,7,20.693548387096776,13.964516129032257,3.16,68.54838709677419,1014.0322580645161,2.8225806451612905
Netherlands,2025,8,19.31935483870968,14.158064516129032,1.04,72.93548387096774,1015.9677419354839,1.867741935483871
Netherlands,2025,9,15.266666666666667,18.30666666666667,1.86,81.83333333333333,1015.4666666666667,0.7233333333333333
Netherlands,2025,10,11.990322580645161,17.919354838709676,3.31,86.93548387096774,1012.516129032258,0.16451612903225804
Netherlands,2025,11,7.65,16.243333333333332,6.57,87.86666666666666,1010.1333333333333,0.016666666666666666
Netherlands,2025,12,5.780645161290322,15.974193548387097,0.92,86.35483870967742,1016.8064516129032,0.0
Netherlands,2026,1,2.146666666666667,16.203333333333333,4.5,88.13333333333334,1003.8333333333334,0.0
Netherlands,2026,2,1.7166666666666666,16.866666666666667,0.05,91.0,996.8333333333334,0.0
New Zealand,2024,5,10.5,22.23125,0.85,80.375,1012.4375,1.0
New Zealand,2024,6,10.553333333333335,16.38,4.03,83.53333333333333,1016.9,1.0
New Zealand,2024,7,9.920689655172414,21.989655172413794,8.81,83.6896551724138,1018.6896551724138,1.0
New Zealand,2024,8,10.364516129032259,24.664516129032258,7.8100000000000005,80.80645161290323,1016.8064516129032,1.0
New Zealand,2024,9,12.02258064516129,27.97741935483871,14.06,76.54838709677419,1010.1935483870968,1.0
New Zealand,2024,10,12.303225806451612,25.70967741935484,7.13,82.83870967741936,1013.258064516129,0.2903225806451613
New Zealand,2024,11,13.85,25.796666666666667,2.6399999999999997,79.23333333333333,1018.1333333333333,0.03333333333333333
New Zealand,2024,12,15.903225806451612,29.674193548387095,4.22,84.06451612903226,1008.4193548387096,0.0
New Zealand,2025,1,15.82258064516129,23.151612903225807,2.0,78.61290322580645,1012.5806451612904,0.03225806451612903
New Zealand,2025,2,17.785714285714285,18.36785714285714,0.5800000000000001,80.35714285714286,1017.3571428571429,0.0
New Zealand,2025,3,16.419354838709676,21.76451612903226,0.73,80.93548387096774,1018.6451612903226,0.0
New Zealand,2025,4,15.94,21.013333333333332,7.2299999999999995,79.2,1016.6,0.0
New Zealand,2025,5,13.296774193548387,26.26774193548387,6.3,79.87096774193549,1018.3225806451613,0.0
New Zealand,2025,6,11.4,23.986666666666668,13.05,79.63333333333334,1013.7,0.0
New Zealand,2025,7,10.970967741935485,19.358064516129033,6.17,79.6774193548387,1016.3548387096774,0.0
New Zealand,2025,8,10.361290322580645,25.690322580645162,3.02,74.6774193548387,1019.516129032258,0.0
New Zealand,2025,9,12.813333333333333,31.533333333333335,1.26,69.83333333333333,1009.9,0.0
New Zealand,2025,10,13.719354838709679,32.3741935483871,1.51,78.16129032258064,1007.3548387096774,0.009677419354838712
New Zealand,2025,11,16.643333333333334,28.186666666666667,0.99,74.66666666666667,1011.5666666666667,0.07666666666666667
New Zealand,2025,12,17.25483870967742,29.01290322580645,3.7,73.48387096774194,1007.8387096774194,0.16774193548387098
New Zealand,2026,1,17.953333333333333,23.27,3.18,74.33333333333333,1007.9,0.14
New Zealand,2026,2,17.683333333333334,27.483333333333334,0.8300000000000001,72.83333333333333,1011.6666666666666,0.09999999999999999
Nicaragua,2024,5,29.188235294117646,8.076470588235294,2.51,78.05882352941177,1011.3529411764706,6.352941176470588
Nicaragua,2024,6,26.746666666666666,6.22,12.7,87.73333333333333,1010.7,6.133333333333334
Nicaragua,2024,7,24.342857142857145,7.192857142857143,1.51,91.07142857142857,1011.1785714285714,6.0
Nicaragua,2024,8,24.1,5.735483870967743,2.45,92.90322580645162,1011.5806451612904,5.870967741935484
Nicaragua,2024,9,24.733333333333334,5.443333333333333,11.14,95.26666666666667,1009.0,3.3
Nicaragua,2024,10,22.823333333333334,6.216666666666667,11.120000000000001,91.43333333333334,1010.0333333333333,0.3
Nicaragua,2024,11,22.5,4.955172413793103,9.97,92.75862068965517,1009.7586206896551,0.0
Nicaragua,2024,12,22.712903225806453,10.196774193548388,0.18,87.41935483870968,1011.0645161290323,0.0
Nicaragua,2025,1,23.60666666666667,12.456666666666667,0.0,85.1,1012.0,0.0
Nicaragua,2025,2,23.49285714285714,14.778571428571428,0.02,87.17857142857143,1011.2857142857143,0.0
Nicaragua,2025,3,23.980645161290322,15.5,0.0,79.58064516129032,1011.3548387096774,0.0
Nicaragua,2025,4,25.073333333333334,17.52,0.030000000000000002,72.23333333333333,1010.9333333333333,0.0
Nicaragua,2025,5,26.083333333333332,13.896666666666667,4.91,77.0,1010.3333333333334,0.0
Nicaragua,2025,6,24.073333333333334,11.34,1.8,86.86666666666666,1010.8666666666667,0.0
Nicaragua,2025,7,24.08709677419355,13.564516129032258,0.0,84.29032258064517,1011.8064516129032,0.0
Nicaragua,2025,8,24.070967741935487,9.464516129032257,0.61,86.38709677419355,1011.8064516129032,0.0
Nicaragua,2025,9,24.38,6.803333333333333,9.940000000000001,89.66666666666667,1011.0666666666667,0.0
Nicaragua,2025,10,23.225806451612904,4.909677419354838,13.06,92.35483870967742,1010.4193548387096,0.0
Nicaragua,2025,11,23.026666666666664,9.736666666666668,0.43,87.93333333333334,1011.5666666666667,0.0
Nicaragua,2025,12,22.951612903225808,11.19032258064516,0.09,84.51612903225806,1011.9354838709677,0.0
Nicaragua,2026,1,22.42413793103448,13.741379310344827,0.0,78.13793103448276,1012.9310344827586,0.0
Nicaragua,2026,2,22.233333333333334,16.150000000000002,0.0,66.16666666666667,1015.8333333333334,0.0
Niger,2024,5,40.588235294117645,15.764705882352942,0.0,21.058823529411764,1008.0,9.823529411764707
Niger,2024,6,37.32,17.09333333333333,0.26,31.033333333333335,1009.5666666666667,9.166666666666666
Niger,2024,7,32.81071428571429,18.125,0.21,50.714285714285715,1011.4285714285714,8.285714285714286
Niger,2024,8,30.806451612903224,20.651612903225807,9.0,59.87096774193548,1011.3870967741935,7.129032258064516
Niger,2024,9,30.413333333333334,13.243333333333334,2.98,64.16666666666667,1013.3,7.6
Niger,2024,10,31.63225806451613,13.874193548387098,0.0,51.61290322580645,1013.6451612903226,5.087096774193548
Niger,2024,11,27.666666666666668,23.0,0.0,21.233333333333334,1015.0666666666667,3.0266666666666664
Niger,2024,12,27.6,24.66774193548387,0.0,15.193548387096774,1016.0645161290323,5.564516129032258
Niger,2025,1,28.006451612903227,23.919354838709676,0.0,14.35483870967742,1015.3548387096774,5.503225806451613
Niger,2025,2,30.107142857142858,22.764285714285712,0.0,12.857142857142858,1013.25,5.8500000000000005
Niger,2025,3,34.38387096774194,19.493548387096773,0.0,14.290322580645162,1010.7096774193549,4.593548387096774
Niger,2025,4,34.096666666666664,16.58,0.0,30.4,1009.9666666666667,4.503333333333333
Niger,2025,5,32.76129032258065,19.483870967741936,0.0,47.645161290322584,1011.5806451612904,3.4935483870967743
Niger,2025,6,30.34,22.176666666666666,0.0,59.43333333333333,1013.1333333333333,3.2866666666666666
Niger,2025,7,27.24516129032258,22.416129032258063,0.03,76.19354838709677,1014.258064516129,2.57741935483871
Niger,2025,8,25.751612903225805,18.851612903225806,0.41,84.48387096774194,1013.8064516129032,1.8903225806451613
Niger,2025,9,26.66,16.693333333333335,0.0,80.16666666666667,1013.3333333333334,1.65
Niger,2025,10,27.429032258064513,11.09032258064516,3.66,61.58064516129032,1012.6451612903226,0.9935483870967742
Niger,2025,11,24.303333333333335,13.463333333333333,0.0,32.06666666666667,1012.8333333333334,0.5466666666666666
Niger,2025,12,22.216129032258067,14.209677419354838,0.0,27.774193548387096,1012.1290322580645,0.26129032258064516
Niger,2026,1,20.696666666666665,16.176666666666666,0.0,23.133333333333333,1013.2666666666667,0.28
Niger,2026,2,22.21666666666667,13.933333333333332,0.0,20.5,1011.5,0.2833333333333334
Nigeria,2024,5,33.3235294117647,10.770588235294117,0.0,54.588235294117645,1010.8823529411765,8.411764705882353
Nigeria,2024,6,30.043333333333333,10.629999999999999,3.28,66.8,1012.4,7.266666666666667
Nigeria,2024,7,27.089655172413792,10.517241379310345,15.36,80.20689655172414,1014.2758620689655,5.827586206896552
Nigeria,2024,8,26.361290322580647,11.858064516129033,15.780000000000001,79.96774193548387,1014.1290322580645,5.67741935483871
Nigeria,2024,9,28.173333333333336,7.553333333333333,11.04,76.33333333333333,1014.9666666666667,5.966666666666667
Nigeria,2024,10,27.30322580645161,4.919354838709677,2.4,79.58064516129032,1015.0,4.967741935483871
Nigeria,2024,11,29.19,8.38,0.0,43.56666666666667,1014.1,4.036666666666666
Nigeria,2024,12,32.72258064516129,5.774193548387097,0.0,23.322580645161292,1013.741935483871,6.554838709677419
Nigeria,2025,1,32.12903225806452,6.522580645161291,0.0,25.677419354838708,1013.6129032258065,5.974193548387096
Nigeria,2025,2,32.61785714285715,7.45,0.0,31.035714285714285,1012.2857142857143,6.928571428571429
Nigeria,2025,3,31.22258064516129,7.558064516129033,0.0,60.774193548387096,1012.9677419354839,5.709677419354839
Nigeria,2025,4,29.71333333333333,8.08,0.79,69.0,1012.6333333333333,5.430000000000001
Nigeria,2025,5,27.683870967741935,7.729032258064516,2.82,77.64516129032258,1014.7096774193549,4.090322580645161
Nigeria,2025,6,26.033333333333335,7.573333333333333,0.69,82.96666666666667,1016.0,3.646666666666667
Nigeria,2025,7,24.593548387096774,7.729032258064516,10.370000000000001,89.45161290322581,1017.1935483870968,2.0548387096774197
Nigeria,2025,8,23.848387096774193,6.825806451612903,10.2,91.83870967741936,1016.3548387096774,1.7999999999999998
Nigeria,2025,9,24.39,5.52,4.81,90.83333333333333,1015.7666666666667,2.033333333333333
Nigeria,2025,10,24.664516129032258,4.319354838709677,0.06999999999999999,89.35483870967742,1014.5806451612904,1.6
Nigeria,2025,11,24.69,4.58,0.0,78.0,1013.9666666666667,1.0866666666666667
Nigeria,2025,12,23.396774193548385,4.309677419354839,0.0,68.16129032258064,1012.516129032258,0.6096774193548387
Nigeria,2026,1,22.59333333333333,6.430000000000001,0.0,48.233333333333334,1012.6,0.56
Nigeria,2026,2,24.433333333333334,4.133333333333334,0.0,72.16666666666667,1012.3333333333334,0.48333333333333334
North Korea,2024,5,16.66470588235294,8.505882352941176,0.02,69.05882352941177,1011.8235294117648,1.2352941176470589
North Korea,2024,6,20.42,5.16,0.01,67.23333333333333,1007.4666666666667,1.0
North Korea,2024,7,23.57857142857143,10.992857142857144,12.16,90.67857142857143,1004.8571428571429,1.0
North Korea,2024,8,25.05483870967742,6.325806451612903,3.68,86.54838709677419,1006.9354838709677,1.0
North Korea,2024,9,22.029999999999998,8.446666666666667,2.0,79.26666666666667,1013.3333333333334,1.9333333333333333
North Korea,2024,10,15.780645161290321,9.422580645161291,0.5700000000000001,62.645161290322584,1019.6129032258065,1.1612903225806452
North Korea,2024,11,8.33,10.323333333333332,0.78,55.0,1021.9,0.03333333333333333
North Korea,2024,12,-1.5838709677419356,9.880645161290323,0.03,51.32258064516129,1023.7096774193549,0.0
North Korea,2025,1,-3.0387096774193547,10.206451612903225,0.2,58.096774193548384,1024.3548387096773,0.03225806451612903
North Korea,2025,2,-3.3892857142857147,14.125,0.0,64.60714285714286,1024.1785714285713,0.0
North Korea,2025,3,8.535483870967743,16.700000000000003,0.35000000000000003,38.96774193548387,1017.2258064516129,0.07096774193548387
North Korea,2025,4,14.49,16.92,4.6,48.266666666666666,1009.6333333333333,0.36000000000000004
North Korea,2025,5,19.361290322580647,17.580645161290324,3.6500000000000004,54.064516129032256,1009.4193548387096,0.8741935483870968
North Korea,2025,6,25.6,16.03666666666667,1.84,56.13333333333333,1005.4,1.1333333333333333
North Korea,2025,7,29.348387096774193,10.341935483870968,8.23,69.64516129032258,1005.516129032258,1.403225806451613
North Korea,2025,8,28.24516129032258,11.119354838709677,11.709999999999999,72.54838709677419,1007.2903225806451,1.3387096774193548
North Korea,2025,9,24.55666666666667,9.879999999999999,4.77,68.06666666666666,1012.3333333333334,0.9
North Korea,2025,10,16.238709677419354,11.816129032258065,3.34,63.87096774193548,1020.1290322580645,0.6451612903225806
North Korea,2025,11,9.843333333333334,13.833333333333334,0.08,48.86666666666667,1020.7,0.39333333333333337
North Korea,2025,12,2.865091676452017e-17,13.27741935483871,1.84,59.41935483870968,1023.5483870967741,0.27741935483870966
North Korea,2026,1,-4.593333333333334,15.746666666666666,1.08,47.266666666666666,1023.9666666666667,0.36666666666666664
North Korea,2026,2,-0.5499999999999999,17.099999999999998,0.0,43.333333333333336,1024.1666666666667,0.6
Norway,2024,5,19.294117647058822,17.058823529411764,2.47,48.294117647058826,1016.5294117647059,5.176470588235294
Norway,2024,6,13.076666666666666,35.513333333333335,2.28,73.76666666666667,1006.5333333333333,4.9
Norway,2024,7,16.275,22.414285714285715,5.58,72.67857142857143,1008.3571428571429,4.714285714285714
Norway,2024,8,16.712903225806453,28.458064516129035,5.04,71.03225806451613,1005.1935483870968,4.935483870967742
Norway,2024,9,11.826666666666666,20.016666666666666,2.66,78.53333333333333,1013.5,4.2
Norway,2024,10,9.570967741935483,7.503225806451613,0.8600000000000001,82.35483870967742,1009.516129032258,1.1838709677419357
Norway,2024,11,2.2866666666666666,7.319999999999999,0.53,78.86666666666666,1011.9,0.19333333333333333
Norway,2024,12,0.667741935483871,8.05483870967742,0.8899999999999999,81.03225806451613,1011.6451612903226,0.0967741935483871
Norway,2025,1,-1.8838709677419354,7.138709677419355,3.06,85.35483870967742,1005.8064516129032,0.21935483870967745
Norway,2025,2,-2.692857142857143,6.3,0.45,81.92857142857143,1025.4285714285713,0.43928571428571433
Norway,2025,3,4.241935483870968,7.683870967741935,0.29000000000000004,73.2258064516129,1012.0967741935484,1.0451612903225806
Norway,2025,4,9.286666666666667,8.383333333333333,0.56,67.83333333333333,1017.5666666666667,1.65
Norway,2025,5,11.399999999999999,12.616129032258065,2.98,64.03225806451613,1014.2903225806451,2.3870967741935485
Norway,2025,6,15.053333333333335,12.593333333333334,0.88,64.4,1008.1333333333333,2.8633333333333337
Norway,2025,7,19.919354838709676,8.864516129032259,2.83,67.03225806451613,1011.3870967741935,2.667741935483871
Norway,2025,8,15.290322580645162,9.629032258064516,1.24,73.06451612903226,1010.9354838709677,1.6612903225806452
Norway,2025,9,13.16,6.913333333333333,8.83,83.5,1010.1,0.6166666666666667
Norway,2025,10,8.219354838709679,7.103225806451612,9.99,84.45161290322581,1007.741935483871,0.10967741935483871
Norway,2025,11,3.2233333333333336,8.42,3.1,84.5,1005.6333333333333,0.0
Norway,2025,12,2.596774193548387,8.8,5.35,87.58064516129032,1011.5483870967741,0.0
Norway,2026,1,-2.2517241379310344,8.172413793103448,3.35,78.51724137931035,1009.1724137931035,0.0
Norway,2026,2,-5.233333333333333,6.966666666666666,0.27,69.5,1017.3333333333334,0.0
Oman,2024,5,36.76470588235294,9.63529411764706,0.0,34.705882352941174,1001.8823529411765,7.882352941176471
Oman,2024,6,36.82666666666667,13.65,0.0,49.4,997.6,8.633333333333333
Oman,2024,7,35.800000000000004,15.389655172413793,0.0,54.724137931034484,994.0,8.413793103448276
Oman,2024,8,31.93548387096774,15.361290322580645,0.0,65.58064516129032,998.9677419354839,7.967741935483871
Oman,2024,9,32.88,14.116666666666667,0.36,62.4,1002.9666666666667,7.933333333333334
Oman,2024,10,32.52903225806452,16.31935483870968,0.060000000000000005,57.16129032258065,1009.483870967742,7.27741935483871
Oman,2024,11,30.529999999999998,10.99,0.0,51.0,1013.9666666666667,5.77
Oman,2024,12,25.516129032258064,15.90967741935484,0.0,46.67741935483871,1016.258064516129,3.5290322580645164
Oman,2025,1,23.845161290322583,16.496774193548386,0.07,47.483870967741936,1016.6129032258065,3.832258064516129
Oman,2025,2,25.667857142857144,18.15357142857143,0.0,57.17857142857143,1014.5,4.9678571428571425
Oman,2025,3,28.874193548387098,19.241935483870968,0.0,40.96774193548387,1014.0645161290323,8.703225806451613
Oman,2025,4,35.693333333333335,19.78666666666667,0.0,29.733333333333334,1008.6666666666666,10.126666666666667
Oman,2025,5,37.71612903225807,21.322580645161292,0.0,40.935483870967744,1002.9354838709677,10.838709677419354
Oman,2025,6,39.026666666666664,17.516666666666666,0.0,41.766666666666666,998.9,10.726666666666667
Oman,2025,7,34.12903225806452,14.600000000000001,0.0,72.83870967741936,997.0,10.474193548387097
Oman,2025,8,34.3,16.5258064516129,0.0,67.54838709677419,1000.8387096774194,10.587096774193547
Oman,2025,9,33.72666666666667,15.083333333333334,0.0,67.53333333333333,1004.7,9.423333333333334
Oman,2025,10,33.303225806451614,12.648387096774194,0.0,49.61290322580645,1010.6451612903226,7.258064516129032
Oman,2025,11,29.273333333333333,9.746666666666666,0.0,44.63333333333333,1017.4,5.8566666666666665
Oman,2025,12,26.164516129032258,10.745161290322581,0.01,50.74193548387097,1017.2903225806451,4.870967741935484
Oman,2026,1,23.90666666666667,11.823333333333332,0.2,51.9,1019.4666666666667,5.243333333333334
Oman,2026,2,24.599999999999998,10.799999999999999,0.0,69.66666666666667,1020.0,5.6000000000000005
Pakistan,2024,5,34.38823529411765,12.588235294117647,0.0,17.58823529411765,999.8235294117648,7.882352941176471
Pakistan,2024,6,36.72666666666667,13.32,2.02,18.766666666666666,997.5,8.733333333333333
Pakistan,2024,7,36.83571428571429,9.771428571428572,0.01,37.07142857142857,994.5714285714286,8.892857142857142
Pakistan,2024,8,31.032258064516128,6.66774193548387,4.93,62.83870967741935,1001.3870967741935,7.161290322580645
Pakistan,2024,9,32.27333333333333,6.616666666666666,0.14,46.333333333333336,1003.4,8.033333333333333
Pakistan,2024,10,31.17096774193548,9.580645161290322,0.0,25.161290322580644,1009.1612903225806,4.648387096774194
Pakistan,2024,11,25.503333333333334,9.04,0.0,22.5,1013.5666666666667,2.603333333333333
Pakistan,2024,12,18.87741935483871,8.40967741935484,0.02,17.967741935483872,1015.6451612903226,0.7967741935483871
Pakistan,2025,1,19.751612903225805,9.8,0.02,19.677419354838708,1015.0,1.096774193548387
Pakistan,2025,2,20.400000000000002,11.164285714285715,8.39,28.428571428571427,1014.3928571428571,1.3785714285714286
Pakistan,2025,3,24.506451612903227,12.058064516129033,2.24,26.93548387096774,1012.0967741935484,4.125806451612903
Pakistan,2025,4,34.32,14.753333333333334,0.01,14.633333333333333,1006.6,6.243333333333334
Pakistan,2025,5,36.78387096774193,12.841935483870968,0.13,20.580645161290324,1002.6129032258065,7.922580645161291
Pakistan,2025,6,37.330000000000005,13.103333333333333,4.16,29.833333333333332,999.2333333333333,7.256666666666666
Pakistan,2025,7,31.896774193548385,7.674193548387097,22.950000000000003,59.225806451612904,999.7096774193549,7.354838709677419
Pakistan,2025,8,30.896774193548385,8.535483870967743,7.91,62.0,1003.3548387096774,8.32258064516129
Pakistan,2025,9,31.2,7.283333333333333,3.39,50.06666666666667,1006.5666666666667,6.986666666666666
Pakistan,2025,10,27.725806451612904,8.63225806451613,1.88,34.064516129032256,1012.1290322580645,4.974193548387096
Pakistan,2025,11,23.336666666666666,9.046666666666665,0.0,18.766666666666666,1015.8333333333334,3.716666666666667
Pakistan,2025,12,20.706451612903226,7.877419354838709,0.1,22.419354838709676,1016.8064516129032,2.6548387096774193
Pakistan,2026,1,16.396666666666665,7.45,1.6400000000000001,29.833333333333332,1018.9333333333333,2.533333333333333
Pakistan,2026,2,17.900000000000002,7.683333333333334,0.0,33.333333333333336,1021.3333333333334,3.3000000000000003
Palau,2024,5,27.0,8.799999999999999,4.0200000000000005,89.41176470588235,1010.3529411764706,1.0
Palau,2024,6,26.67241379310345,6.341379310344828,11.49,87.6896551724138,1011.1379310344828,1.0
Palau,2024,7,26.97241379310345,10.4,20.79,83.48275862068965,1010.2413793103449,1.0
Palau,2024,8,27.503225806451614,9.358064516129033,23.05,83.51612903225806,1010.258064516129,1.0
Palau,2024,9,27.546666666666667,13.563333333333333,8.58,85.36666666666666,1008.9,1.0
Palau,2024,10,28.638709677419353,18.583870967741937,8.54,79.35483870967742,1007.8387096774194,0.5870967741935483
Palau,2024,11,28.59,16.9,4.99,81.4,1007.9333333333333,0.7233333333333333
Palau,2024,12,27.787096774193547,18.335483870967742,10.99,84.64516129032258,1007.8387096774194,0.0
Palau,2025,1,27.403225806451612,23.761290322580646,14.229999999999999,85.7741935483871,1008.6451612903226,0.04516129032258064
Palau,2025,2,27.357142857142858,27.053571428571427,9.69,84.71428571428571,1009.5357142857143,0.03928571428571429
Palau,2025,3,27.551612903225806,22.93548387096774,9.83,84.29032258064517,1008.741935483871,0.5032258064516129
Palau,2025,4,28.706666666666667,19.81,9.32,81.2,1008.8666666666667,0.8066666666666666
Palau,2025,5,28.761290322580646,16.280645161290323,16.39,81.48387096774194,1008.4193548387096,1.1516129032258065
Palau,2025,6,27.996666666666666,14.183333333333334,24.57,83.53333333333333,1008.8,1.01
Palau,2025,7,28.687096774193545,18.33225806451613,11.860000000000001,80.48387096774194,1007.9032258064516,1.767741935483871
Palau,2025,8,28.635483870967743,14.180645161290323,20.23,78.96774193548387,1008.6129032258065,1.932258064516129
Palau,2025,9,28.976666666666667,12.193333333333333,11.700000000000001,77.96666666666667,1008.6666666666666,3.24
Palau,2025,10,28.641935483870967,13.383870967741935,15.02,80.90322580645162,1007.9032258064516,3.5387096774193547
Palau,2025,11,29.063333333333333,20.373333333333335,10.07,80.9,1006.4,3.57
Palau,2025,12,28.864516129032257,18.606451612903225,8.64,80.58064516129032,1006.5483870967741,3.729032258064516
Palau,2026,1,29.646666666666665,18.490000000000002,7.8999999999999995,75.8,1007.3666666666667,4.363333333333333
Palau,2026,2,28.166666666666668,21.483333333333334,7.14,81.16666666666667,1007.6666666666666,5.433333333333334
Panama,2024,5,28.176470588235293,7.529411764705882,12.399999999999999,85.0,1011.2352941176471,5.823529411764706
Panama,2024,6,27.55,6.84,9.28,86.26666666666667,1011.1666666666666,6.2
Panama,2024,7,26.051724137931036,5.248275862068965,10.31,92.10344827586206,1010.5862068965517,6.172413793103448
Panama,2024,8,25.548387096774192,5.641935483870968,6.64,92.3225806451613,1011.1935483870968,5.838709677419355
Panama,2024,9,25.91,6.163333333333333,6.39,92.9,1009.2,3.7
Panama,2024,10,25.10666666666667,6.623333333333333,5.14,94.46666666666667,1009.3333333333334,0.3
Panama,2024,11,24.848275862068967,9.50344827586207,5.7,92.13793103448276,1009.1379310344828,0.0
Panama,2024,12,24.55483870967742,8.770967741935483,6.37,93.16129032258064,1009.483870967742,0.0
Panama,2025,1,24.956666666666667,8.636666666666667,1.29,89.93333333333334,1010.1,0.0
Panama,2025,2,24.853571428571428,8.525,0.41000000000000003,88.14285714285714,1009.5357142857143,0.16428571428571428
Panama,2025,3,25.080645161290324,8.390322580645162,0.12000000000000001,85.16129032258064,1010.1612903225806,0.0
Panama,2025,4,25.723333333333336,8.513333333333334,8.6,87.83333333333333,1009.3,0.0
Panama,2025,5,25.796666666666667,6.616666666666666,7.98,92.56666666666666,1009.2333333333333,0.0
Panama,2025,6,25.616666666666667,6.283333333333333,8.07,92.9,1009.9,0.0
Panama,2025,7,25.629032258064516,7.587096774193548,9.97,91.54838709677419,1010.1290322580645,0.0
Panama,2025,8,25.383870967741935,6.993548387096775,2.4,91.03225806451613,1010.6451612903226,0.0
Panama,2025,9,25.38,6.366666666666666,5.93,92.46666666666667,1010.2333333333333,0.0
Panama,2025,10,25.212903225806453,6.854838709677419,4.51,90.09677419354838,1009.6129032258065,0.0
Panama,2025,11,25.256666666666668,9.883333333333333,9.83,92.06666666666666,1009.4666666666667,0.0
Panama,2025,12,25.01290322580645,8.72258064516129,1.18,90.45161290322581,1010.0,0.0
Panama,2026,1,24.89333333333333,9.343333333333334,0.060000000000000005,87.26666666666667,1010.9666666666667,0.0
Panama,2026,2,24.183333333333334,15.966666666666667,0.07,83.66666666666667,1013.5,0.0
Papua New Guinea,2024,5,25.6375,13.05,2.27,88.125,1009.0625,1.0
Papua New Guinea,2024,6,25.02258064516129,15.16451612903226,0.89,88.35483870967742,1011.3870967741935,1.0
Papua New Guinea,2024,7,24.414285714285715,16.925,0.9099999999999999,83.60714285714286,1012.1428571428571,1.0
Papua New Guinea,2024,8,25.27741935483871,19.238709677419354,1.8699999999999999,86.29032258064517,1011.5806451612904,1.0
Papua New Guinea,2024,9,26.223333333333336,19.873333333333335,4.35,83.0,1010.3,1.0
Papua New Guinea,2024,10,26.067741935483873,17.97741935483871,7.2299999999999995,86.48387096774194,1009.0645161290323,0.2903225806451613
Papua New Guinea,2024,11,27.483333333333334,16.14,11.68,82.63333333333334,1007.6333333333333,0.08333333333333333
Papua New Guinea,2024,12,26.932258064516127,7.558064516129033,9.9,85.25806451612904,1007.1612903225806,0.0
Papua New Guinea,2025,1,27.190322580645162,7.083870967741936,22.14,84.90322580645162,1007.5483870967741,0.03225806451612903
Papua New Guinea,2025,2,26.982142857142858,8.164285714285715,13.07,84.75,1008.3214285714286,0.0
Papua New Guinea,2025,3,27.041935483870965,6.493548387096775,43.65,87.2258064516129,1008.0,0.0
Papua New Guinea,2025,4,27.033333333333335,9.216666666666667,32.47,87.4,1008.4333333333333,0.0
Papua New Guinea,2025,5,27.6,13.44516129032258,26.729999999999997,86.48387096774194,1007.5806451612904,0.0
Papua New Guinea,2025,6,27.31,17.526666666666664,5.31,84.36666666666666,1008.8,0.0
Papua New Guinea,2025,7,27.200000000000003,19.01290322580645,12.03,83.83870967741936,1008.3548387096774,0.0
Papua New Guinea,2025,8,26.887096774193548,26.438709677419357,5.93,77.58064516129032,1009.258064516129,0.01935483870967742
Papua New Guinea,2025,9,26.073333333333334,21.766666666666666,11.1,83.23333333333333,1009.0333333333333,0.16
Papua New Guinea,2025,10,26.538709677419355,15.345161290322581,24.32,83.29032258064517,1007.8387096774194,0.6000000000000001
Papua New Guinea,2025,11,27.496666666666666,10.793333333333333,23.91,80.3,1006.5666666666667,0.84
Papua New Guinea,2025,12,28.861290322580647,9.52258064516129,21.51,73.80645161290323,1005.516129032258,0.9774193548387097
Papua New Guinea,2026,1,27.65666666666667,14.51,28.97,76.76666666666667,1005.8,0.62
Papua New Guinea,2026,2,27.583333333333332,11.333333333333334,4.44,76.33333333333333,1008.1666666666666,1.1333333333333335
Paraguay,2024,5,19.423529411764704,14.776470588235293,0.04,53.411764705882355,1019.3529411764706,5.764705882352941
Paraguay,2024,6,25.146666666666665,15.706666666666667,0.08,46.766666666666666,1014.1666666666666,7.3
Paraguay,2024,7,15.189655172413794,10.110344827586207,0.52,56.3448275862069,1020.7586206896551,5.344827586206897
Paraguay,2024,8,18.12258064516129,12.245161290322581,0.35,49.064516129032256,1016.516129032258,6.064516129032258
Paraguay,2024,9,22.59,12.15,0.0,45.03333333333333,1010.7333333333333,5.6
Paraguay,2024,10,23.04516129032258,10.838709677419354,1.95,59.516129032258064,1008.7741935483871,0.5483870967741935
Paraguay,2024,11,22.529999999999998,9.573333333333332,19.0,73.63333333333334,1007.8333333333334,0.07333333333333333
Paraguay,2024,12,22.04516129032258,9.374193548387098,4.2,69.3225806451613,1009.6774193548387,0.22580645161290325
Paraguay,2025,1,24.64333333333333,6.843333333333334,2.27,64.3,1008.0333333333333,0.22333333333333333
Paraguay,2025,2,24.928571428571427,9.125,1.98,68.57142857142857,1008.1071428571429,0.014285714285714287
Paraguay,2025,3,22.23225806451613,8.167741935483871,5.79,81.80645161290323,1010.9032258064516,0.0
Paraguay,2025,4,17.959999999999997,7.67,2.1,80.16666666666667,1013.0666666666667,0.0
Paraguay,2025,5,18.31935483870968,9.574193548387097,0.36,78.58064516129032,1012.8387096774194,0.0
Paraguay,2025,6,12.87,9.106666666666666,0.9900000000000001,80.06666666666666,1015.8333333333334,0.0
Paraguay,2025,7,14.432258064516128,8.745161290322581,0.0,63.58064516129032,1017.5806451612904,0.0
Paraguay,2025,8,17.36774193548387,9.832258064516129,0.19,57.03225806451613,1015.0,0.0
Paraguay,2025,9,23.163333333333334,7.586666666666667,0.0,48.233333333333334,1011.2333333333333,0.0
Paraguay,2025,10,21.85483870967742,8.754838709677419,3.4,66.74193548387096,1011.2258064516129,0.0
Paraguay,2025,11,23.026666666666664,5.98,5.55,68.56666666666666,1008.1,0.0
Paraguay,2025,12,23.751612903225805,7.193548387096774,6.79,82.54838709677419,1006.2903225806451,0.0
Paraguay,2026,1,23.176666666666666,6.62,2.93,71.4,1008.4666666666667,0.0
Paraguay,2026,2,25.55,6.733333333333333,1.07,77.83333333333333,1006.6666666666666,0.0
Peru,2024,5,18.11764705882353,7.7,0.04,80.17647058823529,1015.1764705882352,5.470588235294118
Peru,2024,6,17.136666666666667,7.496666666666667,0.08,80.53333333333333,1015.7666666666667,5.733333333333333
Peru,2024,7,15.360714285714286,6.55,0.17,82.5,1014.9285714285714,5.071428571428571
Peru,2024,8,15.167741935483871,6.877419354838709,0.22,83.0,1015.4516129032259,5.129032258064516
Peru,2024,9,15.156666666666666,8.01,0.21,84.7,1013.4,3.1
Peru,2024,10,16.13,9.08,0.1,86.3,1012.7666666666667,0.3
Peru,2024,11,17.348275862068967,9.162068965517241,0.01,86.20689655172414,1012.9310344827586,0.0
Peru,2024,12,18.51290322580645,8.422580645161291,0.02,86.45161290322581,1012.3870967741935,0.0
Peru,2025,1,19.873333333333335,8.72,0.01,84.8,1012.4,0.0
Peru,2025,2,21.603571428571428,8.296428571428573,0.12,82.46428571428571,1010.8928571428571,0.0
Peru,2025,3,21.238709677419354,9.683870967741935,0.09,82.25806451612904,1011.4516129032259,0.0
Peru,2025,4,18.736666666666668,8.203333333333333,0.01,84.33333333333333,1011.7333333333333,0.0
Peru,2025,5,16.9,8.42,0.1,86.5,1012.7,0.0
Peru,2025,6,16.136666666666667,9.123333333333333,0.32,86.7,1013.8333333333334,0.0
Peru,2025,7,15.077419354838709,9.574193548387097,0.25,83.29032258064517,1014.1290322580645,0.0
Peru,2025,8,14.780645161290321,9.754838709677419,0.23,84.70967741935483,1014.2903225806451,0.0
Peru,2025,9,15.370000000000001,8.879999999999999,0.14,85.1,1013.8333333333334,0.0
Peru,2025,10,16.651612903225807,9.76774193548387,0.05,85.3225806451613,1013.3548387096774,0.0
Peru,2025,11,17.35,9.32,0.07,85.46666666666667,1012.7333333333333,0.0
Peru,2025,12,18.56451612903226,9.54516129032258,0.04,85.35483870967742,1012.4193548387096,0.0
Peru,2026,1,21.253333333333334,8.646666666666667,0.03,81.1,1012.0666666666667,0.0
Peru,2026,2,22.566666666666666,8.950000000000001,0.0,76.33333333333333,1013.5,0.0
Philippines,2024,5,30.375,7.28125,4.47,74.5,1009.5625,1.4375
Philippines,2024,6,28.853333333333335,7.533333333333333,13.07,83.3,1010.3333333333334,1.0
Philippines,2024,7,28.36896551724138,9.748275862068965,25.580000000000002,83.44827586206897,1008.7586206896551,1.0
Philippines,2024,8,28.812903225806455,9.958064516129031,21.72,81.35483870967742,1008.7096774193549,1.0
Philippines,2024,9,28.723333333333336,10.29,21.46,86.4,1006.1,2.2
Philippines,2024,10,29.638709677419357,13.17741935483871,14.01,76.87096774193549,1006.2258064516129,1.835483870967742
Philippines,2024,11,30.173333333333336,13.356666666666666,5.41,69.03333333333333,1008.3333333333334,0.6466666666666666
Philippines,2024,12,28.038709677419355,13.683870967741935,8.19,77.61290322580645,1009.7096774193549,0.0032258064516129032
Philippines,2025,1,28.229032258064517,13.7,3.7600000000000002,70.90322580645162,1010.6129032258065,0.03225806451612903
Philippines,2025,2,28.964285714285715,15.871428571428572,2.43,69.32142857142857,1011.2857142857143,0.014285714285714287
Philippines,2025,3,31.016129032258064,20.06451612903226,0.15,62.064516129032256,1009.6774193548387,0.4258064516129032
Philippines,2025,4,34.21333333333334,17.966666666666665,0.93,53.5,1008.1,0.7233333333333333
Philippines,2025,5,33.73548387096774,16.848387096774193,4.5600000000000005,58.67741935483871,1006.9032258064516,1.238709677419355
Philippines,2025,6,30.276666666666667,13.346666666666666,21.38,78.8,1006.9666666666667,1.0466666666666666
Philippines,2025,7,29.26451612903226,24.138709677419353,26.04,83.45161290322581,1004.4516129032259,1.7483870967741937
Philippines,2025,8,29.638709677419353,11.774193548387096,22.6,79.12903225806451,1007.483870967742,1.8645161290322583
Philippines,2025,9,29.23,12.323333333333332,23.74,80.5,1007.4666666666667,1.87
Philippines,2025,10,30.529032258064515,8.583870967741936,13.299999999999999,75.96774193548387,1007.6451612903226,2.403225806451613
Philippines,2025,11,30.866666666666667,16.076666666666668,9.15,72.5,1007.0,2.606666666666667
Philippines,2025,12,29.73548387096774,11.43225806451613,6.24,72.2258064516129,1008.7741935483871,2.4387096774193546
Philippines,2026,1,29.116666666666667,12.646666666666667,2.53,64.3,1010.9666666666667,2.7066666666666666
Philippines,2026,2,30.666666666666668,15.416666666666666,0.0,48.666666666666664,1012.6666666666666,3.516666666666667
Poland,2024,5,23.58823529411765,18.211764705882352,3.9699999999999998,41.1764705882353,1014.2352941176471,5.823529411764706
Poland,2024,6,23.94333333333333,14.323333333333332,1.46,50.46666666666667,1012.8333333333334,5.966666666666667
Poland,2024,7,26.482758620689655,15.431034482758621,0.13,45.6551724137931,1013.8965517241379,6.586206896551724
Poland,2024,8,26.34193548387097,13.441935483870967,0.21,46.12903225806452,1014.483870967742,6.806451612903226
Poland,2024,9,22.763333333333332,16.956666666666667,3.7199999999999998,51.266666666666666,1016.2,6.1
Poland,2024,10,12.625806451612902,13.46774193548387,0.9400000000000001,66.96774193548387,1019.516129032258,1.667741935483871
Poland,2024,11,4.663333333333333,13.513333333333332,1.8,81.0,1020.0333333333333,0.5533333333333333
Poland,2024,12,3.4096774193548387,14.158064516129032,1.31,85.61290322580645,1020.258064516129,0.33548387096774196
Poland,2025,1,3.3,14.529032258064515,1.1400000000000001,83.35483870967742,1014.9354838709677,0.49032258064516127
Poland,2025,2,0.7571428571428572,11.914285714285715,0.33999999999999997,76.28571428571429,1027.75,0.9035714285714286
Poland,2025,3,9.332258064516129,12.619354838709677,0.2,56.74193548387097,1016.483870967742,1.9161290322580644
Poland,2025,4,13.44,14.603333333333333,1.22,53.6,1017.4,3.0
Poland,2025,5,13.887096774193548,14.077419354838709,1.8199999999999998,57.38709677419355,1013.483870967742,3.6806451612903226
Poland,2025,6,20.083333333333332,18.673333333333336,3.69,63.46666666666667,1016.5,4.606666666666667
Poland,2025,7,21.051612903225806,12.793548387096774,6.0200000000000005,68.12903225806451,1011.1290322580645,3.3225806451612905
Poland,2025,8,20.638709677419353,13.393548387096773,1.47,60.903225806451616,1015.2258064516129,3.1225806451612903
Poland,2025,9,16.5,13.783333333333333,1.96,77.26666666666667,1019.4666666666667,1.4833333333333334
Poland,2025,10,8.26774193548387,15.287096774193548,2.38,87.25806451612904,1013.6451612903226,0.40967741935483876
Poland,2025,11,3.75,10.42,2.89,91.73333333333333,1015.1333333333333,0.09333333333333332
Poland,2025,12,2.1806451612903226,11.812903225806451,1.0899999999999999,90.70967741935483,1019.9032258064516,0.0
Poland,2026,1,-6.523333333333334,11.830000000000002,0.67,89.43333333333334,1011.2,0.016666666666666666
Poland,2026,2,-10.583333333333334,13.9,0.29000000000000004,86.0,1013.0,0.08333333333333333
Polônia,2024,7,27.7,29.5,0.0,52.0,1010.0,7.0
Portugal,2024,5,23.11764705882353,16.811764705882354,0.01,47.88235294117647,1015.3529411764706,5.705882352941177
Portugal,2024,6,23.34333333333333,19.65666666666667,0.31,60.8,1015.1333333333333,6.066666666666666
Portugal,2024,7,26.98148148148148,14.466666666666667,0.4,51.851851851851855,1015.7777777777778,6.666666666666667
Portugal,2024,8,27.003225806451614,17.9,0.01,50.03225806451613,1015.4516129032259,6.903225806451613
Portugal,2024,9,22.7,16.063333333333336,0.8,58.7,1016.2666666666667,5.833333333333333
Portugal,2024,10,18.793548387096774,15.406451612903227,1.18,87.09677419354838,1016.3225806451613,2.032258064516129
Portugal,2024,11,14.69,13.146666666666667,1.4100000000000001,90.76666666666667,1019.9666666666667,0.41000000000000003
Portugal,2024,12,11.206451612903225,12.37741935483871,0.01,79.93548387096774,1027.9354838709678,0.7806451612903226
Portugal,2025,1,12.35483870967742,17.70967741935484,5.29,84.19354838709677,1022.0967741935484,0.7870967741935483
Portugal,2025,2,12.289285714285715,10.542857142857143,2.45,90.42857142857143,1022.2142857142857,1.1607142857142858
Portugal,2025,3,12.845161290322581,16.635483870967743,6.25,84.35483870967742,1011.0322580645161,1.1451612903225807
Portugal,2025,4,15.523333333333333,17.206666666666667,16.47,81.63333333333334,1013.9666666666667,1.7466666666666666
Portugal,2025,5,17.603225806451615,13.399999999999999,1.74,73.48387096774194,1016.741935483871,2.2225806451612904
Portugal,2025,6,21.333333333333332,12.860000000000001,0.09,68.33333333333333,1018.3,2.79
Portugal,2025,7,22.038709677419355,13.141935483870967,0.07,67.70967741935483,1016.7096774193549,2.4064516129032256
Portugal,2025,8,21.129032258064516,10.154838709677419,0.01,75.87096774193549,1016.0322580645161,1.2225806451612902
Portugal,2025,9,18.166666666666668,13.463333333333333,0.5800000000000001,74.8,1019.0666666666667,0.5700000000000001
Portugal,2025,10,17.929032258064513,9.970967741935485,0.8800000000000001,81.45161290322581,1017.258064516129,0.11935483870967742
Portugal,2025,11,13.09,15.483333333333333,8.78,88.06666666666666,1017.3333333333334,0.013333333333333334
Portugal,2025,12,10.100000000000001,14.138709677419355,7.19,92.54838709677419,1016.5483870967741,0.0
Portugal,2026,1,10.873333333333333,19.573333333333334,5.35,90.83333333333333,1013.1333333333333,0.0
Portugal,2026,2,11.833333333333334,29.099999999999998,4.3500000000000005,94.83333333333333,1000.3333333333334,0.0
Qatar,2024,5,37.11764705882353,21.81764705882353,0.0,27.823529411764707,1003.4705882352941,7.764705882352941
Qatar,2024,6,39.01,16.369999999999997,0.0,34.7,998.4333333333333,9.1
Qatar,2024,7,40.793103448275865,22.893103448275863,0.0,32.58620689655172,994.3103448275862,9.689655172413794
Qatar,2024,8,38.75483870967742,21.280645161290323,0.0,47.87096774193548,997.5806451612904,9.161290322580646
Qatar,2024,9,38.233333333333334,16.946666666666665,0.0,43.4,1002.6666666666666,8.766666666666667
Qatar,2024,10,34.413333333333334,18.433333333333334,0.0,45.2,1010.2,7.336666666666667
Qatar,2024,11,29.98,16.53666666666667,0.0,48.166666666666664,1015.1,5.206666666666666
Qatar,2024,12,24.112903225806452,16.135483870967743,0.0,45.41935483870968,1017.6774193548387,3.396774193548387
Qatar,2025,1,22.335483870967742,18.69677419354839,0.0,43.645161290322584,1018.6774193548387,4.074193548387097
Qatar,2025,2,22.310714285714287,20.00357142857143,0.18,49.464285714285715,1016.0714285714286,4.635714285714286
Qatar,2025,3,26.403225806451612,20.503225806451614,0.04,37.29032258064516,1014.741935483871,7.367741935483871
Qatar,2025,4,35.17666666666666,20.14,0.0,20.966666666666665,1009.3333333333334,9.656666666666666
Qatar,2025,5,39.76129032258064,22.09032258064516,0.0,18.64516129032258,1004.0967741935484,10.44516129032258
Qatar,2025,6,41.71,25.546666666666667,0.0,17.166666666666668,999.7333333333333,10.370000000000001
Qatar,2025,7,41.406451612903226,21.97741935483871,0.0,26.258064516129032,996.4516129032259,10.36774193548387
Qatar,2025,8,40.34516129032258,13.558064516129033,0.0,41.193548387096776,999.1290322580645,9.764516129032257
Qatar,2025,9,38.17333333333333,17.816666666666666,0.01,40.166666666666664,1004.2,8.656666666666666
Qatar,2025,10,33.13870967741936,13.029032258064515,0.0,44.58064516129032,1010.8709677419355,6.232258064516128
Qatar,2025,11,28.40666666666667,13.906666666666666,0.0,46.93333333333333,1017.9,4.35
Qatar,2025,12,23.583870967741937,15.303225806451612,0.06,59.064516129032256,1017.741935483871,3.329032258064516
Qatar,2026,1,19.77,20.026666666666667,0.02,58.06666666666667,1021.1,3.9233333333333333
Qatar,2026,2,21.416666666666668,14.149999999999999,0.0,61.833333333333336,1020.0,4.2
Romania,2024,5,22.647058823529413,14.088235294117647,0.32,40.470588235294116,1015.5882352941177,5.352941176470588
Romania,2024,6,31.826666666666664,12.023333333333333,0.28,34.233333333333334,1012.3333333333334,7.866666666666666
Romania,2024,7,33.9,11.75357142857143,0.46,28.785714285714285,1011.75,8.357142857142858
Romania,2024,8,32.97741935483871,13.074193548387097,1.19,29.580645161290324,1011.8064516129032,8.096774193548388
Romania,2024,9,25.19333333333333,13.603333333333333,1.32,46.6,1014.0,6.566666666666666
Romania,2024,10,17.648387096774194,9.64516129032258,0.04,52.12903225806452,1021.741935483871,3.206451612903226
Romania,2024,11,6.7,12.58,2.3699999999999997,68.96666666666667,1024.0,1.0
Romania,2024,12,6.141935483870968,14.412903225806453,2.87,76.48387096774194,1021.2903225806451,0.7806451612903227
Romania,2025,1,7.070967741935483,10.422580645161291,0.0,68.25806451612904,1022.258064516129,1.1870967741935483
Romania,2025,2,1.0321428571428573,11.321428571428571,1.19,67.64285714285714,1029.9285714285713,1.8071428571428572
Romania,2025,3,12.906451612903227,12.7,0.6499999999999999,56.12903225806452,1018.3225806451613,2.5870967741935487
Romania,2025,4,14.389999999999999,13.069999999999999,1.74,57.2,1017.1666666666666,3.76
Romania,2025,5,18.29032258064516,12.506451612903225,4.6,62.54838709677419,1013.4516129032259,3.948387096774194
Romania,2025,6,27.65,10.956666666666667,0.19,44.36666666666667,1017.6333333333333,6.6
Romania,2025,7,29.096774193548388,9.77741935483871,0.30000000000000004,45.225806451612904,1011.7741935483871,6.312903225806451
Romania,2025,8,26.593548387096774,12.283870967741937,0.18,44.83870967741935,1016.3870967741935,4.648387096774194
Romania,2025,9,21.02,13.103333333333333,0.48,58.86666666666667,1020.0333333333333,2.8366666666666664
Romania,2025,10,11.316129032258065,13.14516129032258,4.28,78.58064516129032,1016.4516129032259,0.8741935483870968
Romania,2025,11,7.903333333333333,9.256666666666666,1.35,94.03333333333333,1017.8,0.35333333333333333
Romania,2025,12,2.109677419354839,10.922580645161291,0.13,92.54838709677419,1021.9032258064516,0.16451612903225807
Romania,2026,1,-1.7966666666666666,10.57,1.2000000000000002,91.83333333333333,1013.7,0.18333333333333332
Romania,2026,2,-2.35,12.966666666666667,0.12,84.16666666666667,1012.8333333333334,0.3
Russia,2024,5,22.294117647058822,14.047058823529412,0.29000000000000004,33.88235294117647,1020.5882352941177,5.352941176470588
Russia,2024,6,22.37837837837838,16.156756756756756,7.180000000000001,57.75675675675676,1009.972972972973,5.513513513513513
Russia,2024,7,26.082857142857144,14.234285714285713,5.67,44.8,1012.8857142857142,6.571428571428571
Russia,2024,8,23.4741935483871,14.974193548387097,0.91,50.87096774193548,1012.7741935483871,5.838709677419355
Russia,2024,9,22.436666666666667,15.58,0.0,40.8,1023.6666666666666,6.133333333333334
Russia,2024,10,9.235483870967743,14.345161290322581,2.9,74.16129032258064,1018.4193548387096,1.8096774193548388
Russia,2024,11,1.2933333333333332,16.136666666666667,1.75,85.93333333333334,1014.5666666666667,0.36666666666666664
Russia,2024,12,-2.135483870967742,13.583870967741936,1.68,89.09677419354838,1016.4193548387096,0.23225806451612904
Russia,2025,1,0.08709677419354843,15.964516129032257,1.4000000000000001,83.38709677419355,1012.8064516129032,0.2838709677419355
Russia,2025,2,-3.792857142857143,9.450000000000001,0.23,70.25,1026.9285714285713,0.8392857142857143
Russia,2025,3,5.638709677419355,13.806451612903226,0.38,63.645161290322584,1014.2258064516129,1.5870967741935484
Russia,2025,4,10.376666666666667,17.283333333333335,2.17,55.13333333333333,1013.0,2.73
Russia,2025,5,15.480645161290322,17.07741935483871,3.59,52.45161290322581,1010.6451612903226,3.3548387096774195
Russia,2025,6,18.63,16.256666666666668,5.42,61.43333333333333,1007.7666666666667,3.8833333333333333
Russia,2025,7,23.951612903225808,13.848387096774195,4.6899999999999995,61.12903225806452,1010.741935483871,4.683870967741935
Russia,2025,8,18.05483870967742,14.551612903225807,3.08,72.41935483870968,1012.0322580645161,2.761290322580645
Russia,2025,9,15.053333333333335,14.526666666666667,0.22,69.36666666666666,1023.1666666666666,2.356666666666667
Russia,2025,10,7.148387096774194,12.190322580645162,2.48,88.74193548387096,1013.2258064516129,0.4387096774193549
Russia,2025,11,3.183333333333333,12.996666666666666,7.0600000000000005,92.8,1015.8,0.15333333333333335
Russia,2025,12,-5.060526315789474,11.168421052631578,1.9300000000000002,92.07894736842105,1018.1052631578947,0.11842105263157894
Russia,2026,1,-12.378947368421052,8.860526315789473,3.33,87.47368421052632,1020.5263157894736,0.22894736842105262
Russia,2026,2,-19.6,8.725,0.17,80.875,1023.5,0.425
Rwanda,2024,5,26.764705882352942,9.611764705882353,6.07,47.76470588235294,1019.0,5.764705882352941
Rwanda,2024,6,26.396666666666665,10.24,0.31,40.8,1018.3,7.066666666666666
Rwanda,2024,7,28.49285714285714,8.653571428571428,0.04,29.25,1015.3214285714286,8.107142857142858
Rwanda,2024,8,28.480645161290322,10.283870967741937,0.04,30.35483870967742,1015.2903225806451,8.258064516129032
Rwanda,2024,9,27.65,11.936666666666667,0.22,38.56666666666667,1019.0666666666667,8.066666666666666
Rwanda,2024,10,26.009677419354837,6.664516129032258,8.4,52.774193548387096,1019.0645161290323,10.73225806451613
Rwanda,2024,11,23.990000000000002,5.66,12.53,63.4,1018.7,9.446666666666665
Rwanda,2024,12,24.638709677419353,7.519354838709678,11.77,60.225806451612904,1017.1935483870968,11.641935483870967
Rwanda,2025,1,25.30322580645161,6.403225806451613,2.88,54.83870967741935,1018.7741935483871,10.619354838709677
Rwanda,2025,2,26.235714285714288,6.814285714285715,2.73,52.714285714285715,1019.1785714285714,12.714285714285714
Rwanda,2025,3,24.15806451612903,5.132258064516129,13.58,63.38709677419355,1020.741935483871,11.254838709677419
Rwanda,2025,4,23.226666666666667,4.796666666666667,15.7,68.76666666666667,1021.4,10.683333333333334
Rwanda,2025,5,22.67096774193548,5.519354838709678,11.44,70.25806451612904,1023.5806451612904,9.129032258064516
Rwanda,2025,6,22.623333333333335,6.556666666666667,7.47,61.86666666666667,1023.8333333333334,8.96
Rwanda,2025,7,23.051612903225806,7.435483870967742,2.5100000000000002,51.12903225806452,1024.4193548387098,6.65483870967742
Rwanda,2025,8,22.40967741935484,7.335483870967742,1.3599999999999999,56.12903225806452,1023.1290322580645,7.054838709677419
Rwanda,2025,9,23.423333333333336,6.903333333333333,1.52,55.2,1023.0333333333333,7.069999999999999
Rwanda,2025,10,22.364516129032257,4.990322580645161,6.53,69.25806451612904,1021.8709677419355,6.093548387096774
Rwanda,2025,11,21.459999999999997,4.343333333333334,4.84,73.1,1022.1333333333333,5.86
Rwanda,2025,12,20.46451612903226,4.0,2.06,77.64516129032258,1020.9032258064516,4.603225806451612
Rwanda,2026,1,21.166666666666668,3.6966666666666668,2.42,76.1,1021.2333333333333,4.623333333333333
Rwanda,2026,2,19.0,3.6666666666666665,1.31,88.5,1022.1666666666666,4.666666666666667
Saint Kitts and Nevis,2024,5,29.764705882352942,17.352941176470587,2.1,76.6470588235294,1015.9411764705883,5.882352941176471
Saint Kitts and Nevis,2024,6,30.226666666666667,26.4,2.29,71.43333333333334,1015.9333333333333,6.333333333333333
Saint Kitts and Nevis,2024,7,28.74827586206897,23.162068965517243,3.33,78.55172413793103,1016.5862068965517,6.172413793103448
Saint Kitts and Nevis,2024,8,28.503225806451614,23.061290322580643,4.29,79.45161290322581,1015.2903225806451,6.193548387096774
Saint Kitts and Nevis,2024,9,28.376666666666665,17.833333333333332,5.22,79.63333333333334,1012.6666666666666,4.433333333333334
Saint Kitts and Nevis,2024,10,28.6,21.338709677419356,3.99,72.3225806451613,1011.6774193548387,0.2903225806451613
Saint Kitts and Nevis,2024,11,27.144827586206898,19.56896551724138,12.06,78.51724137931035,1011.0689655172414,0.0
Saint Kitts and Nevis,2024,12,25.596774193548388,27.638709677419353,5.31,79.19354838709677,1014.0,0.0
Saint Kitts and Nevis,2025,1,24.883333333333333,29.779999999999998,1.87,80.13333333333334,1015.8666666666667,0.0033333333333333335
Saint Kitts and Nevis,2025,2,24.592857142857145,33.982142857142854,4.43,79.17857142857143,1015.9642857142857,0.0
Saint Kitts and Nevis,2025,3,24.52258064516129,23.448387096774194,3.29,79.64516129032258,1014.5483870967741,0.0
Saint Kitts and Nevis,2025,4,25.1,26.89333333333333,4.430000000000001,80.1,1014.1666666666666,0.0
Saint Kitts and Nevis,2025,5,26.296774193548387,27.016129032258064,5.97,82.06451612903226,1014.8709677419355,0.0
Saint Kitts and Nevis,2025,6,27.05666666666667,31.266666666666666,1.31,77.83333333333333,1016.9666666666667,0.0
Saint Kitts and Nevis,2025,7,27.093548387096774,30.806451612903224,1.81,80.93548387096774,1016.4516129032259,0.0
Saint Kitts and Nevis,2025,8,27.716129032258067,25.5258064516129,2.73,81.06451612903226,1014.7096774193549,0.0
Saint Kitts and Nevis,2025,9,27.6,22.35666666666667,6.35,80.2,1013.4666666666667,0.0
Saint Kitts and Nevis,2025,10,27.322580645161292,23.87741935483871,8.819999999999999,83.19354838709677,1011.8709677419355,0.0
Saint Kitts and Nevis,2025,11,26.35,27.48,3.11,81.33333333333333,1013.9333333333333,0.0
Saint Kitts and Nevis,2025,12,25.23225806451613,27.625806451612902,2.44,80.90322580645162,1014.4193548387096,0.0
Saint Kitts and Nevis,2026,1,24.85,26.69,3.63,82.63333333333334,1015.1,0.0
Saint Kitts and Nevis,2026,2,24.333333333333332,19.916666666666668,0.4,86.16666666666667,1015.6666666666666,0.0
Saint Lucia,2024,5,29.941176470588236,24.788235294117644,1.31,74.47058823529412,1015.1764705882352,5.9411764705882355
Saint Lucia,2024,6,29.709999999999997,21.08,3.42,75.4,1014.9666666666667,6.333333333333333
Saint Lucia,2024,7,29.013793103448275,17.43103448275862,3.3,77.37931034482759,1015.3448275862069,6.275862068965517
Saint Lucia,2024,8,28.61935483870968,16.799999999999997,13.54,80.3225806451613,1014.4516129032259,6.161290322580645
Saint Lucia,2024,9,27.973333333333336,13.166666666666666,3.8900000000000006,86.06666666666666,1012.0333333333333,5.333333333333333
Saint Lucia,2024,10,27.261290322580646,15.512903225806452,4.66,85.45161290322581,1011.2258064516129,0.4838709677419355
Saint Lucia,2024,11,26.75862068965517,15.758620689655173,8.4,86.3103448275862,1010.2068965517242,0.006896551724137932
Saint Lucia,2024,12,25.980645161290322,19.4741935483871,5.2,79.90322580645162,1012.6774193548387,0.025806451612903226
Saint Lucia,2025,1,25.96333333333333,23.08,4.83,79.4,1014.1333333333333,0.02333333333333333
Saint Lucia,2025,2,25.70357142857143,26.34642857142857,3.77,78.57142857142857,1014.1785714285714,0.0
Saint Lucia,2025,3,25.812903225806455,23.37741935483871,3.69,81.61290322580645,1013.7741935483871,0.0
Saint Lucia,2025,4,26.279999999999998,23.083333333333332,2.7,80.76666666666667,1013.0333333333333,0.0
Saint Lucia,2025,5,26.641935483870967,23.251612903225805,3.06,83.03225806451613,1013.4193548387096,0.0
Saint Lucia,2025,6,27.173333333333336,28.196666666666665,3.57,80.86666666666666,1015.1666666666666,0.0
Saint Lucia,2025,7,27.203225806451613,22.51290322580645,1.98,79.61290322580645,1014.8709677419355,0.0
Saint Lucia,2025,8,27.61935483870968,17.68064516129032,2.2800000000000002,80.93548387096774,1013.5483870967741,0.0
Saint Lucia,2025,9,27.46,15.65,1.9700000000000002,79.36666666666666,1012.5,0.0
Saint Lucia,2025,10,27.425806451612903,16.216129032258063,7.67,80.93548387096774,1011.1290322580645,0.0
Saint Lucia,2025,11,27.05666666666667,21.1,5.68,78.7,1012.2,0.0
Saint Lucia,2025,12,25.925806451612903,22.70967741935484,8.31,82.87096774193549,1012.516129032258,0.0
Saint Lucia,2026,1,26.14,21.279999999999998,3.44,80.23333333333333,1013.5666666666667,0.0
Saint Lucia,2026,2,25.816666666666666,19.849999999999998,0.26,80.5,1014.6666666666666,0.0
Saint Vincent and the Grenadines,2024,5,29.870588235294118,30.72941176470588,1.24,74.82352941176471,1014.8823529411765,6.0
Saint Vincent and the Grenadines,2024,6,29.413333333333334,31.209999999999997,8.09,77.13333333333334,1014.6666666666666,5.966666666666667
Saint Vincent and the Grenadines,2024,7,28.542857142857144,27.010714285714283,4.09,78.39285714285714,1015.0,6.357142857142857
Saint Vincent and the Grenadines,2024,8,28.567741935483873,22.741935483870968,8.71,75.61290322580645,1014.0,6.193548387096774
Saint Vincent and the Grenadines,2024,9,29.103333333333335,18.81,4.01,73.33333333333333,1011.6,5.2
Saint Vincent and the Grenadines,2024,10,28.906451612903226,21.76774193548387,4.74,73.74193548387096,1010.6129032258065,0.4838709677419355
Saint Vincent and the Grenadines,2024,11,28.43793103448276,24.179310344827588,7.75,75.58620689655173,1009.7586206896551,0.013793103448275864
Saint Vincent and the Grenadines,2024,12,27.26451612903226,26.038709677419355,2.92,72.61290322580645,1012.5483870967741,0.03870967741935485
Saint Vincent and the Grenadines,2025,1,26.623333333333335,29.043333333333333,1.42,73.86666666666666,1013.8666666666667,0.016666666666666666
Saint Vincent and the Grenadines,2025,2,26.075,31.724999999999998,4.33,73.89285714285714,1013.9642857142857,0.0
Saint Vincent and the Grenadines,2025,3,25.325806451612905,23.296774193548387,3.18,75.41935483870968,1013.7096774193549,0.0
Saint Vincent and the Grenadines,2025,4,25.63,22.38,4.81,77.83333333333333,1013.2666666666667,0.0
Saint Vincent and the Grenadines,2025,5,26.56451612903226,22.82903225806452,3.17,78.96774193548387,1013.741935483871,0.0
Saint Vincent and the Grenadines,2025,6,26.823333333333334,31.13,6.01,79.1,1015.1,0.0
Saint Vincent and the Grenadines,2025,7,27.312903225806455,26.651612903225807,5.1899999999999995,77.51612903225806,1014.516129032258,0.0
Saint Vincent and the Grenadines,2025,8,27.793548387096774,24.0,4.97,79.48387096774194,1013.3548387096774,0.0
Saint Vincent and the Grenadines,2025,9,27.676666666666666,22.416666666666668,2.17,78.03333333333333,1012.4333333333333,0.0
Saint Vincent and the Grenadines,2025,10,27.541935483870965,23.432258064516127,2.6,80.29032258064517,1011.0967741935484,0.0
Saint Vincent and the Grenadines,2025,11,27.16,27.346666666666668,4.56,78.33333333333333,1012.1666666666666,0.0
Saint Vincent and the Grenadines,2025,12,26.10967741935484,28.91290322580645,4.49,82.25806451612904,1012.3225806451613,0.0
Saint Vincent and the Grenadines,2026,1,26.15,27.673333333333336,4.51,80.16666666666667,1013.5333333333333,0.0
Saint Vincent and the Grenadines,2026,2,26.21666666666667,27.5,0.03,78.83333333333333,1014.5,0.0
Saint-Vincent-et-les-Grenadines,2024,7,27.8,27.0,0.13,82.0,1017.0,6.0
Samoa,2024,5,25.8125,7.324999999999999,5.61,93.125,1010.3125,1.0
Samoa,2024,6,25.75,13.773333333333333,7.45,87.6,1012.0666666666667,1.0
Samoa,2024,7,24.932142857142857,15.346428571428572,3.92,86.57142857142857,1012.2857142857143,1.0
Samoa,2024,8,24.79032258064516,17.858064516129033,3.62,84.6774193548387,1014.2258064516129,1.0
Samoa,2024,9,24.345161290322583,16.896774193548385,4.93,94.2258064516129,1012.5483870967741,1.0
Samoa,2024,10,26.253333333333334,27.55,7.68,86.46666666666667,1012.9,0.3
Samoa,2024,11,26.103448275862068,22.772413793103446,11.12,89.72413793103448,1011.2758620689655,0.0
Samoa,2024,12,26.251612903225805,17.138709677419353,12.0,86.61290322580645,1010.3548387096774,0.0
Samoa,2025,1,25.753333333333334,20.366666666666667,24.97,88.5,1010.2666666666667,0.0
Samoa,2025,2,26.175,25.196428571428573,15.57,85.42857142857143,1010.7142857142857,0.0
Samoa,2025,3,26.032258064516128,17.432258064516127,14.17,86.83870967741936,1011.8709677419355,0.0
Samoa,2025,4,26.23,19.533333333333335,12.81,87.5,1010.7,0.12000000000000001
Samoa,2025,5,25.970000000000002,25.876666666666665,17.06,89.96666666666667,1011.5,0.0
Samoa,2025,6,25.293333333333333,26.96333333333333,5.63,86.56666666666666,1012.6,0.0
Samoa,2025,7,25.051612903225806,25.793548387096774,5.27,85.64516129032258,1012.3870967741935,0.0
Samoa,2025,8,25.33225806451613,28.45483870967742,1.74,85.03225806451613,1012.9677419354839,0.0
Samoa,2025,9,25.203333333333333,30.003333333333334,4.86,82.66666666666667,1013.1666666666666,0.0
Samoa,2025,10,25.503225806451614,30.419354838709676,12.78,87.38709677419355,1012.3548387096774,0.0
Samoa,2025,11,26.1,14.323333333333332,7.94,88.7,1009.5333333333333,0.0
Samoa,2025,12,26.858064516129033,15.696774193548388,6.67,86.51612903225806,1007.9032258064516,0.0
Samoa,2026,1,27.627586206896552,18.66896551724138,14.85,85.41379310344827,1007.1034482758621,0.0
Samoa,2026,2,28.150000000000002,25.96666666666667,3.36,83.16666666666667,1010.6666666666666,0.0
San Marino,2024,5,21.058823529411764,12.088235294117647,4.93,72.0,1011.1176470588235,5.117647058823529
San Marino,2024,6,25.57037037037037,12.996296296296295,2.48,61.0,1012.5555555555555,6.148148148148148
San Marino,2024,7,29.63448275862069,17.589655172413792,0.01,53.44827586206897,1012.5862068965517,6.931034482758621
San Marino,2024,8,29.5,16.03548387096774,0.3,58.74193548387097,1012.5483870967741,7.193548387096774
San Marino,2024,9,23.546666666666667,15.166666666666666,9.15,62.9,1012.6333333333333,5.766666666666667
San Marino,2024,10,18.848387096774193,11.058064516129033,3.99,80.25806451612904,1018.1935483870968,2.229032258064516
San Marino,2024,11,11.629999999999999,11.533333333333333,0.24,73.66666666666667,1021.8333333333334,0.81
San Marino,2024,12,8.829032258064515,15.129032258064516,9.31,66.7741935483871,1021.258064516129,0.8
San Marino,2025,1,10.003225806451614,14.025806451612903,3.54,67.19354838709677,1019.7096774193549,0.8903225806451613
San Marino,2025,2,9.528571428571428,8.957142857142857,2.66,76.39285714285714,1024.142857142857,1.282142857142857
San Marino,2025,3,11.880645161290323,12.19032258064516,7.04,68.61290322580645,1015.3870967741935,2.054838709677419
San Marino,2025,4,15.893333333333334,9.74,2.63,65.06666666666666,1015.5666666666667,3.0900000000000003
San Marino,2025,5,19.23225806451613,9.329032258064515,6.82,61.903225806451616,1014.7096774193549,4.135483870967741
San Marino,2025,6,26.44,11.803333333333335,0.02,59.266666666666666,1017.5666666666667,5.776666666666667
San Marino,2025,7,26.516129032258064,13.461290322580645,1.95,57.25806451612903,1012.5483870967741,4.329032258064516
San Marino,2025,8,25.958064516129035,11.341935483870968,0.19999999999999998,62.225806451612904,1014.1612903225806,3.1516129032258067
San Marino,2025,9,21.423333333333336,8.459999999999999,2.02,70.36666666666666,1016.7666666666667,1.7233333333333332
San Marino,2025,10,14.80967741935484,11.287096774193548,3.2399999999999998,77.51612903225806,1016.516129032258,0.5451612903225806
San Marino,2025,11,9.346666666666666,12.156666666666666,9.06,79.83333333333333,1014.9,0.15333333333333332
San Marino,2025,12,6.441935483870967,10.841935483870968,3.75,89.54838709677419,1018.9677419354839,0.0
San Marino,2026,1,4.843333333333334,11.493333333333334,7.04,82.33333333333333,1008.9,0.010000000000000002
San Marino,2026,2,6.833333333333333,13.316666666666668,0.63,89.16666666666667,1000.8333333333334,0.05000000000000001
Saudi Arabia,2024,5,40.23529411764706,12.58235294117647,0.0,6.764705882352941,1008.9411764705883,9.176470588235293
Saudi Arabia,2024,6,43.656666666666666,18.56,0.0,4.966666666666667,1003.9333333333333,10.033333333333333
Saudi Arabia,2024,7,43.33571428571429,19.353571428571428,0.0,6.75,1000.25,10.071428571428571
Saudi Arabia,2024,8,43.358064516129026,22.17096774193548,0.0,8.387096774193548,1000.2258064516129,10.129032258064516
Saudi Arabia,2024,9,39.769999999999996,14.893333333333334,0.0,9.766666666666667,1007.3666666666667,9.466666666666667
Saudi Arabia,2024,10,33.061290322580646,13.751612903225807,0.0,18.419354838709676,1013.8064516129032,7.635483870967741
Saudi Arabia,2024,11,27.148275862068964,13.610344827586207,0.0,24.137931034482758,1019.2068965517242,5.448275862068965
Saudi Arabia,2024,12,21.725806451612904,14.180645161290323,0.0,22.258064516129032,1019.6774193548387,4.370967741935484
Saudi Arabia,2025,1,17.780645161290323,15.04516129032258,0.04,32.225806451612904,1021.4193548387096,4.619354838709677
Saudi Arabia,2025,2,19.210714285714285,15.957142857142857,0.4,31.0,1018.4642857142857,5.6499999999999995
Saudi Arabia,2025,3,24.887096774193548,17.86774193548387,0.21000000000000002,25.387096774193548,1017.9677419354839,8.096774193548388
Saudi Arabia,2025,4,33.73,18.513333333333332,0.0,10.7,1014.3666666666667,10.243333333333334
Saudi Arabia,2025,5,38.03225806451613,15.899999999999999,0.0,6.870967741935484,1011.516129032258,10.725806451612904
Saudi Arabia,2025,6,40.45,12.153333333333334,0.0,5.4,1008.4666666666667,11.283333333333333
Saudi Arabia,2025,7,41.47096774193548,15.580645161290322,0.0,6.290322580645161,1005.8064516129032,10.941935483870967
Saudi Arabia,2025,8,40.99677419354839,17.309677419354838,0.0,8.387096774193548,1007.0967741935484,10.09032258064516
Saudi Arabia,2025,9,37.09666666666667,11.483333333333333,0.0,9.966666666666667,1011.7333333333333,8.676666666666668
Saudi Arabia,2025,10,29.896774193548385,10.519354838709678,0.0,12.935483870967742,1017.483870967742,6.338709677419355
Saudi Arabia,2025,11,23.183333333333334,10.526666666666667,0.0,16.366666666666667,1022.7666666666667,4.636666666666667
Saudi Arabia,2025,12,16.961290322580645,15.703225806451613,0.39999999999999997,48.29032258064516,1020.483870967742,3.148387096774193
Saudi Arabia,2026,1,13.76,14.263333333333334,0.0,34.0,1023.3666666666667,3.7199999999999998
Saudi Arabia,2026,2,17.366666666666667,15.783333333333333,0.0,30.833333333333332,1021.8333333333334,4.05
Saudi Arabien,2024,7,45.0,24.5,0.0,7.0,997.0,11.0
Senegal,2024,5,26.647058823529413,19.988235294117647,0.0,70.0,1012.4117647058823,6.0
Senegal,2024,6,27.573333333333334,16.470000000000002,0.0,70.46666666666667,1012.7,6.333333333333333
Senegal,2024,7,28.086206896551722,14.617241379310345,0.43000000000000005,75.86206896551724,1013.4827586206897,6.620689655172414
Senegal,2024,8,28.741935483870968,15.838709677419354,5.1,77.12903225806451,1011.9354838709677,6.32258064516129
Senegal,2024,9,28.34,15.136666666666667,4.97,82.0,1012.2,6.3
Senegal,2024,10,27.66774193548387,16.638709677419353,0.21000000000000002,81.51612903225806,1012.9032258064516,2.6870967741935483
Senegal,2024,11,26.153333333333332,20.38,0.0,76.6,1012.1,1.05
Senegal,2024,12,25.138709677419353,23.94193548387097,0.0,47.03225806451613,1014.6774193548387,2.332258064516129
Senegal,2025,1,22.32903225806452,24.45483870967742,0.0,52.58064516129032,1014.5483870967741,2.638709677419355
Senegal,2025,2,20.239285714285717,25.957142857142856,0.0,64.60714285714286,1013.6428571428571,2.7285714285714286
Senegal,2025,3,20.561290322580643,31.874193548387098,0.02,79.7741935483871,1013.1935483870968,1.4709677419354839
Senegal,2025,4,21.3,24.82,0.0,83.6,1011.4,1.4666666666666666
Senegal,2025,5,22.783870967741933,18.07741935483871,0.11,84.87096774193549,1012.6451612903226,1.167741935483871
Senegal,2025,6,25.55,18.096666666666668,0.01,80.6,1013.6333333333333,1.1266666666666665
Senegal,2025,7,26.893548387096775,18.80322580645161,1.21,78.80645161290323,1013.6774193548387,0.6774193548387096
Senegal,2025,8,27.258064516129032,16.261290322580646,8.92,84.38709677419355,1012.0645161290323,0.4064516129032258
Senegal,2025,9,27.126666666666665,14.533333333333333,1.3800000000000001,86.56666666666666,1011.9,0.24000000000000002
Senegal,2025,10,27.538709677419355,17.312903225806455,1.32,85.35483870967742,1011.9354838709677,0.1032258064516129
Senegal,2025,11,26.883333333333333,24.026666666666664,0.03,78.8,1012.0,0.04666666666666667
Senegal,2025,12,20.729032258064517,30.835483870967742,0.21,71.19354838709677,1013.0645161290323,0.0
Senegal,2026,1,19.296666666666667,28.706666666666667,0.27,78.06666666666666,1013.5,0.0
Senegal,2026,2,18.900000000000002,21.666666666666668,0.0,91.0,1012.3333333333334,0.0
Serbia,2024,5,23.823529411764707,21.95294117647059,1.51,48.705882352941174,1012.5882352941177,5.529411764705882
Serbia,2024,6,29.323333333333334,13.09,14.88,45.7,1012.4,7.066666666666666
Serbia,2024,7,32.278571428571425,12.360714285714286,0.62,35.92857142857143,1012.5,8.071428571428571
Serbia,2024,8,33.619354838709675,12.777419354838708,0.0,28.451612903225808,1012.4193548387096,8.741935483870968
Serbia,2024,9,23.813333333333333,15.49,2.89,50.0,1013.5333333333333,6.166666666666667
Serbia,2024,10,17.11935483870968,11.393548387096773,1.27,56.41935483870968,1020.8709677419355,2.703225806451613
Serbia,2024,11,7.39,9.53,4.25,68.76666666666667,1023.9333333333333,1.04
Serbia,2024,12,4.851612903225806,10.80967741935484,2.7399999999999998,79.38709677419355,1022.4516129032259,0.7516129032258064
Serbia,2025,1,5.72258064516129,8.993548387096775,0.25,77.54838709677419,1022.8387096774194,1.0903225806451613
Serbia,2025,2,4.525,13.075000000000001,0.71,59.107142857142854,1027.5,1.592857142857143
Serbia,2025,3,12.816129032258065,13.990322580645161,3.8200000000000003,59.16129032258065,1016.8387096774194,2.238709677419355
Serbia,2025,4,14.92,15.046666666666669,0.56,65.36666666666666,1017.1,3.246666666666667
Serbia,2025,5,17.835483870967742,12.238709677419354,4.1,60.935483870967744,1015.0,4.283870967741936
Serbia,2025,6,26.27,9.593333333333334,0.0,46.1,1019.4,6.4766666666666675
Serbia,2025,7,25.812903225806455,11.216129032258063,6.21,52.96774193548387,1013.0645161290323,4.987096774193549
Serbia,2025,8,25.458064516129035,12.896774193548387,0.30000000000000004,50.193548387096776,1016.0,3.916129032258065
Serbia,2025,9,21.06,12.593333333333334,0.61,62.666666666666664,1018.6,2.283333333333333
Serbia,2025,10,11.506451612903225,12.85483870967742,1.74,75.38709677419355,1018.0322580645161,0.7258064516129032
Serbia,2025,11,6.766666666666667,9.826666666666666,4.79,88.16666666666667,1017.1666666666666,0.2366666666666667
Serbia,2025,12,2.396774193548387,10.390322580645162,1.05,93.16129032258064,1022.2258064516129,0.09354838709677421
Serbia,2026,1,-2.960594732333751e-17,10.96,6.159999999999999,85.9,1012.1666666666666,0.10666666666666667
Serbia,2026,2,2.3833333333333333,19.783333333333335,0.01,79.66666666666667,1006.0,0.15
Seychelles Islands,2024,5,28.823529411764707,12.141176470588235,4.65,77.52941176470588,1008.7647058823529,7.117647058823529
Seychelles Islands,2024,6,28.42413793103448,14.12758620689655,4.75,77.79310344827586,1009.7586206896551,7.344827586206897
Seychelles Islands,2024,7,27.17241379310345,22.20689655172414,2.12,79.62068965517241,1010.2068965517242,7.344827586206897
Seychelles Islands,2024,8,26.9741935483871,22.625806451612902,1.3900000000000001,80.64516129032258,1010.483870967742,7.387096774193548
Seychelles Islands,2024,9,28.30666666666667,23.64,4.46,78.13333333333334,1010.3333333333334,7.3
Seychelles Islands,2024,10,27.287096774193547,13.674193548387096,1.28,74.25806451612904,1010.8709677419355,10.738709677419354
Seychelles Islands,2024,11,28.44,13.466666666666667,1.96,74.23333333333333,1010.1666666666666,11.063333333333333
Seychelles Islands,2024,12,28.274193548387096,25.416129032258063,8.61,75.64516129032258,1009.741935483871,8.458064516129031
Seychelles Islands,2025,1,28.816129032258065,21.84193548387097,8.84,79.61290322580645,1009.1612903225806,9.05483870967742
Seychelles Islands,2025,2,29.967857142857145,16.932142857142857,3.15,71.39285714285714,1009.75,10.757142857142856
Seychelles Islands,2025,3,29.993548387096777,15.067741935483872,5.390000000000001,74.35483870967742,1009.5483870967741,13.280645161290321
Seychelles Islands,2025,4,30.866666666666667,9.323333333333332,3.32,69.4,1009.9333333333333,12.436666666666667
Seychelles Islands,2025,5,30.780645161290323,18.625806451612902,2.37,72.35483870967742,1010.258064516129,10.435483870967742
Seychelles Islands,2025,6,29.4,26.43,1.44,71.4,1012.0666666666667,9.643333333333334
Seychelles Islands,2025,7,28.1,28.19677419354839,1.56,72.19354838709677,1012.7096774193549,10.051612903225807
Seychelles Islands,2025,8,27.822580645161292,25.73548387096774,1.9900000000000002,74.83870967741936,1012.483870967742,11.52258064516129
Seychelles Islands,2025,9,28.073333333333334,23.77,0.87,77.16666666666667,1012.7666666666667,13.093333333333334
Seychelles Islands,2025,10,29.10967741935484,18.23225806451613,0.44,69.06451612903226,1012.3548387096774,12.480645161290322
Seychelles Islands,2025,11,29.416666666666668,9.753333333333334,3.32,71.16666666666667,1013.1666666666666,12.07
Seychelles Islands,2025,12,28.88064516129032,11.951612903225806,8.84,76.09677419354838,1011.6774193548387,10.651612903225805
Seychelles Islands,2026,1,28.446666666666665,21.573333333333334,2.42,77.73333333333333,1012.7,11.073333333333332
Seychelles Islands,2026,2,29.666666666666668,14.65,0.04,73.33333333333333,1012.6666666666666,11.9
Sierra Leone,2024,5,29.211764705882356,13.75294117647059,3.64,74.47058823529412,1011.3529411764706,6.0588235294117645
Sierra Leone,2024,6,28.724137931034484,14.344827586206897,30.28,74.34482758620689,1012.1724137931035,6.0344827586206895
Sierra Leone,2024,7,26.24285714285714,12.971428571428572,39.32,85.32142857142857,1014.5714285714286,5.75
Sierra Leone,2024,8,25.89032258064516,15.658064516129032,30.91,86.12903225806451,1013.9677419354839,5.903225806451613
Sierra Leone,2024,9,26.453333333333333,11.1,32.74,85.73333333333333,1013.1333333333333,5.833333333333333
Sierra Leone,2024,10,25.887096774193548,6.712903225806452,10.55,86.09677419354838,1013.0967741935484,2.9064516129032256
Sierra Leone,2024,11,26.783333333333335,5.4399999999999995,0.62,78.53333333333333,1012.1333333333333,1.6333333333333333
Sierra Leone,2024,12,27.67096774193548,8.787096774193548,0.0,62.193548387096776,1012.9677419354839,3.6258064516129034
Sierra Leone,2025,1,27.467741935483872,7.135483870967742,0.0,68.09677419354838,1012.4516129032259,3.519354838709677
Sierra Leone,2025,2,27.150000000000002,6.982142857142857,0.0,72.39285714285714,1011.2857142857143,3.792857142857143
Sierra Leone,2025,3,26.241935483870968,7.212903225806452,0.15,74.09677419354838,1011.516129032258,1.7419354838709677
Sierra Leone,2025,4,26.84,8.783333333333333,0.9600000000000001,77.43333333333334,1011.0333333333333,1.4533333333333334
Sierra Leone,2025,5,26.219354838709677,7.148387096774194,2.34,83.12903225806451,1012.5806451612904,1.1419354838709677
Sierra Leone,2025,6,25.89,7.153333333333333,15.080000000000002,86.03333333333333,1014.1,1.34
Sierra Leone,2025,7,24.270967741935483,10.196774193548388,59.54,89.41935483870968,1015.6774193548387,0.4612903225806452
Sierra Leone,2025,8,24.16774193548387,11.709677419354838,45.26,88.45161290322581,1014.6774193548387,0.3709677419354839
Sierra Leone,2025,9,24.366666666666667,7.223333333333333,42.26,88.96666666666667,1014.2666666666667,0.3333333333333333
Sierra Leone,2025,10,25.11,6.85,2.06,86.1,1013.0,0.19333333333333333
Sierra Leone,2025,11,24.956666666666667,5.973333333333333,5.3500000000000005,86.36666666666666,1011.8666666666667,0.08
Sierra Leone,2025,12,24.325806451612905,5.980645161290322,3.1799999999999997,86.70967741935483,1010.5806451612904,0.0
Sierra Leone,2026,1,24.896666666666665,6.7266666666666675,1.8599999999999999,84.86666666666666,1010.9333333333333,0.0
Sierra Leone,2026,2,24.916666666666668,12.116666666666667,0.02,72.5,1011.5,0.0
Singapore,2024,5,28.294117647058822,6.588235294117647,7.359999999999999,83.52941176470588,1009.0,1.2941176470588236
Singapore,2024,6,28.36,7.626666666666666,6.65,78.36666666666666,1010.3,1.0
Singapore,2024,7,28.896551724137932,13.144827586206896,1.29,74.55172413793103,1008.551724137931,1.0
Singapore,2024,8,28.809677419354838,13.358064516129032,0.52,73.0,1009.3870967741935,1.0
Singapore,2024,9,29.69333333333333,11.756666666666666,11.28,68.43333333333334,1007.9333333333333,3.6333333333333333
Singapore,2024,10,29.706451612903226,12.567741935483872,4.42,70.38709677419355,1007.741935483871,3.206451612903226
Singapore,2024,11,27.966666666666665,10.72,24.66,80.36666666666666,1007.1333333333333,2.3433333333333333
Singapore,2024,12,28.48709677419355,16.68064516129032,15.04,74.74193548387096,1007.258064516129,0.45483870967741935
Singapore,2025,1,28.0,19.125806451612902,33.71,73.74193548387096,1008.5483870967741,0.4612903225806452
Singapore,2025,2,29.192857142857143,17.17142857142857,8.24,67.14285714285714,1008.7142857142857,0.6
Singapore,2025,3,29.393548387096775,15.0,27.35,72.29032258064517,1007.6451612903226,1.8774193548387097
Singapore,2025,4,29.946666666666665,10.976666666666667,16.43,71.23333333333333,1007.5333333333333,2.7333333333333334
Singapore,2025,5,30.993548387096777,12.948387096774193,4.05,67.09677419354838,1006.741935483871,3.0999999999999996
Singapore,2025,6,31.263333333333332,12.846666666666666,5.33,62.86666666666667,1007.8333333333334,2.7066666666666666
Singapore,2025,7,31.54516129032258,15.077419354838709,3.64,61.483870967741936,1007.4516129032259,4.012903225806451
Singapore,2025,8,30.23548387096774,15.438709677419356,5.74,65.16129032258064,1008.741935483871,4.087096774193548
Singapore,2025,9,29.92,13.65,7.140000000000001,67.1,1008.9,4.836666666666667
Singapore,2025,10,31.383870967741935,15.01290322580645,6.98,59.806451612903224,1008.0967741935484,6.751612903225807
Singapore,2025,11,30.48,17.209999999999997,7.52,68.13333333333334,1007.6666666666666,6.256666666666666
Singapore,2025,12,29.951612903225808,13.596774193548388,25.73,69.80645161290323,1008.741935483871,6.503225806451613
Singapore,2026,1,30.8,17.276666666666664,7.76,58.0,1011.4666666666667,7.116666666666666
Singapore,2026,2,31.150000000000002,17.650000000000002,3.15,57.833333333333336,1012.6666666666666,9.700000000000001
Slovakia,2024,5,21.235294117647058,15.63529411764706,1.56,59.35294117647059,1012.5882352941177,5.0588235294117645
Slovakia,2024,6,25.433333333333334,14.843333333333334,14.14,54.7,1013.2,6.033333333333333
Slovakia,2024,7,29.25357142857143,14.65,0.49,40.42857142857143,1013.8928571428571,7.178571428571429
Slovakia,2024,8,30.19677419354839,12.229032258064517,0.21000000000000002,40.645161290322584,1014.0322580645161,7.548387096774194
Slovakia,2024,9,20.779999999999998,17.73,6.92,57.43333333333333,1014.3333333333334,5.4
Slovakia,2024,10,13.7,14.729032258064517,1.3900000000000001,73.51612903225806,1020.0967741935484,1.967741935483871
Slovakia,2024,11,5.636666666666667,13.71,0.44,75.43333333333334,1023.5333333333333,0.7166666666666667
Slovakia,2024,12,4.319354838709677,15.45483870967742,1.85,77.83870967741936,1023.1612903225806,0.5548387096774193
Slovakia,2025,1,3.3806451612903223,15.406451612903227,0.17,82.16129032258064,1020.2903225806451,0.6967741935483871
Slovakia,2025,2,3.007142857142857,13.532142857142857,0.9500000000000001,62.107142857142854,1027.857142857143,1.217857142857143
Slovakia,2025,3,10.264516129032257,16.27741935483871,1.93,63.0,1016.4516129032259,1.9516129032258065
Slovakia,2025,4,14.4,18.456666666666667,1.4200000000000002,59.43333333333333,1016.9333333333333,3.1166666666666667
Slovakia,2025,5,16.18064516129032,14.225806451612904,2.41,57.935483870967744,1015.258064516129,3.358064516129032
Slovakia,2025,6,23.433333333333334,14.776666666666667,0.21000000000000002,52.63333333333333,1019.1,5.1899999999999995
Slovakia,2025,7,22.893548387096775,16.0,1.6400000000000001,59.67741935483871,1013.4193548387096,4.087096774193548
Slovakia,2025,8,21.787096774193547,13.048387096774194,0.35,56.516129032258064,1016.3548387096774,3.3
Slovakia,2025,9,17.586666666666666,12.956666666666667,2.69,74.8,1018.4666666666667,1.6133333333333333
Slovakia,2025,10,10.661290322580646,16.683870967741935,1.97,75.0,1017.0645161290323,0.45806451612903226
Slovakia,2025,11,4.67,11.803333333333335,3.8499999999999996,88.63333333333334,1016.2666666666667,0.14333333333333334
Slovakia,2025,12,2.770967741935484,9.829032258064515,0.5700000000000001,92.19354838709677,1021.7096774193549,0.0
Slovakia,2026,1,-1.6933333333333336,11.883333333333333,0.82,83.7,1011.2,0.010000000000000002
Slovakia,2026,2,1.7833333333333332,14.1,0.44999999999999996,89.66666666666667,1004.8333333333334,0.06666666666666667
Slovenia,2024,5,19.294117647058822,11.75294117647059,16.400000000000002,66.29411764705883,1012.5294117647059,4.529411764705882
Slovenia,2024,6,24.57,10.853333333333333,4.82,57.733333333333334,1013.8,5.733333333333333
Slovenia,2024,7,28.54137931034483,9.762068965517242,3.12,48.37931034482759,1014.2068965517242,6.827586206896552
Slovenia,2024,8,29.91290322580645,6.538709677419354,5.87,46.54838709677419,1014.3548387096774,7.096774193548387
Slovenia,2024,9,20.173333333333336,9.353333333333333,24.96,60.53333333333333,1014.6,4.933333333333334
Slovenia,2024,10,14.283870967741937,5.151612903225806,6.0600000000000005,83.58064516129032,1020.483870967742,1.6935483870967742
Slovenia,2024,11,6.446666666666667,4.343333333333334,2.36,77.73333333333333,1023.7,0.8133333333333332
Slovenia,2024,12,3.9000000000000004,4.941935483870967,0.28,77.96774193548387,1023.1290322580645,0.7193548387096774
Slovenia,2025,1,3.964516129032258,7.025806451612904,3.4,88.12903225806451,1021.0322580645161,0.7774193548387097
Slovenia,2025,2,3.2285714285714286,4.957142857142857,4.79,78.21428571428571,1025.857142857143,1.0714285714285714
Slovenia,2025,3,8.903225806451612,6.390322580645161,9.799999999999999,70.48387096774194,1016.4516129032259,1.7838709677419353
Slovenia,2025,4,13.943333333333333,9.26,3.63,61.43333333333333,1017.1,2.856666666666667
Slovenia,2025,5,17.10967741935484,6.480645161290322,4.36,61.29032258064516,1015.483870967742,3.529032258064516
Slovenia,2025,6,24.483333333333334,9.35,2.64,55.93333333333333,1020.0666666666667,5.4366666666666665
Slovenia,2025,7,22.47741935483871,6.187096774193549,8.42,64.61290322580645,1014.6774193548387,4.283870967741936
Slovenia,2025,8,21.703225806451613,5.348387096774194,1.24,70.12903225806451,1017.0645161290323,2.858064516129032
Slovenia,2025,9,18.69333333333333,4.6066666666666665,10.4,80.93333333333334,1018.5333333333333,1.5866666666666667
Slovenia,2025,10,10.651612903225805,3.948387096774194,8.37,83.58064516129032,1017.741935483871,0.5451612903225806
Slovenia,2025,11,3.123333333333333,4.3100000000000005,6.95,93.7,1016.1333333333333,0.14666666666666667
Slovenia,2025,12,1.6967741935483869,3.9129032258064513,1.11,94.38709677419355,1020.7741935483871,0.0
Slovenia,2026,1,-1.6233333333333333,4.166666666666667,3.55,91.06666666666666,1010.4,0.013333333333333334
Slovenia,2026,2,1.6666666666666667,3.9,1.3900000000000001,96.5,1002.5,0.03333333333333333
Solomon Islands,2024,5,25.98125,9.55,16.6,90.25,1009.75,1.0
Solomon Islands,2024,6,25.423333333333336,8.753333333333334,2.98,88.86666666666666,1011.3,1.0
Solomon Islands,2024,7,25.209999999999997,9.766666666666667,0.77,88.16666666666667,1011.2333333333333,1.0
Solomon Islands,2024,8,25.206451612903226,12.332258064516129,3.2600000000000002,88.3225806451613,1012.6451612903226,1.0
Solomon Islands,2024,9,26.006666666666668,10.536666666666667,1.79,87.3,1011.0,1.0
Solomon Islands,2024,10,26.683870967741935,10.141935483870967,8.41,86.64516129032258,1010.3548387096774,0.2903225806451613
Solomon Islands,2024,11,27.48,7.846666666666667,4.38,86.0,1009.0,0.03333333333333333
Solomon Islands,2024,12,26.583870967741937,5.774193548387097,7.97,89.54838709677419,1008.6129032258065,0.0
Solomon Islands,2025,1,26.62258064516129,6.048387096774194,26.810000000000002,90.54838709677419,1008.6129032258065,0.03225806451612903
Solomon Islands,2025,2,26.571428571428573,7.45,15.73,89.67857142857143,1009.0714285714286,0.0
Solomon Islands,2025,3,26.858064516129033,8.106451612903227,13.42,88.35483870967742,1010.0645161290323,0.0
Solomon Islands,2025,4,27.016666666666666,8.053333333333333,16.54,88.5,1009.0333333333333,0.0
Solomon Islands,2025,5,27.27741935483871,10.59032258064516,10.79,87.96774193548387,1009.0645161290323,0.0
Solomon Islands,2025,6,26.84,13.236666666666668,8.72,89.2,1009.8333333333334,0.0
Solomon Islands,2025,7,26.893548387096775,12.196774193548388,6.92,87.16129032258064,1009.6451612903226,0.0
Solomon Islands,2025,8,27.770967741935483,10.925806451612903,6.84,82.41935483870968,1009.6774193548387,0.0
Solomon Islands,2025,9,27.86,12.816666666666666,7.34,82.43333333333334,1010.0,0.010000000000000002
Solomon Islands,2025,10,28.05483870967742,12.312903225806451,10.290000000000001,81.16129032258064,1009.0645161290323,0.1903225806451613
Solomon Islands,2025,11,28.576666666666664,5.72,11.54,78.86666666666666,1007.0333333333333,0.13
Solomon Islands,2025,12,28.97741935483871,5.664516129032258,21.55,79.74193548387096,1006.0322580645161,0.1709677419354839
Solomon Islands,2026,1,28.60666666666667,9.616666666666667,36.71,82.13333333333334,1005.0333333333333,0.1766666666666667
Solomon Islands,2026,2,28.53333333333333,10.333333333333334,3.3600000000000003,82.16666666666667,1007.1666666666666,0.16666666666666666
Somalia,2024,5,29.599999999999998,28.01764705882353,0.43,79.58823529411765,1009.9411764705883,6.176470588235294
Somalia,2024,6,28.526666666666664,32.68333333333333,1.03,76.8,1011.4333333333333,6.433333333333334
Somalia,2024,7,27.592857142857145,30.642857142857142,0.75,75.53571428571429,1011.75,6.428571428571429
Somalia,2024,8,27.5258064516129,30.719354838709677,1.01,74.09677419354838,1012.3548387096774,6.32258064516129
Somalia,2024,9,28.94,29.0,0.5700000000000001,73.43333333333334,1012.5666666666667,6.4
Somalia,2024,10,28.296774193548387,23.774193548387096,0.21000000000000002,71.54838709677419,1012.516129032258,10.396774193548387
Somalia,2024,11,29.783333333333335,18.39333333333333,2.07,75.03333333333333,1011.6666666666666,10.49
Somalia,2024,12,29.516129032258064,31.825806451612905,0.01,68.0,1010.8064516129032,9.745161290322581
Somalia,2025,1,28.758064516129032,34.44193548387097,0.0,70.35483870967742,1010.9354838709677,10.290322580645162
Somalia,2025,2,29.15357142857143,33.31071428571429,0.0,70.96428571428571,1011.2142857142857,11.796428571428573
Somalia,2025,3,30.18064516129032,24.812903225806455,0.7000000000000001,73.64516129032258,1010.5806451612904,13.741935483870968
Somalia,2025,4,31.153333333333332,17.183333333333334,4.58,74.53333333333333,1011.2,12.103333333333333
Somalia,2025,5,30.061290322580643,26.35483870967742,0.76,78.45161290322581,1012.3548387096774,10.883870967741935
Somalia,2025,6,28.88,30.77333333333333,1.74,76.93333333333334,1014.4,10.446666666666665
Somalia,2025,7,28.216129032258067,33.39032258064516,0.49,76.83870967741936,1015.8709677419355,9.932258064516128
Somalia,2025,8,27.241935483870968,30.28064516129032,0.63,76.87096774193549,1015.3225806451613,10.693548387096774
Somalia,2025,9,28.279999999999998,27.88,0.38,76.66666666666667,1015.1333333333333,11.326666666666666
Somalia,2025,10,28.358064516129033,22.1,0.34,78.48387096774194,1013.6451612903226,10.087096774193547
Somalia,2025,11,28.75,21.84,0.76,74.03333333333333,1014.2666666666667,8.486666666666666
Somalia,2025,12,28.52258064516129,26.125806451612902,0.08,77.41935483870968,1012.8387096774194,7.458064516129032
Somalia,2026,1,27.62,32.01,0.04,72.46666666666667,1014.2,8.333333333333334
Somalia,2026,2,27.53333333333333,27.833333333333332,0.0,78.16666666666667,1014.6666666666666,8.466666666666667
South Africa,2024,5,23.023529411764706,11.570588235294117,0.0,27.058823529411764,1025.5882352941176,6.882352941176471
South Africa,2024,6,18.946666666666665,12.65,1.73,29.666666666666668,1025.6666666666667,6.233333333333333
South Africa,2024,7,20.593103448275862,15.66551724137931,0.0,14.448275862068966,1020.2758620689655,6.206896551724138
South Africa,2024,8,23.629032258064516,13.112903225806452,0.0,18.032258064516128,1021.9677419354839,7.258064516129032
South Africa,2024,9,23.933333333333334,15.703333333333335,0.26,30.433333333333334,1022.0666666666667,7.533333333333333
South Africa,2024,10,24.138709677419353,13.903225806451612,0.04,32.32258064516129,1022.3548387096774,9.009677419354839
South Africa,2024,11,25.696666666666665,13.860000000000001,0.08,41.43333333333333,1020.3333333333334,10.176666666666668
South Africa,2024,12,27.580645161290324,15.03225806451613,7.84,46.354838709677416,1018.258064516129,11.525806451612903
South Africa,2025,1,26.42258064516129,11.62258064516129,4.38,53.483870967741936,1016.6451612903226,11.63225806451613
South Africa,2025,2,26.075,11.610714285714286,6.37,53.107142857142854,1014.6785714285714,10.932142857142859
South Africa,2025,3,23.887096774193548,9.296774193548387,2.66,59.41935483870968,1023.6451612903226,9.919354838709678
South Africa,2025,4,20.03666666666667,10.97,3.37,64.6,1024.3,6.3533333333333335
South Africa,2025,5,17.548387096774192,8.751612903225807,0.03,48.935483870967744,1029.3870967741937,4.558064516129033
South Africa,2025,6,14.520000000000001,9.8,0.02,45.7,1028.7666666666667,3.5566666666666666
South Africa,2025,7,13.980645161290322,8.503225806451614,0.02,48.45161290322581,1031.1935483870968,3.2935483870967746
South Africa,2025,8,16.654838709677417,10.393548387096773,0.17,42.83870967741935,1027.6774193548388,3.9645161290322584
South Africa,2025,9,20.12,14.013333333333332,0.39,45.333333333333336,1025.8,4.39
South Africa,2025,10,20.187096774193545,13.390322580645162,0.37,54.54838709677419,1025.0967741935483,5.712903225806452
South Africa,2025,11,19.240000000000002,12.803333333333335,2.6700000000000004,71.8,1023.8666666666667,4.903333333333333
South Africa,2025,12,20.23548387096774,12.19032258064516,3.36,73.19354838709677,1022.2903225806451,5.354838709677419
South Africa,2026,1,21.07,10.583333333333334,1.26,71.7,1020.2,5.923333333333333
South Africa,2026,2,21.033333333333335,9.716666666666667,0.0,68.0,1024.8333333333333,5.783333333333334
South Korea,2024,5,16.705882352941178,7.8352941176470585,0.03,83.11764705882354,1012.4117647058823,1.2352941176470589
South Korea,2024,6,21.733333333333334,6.4,3.0599999999999996,72.23333333333333,1007.8666666666667,1.0
South Korea,2024,7,25.47142857142857,10.185714285714285,15.98,89.92857142857143,1006.4642857142857,1.0
South Korea,2024,8,28.183870967741935,6.867741935483871,4.29,79.0,1007.0,1.0
South Korea,2024,9,25.613333333333333,7.163333333333333,6.85,80.73333333333333,1012.5333333333333,2.0
South Korea,2024,10,18.283870967741933,8.429032258064517,3.5,66.45161290322581,1019.1290322580645,1.1935483870967742
South Korea,2024,11,11.896666666666667,9.866666666666667,1.52,57.5,1021.0,0.03333333333333333
South Korea,2024,12,0.5612903225806452,10.170967741935485,0.21000000000000002,59.645161290322584,1023.1935483870968,0.0
South Korea,2025,1,-0.8258064516129031,8.519354838709678,0.38,64.96774193548387,1023.9354838709677,0.03225806451612903
South Korea,2025,2,-0.003571428571428749,13.260714285714286,0.05,55.5,1023.7142857142857,0.0
South Korea,2025,3,9.66451612903226,14.883870967741935,2.3799999999999994,47.38709677419355,1017.258064516129,0.06774193548387097
South Korea,2025,4,15.79,14.49,5.12,52.93333333333333,1010.1,0.38333333333333336
South Korea,2025,5,20.416129032258063,12.94516129032258,2.5100000000000002,60.25806451612903,1009.8064516129032,0.7064516129032258
South Korea,2025,6,26.326666666666668,13.99,2.3,65.03333333333333,1006.1333333333333,0.9233333333333333
South Korea,2025,7,31.112903225806452,11.932258064516128,2.3400000000000003,70.7741935483871,1005.9354838709677,1.3161290322580643
South Korea,2025,8,30.938709677419357,12.661290322580646,4.34,70.09677419354838,1007.9354838709677,1.229032258064516
South Korea,2025,9,27.003333333333334,9.270000000000001,3.03,63.7,1012.0333333333333,0.8933333333333333
South Korea,2025,10,19.64516129032258,9.541935483870969,4.09,67.93548387096774,1019.0645161290323,0.4774193548387097
South Korea,2025,11,12.936666666666667,13.46,0.01,49.833333333333336,1021.0,0.39333333333333337
South Korea,2025,12,4.429032258064516,11.374193548387098,2.88,54.96774193548387,1023.1290322580645,0.25806451612903225
South Korea,2026,1,0.08333333333333333,13.96,0.81,39.766666666666666,1023.6333333333333,0.3766666666666667
South Korea,2026,2,2.216666666666667,9.966666666666667,0.0,47.666666666666664,1023.8333333333334,0.6666666666666666
Spain,2024,5,24.13529411764706,14.117647058823529,0.0,28.941176470588236,1013.1176470588235,6.0588235294117645
Spain,2024,6,26.709999999999997,13.25,0.66,36.5,1014.5333333333333,7.033333333333333
Spain,2024,7,33.760714285714286,11.4,0.0,21.0,1015.0357142857143,8.464285714285714
Spain,2024,8,32.9,8.687096774193549,0.11,27.0,1014.6129032258065,8.096774193548388
Spain,2024,9,22.456666666666667,11.463333333333333,0.8200000000000001,44.43333333333333,1017.3666666666667,6.166666666666667
Spain,2024,10,16.48709677419355,14.793548387096775,1.29,69.96774193548387,1017.5806451612904,2.238709677419355
Spain,2024,11,11.533333333333333,9.973333333333333,0.28,79.36666666666666,1022.9333333333333,0.5666666666666667
Spain,2024,12,8.183870967741935,7.416129032258064,0.1,70.29032258064517,1028.5483870967741,0.9032258064516129
Spain,2025,1,7.067741935483871,13.387096774193548,5.64,79.41935483870968,1022.1612903225806,0.8354838709677419
Spain,2025,2,8.475,7.653571428571428,0.04,72.89285714285714,1022.7857142857143,1.5
Spain,2025,3,8.541935483870969,15.341935483870968,7.8500000000000005,77.6774193548387,1012.7096774193549,1.1709677419354838
Spain,2025,4,13.106666666666666,11.376666666666667,0.77,69.66666666666667,1015.4333333333333,2.2800000000000002
Spain,2025,5,17.05806451612903,9.754838709677419,2.56,59.516129032258064,1017.8064516129032,2.796774193548387
Spain,2025,6,25.59,7.763333333333334,0.01,44.03333333333333,1020.6666666666666,3.6133333333333337
Spain,2025,7,24.506451612903227,11.038709677419355,0.0,44.54838709677419,1018.7741935483871,3.0354838709677416
Spain,2025,8,25.258064516129032,8.438709677419356,0.0,41.064516129032256,1018.7741935483871,1.429032258064516
Spain,2025,9,18.506666666666668,10.116666666666667,0.0,52.7,1020.3666666666667,0.87
Spain,2025,10,14.17741935483871,11.383870967741935,0.35,70.83870967741936,1019.8064516129032,0.2129032258064516
Spain,2025,11,6.496666666666667,8.996666666666666,0.6000000000000001,85.3,1017.9666666666667,0.02666666666666667
Spain,2025,12,5.551612903225807,10.006451612903225,4.26,89.35483870967742,1016.516129032258,0.0
Spain,2026,1,3.8466666666666667,13.326666666666666,6.1,89.93333333333334,1011.7,0.0
Spain,2026,2,6.116666666666667,18.783333333333335,1.26,93.33333333333333,998.8333333333334,0.0
Sri Lanka,2024,5,27.052941176470586,15.064705882352943,21.73,90.3529411764706,1006.5294117647059,1.2941176470588236
Sri Lanka,2024,6,28.34,16.37666666666667,15.05,83.6,1008.1666666666666,1.0
Sri Lanka,2024,7,28.650000000000002,16.117857142857144,12.52,82.14285714285714,1007.5357142857143,3.9642857142857144
Sri Lanka,2024,8,28.77741935483871,13.764516129032257,17.07,79.16129032258064,1008.1612903225806,3.7419354838709675
Sri Lanka,2024,9,31.15666666666667,16.233333333333334,18.7,71.2,1007.9,5.166666666666667
Sri Lanka,2024,10,28.91290322580645,17.780645161290323,19.64,78.87096774193549,1008.1935483870968,4.645161290322581
Sri Lanka,2024,11,29.216666666666665,17.086666666666666,12.42,75.0,1007.4,4.613333333333333
Sri Lanka,2024,12,29.60967741935484,17.683870967741935,7.56,70.16129032258064,1007.6774193548387,1.238709677419355
Sri Lanka,2025,1,29.206451612903226,16.261290322580646,18.28,72.12903225806451,1007.741935483871,1.3225806451612903
Sri Lanka,2025,2,31.928571428571427,17.035714285714285,4.86,61.0,1008.6428571428571,2.4857142857142853
Sri Lanka,2025,3,31.451612903225808,16.254838709677422,18.220000000000002,68.25806451612904,1008.2258064516129,3.8806451612903223
Sri Lanka,2025,4,31.943333333333335,15.013333333333332,11.44,71.9,1008.1666666666666,7.093333333333334
Sri Lanka,2025,5,30.970967741935485,21.44516129032258,14.94,77.35483870967742,1007.3225806451613,6.238709677419355
Sri Lanka,2025,6,30.526666666666664,21.873333333333335,10.22,77.93333333333334,1008.2,5.823333333333333
Sri Lanka,2025,7,30.190322580645162,22.40967741935484,12.04,75.7741935483871,1008.0967741935484,5.648387096774194
Sri Lanka,2025,8,30.074193548387097,21.87741935483871,9.73,75.64516129032258,1009.483870967742,9.04516129032258
Sri Lanka,2025,9,30.283333333333335,21.30666666666667,15.62,76.8,1009.3,10.226666666666667
Sri Lanka,2025,10,30.73548387096774,17.725806451612904,21.67,72.80645161290323,1009.516129032258,8.62258064516129
Sri Lanka,2025,11,29.946666666666665,18.723333333333336,18.93,74.2,1010.4333333333333,7.680000000000001
Sri Lanka,2025,12,30.280645161290323,17.870967741935484,1.7300000000000002,65.2258064516129,1010.9677419354839,9.94516129032258
Sri Lanka,2026,1,29.986666666666668,16.91,0.92,61.93333333333333,1012.9666666666667,9.983333333333333
Sri Lanka,2026,2,31.066666666666666,13.216666666666667,1.2999999999999998,63.5,1013.6666666666666,11.633333333333333
Sudan,2024,5,40.19117647058823,14.976470588235294,0.0,10.205882352941176,1005.6176470588235,9.5
Sudan,2024,6,39.09661016949152,15.816949152542374,0.0,20.1864406779661,1005.7796610169491,9.305084745762711
Sudan,2024,7,34.49824561403509,20.280701754385966,1.48,35.8421052631579,1008.2105263157895,8.280701754385966
Sudan,2024,8,30.27258064516129,19.337096774193547,7.680000000000001,53.03225806451613,1009.741935483871,7.080645161290323
Sudan,2024,9,33.028333333333336,12.045,0.47000000000000003,40.5,1009.6833333333333,8.083333333333334
Sudan,2024,10,32.575806451612905,17.348387096774193,0.0,27.93548387096774,1011.2741935483871,8.398387096774194
Sudan,2024,11,27.628333333333334,27.851666666666667,0.0,20.866666666666667,1013.85,7.183333333333334
Sudan,2024,12,27.26451612903226,25.509677419354837,0.0,19.516129032258064,1014.6612903225806,7.9
Sudan,2025,1,26.398387096774194,27.6,0.0,18.822580645161292,1014.6129032258065,8.651612903225805
Sudan,2025,2,28.758928571428573,27.900000000000002,0.0,15.375,1012.7142857142857,9.716071428571428
Sudan,2025,3,30.072580645161292,27.174193548387095,0.0,11.53225806451613,1012.1935483870968,10.72258064516129
Sudan,2025,4,33.78,23.245,0.0,12.5,1009.8,10.268333333333334
Sudan,2025,5,34.83387096774193,20.240322580645163,0.0,11.32258064516129,1010.2096774193549,9.196774193548388
Sudan,2025,6,34.64833333333333,17.348333333333336,0.0,20.666666666666668,1010.35,8.754999999999999
Sudan,2025,7,30.26451612903226,21.791935483870965,1.23,47.774193548387096,1012.0645161290323,7.637096774193548
Sudan,2025,8,27.387096774193548,20.520967741935483,10.43,60.725806451612904,1012.0483870967741,5.979032258064516
Sudan,2025,9,28.935,16.428333333333335,0.84,53.55,1011.8833333333333,6.1466666666666665
Sudan,2025,10,30.200000000000003,17.35,1.1,30.225806451612904,1011.483870967742,4.953225806451614
Sudan,2025,11,26.75,24.513333333333332,0.0,24.466666666666665,1013.45,3.685
Sudan,2025,12,21.938709677419357,23.037096774193547,0.0,26.532258064516128,1014.0806451612904,2.97741935483871
Sudan,2026,1,22.44,24.59333333333333,0.0,22.966666666666665,1014.9166666666666,3.253333333333333
Sudan,2026,2,25.28333333333333,23.666666666666668,0.0,16.166666666666668,1014.1666666666666,3.4916666666666667
Suriname,2024,5,28.61764705882353,10.117647058823529,9.86,79.52941176470588,1013.2941176470588,6.0588235294117645
Suriname,2024,6,28.406896551724138,8.362068965517242,8.58,79.72413793103448,1013.7241379310345,6.448275862068965
Suriname,2024,7,26.351724137931036,8.075862068965517,7.46,84.75862068965517,1014.6551724137931,6.0
Suriname,2024,8,26.693548387096776,9.925806451612903,2.7600000000000002,79.06451612903226,1014.2903225806451,6.741935483870968
Suriname,2024,9,26.08,10.976666666666667,0.01,85.6,1011.9333333333333,5.6
Suriname,2024,10,24.33225806451613,9.938709677419356,0.52,96.06451612903226,1010.516129032258,0.41935483870967744
Suriname,2024,11,24.12,10.016666666666667,2.56,95.43333333333334,1009.3333333333334,0.056666666666666664
Suriname,2024,12,23.6,8.851612903225806,3.02,94.90322580645162,1011.3225806451613,0.1193548387096774
Suriname,2025,1,22.85666666666667,8.93,6.71,96.4,1011.8666666666667,0.06666666666666667
Suriname,2025,2,23.260714285714283,9.482142857142858,4.75,97.03571428571429,1011.1785714285714,0.0
Suriname,2025,3,23.432258064516127,9.403225806451612,3.03,96.16129032258064,1011.6451612903226,0.0
Suriname,2025,4,23.873333333333335,9.18,6.46,95.76666666666667,1011.2,0.0
Suriname,2025,5,24.009677419354837,7.606451612903226,16.34,98.61290322580645,1011.741935483871,0.0
Suriname,2025,6,23.966666666666665,8.646666666666667,5.74,96.66666666666667,1012.5666666666667,0.0
Suriname,2025,7,23.37741935483871,8.103225806451613,5.08,94.90322580645162,1013.4516129032259,0.0032258064516129032
Suriname,2025,8,23.74516129032258,8.04516129032258,4.75,94.09677419354838,1012.7741935483871,0.0
Suriname,2025,9,24.166666666666668,10.296666666666665,0.4,94.76666666666667,1011.6666666666666,0.0
Suriname,2025,10,24.190322580645162,10.338709677419354,4.3,95.38709677419355,1010.3225806451613,0.0
Suriname,2025,11,23.976666666666667,10.35,3.27,96.13333333333334,1009.7666666666667,0.0
Suriname,2025,12,23.635483870967743,9.890322580645162,5.0,95.7741935483871,1009.6774193548387,0.0
Suriname,2026,1,23.44333333333333,8.696666666666665,7.47,96.46666666666667,1010.7333333333333,0.0
Suriname,2026,2,23.366666666666664,9.966666666666667,0.26,93.5,1012.3333333333334,0.0
Swaziland,2024,5,21.123529411764707,10.805882352941175,0.0,42.11764705882353,1020.7058823529412,6.352941176470588
Swaziland,2024,6,19.266666666666666,11.813333333333333,0.060000000000000005,34.2,1021.5666666666667,6.233333333333333
Swaziland,2024,7,23.235714285714288,12.614285714285714,0.0,17.464285714285715,1015.4285714285714,7.142857142857143
Swaziland,2024,8,25.17096774193548,13.758064516129032,0.64,32.935483870967744,1019.5806451612904,7.161290322580645
Swaziland,2024,9,24.423333333333336,14.146666666666667,0.62,50.56666666666667,1019.8666666666667,7.1
Swaziland,2024,10,22.59032258064516,10.593548387096773,2.13,52.03225806451613,1019.8709677419355,8.07741935483871
Swaziland,2024,11,25.073333333333334,9.806666666666667,1.2,55.36666666666667,1017.1666666666666,8.773333333333333
Swaziland,2024,12,27.94193548387097,11.94516129032258,2.6599999999999997,55.096774193548384,1014.0967741935484,11.035483870967743
Swaziland,2025,1,26.47741935483871,9.580645161290322,7.62,65.35483870967742,1013.6451612903226,11.01290322580645
Swaziland,2025,2,24.464285714285715,8.503571428571428,3.02,67.71428571428571,1014.5714285714286,10.146428571428572
Swaziland,2025,3,24.23,6.196666666666667,1.46,73.5,1019.7,8.78
Swaziland,2025,4,21.18,7.156666666666667,3.46,67.3,1019.8,5.943333333333333
Swaziland,2025,5,20.154838709677417,7.638709677419355,0.02,48.67741935483871,1023.8387096774194,4.329032258064516
Swaziland,2025,6,17.796666666666667,10.04,0.0,41.93333333333333,1023.9333333333333,3.7066666666666666
Swaziland,2025,7,17.20967741935484,7.470967741935484,0.02,49.193548387096776,1027.3225806451612,3.167741935483871
Swaziland,2025,8,18.32903225806452,7.074193548387097,0.21000000000000002,59.61290322580645,1024.3225806451612,4.041935483870968
Swaziland,2025,9,20.11,8.42,0.9600000000000001,65.03333333333333,1022.9666666666667,4.276666666666667
Swaziland,2025,10,19.883870967741935,6.95483870967742,2.19,72.96774193548387,1021.6774193548387,5.019354838709678
Swaziland,2025,11,20.303333333333335,5.666666666666667,5.73,78.46666666666667,1020.7333333333333,4.286666666666666
Swaziland,2025,12,22.006451612903227,5.364516129032259,2.5100000000000002,79.87096774193549,1018.3548387096774,4.506451612903225
Swaziland,2026,1,21.89,5.319999999999999,2.0,80.96666666666667,1016.9666666666667,5.55
Swaziland,2026,2,23.166666666666668,3.85,0.04,77.5,1018.3333333333334,6.066666666666666
Sweden,2024,5,21.88235294117647,17.56470588235294,0.0,39.1764705882353,1018.7647058823529,5.470588235294118
Sweden,2024,6,20.153333333333332,16.279999999999998,2.53,50.56666666666667,1009.1666666666666,4.8
Sweden,2024,7,21.464285714285715,16.33214285714286,3.42,57.214285714285715,1009.5714285714286,5.214285714285714
Sweden,2024,8,21.63225806451613,17.061290322580643,0.98,52.16129032258065,1011.1935483870968,5.516129032258065
Sweden,2024,9,17.566666666666666,13.25,3.22,65.96666666666667,1016.6333333333333,4.733333333333333
Sweden,2024,10,10.819354838709677,15.648387096774194,4.2,81.3225806451613,1014.8709677419355,1.3387096774193548
Sweden,2024,11,4.406666666666666,16.12,1.91,83.56666666666666,1010.9333333333333,0.24333333333333332
Sweden,2024,12,2.487096774193548,15.12258064516129,1.95,85.19354838709677,1012.6774193548387,0.12258064516129033
Sweden,2025,1,0.9612903225806452,15.370967741935484,2.2800000000000002,89.03225806451613,1006.6774193548387,0.25483870967741934
Sweden,2025,2,0.49285714285714294,12.360714285714286,0.64,82.85714285714286,1026.4642857142858,0.4571428571428572
Sweden,2025,3,5.867741935483871,16.432258064516127,0.11,66.2258064516129,1012.258064516129,1.3387096774193548
Sweden,2025,4,9.66,14.586666666666668,1.1400000000000001,58.93333333333333,1017.3333333333334,1.9266666666666665
Sweden,2025,5,11.600000000000001,15.064516129032258,2.09,56.96774193548387,1012.1290322580645,2.729032258064516
Sweden,2025,6,17.23,15.386666666666667,1.53,56.43333333333333,1009.3,3.21
Sweden,2025,7,21.629032258064516,10.364516129032259,1.43,62.774193548387096,1010.2258064516129,3.1129032258064515
Sweden,2025,8,17.02258064516129,14.6,2.8000000000000003,71.06451612903226,1010.9354838709677,2.074193548387097
Sweden,2025,9,14.833333333333334,14.596666666666666,0.49,85.66666666666667,1016.7333333333333,1.0566666666666666
Sweden,2025,10,7.893548387096774,13.564516129032258,1.4,90.38709677419355,1008.8064516129032,0.2032258064516129
Sweden,2025,11,3.3833333333333333,12.366666666666667,1.07,93.76666666666667,1008.4333333333333,0.023333333333333334
Sweden,2025,12,3.4967741935483874,15.658064516129034,2.12,88.09677419354838,1014.0,0.0
Sweden,2026,1,-2.5900000000000003,13.246666666666666,4.85,90.56666666666666,1013.3,0.0
Sweden,2026,2,-7.666666666666667,9.616666666666667,0.15,81.5,1024.0,0.0
Switzerland,2024,5,16.88235294117647,9.888235294117647,6.49,68.17647058823529,1012.8823529411765,3.764705882352941
Switzerland,2024,6,21.936666666666667,10.743333333333334,14.06,60.2,1014.5666666666667,4.966666666666667
Switzerland,2024,7,25.517857142857142,8.014285714285714,3.9299999999999997,52.785714285714285,1015.7857142857143,5.892857142857143
Switzerland,2024,8,25.716129032258067,8.080645161290322,2.5,54.45161290322581,1016.4193548387096,6.096774193548387
Switzerland,2024,9,17.076666666666664,9.639999999999999,9.67,71.53333333333333,1016.0,4.3
Switzerland,2024,10,13.52258064516129,5.5,4.71,80.38709677419355,1017.8709677419355,1.5516129032258066
Switzerland,2024,11,5.193333333333333,5.8966666666666665,2.96,85.66666666666667,1022.9333333333333,0.61
Switzerland,2024,12,3.332258064516129,6.077419354838709,7.86,78.35483870967742,1024.5483870967741,0.6451612903225806
Switzerland,2025,1,3.0677419354838706,7.187096774193549,1.75,81.7741935483871,1018.0967741935484,0.7935483870967742
Switzerland,2025,2,4.157142857142857,5.042857142857144,1.51,79.07142857142857,1022.3214285714286,1.1321428571428571
Switzerland,2025,3,7.6,6.116129032258065,2.06,71.38709677419355,1015.3548387096774,1.6838709677419357
Switzerland,2025,4,11.860000000000001,8.1,2.18,68.93333333333334,1016.2333333333333,2.503333333333333
Switzerland,2025,5,14.73225806451613,7.306451612903226,5.45,70.16129032258064,1016.8387096774194,2.929032258064516
Switzerland,2025,6,22.016666666666666,8.56,2.37,65.0,1020.3666666666667,4.42
Switzerland,2025,7,20.129032258064516,6.783870967741936,4.37,68.64516129032258,1017.258064516129,3.42258064516129
Switzerland,2025,8,18.283333333333335,5.722222222222222,8.42,74.61111111111111,1018.1388888888889,2.5694444444444446
Switzerland,2025,9,11.764285714285714,5.897619047619047,4.51,87.5952380952381,1020.0,1.0238095238095237
Switzerland,2025,10,7.505263157894737,7.7894736842105265,5.91,91.39473684210526,1018.8684210526316,0.42894736842105263
Switzerland,2025,11,0.10000000000000002,6.136111111111111,13.67,95.27777777777777,1013.9722222222222,0.05
Switzerland,2025,12,-0.7285714285714285,5.58,0.49,95.17142857142858,1018.6571428571428,0.0
Switzerland,2026,1,-2.8633333333333337,6.056666666666667,2.41,93.63333333333334,1008.4,0.0
Switzerland,2026,2,-0.9166666666666666,4.666666666666667,0.12,95.5,997.6666666666666,0.0
Syria,2024,5,30.58823529411765,31.00588235294118,0.06,19.705882352941178,1012.1764705882352,6.9411764705882355
Syria,2024,6,38.12,22.686666666666667,0.03,12.266666666666667,1007.3666666666667,8.633333333333333
Syria,2024,7,36.88928571428572,22.87857142857143,0.0,17.714285714285715,1003.9285714285714,8.678571428571429
Syria,2024,8,36.47741935483871,22.10967741935484,0.0,17.258064516129032,1006.0967741935484,8.709677419354838
Syria,2024,9,32.14,16.006666666666668,0.0,24.7,1011.5666666666667,7.733333333333333
Syria,2024,10,25.0,10.55483870967742,0.0,27.774193548387096,1017.258064516129,5.706451612903226
Syria,2024,11,17.546666666666667,10.770000000000001,0.2,51.53333333333333,1019.3666666666667,3.25
Syria,2024,12,13.941935483870967,11.170967741935485,1.27,40.0,1019.1612903225806,2.4516129032258065
Syria,2025,1,12.964516129032257,8.558064516129033,0.27,40.516129032258064,1020.7741935483871,2.954838709677419
Syria,2025,2,10.360714285714286,12.842857142857143,1.0,42.214285714285715,1017.5714285714286,3.8464285714285715
Syria,2025,3,17.703225806451613,12.009677419354839,1.43,37.70967741935484,1017.5806451612904,5.751612903225807
Syria,2025,4,21.506666666666668,17.14,0.0,29.566666666666666,1014.1666666666666,7.64
Syria,2025,5,27.051612903225806,16.06774193548387,0.01,24.70967741935484,1013.7096774193549,9.141935483870967
Syria,2025,6,30.448275862068964,14.56551724137931,0.0,23.03448275862069,1010.9310344827586,10.634482758620688
Syria,2025,7,31.629032258064516,13.506451612903225,0.0,28.677419354838708,1008.0,9.980645161290322
Syria,2025,8,31.12258064516129,11.525806451612903,0.0,36.03225806451613,1010.5806451612904,8.529032258064515
Syria,2025,9,25.266666666666666,9.806666666666667,0.0,45.4,1014.1333333333333,6.416666666666667
Syria,2025,10,20.593548387096774,8.787096774193548,0.0,49.806451612903224,1018.4193548387096,3.7516129032258063
Syria,2025,11,14.953333333333335,7.723333333333333,4.289999999999999,45.8,1022.0666666666667,1.8533333333333333
Syria,2025,12,7.370967741935484,11.048387096774194,3.85,84.74193548387096,1018.5806451612904,1.035483870967742
Syria,2026,1,5.09,10.6,2.33,82.2,1020.0666666666667,1.1633333333333333
Syria,2026,2,8.483333333333333,6.6499999999999995,0.03,77.83333333333333,1017.3333333333334,1.5333333333333332
Südkorea,2024,7,26.1,4.0,0.22,84.0,1007.0,1.0
Tajikistan,2024,5,24.41176470588235,10.86470588235294,0.9400000000000001,51.23529411764706,1015.1176470588235,4.294117647058823
Tajikistan,2024,6,29.06,10.743333333333334,2.4,34.833333333333336,1008.1666666666666,5.933333333333334
Tajikistan,2024,7,34.36071428571429,11.667857142857143,0.24000000000000002,19.928571428571427,1003.2857142857143,7.785714285714286
Tajikistan,2024,8,34.45483870967742,11.912903225806453,0.0,17.29032258064516,1005.8387096774194,8.03225806451613
Tajikistan,2024,9,29.873333333333335,10.873333333333333,0.48,22.0,1013.4,6.866666666666666
Tajikistan,2024,10,22.967741935483872,4.732258064516128,0.56,37.354838709677416,1017.4193548387096,3.6548387096774193
Tajikistan,2024,11,16.573333333333334,4.790000000000001,1.48,49.13333333333333,1021.6666666666666,1.8566666666666667
Tajikistan,2024,12,6.854838709677419,4.041935483870968,0.9400000000000001,50.16129032258065,1024.3870967741937,0.6774193548387096
Tajikistan,2025,1,7.580645161290323,3.9129032258064513,2.2600000000000002,57.25806451612903,1024.516129032258,0.6935483870967742
Tajikistan,2025,2,11.435714285714285,5.835714285714286,0.42,46.82142857142857,1019.5,1.2857142857142858
Tajikistan,2025,3,16.467741935483872,5.209677419354839,3.14,43.12903225806452,1020.5483870967741,3.1870967741935483
Tajikistan,2025,4,24.40666666666667,5.716666666666667,0.67,40.03333333333333,1016.8333333333334,5.796666666666667
Tajikistan,2025,5,30.467741935483872,6.596774193548387,2.18,29.64516129032258,1012.516129032258,8.72258064516129
Tajikistan,2025,6,34.480000000000004,9.95,0.22,21.766666666666666,1008.9,9.34
Tajikistan,2025,7,38.487096774193546,12.812903225806451,0.05,15.129032258064516,1004.741935483871,10.319354838709677
Tajikistan,2025,8,35.903225806451616,10.490322580645161,0.0,16.516129032258064,1009.9354838709677,9.54516129032258
Tajikistan,2025,9,31.183333333333334,8.263333333333334,0.01,18.833333333333332,1014.2,7.08
Tajikistan,2025,10,24.970967741935485,6.129032258064516,0.06,24.29032258064516,1018.8064516129032,4.487096774193549
Tajikistan,2025,11,15.466666666666667,3.9433333333333334,0.49,31.033333333333335,1025.2,2.783333333333333
Tajikistan,2025,12,9.851612903225806,4.958064516129032,6.029999999999999,66.25806451612904,1021.9032258064516,1.3580645161290323
Tajikistan,2026,1,6.583333333333333,3.9466666666666668,5.9,61.56666666666667,1022.2666666666667,1.82
Tajikistan,2026,2,9.700000000000001,7.016666666666667,1.23,57.5,1023.5,1.7666666666666666
Tanzania,2024,5,27.058823529411764,12.888235294117647,0.0,44.05882352941177,1016.1176470588235,7.411764705882353
Tanzania,2024,6,27.12,13.84,0.0,35.03333333333333,1015.7333333333333,7.9
Tanzania,2024,7,28.013793103448275,12.26551724137931,0.0,30.82758620689655,1015.3793103448276,8.068965517241379
Tanzania,2024,8,27.925806451612903,15.316129032258065,0.0,30.967741935483872,1015.258064516129,8.129032258064516
Tanzania,2024,9,28.92,16.220000000000002,0.0,31.6,1015.9,8.433333333333334
Tanzania,2024,10,28.27741935483871,14.254838709677419,0.19,39.67741935483871,1016.1612903225806,11.03225806451613
Tanzania,2024,11,29.279999999999998,13.183333333333334,0.76,39.0,1013.4666666666667,11.603333333333333
Tanzania,2024,12,27.316129032258065,8.629032258064516,3.4899999999999998,51.774193548387096,1013.4516129032259,12.09032258064516
Tanzania,2025,1,26.761290322580646,7.264516129032257,7.42,56.12903225806452,1014.3548387096774,11.519354838709678
Tanzania,2025,2,27.685714285714287,7.728571428571429,3.2,52.57142857142857,1013.5357142857143,13.792857142857143
Tanzania,2025,3,26.548387096774192,9.574193548387097,7.58,59.903225806451616,1016.2903225806451,13.203225806451613
Tanzania,2025,4,25.540000000000003,11.723333333333333,3.04,61.03333333333333,1017.5333333333333,11.596666666666666
Tanzania,2025,5,24.92258064516129,11.916129032258064,1.52,55.645161290322584,1019.5483870967741,9.332258064516129
Tanzania,2025,6,23.82,12.629999999999999,0.01,52.666666666666664,1022.2,8.91
Tanzania,2025,7,22.574193548387097,13.27741935483871,0.0,50.645161290322584,1022.2258064516129,8.654838709677419
Tanzania,2025,8,22.23225806451613,13.264516129032257,0.0,49.354838709677416,1020.9032258064516,9.312903225806451
Tanzania,2025,9,23.796666666666667,15.376666666666667,0.0,47.833333333333336,1020.6333333333333,9.58
Tanzania,2025,10,25.09032258064516,15.916129032258064,0.0,48.38709677419355,1018.2258064516129,8.364516129032259
Tanzania,2025,11,25.163333333333334,14.176666666666668,0.31,51.56666666666667,1017.8333333333334,7.77
Tanzania,2025,12,23.693548387096776,12.083870967741936,6.2,67.41935483870968,1018.258064516129,6.554838709677419
Tanzania,2026,1,22.83,7.346666666666667,4.84,75.73333333333333,1018.2333333333333,6.3133333333333335
Tanzania,2026,2,22.46666666666667,6.483333333333333,2.8600000000000003,78.83333333333333,1019.1666666666666,6.883333333333333
Thailand,2024,5,28.724242424242423,8.175757575757576,6.54,81.63636363636364,1006.5151515151515,1.4545454545454546
Thailand,2024,6,29.33103448275862,10.313793103448276,16.63,77.06896551724138,1006.4137931034483,1.0
Thailand,2024,7,27.74310344827586,9.89310344827586,29.44,82.86206896551724,1004.9827586206897,1.0
Thailand,2024,8,28.530645161290323,9.025806451612903,22.39,79.88709677419355,1006.1290322580645,1.0
Thailand,2024,9,29.261666666666667,8.68,31.41,77.7,1004.4666666666667,3.716666666666667
Thailand,2024,10,30.585483870967742,6.156451612903226,19.84,68.1774193548387,1007.1290322580645,3.0951612903225807
Thailand,2024,11,30.816666666666666,7.5600000000000005,7.12,56.166666666666664,1009.6166666666667,2.058333333333333
Thailand,2024,12,28.874193548387098,7.537096774193548,0.12,52.11290322580645,1010.2741935483871,0.2661290322580645
Thailand,2025,1,29.138709677419353,7.103225806451612,0.0,39.45161290322581,1011.0967741935484,0.6451612903225806
Thailand,2025,2,32.408928571428575,10.592857142857143,0.31,42.089285714285715,1009.5535714285714,0.5125
Thailand,2025,3,34.524193548387096,13.433870967741935,0.01,41.74193548387097,1007.3064516129032,2.0370967741935484
Thailand,2025,4,34.333333333333336,13.756666666666666,4.8,51.5,1006.5166666666667,2.481666666666667
Thailand,2025,5,31.76290322580645,11.180645161290323,9.6,66.2741935483871,1005.2903225806451,3.52258064516129
Thailand,2025,6,32.461666666666666,11.411666666666667,32.54,61.2,1004.45,3.0833333333333335
Thailand,2025,7,31.003225806451614,10.730645161290322,35.4,69.35483870967742,1003.483870967742,2.9919354838709675
Thailand,2025,8,32.52741935483871,10.425806451612903,30.65,61.016129032258064,1005.4032258064516,4.550000000000001
Thailand,2025,9,31.459999999999997,9.308333333333334,24.1,67.61666666666666,1005.8166666666667,5.2266666666666675
Thailand,2025,10,31.330645161290324,7.604838709677419,13.91,63.54838709677419,1008.741935483871,5.687096774193549
Thailand,2025,11,29.038333333333334,7.613333333333333,15.82,58.81666666666667,1011.05,4.89
Thailand,2025,12,29.64032258064516,6.851612903225806,0.71,51.75806451612903,1011.9032258064516,5.570967741935483
Thailand,2026,1,29.279999999999998,7.496666666666667,0.0,42.11666666666667,1014.05,6.126666666666667
Thailand,2026,2,31.041666666666668,8.383333333333333,0.0,42.583333333333336,1014.4166666666666,7.183333333333334
Timor-Leste,2024,5,25.46470588235294,8.823529411764707,0.54,78.17647058823529,1011.9411764705883,1.3529411764705883
Timor-Leste,2024,6,24.303448275862067,8.293103448275861,0.02,75.86206896551724,1013.3103448275862,1.0
Timor-Leste,2024,7,23.642857142857142,10.235714285714286,2.18,75.96428571428571,1013.3928571428571,1.0
Timor-Leste,2024,8,24.09032258064516,9.438709677419356,0.11000000000000001,75.51612903225806,1013.4193548387096,1.0
Timor-Leste,2024,9,25.446666666666665,10.879999999999999,3.79,74.33333333333333,1011.5666666666667,2.2333333333333334
Timor-Leste,2024,10,27.580645161290324,12.819354838709677,3.29,68.70967741935483,1009.483870967742,2.196774193548387
Timor-Leste,2024,11,27.916666666666668,8.783333333333333,21.91,72.5,1008.1,0.89
Timor-Leste,2024,12,26.606451612903225,6.770967741935484,21.06,83.93548387096774,1007.4516129032259,0.0
Timor-Leste,2025,1,26.348387096774193,6.141935483870968,18.77,82.45161290322581,1008.0645161290323,0.2903225806451613
Timor-Leste,2025,2,26.228571428571428,10.028571428571428,28.87,83.64285714285714,1008.5357142857143,0.010714285714285714
Timor-Leste,2025,3,26.883870967741935,7.15483870967742,22.36,81.03225806451613,1007.5483870967741,0.2
Timor-Leste,2025,4,26.45,6.126666666666667,14.86,78.46666666666667,1008.7666666666667,0.26666666666666666
Timor-Leste,2025,5,26.4741935483871,7.393548387096774,13.53,79.51612903225806,1009.1290322580645,0.43870967741935485
Timor-Leste,2025,6,25.85666666666667,6.78,2.64,74.8,1010.8,0.35333333333333333
Timor-Leste,2025,7,25.77741935483871,7.232258064516128,2.66,70.96774193548387,1009.9354838709677,0.7709677419354838
Timor-Leste,2025,8,26.287096774193547,12.887096774193548,0.31,66.09677419354838,1010.3870967741935,1.0903225806451613
Timor-Leste,2025,9,27.026666666666664,14.333333333333334,6.49,67.76666666666667,1010.1,1.9
Timor-Leste,2025,10,27.848387096774193,9.783870967741937,5.35,65.54838709677419,1008.6129032258065,3.1806451612903226
Timor-Leste,2025,11,27.846666666666668,9.673333333333334,22.470000000000002,72.96666666666667,1006.9666666666667,3.6133333333333337
Timor-Leste,2025,12,27.11935483870968,9.416129032258064,23.95,78.45161290322581,1006.4516129032259,3.429032258064516
Timor-Leste,2026,1,27.386666666666667,16.17,13.06,76.6,1006.9666666666667,3.77
Timor-Leste,2026,2,27.75,17.116666666666667,0.75,74.33333333333333,1007.5,4.916666666666667
Togo,2024,6,27.9,19.1,0.16,74.0,1011.0,6.0
Tonga,2024,5,23.64375,11.64375,4.9,90.4375,1014.4375,1.0
Tonga,2024,6,22.48,14.053333333333335,1.4000000000000001,81.83333333333333,1017.3,1.0
Tonga,2024,7,21.917241379310347,19.693103448275863,0.98,79.6896551724138,1016.7241379310345,1.0
Tonga,2024,8,21.364516129032257,17.825806451612905,1.46,79.7741935483871,1019.0967741935484,1.0
Tonga,2024,9,21.106451612903225,19.019354838709678,2.16,91.16129032258064,1017.483870967742,1.0
Tonga,2024,10,22.92258064516129,28.0741935483871,6.28,91.03225806451613,1016.741935483871,0.2903225806451613
Tonga,2024,11,23.663333333333334,28.43,5.11,91.4,1016.1333333333333,0.03333333333333333
Tonga,2024,12,25.283870967741933,24.22258064516129,8.379999999999999,88.61290322580645,1011.8709677419355,0.0
Tonga,2025,1,24.86774193548387,17.893548387096775,5.92,92.48387096774194,1011.8064516129032,0.03225806451612903
Tonga,2025,2,26.12142857142857,23.417857142857144,8.33,91.39285714285714,1011.5,0.0
Tonga,2025,3,25.641935483870967,17.42258064516129,11.83,92.96774193548387,1013.258064516129,0.0
Tonga,2025,4,25.706666666666667,27.546666666666667,3.1700000000000004,90.4,1013.9666666666667,0.0
Tonga,2025,5,23.648387096774194,29.283870967741937,4.7,91.12903225806451,1015.741935483871,0.0
Tonga,2025,6,22.35666666666667,27.646666666666665,3.51,90.8,1017.1666666666666,0.0
Tonga,2025,7,21.190322580645162,26.625806451612902,3.5999999999999996,88.19354838709677,1016.7741935483871,0.0
Tonga,2025,8,21.129032258064516,23.877419354838707,1.56,87.06451612903226,1016.3548387096774,0.0
Tonga,2025,9,21.07241379310345,28.337931034482757,0.84,77.20689655172414,1018.3793103448276,0.0
Tonga,2025,10,22.906451612903226,28.5258064516129,1.29,83.61290322580645,1017.9032258064516,0.0
Tonga,2025,11,24.529999999999998,22.56,22.13,89.96666666666667,1011.9666666666667,0.0
Tonga,2025,12,26.016129032258064,20.39032258064516,5.93,85.35483870967742,1010.516129032258,0.0
Tonga,2026,1,27.886666666666667,20.216666666666665,13.93,86.2,1008.4333333333333,0.0
Tonga,2026,2,27.849999999999998,20.633333333333336,2.01,91.5,1008.1666666666666,0.0
Trinidad and Tobago,2024,5,30.11764705882353,19.447058823529414,2.36,75.88235294117646,1014.0,6.588235294117647
Trinidad and Tobago,2024,6,29.386666666666667,15.786666666666667,6.09,77.83333333333333,1013.7,6.5
Trinidad and Tobago,2024,7,27.36896551724138,9.186206896551724,12.120000000000001,82.44827586206897,1014.4137931034483,6.413793103448276
Trinidad and Tobago,2024,8,26.858064516129033,6.45483870967742,15.33,84.41935483870968,1013.7741935483871,6.419354838709677
Trinidad and Tobago,2024,9,27.02,6.26,6.680000000000001,91.26666666666667,1011.4,5.5
Trinidad and Tobago,2024,10,25.541935483870965,9.95483870967742,10.27,93.2258064516129,1010.483870967742,0.45161290322580644
Trinidad and Tobago,2024,11,25.66896551724138,10.055172413793104,11.86,91.17241379310344,1009.2758620689655,0.0
Trinidad and Tobago,2024,12,24.177419354838708,10.935483870967742,4.8999999999999995,91.45161290322581,1011.7096774193549,0.03870967741935485
Trinidad and Tobago,2025,1,23.44,11.626666666666667,2.8800000000000003,89.1,1012.9666666666667,0.02666666666666667
Trinidad and Tobago,2025,2,23.810714285714287,11.782142857142857,0.12000000000000001,83.78571428571429,1012.5714285714286,0.0
Trinidad and Tobago,2025,3,24.219354838709677,12.848387096774195,5.91,83.54838709677419,1012.4516129032259,0.0
Trinidad and Tobago,2025,4,25.053333333333335,13.223333333333333,7.08,85.86666666666666,1011.8666666666667,0.0
Trinidad and Tobago,2025,5,25.129032258064516,12.435483870967742,8.69,94.48387096774194,1012.3548387096774,0.0
Trinidad and Tobago,2025,6,25.326666666666664,13.443333333333333,7.93,94.63333333333334,1013.4666666666667,0.0
Trinidad and Tobago,2025,7,24.641935483870967,10.129032258064516,5.14,95.38709677419355,1013.7741935483871,0.0
Trinidad and Tobago,2025,8,25.161290322580644,9.719354838709679,6.87,93.06451612903226,1012.6129032258065,0.0
Trinidad and Tobago,2025,9,25.236666666666668,9.806666666666667,6.42,95.06666666666666,1011.6666666666666,0.0
Trinidad and Tobago,2025,10,25.345161290322583,10.32258064516129,8.53,91.93548387096774,1010.3225806451613,0.0
Trinidad and Tobago,2025,11,25.05,11.236666666666668,13.57,91.83333333333333,1010.8333333333334,0.0
Trinidad and Tobago,2025,12,24.183870967741935,11.638709677419355,4.48,88.2258064516129,1010.9677419354839,0.0
Trinidad and Tobago,2026,1,24.25,10.826666666666666,2.45,86.73333333333333,1011.9666666666667,0.0
Trinidad and Tobago,2026,2,24.150000000000002,11.266666666666666,0.04,85.16666666666667,1013.5,0.0
Tunisia,2024,5,28.01764705882353,19.705882352941178,0.49,41.588235294117645,1012.2352941176471,6.764705882352941
Tunisia,2024,6,30.14333333333333,20.17,0.04,41.6,1013.9333333333333,7.366666666666666
Tunisia,2024,7,34.21785714285714,19.65357142857143,0.0,36.92857142857143,1013.2857142857143,8.214285714285714
Tunisia,2024,8,34.63225806451613,15.62258064516129,0.09,37.87096774193548,1012.5483870967741,8.258064516129032
Tunisia,2024,9,30.183333333333334,16.153333333333332,0.72,47.46666666666667,1014.2333333333333,7.166666666666667
Tunisia,2024,10,25.14516129032258,13.12258064516129,0.7899999999999999,64.3225806451613,1017.9032258064516,3.2903225806451615
Tunisia,2024,11,19.696666666666665,10.736666666666668,1.01,69.1,1021.4,1.3133333333333332
Tunisia,2024,12,15.403225806451612,19.322580645161292,2.24,66.58064516129032,1023.0322580645161,1.5129032258064516
Tunisia,2025,1,16.026666666666667,16.19,0.76,64.16666666666667,1020.5333333333333,1.8366666666666667
Tunisia,2025,2,15.517857142857142,12.742857142857144,1.84,73.92857142857143,1022.25,2.3607142857142853
Tunisia,2025,3,17.929032258064513,16.093548387096774,0.95,66.38709677419355,1014.5806451612904,2.7419354838709675
Tunisia,2025,4,19.256666666666668,13.729999999999999,0.31,63.36666666666667,1015.7666666666667,3.8966666666666665
Tunisia,2025,5,22.748387096774195,14.458064516129031,0.37,59.645161290322584,1015.741935483871,4.406451612903226
Tunisia,2025,6,29.43103448275862,12.589655172413794,0.01,49.37931034482759,1017.5862068965517,5.7379310344827585
Tunisia,2025,7,30.845161290322583,15.064516129032258,0.23,49.58064516129032,1014.258064516129,4.709677419354839
Tunisia,2025,8,28.700000000000003,10.087096774193547,0.02,57.903225806451616,1015.0322580645161,3.232258064516129
Tunisia,2025,9,26.436666666666667,10.813333333333333,0.13,66.1,1017.3333333333334,2.126666666666667
Tunisia,2025,10,21.148387096774194,11.40967741935484,0.53,73.74193548387096,1017.258064516129,0.7741935483870968
Tunisia,2025,11,14.513333333333334,12.093333333333334,3.25,80.66666666666667,1016.5666666666667,0.25666666666666665
Tunisia,2025,12,11.774193548387096,9.735483870967743,1.0,95.64516129032258,1017.0,0.0064516129032258064
Tunisia,2026,1,10.49,15.43,0.35,89.93333333333334,1010.9333333333333,0.08000000000000002
Tunisia,2026,2,12.633333333333333,17.216666666666665,0.03,86.5,1005.6666666666666,0.13333333333333333
Turkey,2024,5,23.688235294117646,14.547058823529412,2.7,43.55882352941177,1013.2058823529412,5.0588235294117645
Turkey,2024,6,32.032758620689656,18.693103448275863,3.0300000000000002,29.17241379310345,1011.7068965517242,7.396551724137931
Turkey,2024,7,32.150877192982456,23.173684210526318,6.46,32.421052631578945,1008.421052631579,7.771929824561403
Turkey,2024,8,32.501612903225805,20.049999999999997,0.3,26.56451612903226,1009.4032258064516,7.887096774193548
Turkey,2024,9,26.94333333333333,14.553333333333335,1.99,41.35,1012.8,6.766666666666667
Turkey,2024,10,19.766129032258064,14.23225806451613,0.060000000000000005,45.37096774193548,1020.5322580645161,4.22258064516129
Turkey,2024,11,11.66,12.773333333333333,5.8999999999999995,62.233333333333334,1021.2833333333333,1.8516666666666666
Turkey,2024,12,9.316129032258065,13.046774193548387,5.45,69.37096774193549,1019.4354838709677,1.217741935483871
Turkey,2025,1,8.759677419354839,9.101612903225806,7.1,74.53225806451613,1023.1451612903226,1.653225806451613
Turkey,2025,2,5.119642857142857,14.2875,4.34,64.30357142857143,1023.4642857142857,2.242857142857143
Turkey,2025,3,13.95483870967742,16.15806451612903,1.04,50.66129032258065,1018.6935483870968,3.9935483870967743
Turkey,2025,4,13.325,14.445,7.33,61.6,1014.65,4.886666666666667
Turkey,2025,5,20.65806451612903,15.327419354838709,3.26,49.96774193548387,1013.6451612903226,6.45483870967742
Turkey,2025,6,25.851666666666667,17.123333333333335,1.61,39.55,1016.0166666666667,8.128333333333334
Turkey,2025,7,29.703225806451613,15.014516129032257,0.0,36.596774193548384,1010.9354838709677,8.224193548387097
Turkey,2025,8,26.92096774193548,16.1,0.0,45.17741935483871,1013.6129032258065,6.561290322580645
Turkey,2025,9,21.175,14.246666666666668,1.1400000000000001,55.71666666666667,1016.9166666666666,4.321666666666667
Turkey,2025,10,13.688709677419356,11.751612903225807,4.45,79.70967741935483,1017.6129032258065,1.9516129032258065
Turkey,2025,11,9.321666666666665,7.61,1.95,86.45,1020.6,0.8766666666666667
Turkey,2025,12,3.182258064516129,8.498387096774193,1.1300000000000001,91.24193548387096,1019.3709677419355,0.4129032258064516
Turkey,2026,1,2.941666666666667,10.943333333333333,10.32,85.21666666666667,1015.8,0.4116666666666667
Turkey,2026,2,4.216666666666667,7.858333333333333,1.1600000000000001,88.83333333333333,1011.75,0.5666666666666667
Turkmenistan,2024,5,24.941176470588236,15.141176470588235,0.47,45.88235294117647,1014.8235294117648,6.0
Turkmenistan,2024,6,35.35,16.056666666666665,0.7,20.766666666666666,1007.5666666666667,8.4
Turkmenistan,2024,7,37.489285714285714,15.607142857142858,2.26,19.571428571428573,1004.3571428571429,8.678571428571429
Turkmenistan,2024,8,36.57741935483871,14.612903225806452,0.05,19.258064516129032,1007.6451612903226,8.64516129032258
Turkmenistan,2024,9,30.040000000000003,14.34,0.0,18.466666666666665,1013.9,7.266666666666667
Turkmenistan,2024,10,21.951612903225808,13.02258064516129,2.9,44.483870967741936,1017.1612903225806,4.341935483870968
Turkmenistan,2024,11,15.1,10.576666666666666,0.54,56.03333333333333,1020.4,2.3699999999999997
Turkmenistan,2024,12,9.138709677419355,11.587096774193547,0.09,52.41935483870968,1023.3225806451613,1.1419354838709677
Turkmenistan,2025,1,9.219354838709679,9.274193548387096,0.19,56.87096774193548,1024.4516129032259,1.3387096774193548
Turkmenistan,2025,2,8.028571428571428,11.210714285714285,1.22,61.464285714285715,1020.1071428571429,1.7750000000000001
Turkmenistan,2025,3,17.93548387096774,11.441935483870967,1.12,41.41935483870968,1019.1935483870968,4.145161290322581
Turkmenistan,2025,4,26.613333333333333,16.296666666666667,0.72,33.266666666666666,1013.7333333333333,6.333333333333333
Turkmenistan,2025,5,31.138709677419353,15.574193548387097,0.7899999999999999,25.258064516129032,1012.1290322580645,9.293548387096775
Turkmenistan,2025,6,33.00333333333334,16.233333333333334,0.16,24.066666666666666,1009.8333333333334,10.136666666666667
Turkmenistan,2025,7,36.94193548387097,13.422580645161291,0.02,20.096774193548388,1006.5806451612904,10.661290322580646
Turkmenistan,2025,8,35.21612903225807,13.890322580645162,0.0,19.580645161290324,1010.741935483871,9.483870967741936
Turkmenistan,2025,9,28.243333333333332,11.673333333333334,0.01,30.5,1013.9,7.11
Turkmenistan,2025,10,23.02258064516129,12.758064516129032,0.0,33.193548387096776,1017.6129032258065,4.477419354838709
Turkmenistan,2025,11,17.029999999999998,11.29,0.0,39.43333333333333,1023.8333333333334,2.57
Turkmenistan,2025,12,7.699999999999999,9.619354838709677,0.61,81.3225806451613,1019.9354838709677,1.506451612903226
Turkmenistan,2026,1,5.510000000000001,9.793333333333333,0.36,79.7,1020.0,1.5533333333333335
Turkmenistan,2026,2,8.666666666666666,9.116666666666667,0.12,80.66666666666667,1015.8333333333334,2.033333333333333
Turkménistan,2024,7,37.8,22.0,0.0,11.0,998.0,9.0
Tuvalu,2024,5,28.69375,8.21875,8.22,85.625,1008.5,1.0
Tuvalu,2024,6,28.346666666666668,10.756666666666666,13.89,85.36666666666666,1009.9,1.0
Tuvalu,2024,7,28.731034482758623,16.73103448275862,8.879999999999999,81.96551724137932,1009.6551724137931,1.0
Tuvalu,2024,8,28.306451612903224,22.725806451612904,19.32,80.80645161290323,1011.0645161290323,1.0
Tuvalu,2024,9,28.561290322580643,18.983870967741936,14.92,86.7741935483871,1010.1935483870968,1.0
Tuvalu,2024,10,28.838709677419356,17.90967741935484,3.83,84.3225806451613,1010.2903225806451,0.2903225806451613
Tuvalu,2024,11,29.17,13.543333333333333,18.51,81.06666666666666,1009.1666666666666,0.03333333333333333
Tuvalu,2024,12,28.70967741935484,18.42258064516129,9.69,80.90322580645162,1008.9354838709677,0.0
Tuvalu,2025,1,28.53548387096774,20.5258064516129,10.33,79.51612903225806,1009.1290322580645,0.03225806451612903
Tuvalu,2025,2,28.642857142857142,23.635714285714283,10.7,78.78571428571429,1009.7142857142857,0.0
Tuvalu,2025,3,29.009677419354837,16.73225806451613,10.97,80.54838709677419,1010.3225806451613,0.0
Tuvalu,2025,4,28.523333333333333,14.31,17.53,83.9,1009.5333333333333,0.0
Tuvalu,2025,5,29.103225806451615,19.46451612903226,9.47,82.83870967741936,1009.483870967742,0.0
Tuvalu,2025,6,28.56,21.116666666666667,10.16,84.3,1010.0666666666667,0.0
Tuvalu,2025,7,28.683870967741935,23.548387096774192,9.74,82.06451612903226,1009.7741935483871,0.0
Tuvalu,2025,8,28.700000000000003,24.10967741935484,8.04,80.19354838709677,1010.1935483870968,0.0
Tuvalu,2025,9,28.279999999999998,24.279999999999998,8.08,81.6,1010.6,0.0
Tuvalu,2025,10,28.432258064516127,20.716129032258067,3.95,82.25806451612904,1009.4193548387096,0.0
Tuvalu,2025,11,28.873333333333335,14.996666666666666,5.1499999999999995,78.56666666666666,1007.9333333333333,0.0
Tuvalu,2025,12,29.406451612903226,12.97741935483871,4.38,76.58064516129032,1006.5483870967741,0.0
Tuvalu,2026,1,28.853333333333335,21.863333333333333,23.92,79.3,1006.4666666666667,0.0
Tuvalu,2026,2,29.183333333333334,20.933333333333334,1.77,78.66666666666667,1009.1666666666666,0.0
USA United States of America,2024,6,24.53333333333333,12.933333333333332,1.59,66.0,1013.3333333333334,4.333333333333333
Uganda,2024,5,26.105882352941176,16.729411764705883,0.41,66.52941176470588,1015.6470588235294,5.882352941176471
Uganda,2024,6,25.89333333333333,19.206666666666667,0.5599999999999999,64.13333333333334,1015.9,6.433333333333334
Uganda,2024,7,26.75,14.360714285714286,0.42,50.785714285714285,1013.2142857142857,6.428571428571429
Uganda,2024,8,26.529032258064515,13.561290322580644,0.77,45.70967741935484,1011.0322580645161,6.548387096774194
Uganda,2024,9,27.413333333333334,11.273333333333333,2.26,51.5,1012.7666666666667,6.7
Uganda,2024,10,27.148387096774194,7.296774193548386,4.91,54.67741935483871,1013.9032258064516,10.193548387096774
Uganda,2024,11,24.506666666666668,6.9,8.72,70.73333333333333,1015.6333333333333,8.68
Uganda,2024,12,27.251612903225805,8.374193548387098,6.05,52.74193548387097,1012.8064516129032,10.225806451612904
Uganda,2025,1,27.874193548387098,8.303225806451612,0.34,53.0,1014.3870967741935,9.848387096774195
Uganda,2025,2,30.139285714285712,13.457142857142857,0.02,44.25,1012.5,12.62857142857143
Uganda,2025,3,26.5,10.025806451612903,3.7800000000000002,62.45161290322581,1015.6774193548387,11.151612903225805
Uganda,2025,4,24.116666666666667,8.526666666666667,9.52,75.56666666666666,1016.7,10.356666666666666
Uganda,2025,5,24.490322580645163,9.770967741935483,17.490000000000002,74.3225806451613,1019.0322580645161,9.638709677419355
Uganda,2025,6,24.529999999999998,10.973333333333333,3.72,71.36666666666666,1019.6,8.92
Uganda,2025,7,24.335483870967742,8.696774193548388,2.89,71.41935483870968,1020.4193548387096,8.016129032258064
Uganda,2025,8,24.203225806451613,7.816129032258065,6.61,66.03225806451613,1018.6451612903226,8.025806451612903
Uganda,2025,9,25.85,6.926666666666667,2.12,61.5,1018.1,8.886666666666667
Uganda,2025,10,24.251612903225805,6.693548387096774,4.36,69.16129032258064,1017.1612903225806,6.990322580645161
Uganda,2025,11,23.926666666666666,5.596666666666667,4.35,73.53333333333333,1018.0,6.056666666666667
Uganda,2025,12,23.09032258064516,6.04516129032258,5.6899999999999995,76.06451612903226,1016.8387096774194,5.170967741935484
Uganda,2026,1,24.283333333333335,7.623333333333333,0.35,72.6,1016.9666666666667,5.516666666666667
Uganda,2026,2,22.983333333333334,6.6000000000000005,1.9100000000000001,75.33333333333333,1017.3333333333334,4.783333333333333
Ukraine,2024,5,19.858823529411765,12.200000000000001,2.55,53.1764705882353,1019.0,4.823529411764706
Ukraine,2024,6,23.78666666666667,13.4,6.05,58.166666666666664,1012.7666666666667,5.833333333333333
Ukraine,2024,7,30.49655172413793,13.196551724137931,0.43,31.96551724137931,1012.2758620689655,7.620689655172414
Ukraine,2024,8,29.606451612903225,12.845161290322581,0.02,26.387096774193548,1012.7096774193549,7.32258064516129
Ukraine,2024,9,26.02,18.413333333333334,0.09,27.566666666666666,1016.8666666666667,6.5
Ukraine,2024,10,13.935483870967742,14.616129032258065,0.77,55.25806451612903,1020.1612903225806,2.3806451612903223
Ukraine,2024,11,3.9099999999999997,15.28,2.04,68.73333333333333,1022.3333333333334,0.7533333333333334
Ukraine,2024,12,1.7483870967741937,14.803225806451612,3.13,78.96774193548387,1021.7096774193549,0.4
Ukraine,2025,1,3.47741935483871,15.22258064516129,0.4,74.0,1019.5483870967741,0.6290322580645161
Ukraine,2025,2,-1.5785714285714287,11.403571428571428,0.13,60.607142857142854,1030.75,1.3035714285714286
Ukraine,2025,3,8.7,15.938709677419356,0.18,57.806451612903224,1017.5483870967741,2.335483870967742
Ukraine,2025,4,13.636666666666667,15.643333333333334,2.07,42.266666666666666,1016.2,3.6666666666666665
Ukraine,2025,5,15.058064516129033,14.596774193548388,3.32,58.58064516129032,1012.2903225806451,3.6903225806451614
Ukraine,2025,6,20.746666666666666,19.553333333333335,1.6500000000000001,56.766666666666666,1014.4666666666667,5.366666666666666
Ukraine,2025,7,25.274193548387096,14.09032258064516,4.09,48.29032258064516,1010.741935483871,5.141935483870968
Ukraine,2025,8,23.806451612903224,12.548387096774194,0.27,40.45161290322581,1015.8709677419355,4.45483870967742
Ukraine,2025,9,19.69,13.983333333333333,0.7100000000000001,42.03333333333333,1021.8333333333334,2.73
Ukraine,2025,10,9.641935483870967,14.77741935483871,2.7199999999999998,68.16129032258064,1015.4193548387096,0.6548387096774194
Ukraine,2025,11,6.403333333333333,11.483333333333333,0.3,80.3,1018.5333333333333,0.3266666666666667
Ukraine,2025,12,0.567741935483871,12.525806451612903,1.04,80.87096774193549,1020.4193548387096,0.11935483870967742
Ukraine,2026,1,-9.126666666666667,12.613333333333333,3.07,93.86666666666666,1015.5666666666667,0.16
Ukraine,2026,2,-14.9,12.4,0.3,91.0,1021.6666666666666,0.3
United Arab Emirates,2024,5,35.35294117647059,15.876470588235293,0.0,39.23529411764706,1002.7058823529412,7.470588235294118
United Arab Emirates,2024,6,37.61333333333334,19.52,0.0,43.56666666666667,997.7666666666667,8.066666666666666
United Arab Emirates,2024,7,37.50344827586206,20.56206896551724,0.0,51.172413793103445,993.8965517241379,8.310344827586206
United Arab Emirates,2024,8,37.63870967741936,19.37741935483871,0.0,55.03225806451613,996.9032258064516,8.258064516129032
United Arab Emirates,2024,9,38.88,16.63,0.0,38.63333333333333,1002.0,8.066666666666666
United Arab Emirates,2024,10,32.270967741935486,15.567741935483872,0.0,52.935483870967744,1009.6774193548387,7.422580645161291
United Arab Emirates,2024,11,29.083333333333332,14.096666666666666,0.0,55.833333333333336,1014.5,5.4766666666666675
United Arab Emirates,2024,12,24.164516129032258,17.203225806451613,0.09,53.38709677419355,1016.741935483871,3.509677419354839
United Arab Emirates,2025,1,23.296774193548387,19.725806451612904,0.0,47.67741935483871,1017.6451612903226,4.096774193548387
United Arab Emirates,2025,2,25.42142857142857,18.849999999999998,0.01,47.714285714285715,1015.25,4.925
United Arab Emirates,2025,3,29.470967741935485,16.9741935483871,0.0,32.064516129032256,1014.2258064516129,7.990322580645161
United Arab Emirates,2025,4,36.04666666666667,15.106666666666666,0.0,21.933333333333334,1009.4666666666667,9.983333333333333
United Arab Emirates,2025,5,39.245161290322585,18.961290322580645,0.0,25.64516129032258,1003.7741935483871,10.712903225806452
United Arab Emirates,2025,6,38.21,18.37,0.0,36.36666666666667,999.5,10.8
United Arab Emirates,2025,7,40.99677419354839,15.32258064516129,0.0,33.935483870967744,996.0,10.290322580645162
United Arab Emirates,2025,8,41.71290322580645,11.316129032258065,0.0,27.06451612903226,999.4193548387096,9.851612903225806
United Arab Emirates,2025,9,38.26,11.383333333333333,0.0,39.833333333333336,1003.8666666666667,8.963333333333333
United Arab Emirates,2025,10,33.5516129032258,9.02258064516129,0.0,44.483870967741936,1010.8064516129032,6.512903225806451
United Arab Emirates,2025,11,28.80666666666667,7.8100000000000005,0.0,45.733333333333334,1017.5,5.069999999999999
United Arab Emirates,2025,12,24.216129032258067,14.561290322580644,0.02,52.41935483870968,1017.7741935483871,3.8774193548387097
United Arab Emirates,2026,1,21.976666666666667,15.646666666666667,0.05,52.46666666666667,1020.7333333333333,4.493333333333334
United Arab Emirates,2026,2,22.366666666666664,9.049999999999999,0.0,52.5,1020.0,4.766666666666667
United Kingdom,2024,5,17.058823529411764,15.741176470588236,2.47,65.47058823529412,1011.6470588235294,4.0588235294117645
United Kingdom,2024,6,19.71034482758621,17.772413793103446,1.9500000000000002,50.10344827586207,1014.1034482758621,4.827586206896552
United Kingdom,2024,7,20.95357142857143,15.242857142857144,1.73,60.32142857142857,1013.6785714285714,4.857142857142857
United Kingdom,2024,8,22.38064516129032,17.351612903225806,0.4,55.25806451612903,1013.4516129032259,5.580645161290323
United Kingdom,2024,9,17.209999999999997,15.856666666666666,2.83,73.36666666666666,1013.8666666666667,4.5
United Kingdom,2024,10,12.86774193548387,12.925806451612903,3.63,86.74193548387096,1014.0645161290323,1.4258064516129034
United Kingdom,2024,11,8.133333333333333,11.666666666666666,4.02,87.36666666666666,1019.7666666666667,0.29333333333333333
United Kingdom,2024,12,7.635483870967741,15.932258064516128,1.4,86.16129032258064,1022.1290322580645,0.22580645161290322
United Kingdom,2025,1,4.490322580645161,11.548387096774194,2.36,88.25806451612904,1013.3548387096774,0.3709677419354839
United Kingdom,2025,2,5.846428571428571,13.471428571428572,1.9100000000000001,86.5,1021.3214285714286,0.5071428571428571
United Kingdom,2025,3,8.46774193548387,10.935483870967742,0.95,76.74193548387096,1017.4193548387096,1.2935483870967743
United Kingdom,2025,4,11.92,13.763333333333332,0.09,68.56666666666666,1017.6333333333333,1.8466666666666667
United Kingdom,2025,5,14.958064516129031,15.183870967741935,0.5700000000000001,66.80645161290323,1018.2258064516129,2.541935483870968
United Kingdom,2025,6,18.81,15.266666666666667,3.5,69.13333333333334,1016.6666666666666,3.0166666666666666
United Kingdom,2025,7,19.76451612903226,11.219354838709679,1.7999999999999998,69.38709677419355,1015.4516129032259,2.193548387096774
United Kingdom,2025,8,17.596774193548388,12.558064516129033,3.64,74.93548387096774,1016.7096774193549,1.538709677419355
United Kingdom,2025,9,13.446666666666665,15.793333333333333,5.76,86.23333333333333,1014.5666666666667,0.6233333333333333
United Kingdom,2025,10,10.95483870967742,13.948387096774193,1.19,88.58064516129032,1014.0,0.11612903225806452
United Kingdom,2025,11,8.74,15.073333333333332,7.279999999999999,89.86666666666666,1009.0333333333333,0.0
United Kingdom,2025,12,6.819354838709677,14.983870967741936,1.51,89.19354838709677,1014.2903225806451,0.0
United Kingdom,2026,1,4.05,14.036666666666667,6.77,92.96666666666667,1002.1,0.0
United Kingdom,2026,2,6.733333333333333,13.733333333333334,0.69,95.5,991.0,0.0
United States of America,2024,5,10.347058823529412,15.358823529411765,0.0,62.294117647058826,1016.4117647058823,3.2941176470588234
United States of America,2024,6,11.24,9.05,1.15,86.1,1016.2,3.1666666666666665
United States of America,2024,7,11.292592592592591,10.207407407407409,0.24000000000000002,94.92592592592592,1017.9629629629629,2.0
United States of America,2024,8,11.361290322580645,6.896774193548388,2.86,91.70967741935483,1017.1612903225806,1.0
United States of America,2024,9,11.176666666666668,6.6466666666666665,0.24000000000000002,96.33333333333333,1016.1666666666666,1.0
United States of America,2024,10,8.506666666666666,6.430000000000001,5.02,93.66666666666667,1017.6333333333333,0.3
United States of America,2024,11,6.755172413793104,9.027586206896553,0.0,93.93103448275862,1013.3793103448276,0.0
United States of America,2024,12,5.880645161290323,8.238709677419354,0.0,93.16129032258064,1015.1935483870968,0.0
United States of America,2025,1,3.7866666666666666,5.383333333333334,1.62,89.86666666666666,1027.4,0.0
United States of America,2025,2,3.132142857142857,9.153571428571428,5.54,92.14285714285714,1016.3928571428571,0.0
United States of America,2025,3,6.248387096774193,7.487096774193549,2.21,93.54838709677419,1011.8064516129032,0.0
United States of America,2025,4,7.91,9.193333333333333,0.0,84.53333333333333,1019.9,0.0
United States of America,2025,5,9.493333333333334,9.116666666666667,1.48,84.86666666666666,1018.0333333333333,0.0
United States of America,2025,6,10.99,9.543333333333333,0.0,86.4,1018.3666666666667,0.0
United States of America,2025,7,12.648387096774194,12.53225806451613,0.0,86.45161290322581,1017.5806451612904,0.0
United States of America,2025,8,14.803225806451614,9.103225806451613,0.0,83.80645161290323,1017.7741935483871,0.0
United States of America,2025,9,12.583333333333334,7.6466666666666665,0.0,91.5,1015.8333333333334,0.0
United States of America,2025,10,9.16451612903226,6.896774193548388,2.67,87.35483870967742,1016.0967741935484,0.0
United States of America,2025,11,7.241935483870968,6.66774193548387,4.16,91.09677419354838,1016.7741935483871,0.0
United States of America,2025,12,5.6,8.048387096774194,2.8200000000000003,91.12903225806451,1014.6129032258065,0.0
United States of America,2026,1,5.4896551724137925,6.69655172413793,0.02,91.10344827586206,1020.3793103448276,0.0
United States of America,2026,2,7.74,5.340000000000001,0.0,95.2,1023.4,0.0
Uruguay,2024,5,11.941176470588236,14.91764705882353,0.15,78.11764705882354,1022.2941176470588,3.9411764705882355
Uruguay,2024,6,13.463333333333333,16.033333333333335,2.77,81.76666666666667,1016.0,4.8
Uruguay,2024,7,7.541379310344827,10.379310344827585,0.02,81.65517241379311,1024.7241379310344,4.137931034482759
Uruguay,2024,8,10.416129032258064,18.74516129032258,4.07,82.93548387096774,1019.4516129032259,4.290322580645161
Uruguay,2024,9,12.55,16.04,1.74,87.2,1016.2666666666667,4.066666666666666
Uruguay,2024,10,14.203225806451613,14.203225806451613,0.08,91.64516129032258,1016.0322580645161,0.5483870967741935
Uruguay,2024,11,16.71333333333333,16.543333333333333,2.54,89.2,1013.9,0.25
Uruguay,2024,12,17.580645161290324,17.35483870967742,1.05,77.45161290322581,1013.6129032258065,0.5935483870967742
Uruguay,2025,1,20.336666666666666,15.636666666666667,0.12000000000000001,82.3,1013.0666666666667,0.7899999999999999
Uruguay,2025,2,20.814285714285713,15.853571428571428,0.9500000000000001,90.21428571428571,1012.0714285714286,0.28214285714285714
Uruguay,2025,3,18.883870967741935,14.870967741935484,4.390000000000001,91.2258064516129,1015.6451612903226,0.009677419354838712
Uruguay,2025,4,13.84,15.206666666666667,5.42,88.5,1017.3666666666667,0.0
Uruguay,2025,5,13.003225806451614,15.583870967741934,12.969999999999999,90.64516129032258,1017.1935483870968,0.0
Uruguay,2025,6,6.956666666666666,15.086666666666668,2.67,91.16666666666667,1018.3,0.0
Uruguay,2025,7,7.970967741935484,14.680645161290323,0.76,94.54838709677419,1022.8709677419355,0.0
Uruguay,2025,8,9.812903225806451,16.393548387096775,4.34,86.74193548387096,1019.8709677419355,0.0
Uruguay,2025,9,10.97,14.719999999999999,1.71,92.4,1017.9666666666667,0.0
Uruguay,2025,10,13.838709677419354,16.40967741935484,1.75,86.45161290322581,1016.8387096774194,0.0
Uruguay,2025,11,14.923333333333334,16.13,1.03,82.2,1013.7666666666667,0.0
Uruguay,2025,12,20.061290322580643,15.861290322580645,1.6,82.70967741935483,1008.6774193548387,0.0
Uruguay,2026,1,19.646666666666665,18.976666666666667,2.17,86.8,1013.0666666666667,0.0
Uruguay,2026,2,21.733333333333334,15.6,0.01,88.16666666666667,1008.3333333333334,0.0
Uzbekistan,2024,5,23.764705882352942,13.75294117647059,0.09,43.529411764705884,1015.8235294117648,5.529411764705882
Uzbekistan,2024,6,33.873333333333335,14.79,0.04,19.866666666666667,1006.6666666666666,8.066666666666666
Uzbekistan,2024,7,35.93448275862069,16.29310344827586,0.06,17.482758620689655,1002.6206896551724,8.724137931034482
Uzbekistan,2024,8,35.52903225806452,15.509677419354839,0.0,15.935483870967742,1006.1935483870968,8.709677419354838
Uzbekistan,2024,9,28.25,13.376666666666667,0.0,19.933333333333334,1014.4333333333333,7.166666666666667
Uzbekistan,2024,10,20.919354838709676,8.687096774193549,3.9000000000000004,36.225806451612904,1018.3225806451613,3.335483870967742
Uzbekistan,2024,11,14.286666666666667,7.006666666666666,3.08,47.0,1021.9333333333333,1.3900000000000001
Uzbekistan,2024,12,4.696774193548387,5.990322580645161,0.76,56.225806451612904,1026.7096774193549,0.4612903225806451
Uzbekistan,2025,1,7.225806451612903,5.967741935483871,0.21000000000000002,50.354838709677416,1026.032258064516,0.5838709677419355
Uzbekistan,2025,2,9.903571428571428,6.953571428571428,0.04,48.107142857142854,1020.9642857142857,0.8785714285714287
Uzbekistan,2025,3,16.5,7.980645161290322,3.31,40.25806451612903,1020.0645161290323,2.6129032258064515
Uzbekistan,2025,4,25.733333333333334,9.6,0.01,30.4,1015.4,5.256666666666666
Uzbekistan,2025,5,32.00967741935484,12.625806451612902,0.0,19.967741935483872,1011.6451612903226,7.83225806451613
Uzbekistan,2025,6,34.80333333333333,10.24,0.05,18.3,1008.0666666666667,8.486666666666666
Uzbekistan,2025,7,37.21290322580645,11.461290322580645,0.0,16.387096774193548,1004.2903225806451,9.306451612903226
Uzbekistan,2025,8,34.05806451612903,11.906451612903227,0.0,19.451612903225808,1009.4516129032259,8.451612903225806
Uzbekistan,2025,9,28.966666666666665,10.32,0.0,22.066666666666666,1013.4666666666667,6.0600000000000005
Uzbekistan,2025,10,22.94516129032258,8.0,0.0,25.0,1018.4516129032259,3.3129032258064517
Uzbekistan,2025,11,14.573333333333332,5.653333333333333,0.18,36.93333333333333,1025.7,2.07
Uzbekistan,2025,12,7.916129032258064,6.761290322580645,6.13,65.90322580645162,1021.3870967741935,0.9741935483870967
Uzbekistan,2026,1,5.8100000000000005,6.333333333333333,4.01,70.36666666666666,1022.6666666666666,1.2
Uzbekistan,2026,2,10.299999999999999,9.299999999999999,0.02,49.5,1020.6666666666666,1.4666666666666668
Vanuatu,2024,5,23.175,10.86875,2.23,88.5,1013.4375,1.0
Vanuatu,2024,6,22.736666666666668,8.263333333333334,1.57,90.73333333333333,1014.6666666666666,1.0
Vanuatu,2024,7,22.57241379310345,12.679310344827586,3.15,84.79310344827586,1015.0,1.0
Vanuatu,2024,8,21.532258064516128,15.609677419354838,0.95,85.12903225806451,1017.5806451612904,1.0
Vanuatu,2024,9,22.503333333333334,15.833333333333334,2.35,89.7,1015.7,1.0
Vanuatu,2024,10,23.483870967741936,19.148387096774194,2.57,88.64516129032258,1013.9354838709677,0.2903225806451613
Vanuatu,2024,11,24.91,19.826666666666664,6.35,89.4,1012.5666666666667,0.03333333333333333
Vanuatu,2024,12,26.019354838709678,13.59032258064516,10.879999999999999,87.38709677419355,1009.6451612903226,0.0
Vanuatu,2025,1,25.51290322580645,12.67741935483871,9.52,93.3225806451613,1009.0322580645161,0.03225806451612903
Vanuatu,2025,2,26.50357142857143,19.25,21.4,91.57142857142857,1007.4642857142857,0.0
Vanuatu,2025,3,25.874193548387098,13.564516129032258,15.950000000000001,93.16129032258064,1011.5483870967741,0.0
Vanuatu,2025,4,25.936666666666667,12.963333333333333,10.94,92.23333333333333,1009.9,0.0
Vanuatu,2025,5,24.458064516129035,20.67096774193548,12.92,91.09677419354838,1012.516129032258,0.0
Vanuatu,2025,6,23.716666666666665,19.56,3.0700000000000003,89.83333333333333,1014.0666666666667,0.0
Vanuatu,2025,7,22.603225806451615,18.335483870967742,5.66,88.7741935483871,1013.8387096774194,0.0
Vanuatu,2025,8,23.529032258064515,17.08709677419355,4.2,83.80645161290323,1013.258064516129,0.0
Vanuatu,2025,9,23.796666666666667,22.87,1.73,83.13333333333334,1014.8666666666667,0.0
Vanuatu,2025,10,25.641935483870967,17.88064516129032,3.46,80.54838709677419,1013.1290322580645,0.03870967741935484
Vanuatu,2025,11,27.186666666666667,12.933333333333334,4.2299999999999995,77.43333333333334,1009.0,0.0
Vanuatu,2025,12,28.403225806451612,17.358064516129033,7.59,73.0,1007.4516129032259,0.0
Vanuatu,2026,1,28.796666666666667,19.10666666666667,6.99,77.73333333333333,1005.3666666666667,0.016666666666666666
Vanuatu,2026,2,28.766666666666666,16.566666666666666,3.36,83.16666666666667,1007.8333333333334,0.09999999999999999
Vatican City,2024,5,23.941176470588236,16.370588235294118,0.01,53.11764705882353,1012.2352941176471,6.176470588235294
Vatican City,2024,6,29.23,17.516666666666666,0.65,39.03333333333333,1013.5666666666667,7.166666666666667
Vatican City,2024,7,34.272413793103446,16.779310344827586,0.06,33.13793103448276,1012.0689655172414,8.413793103448276
Vatican City,2024,8,34.71935483870968,13.729032258064517,0.08,34.70967741935484,1011.7741935483871,8.451612903225806
Vatican City,2024,9,25.493333333333332,10.666666666666666,3.83,56.43333333333333,1012.8,6.466666666666667
Vatican City,2024,10,20.883870967741935,9.399999999999999,4.16,72.80645161290323,1018.1290322580645,2.7580645161290325
Vatican City,2024,11,13.923333333333334,9.06,0.4,74.76666666666667,1020.7666666666667,1.02
Vatican City,2024,12,10.24516129032258,10.33548387096774,3.07,70.06451612903226,1019.9354838709677,1.067741935483871
Vatican City,2025,1,12.019354838709678,13.17741935483871,2.39,75.25806451612904,1019.6451612903226,1.1774193548387097
Vatican City,2025,2,11.396428571428572,7.596428571428571,1.3900000000000001,76.78571428571429,1022.3928571428571,1.7
Vatican City,2025,3,13.738709677419356,9.980645161290322,2.15,72.93548387096774,1015.0967741935484,2.296774193548387
Vatican City,2025,4,16.96333333333333,9.96,1.6600000000000001,68.9,1015.1666666666666,3.3866666666666663
Vatican City,2025,5,20.44516129032258,9.72258064516129,2.51,64.06451612903226,1014.5483870967741,4.361290322580645
Vatican City,2025,6,28.506666666666668,8.99,0.21,46.833333333333336,1017.5333333333333,5.52
Vatican City,2025,7,28.509677419354837,10.761290322580646,1.36,49.12903225806452,1012.7096774193549,4.496774193548387
Vatican City,2025,8,27.212903225806453,8.287096774193548,2.8099999999999996,56.70967741935484,1013.8387096774194,3.351612903225807
Vatican City,2025,9,22.103333333333335,8.403333333333332,6.57,73.1,1017.0666666666667,1.7266666666666666
Vatican City,2025,10,15.803225806451612,9.464516129032257,0.44000000000000006,73.03225806451613,1016.2258064516129,0.6032258064516128
Vatican City,2025,11,10.416666666666666,8.74,4.83,86.2,1014.3,0.19666666666666668
Vatican City,2025,12,6.948387096774193,8.07741935483871,1.23,88.64516129032258,1017.516129032258,0.0
Vatican City,2026,1,7.1899999999999995,8.963333333333333,10.41,88.43333333333334,1008.6333333333333,0.02666666666666667
Vatican City,2026,2,9.083333333333334,11.016666666666666,0.2,84.5,1000.6666666666666,0.10000000000000002
Venezuela,2024,5,28.53529411764706,7.352941176470588,3.35,76.47058823529412,1013.6470588235294,5.882352941176471
Venezuela,2024,6,27.283333333333335,7.726666666666666,5.35,79.56666666666666,1013.9,5.7
Venezuela,2024,7,24.862068965517242,6.341379310344828,1.81,78.3103448275862,1015.2413793103449,5.586206896551724
Venezuela,2024,8,24.774193548387096,5.880645161290323,0.74,75.06451612903226,1014.483870967742,5.870967741935484
Venezuela,2024,9,26.896666666666665,6.136666666666667,2.59,76.1,1010.9666666666667,3.8666666666666667
Venezuela,2024,10,18.983333333333334,4.75,2.81,91.43333333333334,1012.7,0.3
Venezuela,2024,11,17.92758620689655,4.120689655172414,2.08,92.06896551724138,1011.8965517241379,0.0
Venezuela,2024,12,17.374193548387098,4.761290322580645,0.31,90.90322580645162,1014.258064516129,0.0
Venezuela,2025,1,21.93,4.623333333333333,0.71,76.4,1014.1,0.0
Venezuela,2025,2,23.65357142857143,5.396428571428571,0.0,71.64285714285714,1013.1071428571429,0.0
Venezuela,2025,3,23.896774193548385,4.825806451612903,1.28,75.2258064516129,1012.9032258064516,0.0
Venezuela,2025,4,24.21333333333333,4.85,2.01,80.06666666666666,1012.2666666666667,0.0
Venezuela,2025,5,25.419354838709676,5.72258064516129,9.61,81.41935483870968,1012.5806451612904,0.0
Venezuela,2025,6,24.56,6.15,3.56,82.1,1014.2,0.0
Venezuela,2025,7,22.251612903225805,5.877419354838709,1.3,88.16129032258064,1014.8387096774194,0.0
Venezuela,2025,8,23.05483870967742,5.725806451612903,12.17,89.80645161290323,1013.7741935483871,0.0
Venezuela,2025,9,23.186666666666667,5.733333333333333,3.1799999999999997,89.03333333333333,1012.5,0.0
Venezuela,2025,10,24.861290322580647,5.158064516129032,2.05,82.41935483870968,1011.1290322580645,0.0
Venezuela,2025,11,23.696666666666665,4.786666666666666,0.22,85.06666666666666,1012.2666666666667,0.0
Venezuela,2025,12,24.103225806451615,4.709677419354839,0.0,76.41935483870968,1012.7741935483871,0.0
Venezuela,2026,1,23.336666666666666,4.913333333333333,0.27,80.9,1013.3333333333334,0.0
Venezuela,2026,2,20.216666666666665,5.416666666666667,0.0,85.33333333333333,1014.1666666666666,0.0
Vietnam,2024,5,28.41176470588235,10.347058823529412,6.15,83.58823529411765,1006.2352941176471,1.2941176470588236
Vietnam,2024,6,28.955882352941178,10.055882352941175,30.419999999999998,83.11764705882354,1003.9411764705883,1.0
Vietnam,2024,7,27.649019607843137,9.02156862745098,22.91,87.90196078431373,1002.843137254902,1.0
Vietnam,2024,8,27.574193548387097,8.059677419354838,12.49,86.37096774193549,1004.8387096774194,1.0
Vietnam,2024,9,27.925,7.9783333333333335,61.44,84.16666666666667,1004.5166666666667,3.1666666666666665
Vietnam,2024,10,28.26451612903226,8.04516129032258,3.75,63.61290322580645,1010.7903225806451,2.6451612903225805
Vietnam,2024,11,26.506666666666668,7.28,1.81,57.7,1014.1666666666666,1.1683333333333332
Vietnam,2024,12,19.67096774193548,7.962903225806452,0.47000000000000003,66.87096774193549,1016.8870967741935,0.019354838709677424
Vietnam,2025,1,20.603225806451615,9.296774193548387,0.1,52.96774193548387,1016.4032258064516,0.2838709677419355
Vietnam,2025,2,20.285714285714285,9.489285714285714,0.9500000000000001,70.60714285714286,1015.5892857142857,0.18035714285714285
Vietnam,2025,3,26.31935483870968,12.088709677419354,1.47,52.70967741935484,1010.9516129032259,0.8967741935483872
Vietnam,2025,4,29.418333333333333,11.956666666666667,9.11,59.13333333333333,1007.7333333333333,1.3966666666666667
Vietnam,2025,5,30.67258064516129,9.70483870967742,23.47,66.30645161290323,1005.741935483871,2.453225806451613
Vietnam,2025,6,31.128333333333334,7.861666666666666,28.27,73.35,1002.3666666666667,2.981666666666667
Vietnam,2025,7,31.356451612903225,6.558064516129033,47.55,74.74193548387096,999.8709677419355,3.9080645161290324
Vietnam,2025,8,31.076470588235296,7.837254901960784,25.76,73.31372549019608,1003.8823529411765,3.5
Vietnam,2025,9,31.876666666666665,11.056666666666667,22.17,68.96666666666667,1005.8666666666667,3.5866666666666664
Vietnam,2025,10,28.838709677419356,12.05483870967742,6.98,67.93548387096774,1012.0322580645161,3.464516129032258
Vietnam,2025,11,24.34333333333333,11.263333333333332,1.87,60.96666666666667,1016.4,2.7633333333333336
Vietnam,2025,12,24.037142857142857,9.6,4.35,63.31428571428572,1015.3428571428572,2.3485714285714288
Vietnam,2026,1,22.272727272727273,12.252272727272727,0.49,63.52272727272727,1016.4318181818181,3.463636363636364
Vietnam,2026,2,22.825,10.5,0.01,66.875,1016.625,3.5
Yemen,2024,5,26.3,20.570588235294117,0.34,20.235294117647058,1011.2941176470588,6.235294117647059
Yemen,2024,6,26.836666666666666,20.90666666666667,0.9900000000000001,20.4,1008.7333333333333,6.533333333333333
Yemen,2024,7,24.553571428571427,14.332142857142857,6.4399999999999995,34.785714285714285,1008.5714285714286,5.642857142857143
Yemen,2024,8,23.703225806451613,12.332258064516129,13.16,42.70967741935484,1008.6451612903226,5.290322580645161
Yemen,2024,9,25.44,19.56,0.43,19.8,1010.6333333333333,6.3
Yemen,2024,10,22.44516129032258,13.119354838709677,0.5800000000000001,24.93548387096774,1014.7096774193549,9.574193548387097
Yemen,2024,11,19.896666666666665,5.876666666666667,0.02,24.666666666666668,1016.1,9.276666666666667
Yemen,2024,12,20.838709677419356,7.270967741935484,0.04,16.451612903225808,1015.1612903225806,7.925806451612903
Yemen,2025,1,20.493548387096773,8.2,0.0,20.677419354838708,1014.516129032258,8.838709677419354
Yemen,2025,2,23.217857142857145,11.082142857142857,0.0,16.428571428571427,1013.2857142857143,11.139285714285714
Yemen,2025,3,22.296774193548387,12.02258064516129,0.30000000000000004,25.774193548387096,1014.516129032258,13.27741935483871
Yemen,2025,4,23.873333333333335,11.723333333333333,0.2,18.666666666666668,1013.9333333333333,14.346666666666666
Yemen,2025,5,25.783870967741933,16.40967741935484,0.27,15.709677419354838,1012.7741935483871,12.629032258064516
Yemen,2025,6,26.89333333333333,16.976666666666667,0.0,12.4,1011.2,11.943333333333333
Yemen,2025,7,27.151612903225807,15.422580645161291,0.0,17.419354838709676,1009.9354838709677,11.04516129032258
Yemen,2025,8,24.664516129032258,15.47741935483871,2.57,32.03225806451613,1010.1612903225806,9.819354838709677
Yemen,2025,9,23.563333333333333,18.470000000000002,1.62,27.766666666666666,1013.7666666666667,9.406666666666666
Yemen,2025,10,19.29032258064516,10.167741935483871,0.0,21.64516129032258,1017.7741935483871,8.596774193548388
Yemen,2025,11,16.29,5.216666666666667,0.0,25.333333333333332,1020.4666666666667,7.11
Yemen,2025,12,16.616129032258065,5.558064516129033,0.03,31.0,1018.0,6.319354838709677
Yemen,2026,1,15.74,5.246666666666667,0.0,26.866666666666667,1020.2333333333333,6.903333333333333
Yemen,2026,2,16.7,4.45,0.0,30.166666666666668,1019.8333333333334,7.316666666666666
Zambia,2024,5,23.91176470588235,13.723529411764707,0.0,32.11764705882353,1016.2941176470588,6.823529411764706
Zambia,2024,6,24.14,12.396666666666668,0.01,27.5,1016.4333333333333,7.3
Zambia,2024,7,27.67241379310345,10.33448275862069,0.0,14.03448275862069,1014.5172413793103,8.0
Zambia,2024,8,28.27741935483871,13.95483870967742,0.0,15.612903225806452,1014.9354838709677,8.096774193548388
Zambia,2024,9,30.13,14.59,0.02,19.366666666666667,1013.2333333333333,8.533333333333333
Zambia,2024,10,29.187096774193552,14.490322580645161,0.24,26.225806451612904,1013.7741935483871,9.693548387096774
Zambia,2024,11,28.566666666666666,13.08,2.96,40.6,1012.4666666666667,9.120000000000001
Zambia,2024,12,31.112903225806452,11.035483870967743,4.86,32.67741935483871,1010.3548387096774,12.351612903225806
Zambia,2025,1,23.358064516129033,9.996774193548386,18.87,73.09677419354838,1011.0967741935484,10.893548387096773
Zambia,2025,2,23.575,9.892857142857142,14.45,75.64285714285714,1011.3928571428571,10.582142857142857
Zambia,2025,3,23.503225806451614,12.325806451612904,4.140000000000001,67.25806451612904,1014.741935483871,12.283870967741937
Zambia,2025,4,23.626666666666665,14.45,1.17,60.833333333333336,1015.9,8.406666666666666
Zambia,2025,5,21.729032258064517,14.63225806451613,0.18000000000000002,49.45161290322581,1020.3870967741935,6.558064516129033
Zambia,2025,6,21.456666666666667,13.59,0.0,40.36666666666667,1021.1,6.033333333333333
Zambia,2025,7,19.29032258064516,16.9741935483871,0.1,42.54838709677419,1023.258064516129,5.419354838709677
Zambia,2025,8,22.44193548387097,15.529032258064515,0.0,26.548387096774192,1020.1290322580645,6.029032258064516
Zambia,2025,9,27.05666666666667,17.5,0.0,23.433333333333334,1016.9,6.069999999999999
Zambia,2025,10,27.34193548387097,17.751612903225805,0.0,30.419354838709676,1015.0645161290323,6.080645161290323
Zambia,2025,11,24.226666666666667,13.31,4.49,56.4,1014.9,5.12
Zambia,2025,12,21.003225806451614,11.332258064516129,5.82,77.87096774193549,1014.1612903225806,3.664516129032258
Zambia,2026,1,20.77,10.303333333333335,8.14,83.43333333333334,1013.4666666666667,4.73
Zambia,2026,2,20.25,11.333333333333334,0.9500000000000001,80.33333333333333,1015.6666666666666,4.933333333333334
Zimbabwe,2024,5,23.170588235294115,11.117647058823529,0.0,24.294117647058822,1017.2941176470588,6.705882352941177
Zimbabwe,2024,6,22.403333333333332,10.613333333333333,0.030000000000000002,25.2,1018.0,6.966666666666667
Zimbabwe,2024,7,25.81111111111111,7.133333333333333,0.0,12.148148148148149,1015.4814814814815,7.851851851851852
Zimbabwe,2024,8,26.593548387096774,10.112903225806452,0.0,13.580645161290322,1016.1935483870968,7.838709677419355
Zimbabwe,2024,9,28.40666666666667,13.05,0.0,17.366666666666667,1014.6666666666666,8.2
Zimbabwe,2024,10,26.67096774193548,12.90967741935484,0.22,26.806451612903224,1015.5483870967741,9.258064516129032
Zimbabwe,2024,11,27.383333333333333,11.79,2.43,36.3,1013.6333333333333,10.639999999999999
Zimbabwe,2024,12,29.393548387096775,11.996774193548386,5.3100000000000005,31.483870967741936,1011.741935483871,12.461290322580645
Zimbabwe,2025,1,23.37741935483871,11.880645161290323,11.82,65.51612903225806,1011.3870967741935,12.019354838709678
Zimbabwe,2025,2,24.857142857142858,9.921428571428573,10.23,59.17857142857143,1010.8928571428571,13.125
Zimbabwe,2025,3,24.093548387096774,8.832258064516129,4.7700000000000005,52.96774193548387,1015.0967741935484,12.425806451612903
Zimbabwe,2025,4,23.133333333333333,9.870000000000001,3.61,54.1,1017.0,9.35
Zimbabwe,2025,5,20.916129032258063,10.119354838709677,0.1,39.354838709677416,1021.4193548387096,7.093548387096774
Zimbabwe,2025,6,19.64,10.693333333333333,0.0,37.7,1022.3666666666667,5.926666666666667
Zimbabwe,2025,7,17.603225806451615,10.980645161290322,0.0,38.96774193548387,1024.7096774193549,5.354838709677419
Zimbabwe,2025,8,20.258064516129032,12.44516129032258,0.0,25.774193548387096,1021.7741935483871,6.296774193548386
Zimbabwe,2025,9,24.78666666666667,14.41,0.28,23.333333333333332,1018.7333333333333,6.4
Zimbabwe,2025,10,24.874193548387098,14.387096774193548,0.2,31.741935483870968,1017.1935483870968,6.738709677419355
Zimbabwe,2025,11,22.89,12.643333333333334,4.72,55.266666666666666,1016.2333333333333,6.006666666666666
Zimbabwe,2025,12,21.006451612903227,11.258064516129032,9.55,67.93548387096774,1014.9032258064516,5.641935483870968
Zimbabwe,2026,1,20.209999999999997,9.57,8.29,77.2,1014.0,5.693333333333333
Zimbabwe,2026,2,21.25,5.683333333333334,0.06,63.666666666666664,1016.5,6.666666666666667
Гватемала,2024,7,15.9,6.5,0.0,95.0,1020.0,4.0
Польша,2024,7,24.2,13.7,0.0,56.0,1013.0,5.0
Турция,2024,7,34.0,24.1,0.0,44.0,1006.0,8.0
كولومبيا,2024,7,23.1,6.5,0.05,95.0,1017.0,5.0
火鸡,2024,7,29.7,18.4,0.0,24.0,1003.0,7.0
