country,location_name,latitude,longitude,last_updated,temperature_celsius,humidity,precip_mm,wind_kph,condition_text,uv_index,year,month,month_name
India,New Delhi,28.6,77.2,2024-05-16 14:15:00,42.0,13,0.0,11.2,Mist,10.0,2024,5,May
Chad,N'djamena,12.11,15.05,2024-05-16 15:00:00,42.0,25,0.0,11.2,Partly cloudy,10.0,2024,5,May
Saudi Arabia,Riyadh,24.64,46.77,2024-05-16 17:15:00,41.0,7,0.0,15.1,Sunny,10.0,2024,5,May
Chad,N'djamena,12.11,15.05,2024-05-17 17:00:00,42.0,5,0.0,22.0,Overcast,10.0,2024,5,May
Burkina Faso,Ouagadougou,12.37,-1.52,2024-05-18 14:30:00,40.7,22,0.0,5.4,Sunny,10.0,2024,5,May
Chad,N'djamena,12.11,15.05,2024-05-18 15:30:00,43.0,6,0.0,11.2,Overcast,10.0,2024,5,May
India,New Delhi,28.6,77.2,2024-05-18 20:00:00,41.0,15,0.0,11.2,Mist,1.0,2024,5,May
Niger,Niamey,13.52,2.12,2024-05-18 15:30:00,43.0,15,0.0,4.0,Overcast,10.0,2024,5,May
Sudan,Khartoum,15.59,32.53,2024-05-18 16:30:00,42.5,7,0.0,7.2,Sunny,10.0,2024,5,May
Chad,N'djamena,12.11,15.05,2024-05-19 15:00:00,42.2,6,0.0,12.2,Sunny,10.0,2024,5,May
India,New Delhi,28.6,77.2,2024-05-19 19:45:00,41.0,14,0.0,11.2,Mist,1.0,2024,5,May
Niger,Niamey,13.52,2.12,2024-05-19 15:15:00,42.7,15,0.0,6.5,Sunny,10.0,2024,5,May
Sudan,Juba,12.15,24.45,2024-05-19 16:15:00,40.3,7,0.0,9.7,Sunny,10.0,2024,5,May
Sudan,Khartoum,15.59,32.53,2024-05-19 16:15:00,44.1,9,0.0,7.6,Sunny,10.0,2024,5,May
Chad,N'djamena,12.11,15.05,2024-05-20 15:45:00,44.0,11,0.0,11.2,Sunny,10.0,2024,5,May
Egypt,Cairo,30.05,31.25,2024-05-20 17:45:00,41.0,12,0.0,20.2,Sunny,10.0,2024,5,May
Mali,Bamako,12.65,-8.0,2024-05-20 14:45:00,42.0,17,0.0,3.6,Sunny,10.0,2024,5,May
Niger,Niamey,13.52,2.12,2024-05-20 15:45:00,42.9,12,0.0,6.1,Sunny,10.0,2024,5,May
Sudan,Juba,12.15,24.45,2024-05-20 16:45:00,40.6,10,0.0,6.1,Sunny,10.0,2024,5,May
Sudan,Khartoum,15.59,32.53,2024-05-20 16:45:00,41.6,17,0.0,22.7,Sunny,10.0,2024,5,May
Chad,N'djamena,12.11,15.05,2024-05-21 15:45:00,45.0,10,0.0,13.0,Sunny,10.0,2024,5,May
Mali,Bamako,12.65,-8.0,2024-05-21 14:45:00,41.0,25,0.0,3.6,Partly cloudy,10.0,2024,5,May
Niger,Niamey,13.52,2.12,2024-05-21 15:45:00,42.0,18,0.0,6.1,Partly cloudy,10.0,2024,5,May
Saudi Arabia,Riyadh,24.64,46.77,2024-05-21 17:45:00,41.0,7,0.0,19.1,Partly cloudy,10.0,2024,5,May
Sudan,Juba,12.15,24.45,2024-05-21 16:45:00,41.0,11,0.0,17.6,Sunny,10.0,2024,5,May
Sudan,Khartoum,15.59,32.53,2024-05-21 16:45:00,41.6,16,0.0,11.5,Sunny,10.0,2024,5,May
Burkina Faso,Ouagadougou,12.37,-1.52,2024-05-22 14:15:00,41.5,21,0.0,5.4,Sunny,10.0,2024,5,May
Chad,N'djamena,12.11,15.05,2024-05-22 15:15:00,44.0,6,0.0,18.4,Sunny,10.0,2024,5,May
Niger,Niamey,13.52,2.12,2024-05-22 15:15:00,42.6,17,0.0,4.0,Sunny,10.0,2024,5,May
Saudi Arabia,Riyadh,24.64,46.77,2024-05-22 17:15:00,41.0,6,0.0,6.1,Partly cloudy,10.0,2024,5,May
Sudan,Khartoum,15.59,32.53,2024-05-22 16:15:00,42.9,12,0.0,16.9,Sunny,10.0,2024,5,May
Kuwait,Kuwait City,29.37,47.96,2024-05-23 17:00:00,43.1,9,0.0,19.1,Mist,9.0,2024,5,May
Oman,Muscat,23.61,58.59,2024-05-23 18:00:00,41.0,23,0.0,9.0,Sunny,9.0,2024,5,May
Saudi Arabia,Riyadh,24.64,46.77,2024-05-23 17:00:00,41.0,6,0.0,11.2,Sunny,9.0,2024,5,May
Sudan,Khartoum,15.59,32.53,2024-05-23 16:00:00,43.0,7,0.0,15.8,Sunny,10.0,2024,5,May
Burkina Faso,Ouagadougou,12.37,-1.52,2024-05-24 14:30:00,41.0,16,0.0,10.4,Sunny,10.0,2024,5,May
Chad,N'djamena,12.11,15.05,2024-05-24 15:30:00,41.4,17,0.0,12.2,Sunny,10.0,2024,5,May
Niger,Niamey,13.52,2.12,2024-05-24 15:30:00,42.8,13,0.0,9.0,Sunny,10.0,2024,5,May
Saudi Arabia,Riyadh,24.64,46.77,2024-05-24 17:30:00,41.0,7,0.0,6.1,Sunny,10.0,2024,5,May
Sudan,Khartoum,15.59,32.53,2024-05-24 16:30:00,41.3,9,0.0,4.7,Overcast,9.0,2024,5,May
Burkina Faso,Ouagadougou,12.37,-1.52,2024-05-25 14:00:00,40.2,22,0.0,10.4,Sunny,10.0,2024,5,May
Chad,N'djamena,12.11,15.05,2024-05-25 15:00:00,41.0,27,0.0,6.8,Partly cloudy,10.0,2024,5,May
India,New Delhi,28.6,77.2,2024-05-25 19:30:00,42.0,17,0.0,13.0,Mist,1.0,2024,5,May
Kuwait,Kuwait City,29.37,47.96,2024-05-25 17:00:00,40.2,12,0.0,11.2,Sunny,9.0,2024,5,May
Saudi Arabia,Riyadh,24.64,46.77,2024-05-25 17:15:00,43.0,5,0.0,13.0,Partly cloudy,10.0,2024,5,May
Sudan,Khartoum,15.59,32.53,2024-05-25 16:15:00,42.1,10,0.0,6.5,Sunny,10.0,2024,5,May
India,New Delhi,28.6,77.2,2024-05-26 19:30:00,42.0,18,0.0,6.1,Mist,1.0,2024,5,May
Niger,Niamey,13.52,2.12,2024-05-26 15:15:00,41.0,19,0.0,15.1,Sunny,10.0,2024,5,May
Saudi Arabia,Riyadh,24.64,46.77,2024-05-26 17:15:00,43.0,6,0.0,6.8,Sunny,10.0,2024,5,May
Sudan,Khartoum,15.59,32.53,2024-05-26 16:15:00,42.7,5,0.0,20.9,Sunny,10.0,2024,5,May
Chad,N'djamena,12.11,15.05,2024-05-27 15:30:00,43.0,20,0.0,13.0,Partly cloudy,10.0,2024,5,May
India,New Delhi,28.6,77.2,2024-05-27 20:00:00,41.0,15,0.0,6.1,Mist,1.0,2024,5,May
Niger,Niamey,13.52,2.12,2024-05-27 15:30:00,41.0,21,0.0,16.9,Sunny,10.0,2024,5,May
Sudan,Juba,12.15,24.45,2024-05-27 16:30:00,40.3,7,0.0,16.2,Sunny,10.0,2024,5,May
Sudan,Khartoum,15.59,32.53,2024-05-27 16:30:00,41.8,4,0.0,11.5,Sunny,10.0,2024,5,May
Chad,N'djamena,12.11,15.05,2024-05-28 15:30:00,44.0,19,0.0,6.8,Patchy light rain with thunder,10.0,2024,5,May
India,New Delhi,28.6,77.2,2024-05-28 20:00:00,41.0,10,0.0,11.2,Mist,1.0,2024,5,May
Iraq,Baghdad,33.34,44.39,2024-05-28 17:30:00,41.0,13,0.0,6.1,Sunny,10.0,2024,5,May
Kuwait,Kuwait City,29.37,47.96,2024-05-28 17:30:00,42.0,9,0.0,20.2,Sunny,9.0,2024,5,May
Niger,Niamey,13.52,2.12,2024-05-28 15:30:00,43.0,21,0.0,15.1,Partly cloudy,10.0,2024,5,May
Sudan,Juba,12.15,24.45,2024-05-28 16:45:00,40.5,10,0.0,12.2,Sunny,10.0,2024,5,May
Sudan,Khartoum,15.59,32.53,2024-05-28 16:45:00,42.1,5,0.0,3.6,Sunny,10.0,2024,5,May
Chad,N'djamena,12.11,15.05,2024-05-29 15:00:00,42.0,27,0.0,15.1,Partly cloudy,10.0,2024,5,May
Iraq,Baghdad,33.34,44.39,2024-05-29 17:00:00,42.0,11,0.0,13.0,Clear,1.0,2024,5,May
Kuwait,Kuwait City,29.37,47.96,2024-05-29 17:00:00,44.8,7,0.0,15.1,Sunny,10.0,2024,5,May
Niger,Niamey,13.52,2.12,2024-05-29 15:00:00,41.0,23,0.0,22.0,Sunny,10.0,2024,5,May
Qatar,Doha,25.29,51.53,2024-05-29 17:15:00,42.0,11,0.0,25.9,Sunny,9.0,2024,5,May
Saudi Arabia,Riyadh,24.64,46.77,2024-05-29 17:00:00,43.0,5,0.0,6.1,Sunny,10.0,2024,5,May
Sudan,Juba,12.15,24.45,2024-05-29 16:15:00,40.7,9,0.0,9.7,Sunny,10.0,2024,5,May
Sudan,Khartoum,15.59,32.53,2024-05-29 16:00:00,43.7,5,0.0,11.2,Sunny,10.0,2024,5,May
India,New Delhi,28.6,77.2,2024-05-30 19:15:00,43.0,6,0.0,9.0,Mist,1.0,2024,5,May
Iraq,Baghdad,33.34,44.39,2024-05-30 16:45:00,45.0,10,0.0,11.2,Sunny,11.0,2024,5,May
Kuwait,Kuwait City,29.37,47.96,2024-05-30 16:45:00,45.6,8,0.0,6.8,Sunny,10.0,2024,5,May
Mali,Bamako,12.65,-8.0,2024-05-30 13:45:00,41.0,19,0.0,15.1,Sunny,10.0,2024,5,May
Saudi Arabia,Riyadh,24.64,46.77,2024-05-30 16:45:00,44.0,5,0.0,6.8,Sunny,10.0,2024,5,May
Sudan,Khartoum,15.59,32.53,2024-05-30 15:45:00,44.2,7,0.0,24.8,Sunny,10.0,2024,5,May
Chad,N'djamena,12.11,15.05,2024-05-31 15:15:00,41.0,28,0.0,11.2,Partly cloudy,10.0,2024,5,May
India,New Delhi,28.6,77.2,2024-05-31 19:45:00,41.0,17,0.0,9.0,Mist,1.0,2024,5,May
Kuwait,Kuwait City,29.37,47.96,2024-05-31 17:15:00,45.7,9,0.0,3.6,Sunny,10.0,2024,5,May
Mali,Bamako,12.65,-8.0,2024-05-31 14:15:00,42.0,13,0.0,11.2,Sunny,10.0,2024,5,May
Oman,Muscat,23.61,58.59,2024-05-31 18:15:00,42.0,14,0.0,13.0,Sunny,9.0,2024,5,May
Saudi Arabia,Riyadh,24.64,46.77,2024-05-31 17:15:00,43.0,6,0.0,16.9,Sunny,10.0,2024,5,May
Sudan,Juba,12.15,24.45,2024-05-31 16:15:00,41.4,13,0.0,14.4,Sunny,10.0,2024,5,May
Sudan,Khartoum,15.59,32.53,2024-05-31 16:15:00,43.5,7,0.0,25.2,Sunny,10.0,2024,5,May
Chad,N'djamena,12.11,15.05,2024-06-01 15:15:00,41.0,28,0.13,24.1,Partly cloudy,9.0,2024,6,June
Kuwait,Kuwait City,29.37,47.96,2024-06-01 17:30:00,43.1,12,0.0,13.0,Sunny,10.0,2024,6,June
Mali,Bamako,12.65,-8.0,2024-06-01 14:30:00,41.0,17,0.0,13.0,Sunny,10.0,2024,6,June
Niger,Niamey,13.52,2.12,2024-06-01 15:30:00,42.0,20,0.0,11.2,Partly cloudy,10.0,2024,6,June
Oman,Muscat,23.61,58.59,2024-06-01 18:30:00,41.0,22,0.0,6.8,Sunny,9.0,2024,6,June
Qatar,Doha,25.29,51.53,2024-06-01 17:30:00,41.0,10,0.0,9.0,Sunny,9.0,2024,6,June
Saudi Arabia,Riyadh,24.64,46.77,2024-06-01 17:15:00,43.0,5,0.0,22.0,Sunny,10.0,2024,6,June
Sudan,Juba,12.15,24.45,2024-06-01 16:30:00,41.3,10,0.0,16.6,Sunny,10.0,2024,6,June
Sudan,Khartoum,15.59,32.53,2024-06-01 16:30:00,44.1,7,0.0,26.6,Sunny,10.0,2024,6,June
Kuwait,Kuwait City,29.37,47.96,2024-06-02 17:00:00,42.0,5,0.0,25.9,Overcast,9.0,2024,6,June
Qatar,Doha,25.29,51.53,2024-06-02 17:00:00,41.0,15,0.0,25.9,Sunny,9.0,2024,6,June
Saudi Arabia,Riyadh,24.64,46.77,2024-06-02 17:00:00,42.0,6,0.0,19.1,Sunny,10.0,2024,6,June
Sudan,Khartoum,15.59,32.53,2024-06-02 16:00:00,43.5,5,0.0,13.7,Sunny,10.0,2024,6,June
Chad,N'djamena,12.11,15.05,2024-06-03 15:15:00,42.0,17,0.0,9.4,Sunny,10.0,2024,6,June
Iraq,Baghdad,33.34,44.39,2024-06-03 17:15:00,42.0,11,0.0,13.0,Sunny,10.0,2024,6,June
Kuwait,Kuwait City,29.37,47.96,2024-06-03 17:15:00,41.1,15,0.0,37.4,Sunny,10.0,2024,6,June
Niger,Niamey,13.52,2.12,2024-06-03 15:15:00,40.3,26,0.0,8.3,Sunny,10.0,2024,6,June
Saudi Arabia,Riyadh,24.64,46.77,2024-06-03 17:15:00,42.0,6,0.0,19.1,Sunny,10.0,2024,6,June
Sudan,Juba,12.15,24.45,2024-06-03 16:15:00,40.2,6,0.0,9.7,Sunny,10.0,2024,6,June
Sudan,Khartoum,15.59,32.53,2024-06-03 16:15:00,44.0,6,0.0,12.2,Sunny,10.0,2024,6,June
Chad,N'djamena,12.11,15.05,2024-06-04 15:15:00,41.0,27,0.0,3.6,Partly cloudy,10.0,2024,6,June
Iraq,Baghdad,33.34,44.39,2024-06-04 17:15:00,44.0,10,0.0,13.0,Sunny,10.0,2024,6,June
Kuwait,Kuwait City,29.37,47.96,2024-06-04 17:15:00,43.7,13,0.0,3.6,Sunny,10.0,2024,6,June
Saudi Arabia,Riyadh,24.64,46.77,2024-06-04 17:15:00,43.0,5,0.0,13.0,Sunny,10.0,2024,6,June
Sudan,Juba,12.15,24.45,2024-06-04 16:15:00,40.2,10,0.0,4.3,Sunny,10.0,2024,6,June
Sudan,Khartoum,15.59,32.53,2024-06-04 16:15:00,43.6,7,0.0,3.6,Sunny,10.0,2024,6,June
Cyprus,Nicosia,35.17,33.37,2024-06-05 17:15:00,41.0,15,0.0,20.2,Sunny,9.0,2024,6,June
India,New Delhi,28.6,77.2,2024-06-05 19:45:00,41.0,21,0.0,11.2,Mist,1.0,2024,6,June
Iraq,Baghdad,33.34,44.39,2024-06-05 17:15:00,43.0,10,0.0,19.1,Sunny,10.0,2024,6,June
Kuwait,Kuwait City,29.37,47.96,2024-06-05 17:15:00,45.2,4,0.0,29.9,Sunny,10.0,2024,6,June
Saudi Arabia,Riyadh,24.64,46.77,2024-06-05 17:15:00,43.0,5,0.0,15.1,Sunny,10.0,2024,6,June
Sudan,Khartoum,15.59,32.53,2024-06-05 16:15:00,43.5,13,0.0,23.0,Sunny,10.0,2024,6,June
Syria,Damascus,33.5,36.3,2024-06-05 17:15:00,42.0,6,0.0,13.0,Sunny,9.0,2024,6,June
Cyprus,Nicosia,35.17,33.37,2024-06-06 17:00:00,41.0,18,0.0,29.9,Partly cloudy,9.0,2024,6,June
Egypt,Cairo,30.05,31.25,2024-06-06 17:00:00,41.0,15,0.0,22.0,Sunny,10.0,2024,6,June
Iraq,Baghdad,33.34,44.39,2024-06-06 17:00:00,44.0,10,0.0,13.0,Sunny,10.0,2024,6,June
Kuwait,Kuwait City,29.37,47.96,2024-06-06 17:00:00,45.9,4,0.0,9.0,Sunny,10.0,2024,6,June
Saudi Arabia,Riyadh,24.64,46.77,2024-06-06 17:00:00,44.0,5,0.0,13.0,Sunny,10.0,2024,6,June
Sudan,Juba,12.15,24.45,2024-06-06 16:00:00,40.3,15,0.0,10.8,Sunny,10.0,2024,6,June
Sudan,Khartoum,15.59,32.53,2024-06-06 16:00:00,42.6,15,0.0,18.0,Partly Cloudy,10.0,2024,6,June
Syria,Damascus,33.5,36.3,2024-06-06 17:00:00,41.0,8,0.0,13.0,Sunny,9.0,2024,6,June
Chad,N'djamena,12.11,15.05,2024-06-07 15:00:00,40.1,30,0.0,11.2,Partly cloudy,10.0,2024,6,June
Egypt,Cairo,30.05,31.25,2024-06-07 17:00:00,42.4,12,0.0,20.2,Sunny,10.0,2024,6,June
Iraq,Baghdad,33.34,44.39,2024-06-07 17:00:00,44.3,10,0.0,22.0,Sunny,10.0,2024,6,June
Kuwait,Kuwait City,29.37,47.96,2024-06-07 17:00:00,46.6,4,0.0,16.9,Partly cloudy,9.0,2024,6,June
Saudi Arabia,Riyadh,24.64,46.77,2024-06-07 17:00:00,45.0,5,0.0,16.9,Sunny,11.0,2024,6,June
Sudan,Khartoum,15.59,32.53,2024-06-07 16:00:00,43.5,11,0.0,13.0,Sunny,10.0,2024,6,June
Syria,Damascus,33.5,36.3,2024-06-07 17:00:00,41.0,9,0.0,4.0,Sunny,9.0,2024,6,June
Chad,N'djamena,12.11,15.05,2024-06-08 15:15:00,40.1,30,0.0,16.9,Sunny,9.0,2024,6,June
Iraq,Baghdad,33.34,44.39,2024-06-08 17:15:00,45.4,10,0.0,11.2,Sunny,11.0,2024,6,June
Kuwait,Kuwait City,29.37,47.96,2024-06-08 17:15:00,43.6,16,0.0,15.1,Sunny,9.0,2024,6,June
Saudi Arabia,Riyadh,24.64,46.77,2024-06-08 17:15:00,44.1,3,0.0,25.9,Sunny,10.0,2024,6,June
Sudan,Khartoum,15.59,32.53,2024-06-08 16:15:00,42.9,15,0.0,7.2,Sunny,10.0,2024,6,June
Chad,N'djamena,12.11,15.05,2024-06-09 15:15:00,41.4,28,0.0,19.1,Sunny,10.0,2024,6,June
Iraq,Baghdad,33.34,44.39,2024-06-09 17:15:00,45.4,6,0.0,21.2,Partly Cloudy,11.0,2024,6,June
Kuwait,Kuwait City,29.37,47.96,2024-06-09 17:15:00,40.3,15,0.0,13.0,Sunny,9.0,2024,6,June
Niger,Niamey,13.52,2.12,2024-06-09 15:15:00,41.1,22,0.0,15.1,Sunny,10.0,2024,6,June
Saudi Arabia,Riyadh,24.64,46.77,2024-06-09 17:15:00,43.3,5,0.0,13.0,Sunny,10.0,2024,6,June
Sudan,Khartoum,15.59,32.53,2024-06-09 16:15:00,41.0,19,0.0,20.9,Sunny,10.0,2024,6,June
India,New Delhi,28.6,77.2,2024-06-10 19:45:00,40.4,16,0.0,16.9,Mist,1.0,2024,6,June
Iraq,Baghdad,33.34,44.39,2024-06-10 17:15:00,45.1,9,0.0,11.2,Sunny,11.0,2024,6,June
Saudi Arabia,Riyadh,24.64,46.77,2024-06-10 17:15:00,43.4,5,0.0,9.0,Sunny,10.0,2024,6,June
Bahrain,Manama,26.24,50.58,2024-06-11 17:00:00,40.2,34,0.0,11.2,Sunny,9.0,2024,6,June
India,New Delhi,28.6,77.2,2024-06-11 19:30:00,41.0,12,0.0,11.2,Mist,1.0,2024,6,June
Iraq,Baghdad,33.34,44.39,2024-06-11 17:00:00,41.2,13,0.0,13.0,Sunny,10.0,2024,6,June
Kuwait,Kuwait City,29.37,47.96,2024-06-11 17:00:00,44.2,9,0.0,11.2,Sunny,10.0,2024,6,June
Saudi Arabia,Riyadh,24.64,46.77,2024-06-11 17:15:00,44.2,5,0.0,6.8,Sunny,10.0,2024,6,June
Sudan,Khartoum,15.59,32.53,2024-06-11 16:15:00,41.2,14,0.0,7.6,Sunny,10.0,2024,6,June
India,New Delhi,28.6,77.2,2024-06-12 19:45:00,41.2,14,0.0,9.0,Mist,1.0,2024,6,June
Iraq,Baghdad,33.34,44.39,2024-06-12 17:15:00,42.3,11,0.0,15.1,Sunny,10.0,2024,6,June
Kuwait,Kuwait City,29.37,47.96,2024-06-12 17:15:00,42.7,12,0.0,3.6,Sunny,10.0,2024,6,June
Qatar,Doha,25.29,51.53,2024-06-12 17:15:00,46.2,11,0.0,11.2,Sunny,9.0,2024,6,June
Saudi Arabia,Riyadh,24.64,46.77,2024-06-12 17:15:00,43.3,6,0.0,6.1,Partly cloudy,10.0,2024,6,June
Sudan,Khartoum,15.59,32.53,2024-06-12 16:15:00,40.8,11,0.0,3.6,Sunny,10.0,2024,6,June
Chad,N'djamena,12.11,15.05,2024-06-13 15:00:00,42.0,25,0.0,3.6,Partly cloudy,9.0,2024,6,June
Cyprus,Nicosia,35.17,33.37,2024-06-13 17:00:00,41.1,21,0.0,15.1,Sunny,9.0,2024,6,June
Egypt,Cairo,30.05,31.25,2024-06-13 17:00:00,40.3,19,0.0,28.1,Sunny,10.0,2024,6,June
India,New Delhi,28.6,77.2,2024-06-13 19:30:00,42.1,13,0.0,13.0,Mist,1.0,2024,6,June
Iraq,Baghdad,33.34,44.39,2024-06-13 17:00:00,44.3,11,0.0,6.8,Sunny,10.0,2024,6,June
Kuwait,Kuwait City,29.37,47.96,2024-06-13 17:00:00,45.4,6,0.0,16.9,Sunny,10.0,2024,6,June
Turkey,Yaren,39.55,27.62,2024-06-13 17:00:00,40.3,18,0.0,16.9,Sunny,9.0,2024,6,June
Qatar,Doha,25.29,51.53,2024-06-13 17:00:00,40.2,30,0.0,25.9,Sunny,9.0,2024,6,June
Saudi Arabia,Riyadh,24.64,46.77,2024-06-13 17:00:00,44.4,7,0.0,6.1,Partly cloudy,10.0,2024,6,June
Sudan,Khartoum,15.59,32.53,2024-06-13 16:00:00,40.6,13,0.0,12.6,Partly Cloudy,10.0,2024,6,June
Egypt,Cairo,30.05,31.25,2024-06-14 17:00:00,42.3,14,0.0,22.0,Sunny,10.0,2024,6,June
Iraq,Baghdad,33.34,44.39,2024-06-14 17:00:00,44.6,8,0.0,31.3,Sunny,10.0,2024,6,June
Kuwait,Kuwait City,29.37,47.96,2024-06-14 17:00:00,43.3,11,0.0,3.6,Sunny,9.0,2024,6,June
Oman,Muscat,23.61,58.59,2024-06-14 18:00:00,40.1,25,0.0,6.1,Sunny,9.0,2024,6,June
Saudi Arabia,Riyadh,24.64,46.77,2024-06-14 17:00:00,41.5,5,0.0,30.6,Sunny,10.0,2024,6,June
Sudan,Khartoum,15.59,32.53,2024-06-14 16:00:00,40.8,13,0.0,6.5,Sunny,10.0,2024,6,June
Syria,Damascus,33.5,36.3,2024-06-14 17:00:00,41.1,11,0.0,15.1,Sunny,9.0,2024,6,June
Egypt,Cairo,30.05,31.25,2024-06-15 17:00:00,42.4,17,0.0,16.9,Sunny,10.0,2024,6,June
India,New Delhi,28.6,77.2,2024-06-15 19:30:00,42.0,17,0.0,20.2,Mist,1.0,2024,6,June
Iraq,Baghdad,33.34,44.39,2024-06-15 17:00:00,45.3,9,0.0,13.0,Sunny,11.0,2024,6,June
Jordan,Amman,31.95,35.93,2024-06-15 17:00:00,40.2,13,0.0,24.1,Sunny,9.0,2024,6,June
Saudi Arabia,Riyadh,24.64,46.77,2024-06-15 17:00:00,43.2,5,0.0,31.0,Sunny,10.0,2024,6,June
Sudan,Khartoum,15.59,32.53,2024-06-15 16:00:00,41.1,17,0.0,18.7,Sunny,10.0,2024,6,June
Syria,Damascus,33.5,36.3,2024-06-15 17:00:00,42.3,9,0.0,15.1,Sunny,9.0,2024,6,June
United Arab Emirates,Abu Dhabi,24.47,54.37,2024-06-15 18:00:00,40.3,22,0.0,19.1,Sunny,8.0,2024,6,June
Egypt,Cairo,30.05,31.25,2024-06-16 16:45:00,41.6,11,0.0,17.3,Sunny,10.0,2024,6,June
India,New Delhi,28.6,77.2,2024-06-16 19:15:00,44.8,12,0.0,19.4,Clear,1.0,2024,6,June
Iraq,Baghdad,33.34,44.39,2024-06-16 16:45:00,46.6,7,0.0,30.2,Sunny,11.0,2024,6,June
Pakistan,Islamabad,33.7,73.17,2024-06-16 18:45:00,41.6,11,0.0,17.3,Sunny,10.0,2024,6,June
Saudi Arabia,Riyadh,24.64,46.77,2024-06-16 16:45:00,42.4,6,0.0,14.8,Sunny,10.0,2024,6,June
Sudan,Khartoum,15.59,32.53,2024-06-16 15:45:00,40.4,20,0.0,24.8,Partly Cloudy,10.0,2024,6,June
India,New Delhi,28.6,77.2,2024-06-17 19:30:00,42.7,21,0.0,29.2,Clear,1.0,2024,6,June
Iraq,Baghdad,33.34,44.39,2024-06-17 17:00:00,46.7,6,0.0,27.4,Sunny,11.0,2024,6,June
Kuwait,Kuwait City,29.37,47.96,2024-06-17 17:00:00,46.1,9,0.0,3.6,Sunny,10.0,2024,6,June
Saudi Arabia,Riyadh,24.64,46.77,2024-06-17 17:00:00,42.1,6,0.0,21.2,Sunny,10.0,2024,6,June
Sudan,Khartoum,15.59,32.53,2024-06-17 16:00:00,41.2,20,0.0,18.7,Sunny,10.0,2024,6,June
India,New Delhi,28.6,77.2,2024-06-18 19:30:00,44.1,16,0.0,22.0,Clear,1.0,2024,6,June
Iraq,Baghdad,33.34,44.39,2024-06-18 17:00:00,47.4,5,0.0,32.8,Sunny,11.0,2024,6,June
Kuwait,Kuwait City,29.37,47.96,2024-06-18 17:00:00,41.6,24,0.0,17.3,Sunny,10.0,2024,6,June
Saudi Arabia,Riyadh,24.64,46.77,2024-06-18 17:00:00,44.0,5,0.0,9.0,Sunny,10.0,2024,6,June
Sudan,Khartoum,15.59,32.53,2024-06-18 16:00:00,40.3,22,0.0,21.6,Sunny,10.0,2024,6,June
Syria,Damascus,33.5,36.3,2024-06-18 17:00:00,40.2,7,0.0,15.1,Sunny,9.0,2024,6,June
Iraq,Baghdad,33.34,44.39,2024-06-19 16:45:00,47.8,5,0.0,32.4,Sunny,11.0,2024,6,June
Kuwait,Kuwait City,29.37,47.96,2024-06-19 16:45:00,49.2,4,0.0,22.0,Sunny,10.0,2024,6,June
Niger,Niamey,13.52,2.12,2024-06-19 14:45:00,41.0,23,0.0,20.2,Sunny,10.0,2024,6,June
Pakistan,Islamabad,33.7,73.17,2024-06-19 18:45:00,40.5,11,0.0,15.8,Sunny,10.0,2024,6,June
Qatar,Doha,25.29,51.53,2024-06-19 16:45:00,41.5,25,0.0,13.7,Sunny,10.0,2024,6,June
Saudi Arabia,Riyadh,24.64,46.77,2024-06-19 16:45:00,43.7,5,0.0,22.0,Sunny,10.0,2024,6,June
United Arab Emirates,Abu Dhabi,24.47,54.37,2024-06-19 18:00:00,41.2,21,0.0,22.0,Sunny,8.0,2024,6,June
India,New Delhi,28.6,77.2,2024-06-20 19:15:00,40.1,22,0.0,16.6,Partly Cloudy,1.0,2024,6,June
Iraq,Baghdad,33.34,44.39,2024-06-20 16:45:00,47.9,4,0.0,32.0,Sunny,11.0,2024,6,June
Kuwait,Kuwait City,29.37,47.96,2024-06-20 16:45:00,41.8,20,0.0,15.8,Sunny,10.0,2024,6,June
Oman,Muscat,23.61,58.59,2024-06-20 17:45:00,40.1,38,0.0,13.0,Sunny,9.0,2024,6,June
Qatar,Doha,25.29,51.53,2024-06-20 16:45:00,41.1,22,0.0,15.1,Sunny,10.0,2024,6,June
Saudi Arabia,Riyadh,24.64,46.77,2024-06-20 16:45:00,45.1,3,0.0,33.1,Overcast,10.0,2024,6,June
Bahrain,Manama,26.24,50.58,2024-06-21 16:30:00,41.3,34,0.0,9.0,Sunny,9.0,2024,6,June
Djibouti,Djibouti,11.6,43.15,2024-06-21 16:30:00,45.0,28,0.0,22.0,Mist,8.0,2024,6,June
Iraq,Baghdad,33.34,44.39,2024-06-21 16:30:00,48.4,8,0.0,16.9,Sunny,11.0,2024,6,June
Kuwait,Kuwait City,29.37,47.96,2024-06-21 16:30:00,47.2,11,0.0,3.6,Sunny,10.0,2024,6,June
Saudi Arabia,Riyadh,24.64,46.77,2024-06-21 16:45:00,45.3,4,0.0,31.0,Sunny,10.0,2024,6,June
Sudan,Khartoum,15.59,32.53,2024-06-21 15:45:00,40.2,21,0.0,18.7,Thundery outbreaks in nearby,9.0,2024,6,June
Chad,N'djamena,12.11,15.05,2024-06-22 14:45:00,40.1,36,0.0,16.9,Partly cloudy,9.0,2024,6,June
Iraq,Baghdad,33.34,44.39,2024-06-22 16:45:00,49.1,8,0.0,11.2,Partly cloudy,11.0,2024,6,June
Kuwait,Kuwait City,29.37,47.96,2024-06-22 16:45:00,47.8,8,0.0,3.6,Sunny,10.0,2024,6,June
Saudi Arabia,Riyadh,24.64,46.77,2024-06-22 16:45:00,45.4,4,0.0,31.0,Overcast,10.0,2024,6,June
Sudan,Khartoum,15.59,32.53,2024-06-22 15:45:00,41.6,19,0.0,25.9,Sunny,10.0,2024,6,June
Iraq,Baghdad,33.34,44.39,2024-06-23 16:45:00,45.1,10,0.0,9.0,Partly cloudy,10.0,2024,6,June
Kuwait,Kuwait City,29.37,47.96,2024-06-23 16:45:00,45.4,11,0.0,11.2,Sunny,10.0,2024,6,June
Qatar,Doha,25.29,51.53,2024-06-23 16:45:00,41.1,22,0.0,13.0,Sunny,9.0,2024,6,June
Saudi Arabia,Riyadh,24.64,46.77,2024-06-23 16:45:00,45.2,4,0.0,15.1,Sunny,10.0,2024,6,June
United Arab Emirates,Abu Dhabi,24.47,54.37,2024-06-23 17:45:00,41.4,32,0.0,16.9,Sunny,8.0,2024,6,June
Iraq,Baghdad,33.34,44.39,2024-06-24 16:45:00,42.2,11,0.0,20.2,Sunny,10.0,2024,6,June
Kuwait,Kuwait City,29.37,47.96,2024-06-24 16:45:00,45.7,11,0.0,9.0,Sunny,10.0,2024,6,June
Qatar,Doha,25.29,51.53,2024-06-24 16:45:00,42.1,17,0.0,15.1,Sunny,9.0,2024,6,June
Saudi Arabia,Riyadh,24.64,46.77,2024-06-24 16:45:00,45.0,4,0.0,6.8,Sunny,10.0,2024,6,June
Syria,Damascus,33.5,36.3,2024-06-24 16:45:00,40.4,14,0.0,3.6,Sunny,9.0,2024,6,June
Egypt,Cairo,30.05,31.25,2024-06-25 16:15:00,40.2,11,0.0,14.8,Sunny,10.0,2024,6,June
India,New Delhi,28.6,77.2,2024-06-25 18:45:00,41.6,27,0.02,14.4,Patchy rain nearby,9.0,2024,6,June
Iraq,Baghdad,33.34,44.39,2024-06-25 16:15:00,44.3,9,0.0,30.6,Sunny,10.0,2024,6,June
Kuwait,Kuwait City,29.37,47.96,2024-06-25 16:15:00,42.8,20,0.0,20.2,Sunny,10.0,2024,6,June
Pakistan,Islamabad,33.7,73.17,2024-06-25 18:15:00,41.1,13,0.0,9.7,Sunny,10.0,2024,6,June
Qatar,Doha,25.29,51.53,2024-06-25 16:15:00,42.5,23,0.0,27.7,Sunny,10.0,2024,6,June
Saudi Arabia,Riyadh,24.64,46.77,2024-06-25 16:15:00,43.9,7,0.0,9.7,Sunny,10.0,2024,6,June
Bahrain,Manama,26.24,50.58,2024-06-26 16:30:00,40.4,30,0.0,25.9,Sunny,9.0,2024,6,June
Iraq,Baghdad,33.34,44.39,2024-06-26 16:30:00,46.2,8,0.0,19.1,Sunny,11.0,2024,6,June
Kuwait,Kuwait City,29.37,47.96,2024-06-26 16:30:00,46.4,9,0.0,3.6,Sunny,10.0,2024,6,June
Pakistan,Islamabad,33.7,73.17,2024-06-26 18:30:00,41.3,13,0.0,17.6,Sunny,10.0,2024,6,June
Qatar,Doha,25.29,51.53,2024-06-26 16:30:00,45.1,10,0.0,24.1,Sunny,10.0,2024,6,June
Saudi Arabia,Riyadh,24.64,46.77,2024-06-26 16:30:00,44.3,6,0.0,20.2,Sunny,10.0,2024,6,June
Sudan,Khartoum,15.59,32.53,2024-06-26 15:30:00,40.4,19,0.0,18.4,Sunny,10.0,2024,6,June
Syria,Damascus,33.5,36.3,2024-06-26 16:30:00,40.3,12,0.0,25.9,Sunny,9.0,2024,6,June
Bahrain,Manama,26.24,50.58,2024-06-27 16:15:00,42.1,20,0.0,28.1,Sunny,9.0,2024,6,June
Iraq,Baghdad,33.34,44.39,2024-06-27 16:15:00,41.2,10,0.0,11.2,Sunny,10.0,2024,6,June
Kuwait,Kuwait City,29.37,47.96,2024-06-27 16:15:00,48.9,4,0.0,22.0,Sunny,10.0,2024,6,June
Pakistan,Islamabad,33.7,73.17,2024-06-27 18:15:00,41.5,17,0.0,19.8,Sunny,10.0,2024,6,June
Saudi Arabia,Riyadh,24.64,46.77,2024-06-27 16:15:00,43.3,5,0.0,22.0,Sunny,10.0,2024,6,June
Sudan,Khartoum,15.59,32.53,2024-06-27 15:15:00,40.7,20,0.0,22.3,Sunny,10.0,2024,6,June
United Arab Emirates,Abu Dhabi,24.47,54.37,2024-06-27 17:15:00,42.4,20,0.0,3.6,Sunny,9.0,2024,6,June
Cyprus,Nicosia,35.17,33.37,2024-06-28 16:15:00,40.4,20,0.0,28.1,Partly cloudy,8.0,2024,6,June
Djibouti,Djibouti,11.6,43.15,2024-06-28 16:15:00,46.0,23,0.0,20.2,Cloudy,8.0,2024,6,June
Iraq,Baghdad,33.34,44.39,2024-06-28 16:15:00,45.3,6,0.0,19.1,Sunny,10.0,2024,6,June
Kuwait,Kuwait City,29.37,47.96,2024-06-28 16:15:00,46.2,4,0.0,19.1,Mist,10.0,2024,6,June
Saudi Arabia,Riyadh,24.64,46.77,2024-06-28 16:15:00,43.3,5,0.0,24.1,Sunny,10.0,2024,6,June
Iraq,Baghdad,33.34,44.39,2024-06-29 15:45:00,44.4,12,0.0,13.0,Sunny,10.0,2024,6,June
Kuwait,Kuwait City,29.37,47.96,2024-06-29 15:45:00,45.6,6,0.0,3.6,Sunny,10.0,2024,6,June
Saudi Arabia,Riyadh,24.64,46.77,2024-06-29 15:45:00,43.2,4,0.0,28.1,Sunny,10.0,2024,6,June
Iraq,Baghdad,33.34,44.39,2024-06-30 16:30:00,46.1,7,0.0,16.9,Sunny,11.0,2024,6,June
Kuwait,Kuwait City,29.37,47.96,2024-06-30 16:30:00,44.9,8,0.0,3.6,Sunny,10.0,2024,6,June
Pakistan,Islamabad,33.7,73.17,2024-06-30 18:30:00,41.1,25,0.0,11.9,Sunny,10.0,2024,6,June
Saudi Arabia,Riyadh,24.64,46.77,2024-06-30 16:30:00,44.1,3,0.0,22.0,Sunny,10.0,2024,6,June
Iraq,Baghdad,33.34,44.39,2024-07-01 16:15:00,45.3,9,0.0,11.2,Sunny,11.0,2024,7,July
Kuwait,Kuwait City,29.37,47.96,2024-07-01 16:15:00,47.5,5,0.0,24.1,Mist,10.0,2024,7,July
Pakistan,Islamabad,33.7,73.17,2024-07-01 18:15:00,40.8,23,0.0,14.4,Sunny,10.0,2024,7,July
Qatar,Doha,25.29,51.53,2024-07-01 16:15:00,41.1,27,0.0,11.2,Sunny,10.0,2024,7,July
Saudi Arabia,Riyadh,24.64,46.77,2024-07-01 16:15:00,44.0,4,0.0,13.0,Sunny,10.0,2024,7,July
Sudan,Khartoum,15.59,32.53,2024-07-01 15:15:00,40.4,19,0.0,20.2,Sunny,10.0,2024,7,July
United Arab Emirates,Abu Dhabi,24.47,54.37,2024-07-01 17:15:00,40.3,23,0.0,15.1,Sunny,8.0,2024,7,July
Djibouti,Djibouti,11.6,43.15,2024-07-02 16:15:00,46.1,19,0.0,24.1,Mist,9.0,2024,7,July
Iraq,Baghdad,33.34,44.39,2024-07-02 16:15:00,42.3,12,0.0,15.1,Sunny,10.0,2024,7,July
Kuwait,Kuwait City,29.37,47.96,2024-07-02 16:15:00,48.1,6,0.0,16.9,Partly cloudy,10.0,2024,7,July
Oman,Muscat,23.61,58.59,2024-07-02 17:15:00,40.1,26,0.0,15.1,Sunny,9.0,2024,7,July
Pakistan,Islamabad,33.7,73.17,2024-07-02 18:15:00,40.1,24,0.0,14.8,Sunny,10.0,2024,7,July
Qatar,Doha,25.29,51.53,2024-07-02 16:15:00,45.1,14,0.0,33.1,Sunny,10.0,2024,7,July
Saudi Arabia,Riyadh,24.64,46.77,2024-07-02 16:15:00,43.2,5,0.0,11.2,Sunny,10.0,2024,7,July
Iraq,Baghdad,33.34,44.39,2024-07-03 16:00:00,41.2,13,0.0,13.0,Sunny,10.0,2024,7,July
Kuwait,Kuwait City,29.37,47.96,2024-07-03 16:00:00,45.7,6,0.0,15.1,Sunny,10.0,2024,7,July
Pakistan,Islamabad,33.7,73.17,2024-07-03 18:00:00,41.2,22,0.0,10.4,Sunny,10.0,2024,7,July
Qatar,Doha,25.29,51.53,2024-07-03 16:00:00,44.1,12,0.0,34.9,Sunny,10.0,2024,7,July
Saudi Arabia,Riyadh,24.64,46.77,2024-07-03 16:00:00,42.2,6,0.0,9.0,Sunny,10.0,2024,7,July
United Arab Emirates,Abu Dhabi,24.47,54.37,2024-07-03 17:00:00,41.2,28,0.0,31.0,Sunny,8.0,2024,7,July
Iraq,Baghdad,33.34,44.39,2024-07-04 16:00:00,43.1,12,0.0,16.9,Sunny,10.0,2024,7,July
Kuwait,Kuwait City,29.37,47.96,2024-07-04 16:00:00,45.6,7,0.0,24.1,Mist,10.0,2024,7,July
Qatar,Doha,25.29,51.53,2024-07-04 16:15:00,43.2,12,0.0,29.9,Sunny,10.0,2024,7,July
Saudi Arabia,Riyadh,24.64,46.77,2024-07-04 16:00:00,42.2,6,0.0,16.9,Sunny,10.0,2024,7,July
United Arab Emirates,Abu Dhabi,24.47,54.37,2024-07-04 17:00:00,40.3,28,0.0,37.1,Sunny,8.0,2024,7,July
Bahrain,Manama,26.24,50.58,2024-07-05 15:45:00,41.3,18,0.0,29.9,Sunny,9.0,2024,7,July
Iraq,Baghdad,33.34,44.39,2024-07-05 15:45:00,48.3,6,0.0,34.9,Sunny,11.0,2024,7,July
Kuwait,Kuwait City,29.37,47.96,2024-07-05 15:45:00,47.6,5,0.0,13.0,Sunny,10.0,2024,7,July
Qatar,Doha,25.29,51.53,2024-07-05 15:45:00,44.2,10,0.0,24.1,Sunny,10.0,2024,7,July
Saudi Arabia,Riyadh,24.64,46.77,2024-07-05 15:45:00,43.3,5,0.0,28.1,Sunny,10.0,2024,7,July
Sudan,Khartoum,15.59,32.53,2024-07-05 14:45:00,41.0,19,0.0,24.1,Sunny,10.0,2024,7,July
Turkmenistan,Ashgabat,37.95,58.38,2024-07-05 17:45:00,40.3,13,0.0,11.2,Sunny,9.0,2024,7,July
Iraq,Baghdad,33.34,44.39,2024-07-06 16:15:00,43.2,14,0.0,20.2,Sunny,10.0,2024,7,July
Kuwait,Kuwait City,29.37,47.96,2024-07-06 16:15:00,44.6,13,0.0,3.6,Mist,10.0,2024,7,July
Oman,Muscat,23.61,58.59,2024-07-06 17:15:00,40.1,20,0.0,16.9,Sunny,9.0,2024,7,July
Qatar,Doha,25.29,51.53,2024-07-06 16:15:00,40.2,32,0.0,13.0,Sunny,9.0,2024,7,July
Saudi Arabia,Riyadh,24.64,46.77,2024-07-06 16:15:00,42.3,5,0.0,24.1,Sunny,10.0,2024,7,July
United Arab Emirates,Abu Dhabi,24.47,54.37,2024-07-06 17:15:00,40.2,25,0.0,13.0,Sunny,9.0,2024,7,July
Iraq,Baghdad,33.34,44.39,2024-07-07 16:00:00,43.1,16,0.0,11.2,Sunny,10.0,2024,7,July
Kuwait,Kuwait City,29.37,47.96,2024-07-07 16:00:00,47.9,6,0.0,15.1,Sunny,10.0,2024,7,July
Saudi Arabia,Riyadh,24.64,46.77,2024-07-07 16:00:00,43.1,5,0.0,22.0,Sunny,10.0,2024,7,July
United Arab Emirates,Abu Dhabi,24.47,54.37,2024-07-07 17:00:00,41.2,23,0.0,15.1,Sunny,9.0,2024,7,July
Iraq,Baghdad,33.34,44.39,2024-07-08 16:00:00,43.3,13,0.0,22.0,Sunny,10.0,2024,7,July
Kuwait,Kuwait City,29.37,47.96,2024-07-08 16:00:00,46.2,10,0.0,15.1,Sunny,10.0,2024,7,July
Saudi Arabia,Riyadh,24.64,46.77,2024-07-08 16:00:00,43.2,5,0.0,11.2,Sunny,10.0,2024,7,July
Bahrain,Manama,26.24,50.58,2024-07-09 15:45:00,40.1,30,0.0,19.1,Sunny,8.0,2024,7,July
Iraq,Baghdad,33.34,44.39,2024-07-09 15:45:00,45.7,9,0.0,10.4,Sunny,11.0,2024,7,July
Kuwait,Kuwait City,29.37,47.96,2024-07-09 15:45:00,42.2,23,0.0,4.7,Sunny,10.0,2024,7,July
Saudi Arabia,Riyadh,24.64,46.77,2024-07-09 15:45:00,43.2,6,0.0,13.0,Sunny,10.0,2024,7,July
Turkmenistan,Ashgabat,37.95,58.38,2024-07-09 17:45:00,40.2,17,0.0,11.2,Partly cloudy,9.0,2024,7,July
United Arab Emirates,Abu Dhabi,24.47,54.37,2024-07-09 16:45:00,40.3,41,0.0,22.0,Sunny,8.0,2024,7,July
Djibouti,Djibouti,11.6,43.15,2024-07-10 16:00:00,47.1,19,0.0,19.1,Mist,9.0,2024,7,July
Iraq,Baghdad,33.34,44.39,2024-07-10 16:00:00,47.0,6,0.0,9.7,Sunny,11.0,2024,7,July
Kuwait,Kuwait City,29.37,47.96,2024-07-10 16:00:00,43.0,20,0.0,7.6,Sunny,10.0,2024,7,July
Saudi Arabia,Riyadh,24.64,46.77,2024-07-10 16:00:00,46.1,6,0.0,16.9,Sunny,10.0,2024,7,July
Turkmenistan,Ashgabat,37.95,58.38,2024-07-10 18:00:00,41.1,16,0.0,11.2,Partly cloudy,9.0,2024,7,July
United Arab Emirates,Abu Dhabi,24.47,54.37,2024-07-10 17:00:00,41.1,32,0.0,16.9,Sunny,9.0,2024,7,July
Bahrain,Manama,26.24,50.58,2024-07-11 15:45:00,40.4,38,0.0,20.2,Sunny,9.0,2024,7,July
Djibouti,Djibouti,11.6,43.15,2024-07-11 15:45:00,42.3,30,0.0,22.0,Mist,8.0,2024,7,July
Egypt,Cairo,30.05,31.25,2024-07-11 15:45:00,40.3,23,0.0,22.0,Partly cloudy,10.0,2024,7,July
Iraq,Baghdad,33.34,44.39,2024-07-11 15:45:00,49.1,6,0.0,20.5,Sunny,11.0,2024,7,July
Kuwait,Kuwait City,29.37,47.96,2024-07-11 15:45:00,45.7,18,0.0,14.4,Sunny,11.0,2024,7,July
Saudi Arabia,Riyadh,24.64,46.77,2024-07-11 15:45:00,46.3,6,0.0,20.2,Sunny,11.0,2024,7,July
Turkmenistan,Ashgabat,37.95,58.38,2024-07-11 17:45:00,41.3,15,0.0,6.8,Partly cloudy,9.0,2024,7,July
United Arab Emirates,Abu Dhabi,24.47,54.37,2024-07-11 16:45:00,42.1,36,0.0,16.9,Sunny,8.0,2024,7,July
Bahrain,Manama,26.24,50.58,2024-07-12 15:45:00,43.3,19,0.0,19.1,Sunny,9.0,2024,7,July
Iraq,Baghdad,33.34,44.39,2024-07-12 15:45:00,48.8,6,0.0,36.0,Sunny,11.0,2024,7,July
Kuwait,Kuwait City,29.37,47.96,2024-07-12 16:00:00,45.7,15,0.0,32.0,Sunny,11.0,2024,7,July
Qatar,Doha,25.29,51.53,2024-07-12 16:00:00,44.2,26,0.0,16.9,Sunny,10.0,2024,7,July
Saudi Arabia,Riyadh,24.64,46.77,2024-07-12 16:00:00,46.0,6,0.0,16.9,Sunny,11.0,2024,7,July
United Arab Emirates,Abu Dhabi,24.47,54.37,2024-07-12 17:00:00,40.3,34,0.0,25.9,Sunny,8.0,2024,7,July
Iraq,Baghdad,33.34,44.39,2024-07-13 16:00:00,44.2,8,0.0,33.5,Sunny,10.0,2024,7,July
Kuwait,Kuwait,29.37,47.98,2024-07-13 16:00:00,44.4,16,0.0,37.8,Sunny,10.0,2024,7,July
Marrocos,Morocco City,31.63,-8.0,2024-07-13 14:00:00,40.3,14,0.0,16.9,Sunny,10.0,2024,7,July
Qatar,Doha,25.29,51.53,2024-07-13 16:00:00,43.3,21,0.0,29.5,Sunny,10.0,2024,7,July
Saudi Arabien,Ar Riyadh,24.64,46.77,2024-07-13 16:00:00,45.0,7,0.0,24.5,Sunny,11.0,2024,7,July
Bulgaria,Bogot,43.32,24.7,2024-07-14 16:15:00,40.1,14,0.0,20.5,Sunny,10.0,2024,7,July
Iraq,Baghdad,33.34,44.39,2024-07-14 16:15:00,42.8,11,0.0,23.8,Sunny,10.0,2024,7,July
Kuwait,Kuwait City,29.37,47.96,2024-07-14 16:15:00,42.5,18,0.0,28.4,Sunny,10.0,2024,7,July
Macedonia,Skopje,42.0,21.43,2024-07-14 15:15:00,40.1,26,0.04,6.8,Partly cloudy,8.0,2024,7,July
Qatar,Doha,25.29,51.53,2024-07-14 16:15:00,41.0,32,0.0,28.1,Sunny,10.0,2024,7,July
Romania,Bucharest,44.43,26.1,2024-07-14 16:15:00,40.2,22,0.0,13.0,Sunny,9.0,2024,7,July
Saudi Arabia,Riyadh,24.64,46.77,2024-07-14 16:15:00,43.5,8,0.0,28.1,Sunny,10.0,2024,7,July
Tunisia,Tunis,36.8,10.18,2024-07-14 14:15:00,40.4,32,0.0,15.1,Sunny,9.0,2024,7,July
Bahrain,Manama,26.24,50.58,2024-07-15 16:00:00,41.3,25,0.0,24.1,Sunny,8.0,2024,7,July
Bulgaria,Bogot,43.32,24.7,2024-07-15 16:00:00,40.1,10,0.0,16.9,Sunny,10.0,2024,7,July
Iraq,Baghdad,33.34,44.39,2024-07-15 16:00:00,42.0,18,0.0,11.2,Sunny,10.0,2024,7,July
Kuwait,Kuwait City,29.37,47.96,2024-07-15 16:00:00,42.2,19,0.0,16.2,Sunny,10.0,2024,7,July
Macedonia,Skopje,42.0,21.43,2024-07-15 15:00:00,40.3,26,0.0,3.6,Sunny,10.0,2024,7,July
Qatar,Doha,25.29,51.53,2024-07-15 16:00:00,41.3,22,0.0,30.6,Sunny,10.0,2024,7,July
Saudi Arabia,Riyadh,24.64,46.77,2024-07-15 16:00:00,42.6,8,0.0,18.0,Sunny,10.0,2024,7,July
Djibouti,Djibouti,11.6,43.15,2024-07-16 15:45:00,41.2,28,0.0,29.9,Cloudy,8.0,2024,7,July
Iraq,Baghdad,33.34,44.39,2024-07-16 15:45:00,43.8,15,0.0,27.4,Sunny,10.0,2024,7,July
Kuwait,Kuwait City,29.37,47.96,2024-07-16 15:45:00,42.3,23,0.0,6.8,Sunny,10.0,2024,7,July
Saudi Arabia,Riyadh,24.64,46.77,2024-07-16 15:45:00,43.1,8,0.0,23.0,Sunny,10.0,2024,7,July
Bulgaria,Bogot,43.32,24.7,2024-07-17 15:45:00,40.3,14,0.0,14.8,Sunny,10.0,2024,7,July
Iraq,Baghdad,33.34,44.39,2024-07-17 15:45:00,45.1,12,0.0,20.2,Sunny,11.0,2024,7,July
Kuwait,Kuwait City,29.37,47.96,2024-07-17 15:45:00,43.2,22,0.0,16.9,Sunny,10.0,2024,7,July
Macedonia,Skopje,42.0,21.43,2024-07-17 14:45:00,41.4,27,0.0,6.8,Partly cloudy,10.0,2024,7,July
Qatar,Doha,25.29,51.53,2024-07-17 15:45:00,40.1,38,0.0,16.9,Sunny,10.0,2024,7,July
Saudi Arabia,Riyadh,24.64,46.77,2024-07-17 15:45:00,43.2,6,0.0,13.3,Sunny,10.0,2024,7,July
Bulgaria,Bogot,43.32,24.7,2024-07-18 15:45:00,40.6,15,0.0,16.6,Sunny,10.0,2024,7,July
Iraq,Baghdad,33.34,44.39,2024-07-18 15:45:00,45.2,11,0.0,13.0,Sunny,10.0,2024,7,July
Kuwait,Kuwait City,29.37,47.96,2024-07-18 15:45:00,44.5,14,0.0,41.4,Sunny,10.0,2024,7,July
Montenegro,Podgorica,42.44,19.26,2024-07-18 14:45:00,40.2,26,0.09,6.8,Patchy light rain with thunder,8.0,2024,7,July
Qatar,Doha,25.29,51.53,2024-07-18 15:45:00,40.3,46,0.0,22.0,Sunny,10.0,2024,7,July
Saudi Arabia,Riyadh,24.64,46.77,2024-07-18 15:45:00,43.6,7,0.0,24.5,Sunny,10.0,2024,7,July
United Arab Emirates,Abu Dhabi,24.47,54.37,2024-07-18 16:45:00,40.2,46,0.0,19.1,Sunny,8.0,2024,7,July
Bahrain,Manama,26.24,50.58,2024-07-19 15:30:00,40.2,34,0.0,28.1,Sunny,9.0,2024,7,July
Djibouti,Djibouti,11.6,43.15,2024-07-19 15:30:00,45.0,24,0.0,24.1,Mist,9.0,2024,7,July
Iraq,Baghdad,33.34,44.39,2024-07-19 15:30:00,46.1,11,0.0,16.9,Sunny,11.0,2024,7,July
Kuwait,Kuwait City,29.37,47.96,2024-07-19 15:30:00,44.3,16,0.0,35.3,Sunny,10.0,2024,7,July
Qatar,Doha,25.29,51.53,2024-07-19 15:30:00,40.2,51,0.0,24.1,Sunny,10.0,2024,7,July
Saudi Arabia,Riyadh,24.64,46.77,2024-07-19 15:30:00,44.2,6,0.0,21.2,Sunny,10.0,2024,7,July
Bahrain,Manama,26.24,50.58,2024-07-20 15:45:00,41.3,32,0.0,24.1,Sunny,9.0,2024,7,July
Iraq,Baghdad,33.34,44.39,2024-07-20 15:45:00,45.3,14,0.0,19.1,Sunny,11.0,2024,7,July
Kuwait,Kuwait City,29.37,47.96,2024-07-20 15:45:00,44.5,16,0.0,32.8,Sunny,10.0,2024,7,July
Saudi Arabia,Riyadh,24.64,46.77,2024-07-20 15:45:00,44.6,7,0.0,16.9,Sunny,10.0,2024,7,July
Egypt,Cairo,30.05,31.25,2024-07-23 15:30:00,40.3,15,0.0,24.1,Sunny,10.0,2024,7,July
Iraq,Baghdad,33.34,44.39,2024-07-23 15:30:00,45.8,10,0.0,22.3,Sunny,11.0,2024,7,July
Kuwait,Kuwait City,29.37,47.96,2024-07-23 15:30:00,42.7,21,0.0,18.0,Sunny,10.0,2024,7,July
Qatar,Doha,25.29,51.53,2024-07-23 15:30:00,42.9,20,0.0,23.0,Sunny,10.0,2024,7,July
Saudi Arabia,Riyadh,24.64,46.77,2024-07-23 15:30:00,43.4,8,0.0,15.5,Sunny,10.0,2024,7,July
Iraq,Baghdad,33.34,44.39,2024-07-24 15:45:00,45.7,10,0.0,30.2,Sunny,11.0,2024,7,July
Kuwait,Kuwait City,29.37,47.96,2024-07-24 15:45:00,42.6,20,0.0,17.3,Sunny,10.0,2024,7,July
Qatar,Doha,25.29,51.53,2024-07-24 15:45:00,42.7,21,0.0,12.6,Sunny,10.0,2024,7,July
Saudi Arabia,Riyadh,24.64,46.77,2024-07-24 15:45:00,43.5,8,0.0,25.9,Sunny,10.0,2024,7,July
Egypt,Cairo,30.05,31.25,2024-07-25 15:15:00,41.6,14,0.0,14.0,Sunny,10.0,2024,7,July
Iraq,Baghdad,33.34,44.39,2024-07-25 15:15:00,45.6,11,0.0,32.4,Sunny,11.0,2024,7,July
Kuwait,Kuwait City,29.37,47.96,2024-07-25 15:15:00,42.9,21,0.0,9.7,Sunny,10.0,2024,7,July
Qatar,Doha,25.29,51.53,2024-07-25 15:15:00,43.4,19,0.0,27.0,Sunny,10.0,2024,7,July
Saudi Arabia,Riyadh,24.64,46.77,2024-07-25 15:15:00,41.9,8,0.0,16.2,Sunny,10.0,2024,7,July
Uzbekistan,Tashkent,41.32,69.25,2024-07-25 17:30:00,40.7,9,0.0,16.9,Sunny,10.0,2024,7,July
Iraq,Baghdad,33.34,44.39,2024-07-26 15:30:00,44.0,9,0.0,31.0,Sunny,10.0,2024,7,July
Kuwait,Kuwait City,29.37,47.96,2024-07-26 15:30:00,42.9,20,0.0,28.8,Sunny,10.0,2024,7,July
Qatar,Doha,25.29,51.53,2024-07-26 15:30:00,41.1,25,0.0,17.3,Sunny,10.0,2024,7,July
Saudi Arabia,Riyadh,24.64,46.77,2024-07-26 15:30:00,42.0,9,0.0,11.9,Sunny,10.0,2024,7,July
Iraq,Baghdad,33.34,44.39,2024-07-27 15:30:00,42.3,15,0.0,28.4,Sunny,10.0,2024,7,July
Kuwait,Kuwait City,29.37,47.96,2024-07-27 15:30:00,42.9,18,0.0,29.9,Sunny,10.0,2024,7,July
Qatar,Doha,25.29,51.53,2024-07-27 15:30:00,42.4,23,0.0,33.8,Sunny,10.0,2024,7,July
Saudi Arabia,Riyadh,24.64,46.77,2024-07-27 15:30:00,42.6,8,0.0,14.8,Sunny,10.0,2024,7,July
Turkmenistan,Ashgabat,37.95,58.38,2024-07-27 17:30:00,42.5,15,0.0,18.4,Sunny,10.0,2024,7,July
Uzbekistan,Tashkent,41.32,69.25,2024-07-27 17:30:00,40.6,12,0.0,19.8,Sunny,10.0,2024,7,July
Iraq,Baghdad,33.34,44.39,2024-07-28 15:45:00,43.8,10,0.0,28.8,Sunny,10.0,2024,7,July
Kuwait,Kuwait City,29.37,47.96,2024-07-28 15:45:00,42.7,19,0.0,36.7,Sunny,10.0,2024,7,July
Qatar,Doha,25.29,51.53,2024-07-28 15:45:00,41.4,19,0.0,45.4,Sunny,10.0,2024,7,July
Saudi Arabia,Riyadh,24.64,46.77,2024-07-28 15:45:00,42.4,9,0.0,25.9,Sunny,10.0,2024,7,July
Uzbekistan,Tashkent,41.32,69.25,2024-07-28 17:45:00,40.4,12,0.0,26.6,Sunny,10.0,2024,7,July
Iraq,Baghdad,33.34,44.39,2024-07-29 15:15:00,46.1,10,0.0,33.1,Sunny,11.0,2024,7,July
Kuwait,Kuwait City,29.37,47.96,2024-07-29 15:15:00,43.1,16,0.0,32.4,Sunny,10.0,2024,7,July
Qatar,Doha,25.29,51.53,2024-07-29 15:15:00,41.5,24,0.0,31.0,Sunny,10.0,2024,7,July
Saudi Arabia,Riyadh,24.64,46.77,2024-07-29 15:15:00,41.7,9,0.0,32.0,Sunny,10.0,2024,7,July
Iraq,Baghdad,33.34,44.39,2024-07-30 15:15:00,45.8,9,0.0,26.6,Sunny,11.0,2024,7,July
Kuwait,Kuwait City,29.37,47.96,2024-07-30 15:15:00,42.5,24,0.0,4.7,Sunny,10.0,2024,7,July
Saudi Arabia,Riyadh,24.64,46.77,2024-07-30 15:30:00,42.5,8,0.0,26.6,Partly Cloudy,10.0,2024,7,July
Iraq,Baghdad,33.34,44.39,2024-07-31 15:15:00,45.2,9,0.0,27.7,Sunny,11.0,2024,7,July
Kuwait,Kuwait City,29.37,47.96,2024-07-31 15:15:00,42.0,23,0.0,7.2,Sunny,10.0,2024,7,July
Saudi Arabia,Riyadh,24.64,46.77,2024-07-31 15:15:00,43.5,7,0.0,25.6,Sunny,10.0,2024,7,July
Uzbekistan,Tashkent,41.32,69.25,2024-07-31 17:15:00,41.0,10,0.0,6.8,Sunny,10.0,2024,7,July
Iraq,Baghdad,33.34,44.39,2024-08-01 15:15:00,44.4,9,0.0,33.5,Sunny,10.0,2024,8,August
Kuwait,Kuwait City,29.37,47.96,2024-08-01 15:15:00,44.0,18,0.0,23.8,Sunny,10.0,2024,8,August
Qatar,Doha,25.29,51.53,2024-08-01 15:15:00,40.5,36,0.0,17.6,Sunny,10.0,2024,8,August
Saudi Arabia,Riyadh,24.64,46.77,2024-08-01 15:15:00,43.6,8,0.0,28.8,Sunny,10.0,2024,8,August
Uzbekistan,Tashkent,41.32,69.25,2024-08-01 17:15:00,42.3,11,0.0,17.6,Sunny,10.0,2024,8,August
Iraq,Baghdad,33.34,44.39,2024-08-02 15:15:00,43.3,10,0.0,33.1,Sunny,10.0,2024,8,August
Kuwait,Kuwait City,29.37,47.96,2024-08-02 15:30:00,43.2,16,0.0,38.5,Sunny,10.0,2024,8,August
Qatar,Doha,25.29,51.53,2024-08-02 15:30:00,42.4,20,0.0,36.4,Sunny,10.0,2024,8,August
Saudi Arabia,Riyadh,24.64,46.77,2024-08-02 15:30:00,43.3,9,0.0,31.0,Sunny,10.0,2024,8,August
Tunisia,Tunis,36.8,10.18,2024-08-02 13:30:00,40.6,19,0.0,10.4,Sunny,10.0,2024,8,August
Uzbekistan,Tashkent,41.32,69.25,2024-08-02 17:30:00,40.3,9,0.0,20.9,Sunny,10.0,2024,8,August
Iraq,Baghdad,33.34,44.39,2024-08-03 15:30:00,43.3,11,0.0,24.1,Sunny,10.0,2024,8,August
Kuwait,Kuwait City,29.37,47.96,2024-08-03 15:30:00,42.2,16,0.0,36.7,Sunny,10.0,2024,8,August
Qatar,Doha,25.29,51.53,2024-08-03 15:30:00,41.2,19,0.0,40.3,Sunny,10.0,2024,8,August
Saudi Arabia,Riyadh,24.64,46.77,2024-08-03 15:30:00,41.6,10,0.0,16.9,Sunny,10.0,2024,8,August
Iraq,Baghdad,33.34,44.39,2024-08-04 15:30:00,42.5,11,0.0,22.3,Sunny,10.0,2024,8,August
Kuwait,Kuwait City,29.37,47.96,2024-08-04 15:30:00,42.1,16,0.0,33.8,Sunny,10.0,2024,8,August
Qatar,Doha,25.29,51.53,2024-08-04 15:30:00,42.0,18,0.0,39.6,Sunny,10.0,2024,8,August
Saudi Arabia,Riyadh,24.64,46.77,2024-08-04 15:30:00,42.0,9,0.0,16.9,Sunny,10.0,2024,8,August
Iraq,Baghdad,33.34,44.39,2024-08-05 15:30:00,43.7,12,0.0,21.2,Sunny,10.0,2024,8,August
Kuwait,Kuwait City,29.37,47.96,2024-08-05 15:30:00,42.1,18,0.0,18.0,Sunny,10.0,2024,8,August
Qatar,Doha,25.29,51.53,2024-08-05 15:30:00,40.4,29,0.0,24.5,Sunny,10.0,2024,8,August
Saudi Arabia,Riyadh,24.64,46.77,2024-08-05 15:30:00,41.6,8,0.0,31.3,Sunny,10.0,2024,8,August
Turkmenistan,Ashgabat,37.95,58.38,2024-08-05 17:30:00,40.7,11,0.0,28.8,Sunny,10.0,2024,8,August
Iraq,Baghdad,33.34,44.39,2024-08-06 15:15:00,44.4,11,0.0,20.2,Sunny,10.0,2024,8,August
Kuwait,Kuwait City,29.37,47.96,2024-08-06 15:15:00,42.4,19,0.0,10.8,Sunny,10.0,2024,8,August
Saudi Arabia,Riyadh,24.64,46.77,2024-08-06 15:15:00,42.0,10,0.0,30.6,Sunny,10.0,2024,8,August
Egypt,Cairo,30.05,31.25,2024-08-07 15:00:00,40.2,15,0.0,10.1,Sunny,10.0,2024,8,August
Iraq,Baghdad,33.34,44.39,2024-08-07 15:00:00,46.0,9,0.0,23.0,Sunny,11.0,2024,8,August
Kuwait,Kuwait City,29.37,47.96,2024-08-07 15:00:00,43.2,19,0.0,13.0,Sunny,10.0,2024,8,August
Saudi Arabia,Riyadh,24.64,46.77,2024-08-07 15:00:00,40.9,6,0.0,23.0,Partly Cloudy,10.0,2024,8,August
Turkmenistan,Ashgabat,37.95,58.38,2024-08-07 17:15:00,40.3,9,0.0,21.2,Sunny,10.0,2024,8,August
Iraq,Baghdad,33.34,44.39,2024-08-08 15:15:00,45.7,10,0.0,25.2,Sunny,11.0,2024,8,August
Kuwait,Kuwait City,29.37,47.96,2024-08-08 15:15:00,43.8,18,0.0,29.5,Sunny,10.0,2024,8,August
Saudi Arabia,Riyadh,24.64,46.77,2024-08-08 15:15:00,43.9,5,0.0,22.3,Sunny,10.0,2024,8,August
Turkmenistan,Ashgabat,37.95,58.38,2024-08-08 17:15:00,40.6,14,0.0,13.0,Sunny,10.0,2024,8,August
Uzbekistan,Tashkent,41.32,69.25,2024-08-08 17:15:00,41.3,8,0.0,6.8,Sunny,10.0,2024,8,August
Iraq,Baghdad,33.34,44.39,2024-08-09 15:30:00,45.2,9,0.0,21.2,Sunny,11.0,2024,8,August
Kuwait,Kuwait City,29.37,47.96,2024-08-09 15:30:00,42.7,24,0.0,14.4,Sunny,10.0,2024,8,August
Saudi Arabia,Riyadh,24.64,46.77,2024-08-09 15:30:00,44.4,7,0.0,24.5,Sunny,10.0,2024,8,August
Uzbekistan,Tashkent,41.32,69.25,2024-08-09 17:30:00,41.6,9,0.0,13.3,Partly Cloudy,10.0,2024,8,August
Iraq,Baghdad,33.34,44.39,2024-08-10 15:30:00,45.6,7,0.0,28.1,Sunny,11.0,2024,8,August
Kuwait,Kuwait City,29.37,47.96,2024-08-10 15:30:00,40.3,26,0.0,13.7,Sunny,10.0,2024,8,August
Saudi Arabia,Riyadh,24.64,46.77,2024-08-10 15:30:00,42.7,7,0.0,20.9,Sunny,10.0,2024,8,August
Egypt,Cairo,30.05,31.25,2024-08-11 15:15:00,40.3,16,0.0,16.6,Sunny,10.0,2024,8,August
Iraq,Baghdad,33.34,44.39,2024-08-11 15:15:00,44.3,12,0.0,24.1,Sunny,10.0,2024,8,August
Kuwait,Kuwait City,29.37,47.96,2024-08-11 15:15:00,42.0,22,0.0,5.4,Sunny,10.0,2024,8,August
Saudi Arabia,Riyadh,24.64,46.77,2024-08-11 15:15:00,43.6,7,0.0,15.5,Sunny,10.0,2024,8,August
Iraq,Baghdad,33.34,44.39,2024-08-12 15:30:00,44.8,10,0.0,20.2,Sunny,10.0,2024,8,August
Kuwait,Kuwait City,29.37,47.96,2024-08-12 15:30:00,42.0,25,0.0,5.0,Sunny,10.0,2024,8,August
Saudi Arabia,Riyadh,24.64,46.77,2024-08-12 15:30:00,43.7,8,0.0,14.0,Sunny,10.0,2024,8,August
Bulgaria,Bogot,43.32,24.7,2024-08-13 15:30:00,40.7,14,0.0,8.3,Sunny,10.0,2024,8,August
Iraq,Baghdad,33.34,44.39,2024-08-13 15:45:00,44.8,10,0.0,25.6,Sunny,10.0,2024,8,August
Kuwait,Kuwait City,29.37,47.96,2024-08-13 15:30:00,42.3,22,0.0,4.7,Sunny,10.0,2024,8,August
Macedonia,Skopje,42.0,21.43,2024-08-13 14:45:00,40.6,13,0.0,12.6,Sunny,10.0,2024,8,August
Saudi Arabia,Riyadh,24.64,46.77,2024-08-13 15:45:00,44.7,8,0.0,24.8,Sunny,10.0,2024,8,August
Serbia,Belgrade,44.8,20.47,2024-08-13 14:45:00,40.7,13,0.0,6.8,Sunny,10.0,2024,8,August
Bulgaria,Bogot,43.32,24.7,2024-08-14 15:30:00,40.9,13,0.0,13.7,Sunny,10.0,2024,8,August
Iraq,Baghdad,33.34,44.39,2024-08-14 15:30:00,45.1,10,0.0,13.0,Sunny,11.0,2024,8,August
Kuwait,Kuwait City,29.37,47.96,2024-08-14 15:30:00,43.7,22,0.0,13.7,Sunny,10.0,2024,8,August
Macedonia,Skopje,42.0,21.43,2024-08-14 14:30:00,41.3,18,0.0,9.0,Sunny,10.0,2024,8,August
Saudi Arabia,Riyadh,24.64,46.77,2024-08-14 15:30:00,44.0,9,0.0,13.7,Sunny,10.0,2024,8,August
United Arab Emirates,Abu Dhabi,24.47,54.37,2024-08-14 16:30:00,41.3,46,0.0,20.2,Sunny,8.0,2024,8,August
Djibouti,Djibouti,11.6,43.15,2024-08-15 15:15:00,41.1,38,0.0,28.1,Partly cloudy,8.0,2024,8,August
Iraq,Baghdad,33.34,44.39,2024-08-15 15:15:00,46.1,10,0.0,15.1,Sunny,11.0,2024,8,August
Kuwait,Kuwait City,29.37,47.96,2024-08-15 15:15:00,42.8,23,0.0,5.0,Sunny,10.0,2024,8,August
Macedonia,Skopje,42.0,21.43,2024-08-15 14:15:00,40.2,17,0.15,6.8,Partly cloudy,7.0,2024,8,August
Saudi Arabia,Riyadh,24.64,46.77,2024-08-15 15:15:00,44.5,8,0.0,20.5,Sunny,10.0,2024,8,August
Tajikistan,Dushanbe,38.56,68.77,2024-08-15 17:15:00,40.1,20,0.0,11.2,Partly cloudy,9.0,2024,8,August
United Arab Emirates,Abu Dhabi,24.47,54.37,2024-08-15 16:15:00,40.1,51,0.0,22.0,Sunny,9.0,2024,8,August
Bahrain,Manama,26.24,50.58,2024-08-16 15:15:00,43.2,21,0.0,20.2,Sunny,9.0,2024,8,August
Djibouti,Djibouti,11.6,43.15,2024-08-16 15:15:00,41.0,38,0.0,19.1,Partly cloudy,9.0,2024,8,August
Iraq,Baghdad,33.34,44.39,2024-08-16 15:15:00,47.2,10,0.0,3.6,Sunny,11.0,2024,8,August
Kuwait,Kuwait City,29.37,47.96,2024-08-16 15:15:00,44.7,18,0.0,22.3,Sunny,10.0,2024,8,August
Macedonia,Skopje,42.0,21.43,2024-08-16 14:15:00,40.3,19,0.0,9.0,Sunny,10.0,2024,8,August
Saudi Arabia,Riyadh,24.64,46.77,2024-08-16 15:15:00,45.1,6,0.0,27.7,Sunny,11.0,2024,8,August
Djibouti,Djibouti,11.6,43.15,2024-08-17 15:15:00,41.1,32,0.0,3.6,Partly cloudy,8.0,2024,8,August
Iraq,Baghdad,33.34,44.39,2024-08-17 15:15:00,46.4,9,0.0,13.0,Sunny,11.0,2024,8,August
Kuwait,Kuwait City,29.37,47.96,2024-08-17 15:15:00,45.1,19,0.0,22.3,Sunny,11.0,2024,8,August
Macedonia,Skopje,42.0,21.43,2024-08-17 14:15:00,40.4,18,0.0,3.6,Sunny,9.0,2024,8,August
Saudi Arabia,Riyadh,24.64,46.77,2024-08-17 15:15:00,45.0,7,0.0,20.9,Sunny,10.0,2024,8,August
Djibouti,Djibouti,11.6,43.15,2024-08-18 15:00:00,40.4,36,0.0,22.0,Partly cloudy,9.0,2024,8,August
Iraq,Baghdad,33.34,44.39,2024-08-18 15:00:00,46.0,11,0.0,13.0,Sunny,11.0,2024,8,August
Saudi Arabia,Riyadh,24.64,46.77,2024-08-18 15:00:00,45.6,7,0.0,20.9,Sunny,11.0,2024,8,August
United Arab Emirates,Abu Dhabi,24.47,54.37,2024-08-18 16:00:00,44.1,24,0.0,3.6,Sunny,9.0,2024,8,August
Iraq,Baghdad,33.34,44.39,2024-08-19 15:30:00,46.4,11,0.0,6.8,Sunny,11.0,2024,8,August
Saudi Arabia,Riyadh,24.64,46.77,2024-08-19 15:30:00,45.1,9,0.0,32.8,Sunny,11.0,2024,8,August
United Arab Emirates,Abu Dhabi,24.47,54.37,2024-08-19 16:30:00,41.1,34,0.0,6.8,Sunny,8.0,2024,8,August
Iraq,Baghdad,33.34,44.39,2024-08-20 15:15:00,46.0,11,0.0,15.1,Sunny,11.0,2024,8,August
Kuwait,Kuwait City,29.37,47.96,2024-08-20 15:15:00,42.4,26,0.0,9.7,Sunny,10.0,2024,8,August
Saudi Arabia,Riyadh,24.64,46.77,2024-08-20 15:15:00,44.3,10,0.0,15.1,Sunny,11.0,2024,8,August
United Arab Emirates,Abu Dhabi,24.47,54.37,2024-08-20 16:15:00,41.2,34,0.0,16.9,Sunny,9.0,2024,8,August
Iraq,Baghdad,33.34,44.39,2024-08-21 15:15:00,45.0,11,0.0,20.2,Sunny,10.0,2024,8,August
Kuwait,Kuwait City,29.37,47.96,2024-08-21 15:15:00,40.6,26,0.0,13.7,Sunny,10.0,2024,8,August
Saudi Arabia,Riyadh,24.64,46.77,2024-08-21 15:15:00,43.0,11,0.0,29.5,Sunny,10.0,2024,8,August
United Arab Emirates,Abu Dhabi,24.47,54.37,2024-08-21 16:15:00,40.1,34,0.0,3.6,Sunny,8.0,2024,8,August
Iraq,Baghdad,33.34,44.39,2024-08-22 15:00:00,46.3,9,0.0,13.0,Sunny,11.0,2024,8,August
Saudi Arabia,Riyadh,24.64,46.77,2024-08-22 15:00:00,42.7,11,0.0,16.9,Sunny,10.0,2024,8,August
Iraq,Baghdad,33.34,44.39,2024-08-23 15:15:00,47.1,8,0.0,11.2,Sunny,11.0,2024,8,August
Saudi Arabia,Riyadh,24.64,46.77,2024-08-23 15:15:00,43.3,10,0.0,16.6,Sunny,10.0,2024,8,August
Iraq,Baghdad,33.34,44.39,2024-08-24 15:00:00,47.3,10,0.0,3.6,Sunny,11.0,2024,8,August
Saudi Arabia,Riyadh,24.64,46.77,2024-08-24 15:00:00,43.6,9,0.0,13.0,Sunny,10.0,2024,8,August
Turkmenistan,Ashgabat,37.95,58.38,2024-08-24 17:00:00,40.3,11,0.0,11.2,Partly cloudy,9.0,2024,8,August
United Arab Emirates,Abu Dhabi,24.47,54.37,2024-08-24 16:00:00,41.3,38,0.0,20.2,Sunny,8.0,2024,8,August
Iraq,Baghdad,33.34,44.39,2024-08-25 15:00:00,45.1,18,0.0,11.2,Sunny,11.0,2024,8,August
Saudi Arabia,Riyadh,24.64,46.77,2024-08-25 15:00:00,43.0,10,0.0,14.8,Sunny,10.0,2024,8,August
United Arab Emirates,Abu Dhabi,24.47,54.37,2024-08-25 16:00:00,40.4,32,0.0,19.1,Sunny,8.0,2024,8,August
Iraq,Baghdad,33.34,44.39,2024-08-26 15:15:00,43.2,15,0.0,19.1,Sunny,11.0,2024,8,August
Kuwait,Kuwait City,29.37,47.96,2024-08-26 15:15:00,42.1,30,0.0,8.6,Sunny,10.0,2024,8,August
Saudi Arabia,Riyadh,24.64,46.77,2024-08-26 15:15:00,43.5,9,0.0,11.9,Sunny,10.0,2024,8,August
Iraq,Baghdad,33.34,44.39,2024-08-27 15:15:00,45.4,14,0.0,16.9,Sunny,11.0,2024,8,August
Kuwait,Kuwait City,29.37,47.96,2024-08-27 15:15:00,45.2,17,0.0,35.6,Sunny,11.0,2024,8,August
Saudi Arabia,Riyadh,24.64,46.77,2024-08-27 15:15:00,45.1,7,0.0,16.9,Partly cloudy,10.0,2024,8,August
Iraq,Baghdad,33.34,44.39,2024-08-28 15:30:00,44.2,11,0.0,20.2,Partly cloudy,10.0,2024,8,August
Kuwait,Kuwait City,29.37,47.96,2024-08-28 15:30:00,44.3,18,0.0,33.1,Sunny,10.0,2024,8,August
Saudi Arabia,Riyadh,24.64,46.77,2024-08-28 15:30:00,43.7,8,0.0,31.3,Sunny,10.0,2024,8,August
United Arab Emirates,Abu Dhabi,24.47,54.37,2024-08-28 16:30:00,40.4,46,0.0,19.1,Sunny,8.0,2024,8,August
Djibouti,Djibouti,11.6,43.15,2024-08-29 15:00:00,42.0,29,0.0,22.0,Partly cloudy,8.0,2024,8,August
Iraq,Baghdad,33.34,44.39,2024-08-29 15:00:00,41.2,19,0.0,19.1,Sunny,10.0,2024,8,August
Kuwait,Kuwait City,29.37,47.96,2024-08-29 15:00:00,42.3,18,0.0,31.7,Sunny,10.0,2024,8,August
Saudi Arabia,Riyadh,24.64,46.77,2024-08-29 15:00:00,42.9,9,0.0,32.4,Sunny,10.0,2024,8,August
United Arab Emirates,Abu Dhabi,24.47,54.37,2024-08-29 16:00:00,40.2,41,0.0,20.2,Sunny,8.0,2024,8,August
Djibouti,Djibouti,11.6,43.15,2024-08-30 15:15:00,42.3,39,0.0,31.0,Partly cloudy,9.0,2024,8,August
Iraq,Baghdad,33.34,44.39,2024-08-30 15:15:00,41.1,14,0.0,15.1,Sunny,10.0,2024,8,August
Kuwait,Kuwait City,29.37,47.96,2024-08-30 15:15:00,41.5,21,0.0,30.2,Sunny,10.0,2024,8,August
Qatar,Doha,25.29,51.53,2024-08-30 15:15:00,43.2,24,0.0,22.0,Sunny,10.0,2024,8,August
Saudi Arabia,Riyadh,24.64,46.77,2024-08-30 15:15:00,41.5,10,0.0,31.7,Sunny,10.0,2024,8,August
Iraq,Baghdad,33.34,44.39,2024-08-31 15:00:00,40.2,22,0.0,16.9,Sunny,10.0,2024,8,August
Kuwait,Kuwait City,29.37,47.96,2024-08-31 15:00:00,40.8,20,0.0,26.6,Sunny,10.0,2024,8,August
Saudi Arabia,Riyadh,24.64,46.77,2024-08-31 15:00:00,40.2,8,0.0,20.2,Sunny,10.0,2024,8,August
Iraq,Baghdad,33.34,44.39,2024-09-01 15:00:00,41.0,19,0.0,19.1,Sunny,10.0,2024,9,September
Kuwait,Kuwait City,29.37,47.96,2024-09-01 15:00:00,40.3,23,0.0,7.2,Sunny,10.0,2024,9,September
Saudi Arabia,Riyadh,24.64,46.77,2024-09-01 15:00:00,40.5,11,0.0,22.3,Sunny,10.0,2024,9,September
United Arab Emirates,Abu Dhabi,24.47,54.37,2024-09-01 16:00:00,41.3,27,0.0,11.2,Sunny,9.0,2024,9,September
Djibouti,Djibouti,11.6,43.15,2024-09-02 15:15:00,42.3,25,0.12,22.0,Partly cloudy,7.0,2024,9,September
Iraq,Baghdad,33.34,44.39,2024-09-02 15:15:00,42.4,17,0.0,16.9,Sunny,10.0,2024,9,September
Kuwait,Kuwait City,29.37,47.96,2024-09-02 15:15:00,41.6,22,0.0,23.0,Sunny,10.0,2024,9,September
Saudi Arabia,Riyadh,24.64,46.77,2024-09-02 15:15:00,41.0,10,0.0,25.9,Sunny,10.0,2024,9,September
Djibouti,Djibouti,11.6,43.15,2024-09-03 15:15:00,41.3,41,0.0,22.0,Partly cloudy,9.0,2024,9,September
Iraq,Baghdad,33.34,44.39,2024-09-03 15:15:00,41.0,15,0.0,22.0,Sunny,10.0,2024,9,September
Kuwait,Kuwait City,29.37,47.96,2024-09-03 15:15:00,41.5,20,0.0,25.2,Sunny,10.0,2024,9,September
Saudi Arabia,Riyadh,24.64,46.77,2024-09-03 15:15:00,40.4,11,0.0,25.6,Sunny,10.0,2024,9,September
Iraq,Baghdad,33.34,44.39,2024-09-04 15:00:00,41.2,14,0.0,16.9,Sunny,10.0,2024,9,September
Kuwait,Kuwait City,29.37,47.96,2024-09-04 15:00:00,40.6,22,0.0,15.8,Sunny,10.0,2024,9,September
United Arab Emirates,Abu Dhabi,24.47,54.37,2024-09-04 16:00:00,42.1,25,0.0,6.8,Sunny,9.0,2024,9,September
Bahrain,Manama,26.24,50.58,2024-09-05 15:00:00,40.4,19,0.0,11.2,Sunny,8.0,2024,9,September
Djibouti,Djibouti,11.6,43.15,2024-09-05 15:00:00,42.3,30,0.0,31.0,Partly cloudy,9.0,2024,9,September
Iraq,Baghdad,33.34,44.39,2024-09-05 15:00:00,42.4,14,0.0,15.1,Sunny,10.0,2024,9,September
Kuwait,Kuwait City,29.37,47.96,2024-09-05 15:00:00,41.2,19,0.0,27.0,Sunny,10.0,2024,9,September
Saudi Arabia,Riyadh,24.64,46.77,2024-09-05 15:00:00,40.1,9,0.0,13.3,Sunny,10.0,2024,9,September
United Arab Emirates,Abu Dhabi,24.47,54.37,2024-09-05 16:00:00,42.0,24,0.0,16.9,Sunny,8.0,2024,9,September
Iraq,Baghdad,33.34,44.39,2024-09-06 15:15:00,42.1,15,0.0,16.9,Sunny,10.0,2024,9,September
Kuwait,Kuwait City,29.37,47.96,2024-09-06 15:15:00,41.6,20,0.0,33.1,Sunny,10.0,2024,9,September
Saudi Arabia,Riyadh,24.64,46.77,2024-09-06 15:15:00,41.0,8,0.0,22.3,Sunny,10.0,2024,9,September
Iraq,Baghdad,33.34,44.39,2024-09-07 15:00:00,43.3,15,0.0,16.9,Sunny,10.0,2024,9,September
Kuwait,Kuwait City,29.37,47.96,2024-09-07 15:00:00,41.5,24,0.0,11.9,Sunny,10.0,2024,9,September
Saudi Arabia,Riyadh,24.64,46.77,2024-09-07 15:00:00,41.8,10,0.0,16.2,Sunny,10.0,2024,9,September
Djibouti,Djibouti,11.6,43.15,2024-09-08 15:15:00,42.0,27,0.0,24.1,Sunny,8.0,2024,9,September
Iraq,Baghdad,33.34,44.39,2024-09-08 15:15:00,44.2,13,0.0,11.2,Sunny,10.0,2024,9,September
Kuwait,Kuwait City,29.37,47.96,2024-09-08 15:15:00,41.8,22,0.0,7.9,Sunny,10.0,2024,9,September
Saudi Arabia,Riyadh,24.64,46.77,2024-09-08 15:15:00,40.5,12,0.0,3.6,Sunny,10.0,2024,9,September
Iraq,Baghdad,33.34,44.39,2024-09-09 15:30:00,46.4,10,0.0,6.8,Sunny,11.0,2024,9,September
Kuwait,Kuwait City,29.37,47.96,2024-09-09 15:30:00,43.1,19,0.0,13.7,Sunny,10.0,2024,9,September
Saudi Arabia,Riyadh,24.64,46.77,2024-09-09 15:30:00,41.5,6,0.0,17.3,Sunny,10.0,2024,9,September
Djibouti,Djibouti,11.6,43.15,2024-09-10 15:30:00,44.3,21,0.0,20.2,Mist,8.0,2024,9,September
Iraq,Baghdad,33.34,44.39,2024-09-10 15:30:00,47.2,7,0.0,22.0,Sunny,11.0,2024,9,September
Kuwait,Kuwait City,29.37,47.96,2024-09-10 15:30:00,43.6,18,0.0,15.1,Sunny,10.0,2024,9,September
Qatar,Doha,25.29,51.53,2024-09-10 15:30:00,42.1,30,0.0,16.9,Sunny,10.0,2024,9,September
Saudi Arabia,Riyadh,24.64,46.77,2024-09-10 15:30:00,42.7,7,0.0,16.9,Partly Cloudy,10.0,2024,9,September
Iraq,Baghdad,33.34,44.39,2024-09-11 15:15:00,45.0,11,0.0,13.0,Sunny,11.0,2024,9,September
Kuwait,Kuwait City,29.37,47.96,2024-09-11 15:00:00,43.9,17,0.0,23.8,Sunny,10.0,2024,9,September
Saudi Arabia,Riyadh,24.64,46.77,2024-09-11 15:00:00,43.1,7,0.0,19.8,Partly Cloudy,10.0,2024,9,September
Iraq,Baghdad,33.34,44.39,2024-09-12 15:15:00,43.2,13,0.0,20.2,Sunny,10.0,2024,9,September
Kuwait,Kuwait City,29.37,47.96,2024-09-12 15:15:00,42.9,17,0.0,34.9,Sunny,10.0,2024,9,September
Saudi Arabia,Riyadh,24.64,46.77,2024-09-12 15:15:00,42.4,7,0.0,28.4,Sunny,10.0,2024,9,September
Iraq,Baghdad,33.34,44.39,2024-09-13 15:30:00,40.3,16,0.0,35.3,Sunny,9.0,2024,9,September
Kuwait,Kuwait City,29.37,47.96,2024-09-13 15:30:00,43.8,9,0.0,38.2,Mist,10.0,2024,9,September
Saudi Arabia,Riyadh,24.64,46.77,2024-09-13 15:30:00,41.2,7,0.0,13.0,Sunny,10.0,2024,9,September
United Arab Emirates,Abu Dhabi,24.47,54.37,2024-09-13 16:30:00,42.1,22,0.0,21.2,Sunny,8.0,2024,9,September
Kuwait,Kuwait City,29.37,47.96,2024-09-14 15:30:00,44.1,8,0.0,34.2,Sunny,9.0,2024,9,September
Saudi Arabia,Riyadh,24.64,46.77,2024-09-14 15:30:00,40.4,10,0.0,4.7,Sunny,9.0,2024,9,September
Bahrain,Manama,26.24,50.58,2024-09-15 15:00:00,41.2,11,0.0,15.1,Sunny,8.0,2024,9,September
Kuwait,Kuwait City,29.37,47.96,2024-09-15 15:00:00,40.9,11,0.0,8.3,Sunny,9.0,2024,9,September
Qatar,Doha,25.29,51.53,2024-09-15 15:00:00,40.3,28,0.0,20.9,Sunny,9.0,2024,9,September
Saudi Arabia,Riyadh,24.64,46.77,2024-09-15 15:00:00,41.0,9,0.0,11.9,Sunny,10.0,2024,9,September
United Arab Emirates,Abu Dhabi,24.47,54.37,2024-09-15 16:00:00,41.2,19,0.0,20.5,Sunny,8.0,2024,9,September
Djibouti,Djibouti,11.6,43.15,2024-09-16 14:00:00,40.1,38,0.0,15.1,Partly cloudy,9.0,2024,9,September
Kuwait,Kuwait City,29.37,47.96,2024-09-16 14:00:00,41.6,11,0.0,3.6,Sunny,9.0,2024,9,September
Saudi Arabia,Riyadh,24.64,46.77,2024-09-16 14:00:00,41.2,8,0.0,9.4,Sunny,10.0,2024,9,September
Kuwait,Kuwait City,29.37,47.96,2024-09-17 14:00:00,44.1,11,0.0,5.8,Sunny,9.0,2024,9,September
Saudi Arabia,Riyadh,24.64,46.77,2024-09-17 14:00:00,40.1,11,0.0,6.8,Sunny,9.0,2024,9,September
Kuwait,Kuwait City,29.37,47.96,2024-09-20 13:45:00,40.2,18,0.0,6.5,Sunny,9.0,2024,9,September
Kuwait,Kuwait City,29.37,47.96,2024-09-21 13:45:00,40.1,17,0.0,12.6,Sunny,9.0,2024,9,September
Iraq,Baghdad,33.34,44.39,2024-09-22 13:30:00,41.3,15,0.0,15.1,Partly cloudy,10.0,2024,9,September
Kuwait,Kuwait City,29.37,47.96,2024-09-23 12:45:00,42.7,12,0.0,3.6,Sunny,9.0,2024,9,September
Qatar,Doha,25.29,51.53,2024-09-23 12:45:00,40.2,23,0.0,11.5,Sunny,9.0,2024,9,September
United Arab Emirates,Abu Dhabi,24.47,54.37,2024-09-23 13:45:00,42.3,16,0.0,11.9,Sunny,8.0,2024,9,September
Kuwait,Kuwait City,29.37,47.96,2024-09-24 12:45:00,41.5,15,0.0,7.6,Sunny,9.0,2024,9,September
United Arab Emirates,Abu Dhabi,24.47,54.37,2024-09-24 13:45:00,40.1,28,0.0,18.7,Sunny,8.0,2024,9,September
Kuwait,Kuwait City,29.37,47.96,2024-09-25 12:30:00,40.7,10,0.0,32.8,Mist,9.0,2024,9,September
Qatar,Doha,25.29,51.53,2024-09-25 12:30:00,41.1,23,0.0,10.8,Sunny,9.0,2024,9,September
Kuwait,Kuwait City,29.37,47.96,2024-09-27 13:00:00,41.1,8,0.0,33.1,Sunny,9.0,2024,9,September
Kuwait,Kuwait City,29.37,47.96,2024-09-28 13:00:00,41.1,7,0.0,21.2,Sunny,9.0,2024,9,September
Kuwait,Kuwait City,29.37,47.96,2024-09-29 12:30:00,43.2,7,0.0,5.8,Sunny,9.0,2024,9,September
Kuwait,Kuwait City,29.37,47.96,2024-10-01 13:00:00,40.2,17,0.0,36.0,Mist,9.0,2024,10,October
Kuwait,Kuwait City,29.37,47.96,2024-10-02 12:30:00,41.8,11,0.0,11.5,Sunny,8.0,2024,10,October
Mongolia,Ulaanbaatar,47.9167,106.9167,2024-10-13 17:30:00,-5.9,72,0.0,25.9,Partly Cloudy,0.1,2024,10,October
Mongolia,Ulaanbaatar,47.9167,106.9167,2024-10-14 17:30:00,-8.4,43,0.0,3.6,Sunny,0.3,2024,10,October
Mongolia,Ulaanbaatar,47.9167,106.9167,2024-10-17 17:30:00,-7.9,29,0.0,9.4,Sunny,0.3,2024,10,October
Mongolia,Ulaanbaatar,47.9167,106.9167,2024-10-18 17:30:00,-6.1,30,0.0,6.5,Overcast,0.2,2024,10,October
Mongolia,Ulaanbaatar,47.9167,106.9167,2024-10-20 17:30:00,-6.7,87,0.09,24.8,Moderate snow,0.1,2024,10,October
Mongolia,Ulaanbaatar,47.9167,106.9167,2024-10-21 17:15:00,-10.4,87,0.0,7.6,Sunny,0.3,2024,10,October
Mongolia,Ulaanbaatar,47.9167,106.9167,2024-10-31 17:00:00,-5.4,85,0.0,3.6,Sunny,0.1,2024,10,October
Mongolia,Ulaanbaatar,47.9167,106.9167,2024-11-01 17:15:00,-6.7,54,0.0,3.6,Sunny,2.0,2024,11,November
Mongolia,Ulaanbaatar,47.9167,106.9167,2024-11-02 17:15:00,-11.0,76,0.0,20.2,Partly Cloudy,0.1,2024,11,November
Mongolia,Ulaanbaatar,47.9167,106.9167,2024-11-03 17:00:00,-12.1,52,0.0,4.3,Sunny,0.1,2024,11,November
Mongolia,Ulaanbaatar,47.9167,106.9167,2024-11-04 17:00:00,-8.9,38,0.0,3.6,Sunny,0.1,2024,11,November
Mongolia,Ulaanbaatar,47.9167,106.9167,2024-11-05 17:00:00,-5.2,41,0.0,6.5,Sunny,0.0,2024,11,November
Mongolia,Ulaanbaatar,47.9167,106.9167,2024-11-09 17:00:00,-5.5,63,0.0,3.6,Sunny,0.0,2024,11,November
Mongolia,Ulaanbaatar,47.9167,106.9167,2024-11-10 16:45:00,-7.1,92,0.0,7.2,Partly Cloudy,0.3,2024,11,November
Kazakhstan,Astana,51.1811,71.4278,2024-11-11 14:00:00,-5.9,86,0.22,16.9,Light snow,0.7,2024,11,November
Mongolia,Ulaanbaatar,47.9167,106.9167,2024-11-11 17:00:00,-8.0,74,0.0,7.2,Sunny,0.0,2024,11,November
Kazakhstan,Astana,51.1811,71.4278,2024-11-12 14:00:00,-10.9,85,0.0,16.2,Partly cloudy,0.9,2024,11,November
Kazakhstan,Astana,51.1811,71.4278,2024-11-13 14:00:00,-6.8,93,0.12,26.6,Blowing snow,0.6,2024,11,November
Mongolia,Ulaanbaatar,47.9167,106.9167,2024-11-13 17:00:00,-5.0,64,0.0,6.1,Sunny,0.0,2024,11,November
Mongolia,Ulaanbaatar,47.9167,106.9167,2024-11-15 17:00:00,-12.9,42,0.0,4.3,Overcast,0.0,2024,11,November
Kazakhstan,Astana,51.1811,71.4278,2024-11-16 13:45:00,-4.9,79,0.0,15.8,Sunny,1.1,2024,11,November
Mongolia,Ulaanbaatar,47.9167,106.9167,2024-11-16 16:45:00,-12.2,47,0.0,4.7,Sunny,0.3,2024,11,November
Kazakhstan,Astana,51.1811,71.4278,2024-11-17 13:45:00,-4.8,93,0.0,14.8,Overcast,1.0,2024,11,November
Mongolia,Ulaanbaatar,47.9167,106.9167,2024-11-17 16:45:00,-9.6,52,0.0,10.4,Sunny,0.3,2024,11,November
Kazakhstan,Astana,51.1811,71.4278,2024-11-18 13:45:00,-5.0,86,0.0,11.5,Sunny,1.1,2024,11,November
Mongolia,Ulaanbaatar,47.9167,106.9167,2024-11-18 16:45:00,-9.9,62,0.0,4.3,Sunny,0.3,2024,11,November
Kazakhstan,Astana,51.1811,71.4278,2024-11-19 13:45:00,-5.8,79,0.0,7.9,Sunny,1.1,2024,11,November
Mongolia,Ulaanbaatar,47.9167,106.9167,2024-11-19 16:45:00,-8.6,47,0.0,3.6,Sunny,0.3,2024,11,November
Iceland,Vestmannaeyjar,63.365,-20.2075,2024-11-20 08:45:00,-4.8,68,0.0,37.1,Clear,0.0,2024,11,November
Mongolia,Ulaanbaatar,47.9167,106.9167,2024-11-20 16:45:00,-7.6,53,0.0,3.6,Sunny,0.3,2024,11,November
Iceland,Vestmannaeyjar,63.365,-20.2075,2024-11-21 08:45:00,-4.9,73,0.0,28.4,Clear,0.0,2024,11,November
Liechtenstein,Vaduz,47.1333,9.5167,2024-11-21 09:45:00,-9.5,95,0.0,9.4,Mist,0.3,2024,11,November
Mongolia,Ulaanbaatar,47.9167,106.9167,2024-11-21 16:30:00,-5.8,62,0.0,7.9,Sunny,0.3,2024,11,November
Liechtenstein,Vaduz,47.1333,9.5167,2024-11-22 09:45:00,-10.2,98,0.08,3.6,Moderate snow,0.2,2024,11,November
Mongolia,Ulaanbaatar,47.9167,106.9167,2024-11-22 16:45:00,-7.9,65,0.0,5.8,Sunny,0.2,2024,11,November
Norway,Oslo,59.9167,10.75,2024-11-22 09:45:00,-7.6,57,0.0,5.4,Sunny,0.0,2024,11,November
Sweden,Stockholm,59.3333,18.05,2024-11-22 09:45:00,-5.7,79,0.01,16.9,Sunny,0.0,2024,11,November
Switzerland,Bern,46.9167,7.4667,2024-11-22 09:45:00,-6.8,100,0.0,4.0,Partly cloudy,0.1,2024,11,November
Kazakhstan,Astana,51.1811,71.4278,2024-11-23 14:00:00,-6.0,100,0.0,6.8,Freezing fog,0.7,2024,11,November
Liechtenstein,Vaduz,47.1333,9.5167,2024-11-23 10:00:00,-9.1,89,0.0,13.3,Sunny,0.6,2024,11,November
Mongolia,Ulaanbaatar,47.9167,106.9167,2024-11-23 17:00:00,-10.0,80,0.01,12.2,Light freezing rain,0.0,2024,11,November
Norway,Oslo,59.9167,10.75,2024-11-23 10:00:00,-6.9,73,0.0,3.6,Sunny,0.0,2024,11,November
Mongolia,Ulaanbaatar,47.9167,106.9167,2024-11-24 16:30:00,-20.1,86,0.0,11.2,Partly Cloudy,0.2,2024,11,November
Mongolia,Ulaanbaatar,47.9167,106.9167,2024-11-25 16:45:00,-16.9,95,0.18,8.3,Moderate snow,0.2,2024,11,November
Mongolia,Ulaanbaatar,47.9167,106.9167,2024-11-26 17:00:00,-12.7,72,0.15,23.0,Light snow,0.0,2024,11,November
Mongolia,Ulaanbaatar,47.9167,106.9167,2024-11-27 16:45:00,-7.6,67,0.06,33.8,Partly cloudy,0.3,2024,11,November
Mongolia,Ulaanbaatar,47.9167,106.9167,2024-11-28 18:45:00,-7.8,90,0.0,11.5,Clear,0.0,2024,11,November
North Korea,Pyongyang,39.0194,125.7547,2024-11-28 20:00:00,-5.0,77,0.0,11.5,Partly Cloudy,0.0,2024,11,November
Kazakhstan,Astana,51.1811,71.4278,2024-11-29 15:30:00,-5.7,73,0.0,8.3,Sunny,0.3,2024,11,November
Mongolia,Ulaanbaatar,47.9167,106.9167,2024-11-29 18:45:00,-7.7,85,0.0,4.0,Clear,0.0,2024,11,November
North Korea,Pyongyang,39.0194,125.7547,2024-11-29 19:30:00,-4.8,97,0.0,3.6,Freezing fog,0.0,2024,11,November
Kazakhstan,Astana,51.1811,71.4278,2024-11-30 15:30:00,-11.0,92,0.0,5.0,Partly cloudy,0.3,2024,11,November
Mongolia,Ulaanbaatar,47.9167,106.9167,2024-11-30 18:30:00,-14.8,83,0.0,20.9,Partly Cloudy,0.0,2024,11,November
Iceland,Vestmannaeyjar,63.365,-20.2075,2024-12-01 10:45:00,-5.7,62,0.0,46.4,Sunny,0.0,2024,12,December
Kazakhstan,Astana,51.1811,71.4278,2024-12-01 15:45:00,-11.9,85,0.0,9.7,Partly cloudy,0.3,2024,12,December
Mongolia,Ulaanbaatar,47.9167,106.9167,2024-12-01 18:45:00,-17.0,45,0.0,3.6,Clear,0.0,2024,12,December
Kazakhstan,Astana,51.1811,71.4278,2024-12-02 15:45:00,-10.0,96,0.0,8.6,Mist,0.3,2024,12,December
Mongolia,Ulaanbaatar,47.9167,106.9167,2024-12-02 18:30:00,-19.6,64,0.0,3.6,Clear,0.0,2024,12,December
Kazakhstan,Astana,51.1811,71.4278,2024-12-03 15:30:00,-5.8,86,0.0,11.9,Partly cloudy,0.3,2024,12,December
Mongolia,Ulaanbaatar,47.9167,106.9167,2024-12-03 18:45:00,-18.7,77,0.0,3.6,Clear,0.0,2024,12,December
Canada,Ottawa,45.4167,-75.7,2024-12-04 05:30:00,-4.8,93,0.0,14.8,Partly cloudy,0.0,2024,12,December
Kazakhstan,Astana,51.1811,71.4278,2024-12-04 15:30:00,-10.9,92,0.0,11.2,Sunny,0.3,2024,12,December
Mongolia,Ulaanbaatar,47.9167,106.9167,2024-12-04 18:45:00,-17.8,98,0.0,3.6,Freezing fog,0.0,2024,12,December
Norway,Oslo,59.9167,10.75,2024-12-04 11:15:00,-4.9,79,0.0,3.6,Sunny,0.1,2024,12,December
Mongolia,Ulaanbaatar,47.9167,106.9167,2024-12-05 18:30:00,-16.7,71,0.06,5.8,Partly cloudy,0.0,2024,12,December
Canada,Ottawa,45.4167,-75.7,2024-12-06 05:45:00,-8.0,79,0.0,25.2,Light snow showers,0.0,2024,12,December
Kazakhstan,Astana,51.1811,71.4278,2024-12-06 15:45:00,-5.9,86,0.1,11.9,Light snow,0.2,2024,12,December
Mongolia,Ulaanbaatar,47.9167,106.9167,2024-12-06 18:45:00,-21.9,76,0.0,3.6,Clear,0.0,2024,12,December
Russia,Moscow,55.7522,37.6156,2024-12-06 13:45:00,-4.8,86,0.0,17.3,Light snow,0.3,2024,12,December
Canada,Ottawa,45.4167,-75.7,2024-12-07 05:30:00,-7.0,86,0.0,6.1,Partly cloudy,0.0,2024,12,December
Kazakhstan,Astana,51.1811,71.4278,2024-12-07 15:15:00,-9.9,72,0.05,14.4,Partly cloudy,0.2,2024,12,December
Mongolia,Ulaanbaatar,47.9167,106.9167,2024-12-07 18:30:00,-16.2,87,0.0,5.8,Clear,0.0,2024,12,December
Kazakhstan,Astana,51.1811,71.4278,2024-12-08 15:30:00,-17.7,84,0.0,6.8,Mist,0.2,2024,12,December
Kyrghyzstan,Bishkek,42.8731,74.6003,2024-12-08 16:15:00,-5.6,90,0.29,15.1,Moderate or heavy snow showers,0.3,2024,12,December
Mongolia,Ulaanbaatar,47.9167,106.9167,2024-12-08 18:30:00,-18.8,84,0.0,4.7,Clear,0.0,2024,12,December
Canada,Ottawa,45.4167,-75.7,2024-12-09 06:00:00,-5.9,79,0.0,5.8,Overcast,0.0,2024,12,December
Kazakhstan,Astana,51.1811,71.4278,2024-12-09 16:00:00,-20.7,98,0.0,5.0,Freezing fog,0.0,2024,12,December
Kyrghyzstan,Bishkek,42.8731,74.6003,2024-12-09 17:00:00,-7.6,74,0.0,3.6,Overcast,0.0,2024,12,December
Mongolia,Ulaanbaatar,47.9167,106.9167,2024-12-09 19:00:00,-17.9,84,0.01,7.6,Partly cloudy,0.0,2024,12,December
Tajikistan,Dushanbe,38.56,68.7739,2024-12-09 16:00:00,-5.2,78,0.0,3.6,Sunny,0.4,2024,12,December
Kazakhstan,Astana,51.1811,71.4278,2024-12-10 15:45:00,-18.2,93,0.0,14.0,Sunny,0.2,2024,12,December
Kyrghyzstan,Bishkek,42.8731,74.6003,2024-12-10 16:45:00,-6.7,74,0.01,3.6,Light freezing rain,0.5,2024,12,December
Mongolia,Ulaanbaatar,47.9167,106.9167,2024-12-10 19:00:00,-17.7,75,0.0,4.7,Overcast,0.0,2024,12,December
Kazakhstan,Astana,51.1811,71.4278,2024-12-11 15:45:00,-11.9,78,0.0,34.2,Light snow,0.2,2024,12,December
Mongolia,Ulaanbaatar,47.9167,106.9167,2024-12-11 18:15:00,-13.9,78,0.08,3.6,Light snow,0.0,2024,12,December
Norway,Oslo,59.9167,10.75,2024-12-11 11:45:00,-8.0,92,0.0,5.0,Freezing fog,0.1,2024,12,December
Russia,Moscow,55.7522,37.6156,2024-12-11 13:15:00,-4.8,93,0.0,17.3,Light freezing rain,0.4,2024,12,December
Kazakhstan,Astana,51.1811,71.4278,2024-12-12 16:00:00,-8.8,73,0.0,30.2,Clear,0.0,2024,12,December
Mongolia,Ulaanbaatar,47.9167,106.9167,2024-12-12 18:45:00,-22.9,84,0.0,3.6,Clear,0.0,2024,12,December
Canada,Ottawa,45.4167,-75.7,2024-12-13 06:00:00,-9.9,92,0.0,6.1,Partly cloudy,0.0,2024,12,December
Kazakhstan,Astana,51.1811,71.4278,2024-12-13 15:45:00,-5.0,58,0.0,25.6,Sunny,0.2,2024,12,December
Mongolia,Ulaanbaatar,47.9167,106.9167,2024-12-13 19:00:00,-20.1,88,0.0,3.6,Clear,0.0,2024,12,December
Norway,Oslo,59.9167,10.75,2024-12-13 12:00:00,-4.9,93,0.0,3.6,Partly cloudy,0.1,2024,12,December
Russia,Moscow,55.7522,37.6156,2024-12-13 14:00:00,-6.9,79,0.01,25.6,Light snow,0.2,2024,12,December
Canada,Ottawa,45.4167,-75.7,2024-12-14 05:45:00,-7.5,71,0.0,5.8,Clear,0.0,2024,12,December
Iran,Chi Chi Khvar,36.2625,46.59,2024-12-14 14:00:00,-4.8,53,0.07,25.2,Light snow showers,1.2,2024,12,December
Mongolia,Ulaanbaatar,47.9167,106.9167,2024-12-14 19:00:00,-20.0,77,0.0,3.6,Partly cloudy,0.0,2024,12,December
Canada,Ottawa,45.4167,-75.7,2024-12-15 05:30:00,-9.4,86,0.0,7.6,Partly Cloudy,0.0,2024,12,December
Finland,Helsinki,60.1756,24.9342,2024-12-15 13:00:00,-6.0,79,0.0,25.6,Partly cloudy,0.2,2024,12,December
Kazakhstan,Astana,51.1811,71.4278,2024-12-15 15:30:00,-8.6,85,0.0,21.6,Partly cloudy,0.2,2024,12,December
Mongolia,Ulaanbaatar,47.9167,106.9167,2024-12-15 18:30:00,-16.6,71,0.0,3.6,Clear,0.0,2024,12,December
Russia,Moscow,55.7522,37.6156,2024-12-15 13:30:00,-4.9,86,0.22,16.6,Light snow,0.2,2024,12,December
Canada,Ottawa,45.4167,-75.7,2024-12-16 05:45:00,-4.9,100,0.0,9.0,Mist,0.0,2024,12,December
Kazakhstan,Astana,51.1811,71.4278,2024-12-16 15:45:00,-10.7,78,0.0,26.3,Partly cloudy,0.2,2024,12,December
Mongolia,Ulaanbaatar,47.9167,106.9167,2024-12-16 18:45:00,-18.9,70,0.0,3.6,Clear,0.0,2024,12,December
Kazakhstan,Astana,51.1811,71.4278,2024-12-17 16:15:00,-9.9,67,0.0,22.0,Clear,0.0,2024,12,December
Mongolia,Ulaanbaatar,47.9167,106.9167,2024-12-17 19:15:00,-16.5,80,0.0,7.9,Overcast,0.0,2024,12,December
Madagascar,Ivory,-24.3667,46.45,2024-12-18 13:30:00,40.3,17,0.0,7.2,Sunny,13.3,2024,12,December
Finland,Helsinki,60.1756,24.9342,2024-12-18 13:00:00,-5.7,93,0.0,9.4,Sunny,0.1,2024,12,December
Kazakhstan,Astana,51.1811,71.4278,2024-12-18 15:30:00,-7.0,86,0.01,28.8,Light snow showers,0.2,2024,12,December
Mongolia,Ulaanbaatar,47.9167,106.9167,2024-12-18 18:30:00,-18.2,98,0.01,3.6,Freezing fog,0.0,2024,12,December
Russia,Moscow,55.7522,37.6156,2024-12-18 13:30:00,-10.0,72,0.01,22.7,Blowing snow,0.3,2024,12,December
Madagascar,Ivory,-24.3667,46.45,2024-12-19 13:30:00,41.3,12,0.0,4.0,Sunny,12.5,2024,12,December
Mongolia,Ulaanbaatar,47.9167,106.9167,2024-12-19 18:30:00,-21.8,98,0.01,7.2,Freezing fog,0.0,2024,12,December
Russia,Moscow,55.7522,37.6156,2024-12-19 13:30:00,-10.0,91,0.22,14.8,Moderate snow,0.3,2024,12,December
Canada,Ottawa,45.4167,-75.7,2024-12-20 05:45:00,-8.6,71,0.0,9.0,Partly Cloudy,0.0,2024,12,December
Kazakhstan,Astana,51.1811,71.4278,2024-12-20 15:45:00,-4.9,90,0.02,30.2,Blowing snow,0.2,2024,12,December
Mongolia,Ulaanbaatar,47.9167,106.9167,2024-12-20 18:45:00,-21.9,93,0.0,3.6,Clear,0.0,2024,12,December
Canada,Ottawa,45.4167,-75.7,2024-12-21 05:45:00,-8.3,62,0.0,17.6,Overcast,0.0,2024,12,December
Kazakhstan,Astana,51.1811,71.4278,2024-12-21 15:30:00,-13.3,95,0.02,15.1,Light snow,0.2,2024,12,December
Liechtenstein,Vaduz,47.1333,9.5167,2024-12-21 11:45:00,-5.9,79,0.0,11.2,Sunny,0.8,2024,12,December
Mongolia,Ulaanbaatar,47.9167,106.9167,2024-12-21 18:45:00,-18.6,87,0.0,5.4,Clear,0.0,2024,12,December
Madagascar,Ivory,-24.3667,46.45,2024-12-22 13:15:00,40.1,20,0.03,6.8,Patchy rain nearby,11.3,2024,12,December
Canada,Ottawa,45.4167,-75.7,2024-12-22 04:45:00,-14.9,62,0.0,15.1,Clear,0.0,2024,12,December
Kazakhstan,Astana,51.1811,71.4278,2024-12-22 15:15:00,-8.3,94,0.28,24.8,Heavy snow,0.2,2024,12,December
Mongolia,Ulaanbaatar,47.9167,106.9167,2024-12-22 17:45:00,-19.8,81,0.0,6.5,Sunny,0.0,2024,12,December
Canada,Ottawa,45.4167,-75.7,2024-12-23 05:45:00,-13.7,83,0.0,8.6,Partly Cloudy,0.0,2024,12,December
Kazakhstan,Astana,51.1811,71.4278,2024-12-23 15:45:00,-5.8,96,0.32,15.5,Heavy snow,0.2,2024,12,December
Liechtenstein,Vaduz,47.1333,9.5167,2024-12-23 11:45:00,-6.9,93,0.11,4.7,Patchy moderate snow,0.5,2024,12,December
Mongolia,Ulaanbaatar,47.9167,106.9167,2024-12-23 18:45:00,-16.7,75,0.08,9.0,Patchy moderate snow,0.0,2024,12,December
Canada,Ottawa,45.4167,-75.7,2024-12-24 05:45:00,-6.0,92,1.98,6.1,Moderate snow,0.0,2024,12,December
Kazakhstan,Astana,51.1811,71.4278,2024-12-24 15:45:00,-10.5,90,0.0,6.8,Partly Cloudy,0.2,2024,12,December
Mongolia,Ulaanbaatar,47.9167,106.9167,2024-12-24 18:45:00,-21.1,88,0.0,21.6,Overcast,0.0,2024,12,December
Canada,Ottawa,45.4167,-75.7,2024-12-25 05:15:00,-13.2,96,0.0,4.0,Mist,0.0,2024,12,December
Kazakhstan,Astana,51.1811,71.4278,2024-12-25 15:15:00,-9.6,87,0.0,6.1,Sunny,0.2,2024,12,December
Liechtenstein,Vaduz,47.1333,9.5167,2024-12-25 11:15:00,-6.7,77,0.0,9.7,Sunny,0.9,2024,12,December
Mongolia,Ulaanbaatar,47.9167,106.9167,2024-12-25 18:15:00,-24.2,97,0.0,8.6,Mist,0.0,2024,12,December
Canada,Ottawa,45.4167,-75.7,2024-12-26 05:30:00,-10.4,95,0.0,3.6,Mist,0.0,2024,12,December
Kazakhstan,Astana,51.1811,71.4278,2024-12-26 15:30:00,-7.4,80,0.0,10.4,Partly Cloudy,0.2,2024,12,December
Mongolia,Ulaanbaatar,47.9167,106.9167,2024-12-26 18:00:00,-23.4,95,0.0,4.0,Mist,0.0,2024,12,December
Canada,Ottawa,45.4167,-75.7,2024-12-27 05:45:00,-7.6,85,0.0,3.6,Overcast,0.0,2024,12,December
Kazakhstan,Astana,51.1811,71.4278,2024-12-27 15:30:00,-12.7,85,0.0,22.0,Partly cloudy,0.2,2024,12,December
Mongolia,Ulaanbaatar,47.9167,106.9167,2024-12-27 18:00:00,-21.9,70,0.0,3.6,Clear,0.0,2024,12,December
Canada,Ottawa,45.4167,-75.7,2024-12-28 05:45:00,-7.7,92,0.0,10.1,Overcast,0.0,2024,12,December
Kazakhstan,Astana,51.1811,71.4278,2024-12-28 15:45:00,-7.9,95,0.0,18.7,Cloudy,0.3,2024,12,December
Mongolia,Ulaanbaatar,47.9167,106.9167,2024-12-28 18:45:00,-21.8,76,0.0,3.6,Partly cloudy,0.0,2024,12,December
Kazakhstan,Astana,51.1811,71.4278,2024-12-29 14:45:00,-8.9,92,0.02,21.6,Patchy light snow,0.5,2024,12,December
Mongolia,Ulaanbaatar,47.9167,106.9167,2024-12-29 18:15:00,-21.9,99,0.0,3.6,Freezing fog,0.0,2024,12,December
Kazakhstan,Astana,51.1811,71.4278,2024-12-30 15:30:00,-8.9,92,0.0,12.6,Partly cloudy,0.3,2024,12,December
Mongolia,Ulaanbaatar,47.9167,106.9167,2024-12-30 18:30:00,-20.8,88,0.0,4.3,Clear,0.0,2024,12,December
Kazakhstan,Astana,51.1811,71.4278,2024-12-31 15:00:00,-10.9,96,0.0,5.4,Mist,0.3,2024,12,December
Mongolia,Ulaanbaatar,47.9167,106.9167,2024-12-31 19:00:00,-22.9,70,0.0,5.8,Partly cloudy,0.0,2024,12,December
Kazakhstan,Astana,51.1811,71.4278,2025-01-01 15:30:00,-11.7,78,0.0,18.0,Partly cloudy,0.2,2025,1,January
Mongolia,Ulaanbaatar,47.9167,106.9167,2025-01-01 18:00:00,-24.8,99,0.0,3.6,Overcast,0.0,2025,1,January
Norway,Oslo,59.9167,10.75,2025-01-01 11:30:00,-5.7,79,0.03,12.2,Light snow,0.1,2025,1,January
Finland,Helsinki,60.1756,24.9342,2025-01-02 12:15:00,-5.0,76,0.0,10.8,Sunny,0.1,2025,1,January
Kazakhstan,Astana,51.1811,71.4278,2025-01-02 15:15:00,-7.0,86,0.0,23.0,Light snow,0.2,2025,1,January
Mongolia,Ulaanbaatar,47.9167,106.9167,2025-01-02 18:15:00,-19.9,64,0.0,3.6,Clear,0.0,2025,1,January
Norway,Oslo,59.9167,10.75,2025-01-02 11:15:00,-10.0,79,0.0,6.1,Sunny,0.1,2025,1,January
Sweden,Stockholm,59.3333,18.05,2025-01-02 10:45:00,-5.0,86,0.0,14.0,Sunny,0.0,2025,1,January
Canada,Ottawa,45.4167,-75.7,2025-01-03 05:00:00,-6.9,73,0.0,24.5,Partly cloudy,0.0,2025,1,January
Finland,Helsinki,60.1756,24.9342,2025-01-03 12:00:00,-4.8,86,0.13,12.6,Light snow,0.1,2025,1,January
Mongolia,Ulaanbaatar,47.9167,106.9167,2025-01-03 18:00:00,-19.5,81,0.0,5.0,Overcast,0.0,2025,1,January
Canada,Ottawa,45.4167,-75.7,2025-01-04 05:15:00,-12.9,72,0.0,20.2,Light snow,0.0,2025,1,January
Kazakhstan,Astana,51.1811,71.4278,2025-01-04 15:15:00,-5.7,93,0.0,22.3,Overcast,0.3,2025,1,January
Liechtenstein,Vaduz,47.1333,9.5167,2025-01-04 11:15:00,-9.0,72,0.0,10.4,Sunny,0.9,2025,1,January
Mongolia,Ulaanbaatar,47.9167,106.9167,2025-01-04 17:45:00,-20.3,93,0.0,6.1,Partly Cloudy,0.0,2025,1,January
Norway,Oslo,59.9167,10.75,2025-01-04 11:15:00,-7.5,64,0.0,4.7,Sunny,0.1,2025,1,January
Sweden,Stockholm,59.3333,18.05,2025-01-04 11:15:00,-5.8,73,0.0,16.9,Sunny,0.2,2025,1,January
Belarus,Minsk,53.9,27.5667,2025-01-05 12:30:00,-4.8,79,0.02,25.6,Partly cloudy,0.2,2025,1,January
Canada,Ottawa,45.4167,-75.7,2025-01-05 05:15:00,-10.8,72,0.0,14.4,Light snow,0.0,2025,1,January
Kazakhstan,Astana,51.1811,71.4278,2025-01-05 15:15:00,-6.8,93,0.0,18.0,Overcast,0.2,2025,1,January
Mongolia,Ulaanbaatar,47.9167,106.9167,2025-01-05 18:15:00,-20.8,77,0.0,3.6,Clear,0.0,2025,1,January
Norway,Oslo,59.9167,10.75,2025-01-05 12:00:00,-8.3,68,0.0,6.1,Cloudy,0.2,2025,1,January
Sweden,Stockholm,59.3333,18.05,2025-01-05 10:45:00,-7.0,79,0.0,7.2,Sunny,0.1,2025,1,January
Canada,Ottawa,45.4167,-75.7,2025-01-06 05:30:00,-11.7,62,0.0,6.5,Partly Cloudy,0.0,2025,1,January
Estonia,Tallinn,59.4339,24.7281,2025-01-06 12:30:00,-4.9,93,0.0,21.6,Overcast,0.2,2025,1,January
Finland,Helsinki,60.1756,24.9342,2025-01-06 11:45:00,-9.9,85,0.0,21.6,Partly cloudy,0.1,2025,1,January
Mongolia,Ulaanbaatar,47.9167,106.9167,2025-01-06 18:30:00,-20.6,77,0.0,3.6,Clear,0.0,2025,1,January
Norway,Oslo,59.9167,10.75,2025-01-06 11:30:00,-7.0,90,0.51,15.8,Heavy snow,0.1,2025,1,January
Russia,Moscow,55.7522,37.6156,2025-01-06 13:30:00,-4.9,79,0.0,9.4,Overcast,0.3,2025,1,January
Iceland,Vestmannaeyjar,63.365,-20.2075,2025-01-07 10:45:00,-4.9,73,0.0,23.0,Sunny,1.0,2025,1,January
Mongolia,Ulaanbaatar,47.9167,106.9167,2025-01-07 18:45:00,-14.9,60,0.0,3.6,Clear,1.0,2025,1,January
Madagascar,Ivory,-24.3667,46.45,2025-01-08 13:15:00,40.6,18,0.09,4.0,Patchy rain nearby,12.4,2025,1,January
Canada,Ottawa,45.4167,-75.7,2025-01-08 05:30:00,-15.7,71,0.0,24.5,Partly cloudy,0.0,2025,1,January
Kazakhstan,Astana,51.1811,71.4278,2025-01-08 15:30:00,-15.9,78,0.0,11.2,Sunny,0.3,2025,1,January
Mongolia,Ulaanbaatar,47.9167,106.9167,2025-01-08 19:15:00,-23.4,77,0.0,8.3,Clear,0.0,2025,1,January
North Korea,Pyongyang,39.0194,125.7547,2025-01-08 19:30:00,-7.1,43,0.0,27.0,Overcast,0.0,2025,1,January
Canada,Ottawa,45.4167,-75.7,2025-01-09 05:00:00,-13.9,72,0.0,26.3,Light snow,0.0,2025,1,January
Kazakhstan,Astana,51.1811,71.4278,2025-01-09 15:00:00,-5.6,62,0.0,28.8,Light snow,0.3,2025,1,January
Mongolia,Ulaanbaatar,47.9167,106.9167,2025-01-09 18:30:00,-18.9,54,0.0,5.8,Clear,0.0,2025,1,January
North Korea,Pyongyang,39.0194,125.7547,2025-01-09 19:30:00,-10.7,35,0.0,26.6,Clear,0.0,2025,1,January
South Korea,Seoul,37.5664,126.9997,2025-01-09 19:30:00,-10.9,40,0.0,20.9,Clear,0.0,2025,1,January
Canada,Ottawa,45.4167,-75.7,2025-01-10 05:45:00,-12.6,66,0.0,15.8,Clear,0.0,2025,1,January
Kazakhstan,Astana,51.1811,71.4278,2025-01-10 15:45:00,-5.8,79,0.0,23.8,Sunny,0.3,2025,1,January
Mongolia,Ulaanbaatar,47.9167,106.9167,2025-01-10 19:30:00,-16.8,59,0.0,6.1,Partly cloudy,0.0,2025,1,January
North Korea,Pyongyang,39.0194,125.7547,2025-01-10 20:00:00,-7.8,52,0.0,4.3,Clear,0.0,2025,1,January
South Korea,Seoul,37.5664,126.9997,2025-01-10 19:15:00,-5.8,62,0.0,5.4,Clear,0.0,2025,1,January
Madagascar,Ivory,-24.3667,46.45,2025-01-11 13:30:00,40.5,14,0.0,13.7,Sunny,13.3,2025,1,January
Canada,Ottawa,45.4167,-75.7,2025-01-11 05:30:00,-7.7,67,0.0,3.6,Partly cloudy,0.0,2025,1,January
Kazakhstan,Astana,51.1811,71.4278,2025-01-11 15:30:00,-9.9,72,0.0,8.6,Sunny,0.3,2025,1,January
Mongolia,Ulaanbaatar,47.9167,106.9167,2025-01-11 18:15:00,-20.6,84,0.0,5.4,Partly cloudy,0.0,2025,1,January
North Korea,Pyongyang,39.0194,125.7547,2025-01-11 19:30:00,-5.0,42,0.0,3.6,Clear,0.0,2025,1,January
South Korea,Seoul,37.5664,126.9997,2025-01-11 18:45:00,-5.0,63,0.0,5.8,Clear,0.0,2025,1,January
Canada,Ottawa,45.4167,-75.7,2025-01-12 04:45:00,-9.6,100,0.0,7.6,Partly cloudy,0.0,2025,1,January
Finland,Helsinki,60.1756,24.9342,2025-01-12 12:30:00,-6.8,73,0.0,29.9,Sunny,0.2,2025,1,January
Kazakhstan,Astana,51.1811,71.4278,2025-01-12 15:30:00,-10.9,78,0.0,6.1,Sunny,0.3,2025,1,January
Mongolia,Ulaanbaatar,47.9167,106.9167,2025-01-12 18:30:00,-17.9,71,0.0,3.6,Partly cloudy,0.0,2025,1,January
Norway,Oslo,59.9167,10.75,2025-01-12 11:30:00,-11.8,85,0.0,4.7,Fog,0.2,2025,1,January
Madagascar,Ivory,-24.3667,46.45,2025-01-13 13:45:00,41.4,13,0.0,4.0,Sunny,13.1,2025,1,January
Canada,Ottawa,45.4167,-75.7,2025-01-13 05:45:00,-4.9,100,0.0,8.3,Light snow,0.0,2025,1,January
Kazakhstan,Astana,51.1811,71.4278,2025-01-13 15:45:00,-9.8,67,0.0,8.3,Sunny,0.3,2025,1,January
Mongolia,Ulaanbaatar,47.9167,106.9167,2025-01-13 18:00:00,-14.8,60,0.06,8.6,Partly cloudy,0.0,2025,1,January
Norway,Oslo,59.9167,10.75,2025-01-13 11:45:00,-4.9,93,0.0,7.2,Fog,0.1,2025,1,January
Canada,Ottawa,45.4167,-75.7,2025-01-14 06:00:00,-4.8,79,0.0,20.9,Overcast,0.0,2025,1,January
Kazakhstan,Astana,51.1811,71.4278,2025-01-14 16:00:00,-4.8,58,0.0,11.2,Sunny,0.0,2025,1,January
Mongolia,Ulaanbaatar,47.9167,106.9167,2025-01-14 19:00:00,-23.8,69,0.0,3.6,Clear,0.0,2025,1,January
Russia,Moscow,55.7522,37.6156,2025-01-14 14:00:00,-4.8,86,0.27,20.9,Moderate snow,0.2,2025,1,January
Canada,Ottawa,45.4167,-75.7,2025-01-15 05:30:00,-10.0,79,0.0,18.0,Partly cloudy,0.0,2025,1,January
Kazakhstan,Astana,51.1811,71.4278,2025-01-15 15:30:00,-9.6,79,0.0,21.2,Sunny,0.3,2025,1,January
Mongolia,Ulaanbaatar,47.9167,106.9167,2025-01-15 18:30:00,-18.8,64,0.0,4.7,Clear,0.0,2025,1,January
North Korea,Pyongyang,39.0194,125.7547,2025-01-15 19:30:00,-6.1,39,0.0,9.7,Clear,0.0,2025,1,January
Norway,Oslo,59.9167,10.75,2025-01-15 11:30:00,-5.0,100,0.06,4.7,Moderate rain at times,0.1,2025,1,January
Bosnia And Herzegovina,Sarajevo,43.85,18.3833,2025-01-16 11:00:00,-4.8,86,0.0,3.6,Partly cloudy,1.6,2025,1,January
Canada,Ottawa,45.4167,-75.7,2025-01-16 05:00:00,-6.9,79,0.0,4.7,Overcast,0.0,2025,1,January
Kazakhstan,Astana,51.1811,71.4278,2025-01-16 16:00:00,-10.2,92,0.0,22.0,Cloudy,0.0,2025,1,January
Mongolia,Ulaanbaatar,47.9167,106.9167,2025-01-16 18:15:00,-17.9,71,0.0,8.6,Clear,0.0,2025,1,January
Canada,Ottawa,45.4167,-75.7,2025-01-17 04:45:00,-6.7,100,0.0,3.6,Light snow,0.0,2025,1,January
Kazakhstan,Astana,51.1811,71.4278,2025-01-17 15:15:00,-5.6,93,0.1,26.3,Light snow,0.3,2025,1,January
Mongolia,Ulaanbaatar,47.9167,106.9167,2025-01-17 19:15:00,-18.6,87,0.0,3.6,Clear,0.0,2025,1,January
Kazakhstan,Astana,51.1811,71.4278,2025-01-18 14:30:00,-5.8,79,0.01,15.1,Light snow,0.7,2025,1,January
Mongolia,Ulaanbaatar,47.9167,106.9167,2025-01-18 18:00:00,-18.7,70,0.0,6.8,Clear,0.0,2025,1,January
Bulgaria,Sofia,42.6833,23.3167,2025-01-19 12:00:00,-4.9,100,0.0,3.6,Mist,1.8,2025,1,January
Canada,Ottawa,45.4167,-75.7,2025-01-19 05:00:00,-11.0,78,0.0,13.0,Light snow,0.0,2025,1,January
Mongolia,Ulaanbaatar,47.9167,106.9167,2025-01-19 18:00:00,-10.8,61,0.0,7.9,Partly cloudy,0.0,2025,1,January
Canada,Ottawa,45.4167,-75.7,2025-01-20 05:30:00,-16.6,65,0.0,13.7,Partly cloudy,0.0,2025,1,January
Mongolia,Ulaanbaatar,47.9167,106.9167,2025-01-20 17:45:00,-15.6,71,0.0,4.3,Clear,0.0,2025,1,January
Canada,Ottawa,45.4167,-75.7,2025-01-21 05:30:00,-15.8,71,0.0,4.7,Clear,0.0,2025,1,January
Mongolia,Ulaanbaatar,47.9167,106.9167,2025-01-21 18:30:00,-17.7,77,0.0,7.2,Clear,0.0,2025,1,January
Russia,Moscow,55.7522,37.6156,2025-01-21 13:30:00,-5.0,42,0.0,9.0,Sunny,0.5,2025,1,January
Canada,Ottawa,45.4167,-75.7,2025-01-22 05:15:00,-14.5,67,0.0,6.5,Clear,0.0,2025,1,January
Kazakhstan,Astana,51.1811,71.4278,2025-01-22 15:15:00,-16.8,71,0.01,29.2,Light snow,0.3,2025,1,January
Mongolia,Ulaanbaatar,47.9167,106.9167,2025-01-22 18:15:00,-15.0,71,0.0,6.1,Clear,0.0,2025,1,January
Norway,Oslo,59.9167,10.75,2025-01-22 11:15:00,-4.9,93,0.0,3.6,Light snow,0.2,2025,1,January
Canada,Ottawa,45.4167,-75.7,2025-01-23 05:30:00,-10.9,85,0.0,17.3,Light snow,0.0,2025,1,January
Kazakhstan,Astana,51.1811,71.4278,2025-01-23 15:30:00,-23.8,69,0.0,21.2,Sunny,0.3,2025,1,January
Kyrghyzstan,Bishkek,42.8731,74.6003,2025-01-23 16:30:00,-8.5,84,0.06,8.3,Light snow showers,0.6,2025,1,January
Mongolia,Ulaanbaatar,47.9167,106.9167,2025-01-23 18:30:00,-11.0,66,0.0,11.9,Clear,0.0,2025,1,January
Canada,Ottawa,45.4167,-75.7,2025-01-24 05:30:00,-14.6,86,0.0,8.6,Clear,0.0,2025,1,January
Kazakhstan,Astana,51.1811,71.4278,2025-01-24 15:30:00,-23.6,63,0.0,16.6,Sunny,0.4,2025,1,January
Kyrghyzstan,Bishkek,42.8731,74.6003,2025-01-24 16:30:00,-5.5,72,0.0,4.0,Sunny,0.7,2025,1,January
Mongolia,Ulaanbaatar,47.9167,106.9167,2025-01-24 18:30:00,-10.6,72,0.01,10.1,Partly cloudy,0.0,2025,1,January
Norway,Oslo,59.9167,10.75,2025-01-24 11:30:00,-6.0,93,0.01,3.6,Freezing fog,0.2,2025,1,January
Canada,Ottawa,45.4167,-75.7,2025-01-25 05:15:00,-16.6,84,0.0,3.6,Partly cloudy,0.0,2025,1,January
Kazakhstan,Astana,51.1811,71.4278,2025-01-25 15:15:00,-15.8,65,0.0,11.2,Sunny,0.4,2025,1,January
Mongolia,Ulaanbaatar,47.9167,106.9167,2025-01-25 18:15:00,-15.8,65,0.0,10.8,Partly cloudy,0.0,2025,1,January
Kazakhstan,Astana,51.1811,71.4278,2025-01-26 15:15:00,-12.6,66,0.0,7.6,Sunny,0.4,2025,1,January
Mongolia,Ulaanbaatar,47.9167,106.9167,2025-01-26 18:15:00,-21.9,70,0.0,6.1,Clear,0.0,2025,1,January
Canada,Ottawa,45.4167,-75.7,2025-01-27 05:30:00,-4.9,73,0.0,19.4,Overcast,0.0,2025,1,January
Kazakhstan,Astana,51.1811,71.4278,2025-01-27 15:30:00,-13.8,78,0.0,17.3,Sunny,0.4,2025,1,January
Mongolia,Ulaanbaatar,47.9167,106.9167,2025-01-27 18:30:00,-21.6,64,0.0,4.0,Partly cloudy,0.0,2025,1,January
Canada,Ottawa,45.4167,-75.7,2025-01-28 06:00:00,-14.0,66,0.0,18.7,Light snow,0.0,2025,1,January
Kazakhstan,Astana,51.1811,71.4278,2025-01-28 16:00:00,-10.8,85,0.0,18.7,Light snow,0.0,2025,1,January
Mongolia,Ulaanbaatar,47.9167,106.9167,2025-01-28 19:00:00,-22.6,70,0.0,4.3,Clear,0.0,2025,1,January
North Korea,Pyongyang,39.0194,125.7547,2025-01-28 20:00:00,-7.0,80,0.0,22.3,Clear,0.0,2025,1,January
South Korea,Seoul,37.5664,126.9997,2025-01-28 20:00:00,-5.0,73,0.06,19.1,Partly cloudy,0.0,2025,1,January
Canada,Ottawa,45.4167,-75.7,2025-01-29 05:30:00,-12.9,85,0.0,20.5,Light snow,0.0,2025,1,January
Mongolia,Ulaanbaatar,47.9167,106.9167,2025-01-29 18:30:00,-17.0,59,0.09,6.8,Light snow,0.0,2025,1,January
North Korea,Pyongyang,39.0194,125.7547,2025-01-29 19:30:00,-11.3,83,0.0,6.8,Clear,0.0,2025,1,January
South Korea,Seoul,37.5664,126.9997,2025-01-29 19:30:00,-4.8,58,0.0,15.5,Clear,0.0,2025,1,January
Canada,Ottawa,45.4167,-75.7,2025-01-30 05:15:00,-18.9,64,0.0,8.3,Clear,0.0,2025,1,January
Kazakhstan,Astana,51.1811,71.4278,2025-01-30 15:15:00,-8.7,85,0.01,11.5,Light snow,0.4,2025,1,January
Mongolia,Ulaanbaatar,47.9167,106.9167,2025-01-30 18:15:00,-21.6,70,0.0,7.2,Clear,0.0,2025,1,January
North Korea,Pyongyang,39.0194,125.7547,2025-01-30 19:15:00,-11.5,85,0.0,3.6,Partly Cloudy,0.0,2025,1,January
Canada,Ottawa,45.4167,-75.7,2025-01-31 05:30:00,-11.8,85,0.0,3.6,Overcast,0.0,2025,1,January
Kazakhstan,Astana,51.1811,71.4278,2025-01-31 15:30:00,-13.8,78,0.0,6.8,Sunny,0.5,2025,1,January
Mongolia,Ulaanbaatar,47.9167,106.9167,2025-01-31 18:30:00,-20.8,77,0.03,3.6,Clear,0.0,2025,1,January
North Korea,Pyongyang,39.0194,125.7547,2025-01-31 19:30:00,-6.4,88,0.0,4.7,Clear,0.0,2025,1,January
Norway,Oslo,59.9167,10.75,2025-01-31 11:30:00,-4.8,93,0.0,4.0,Sunny,0.3,2025,1,January
Canada,Ottawa,45.4167,-75.7,2025-02-01 05:45:00,-15.9,65,0.0,20.2,Clear,0.0,2025,2,February
Kazakhstan,Astana,51.1811,71.4278,2025-02-01 15:30:00,-6.9,93,0.22,30.2,Blowing snow,0.4,2025,2,February
Mongolia,Ulaanbaatar,47.9167,106.9167,2025-02-01 18:30:00,-23.0,76,0.02,4.0,Clear,0.0,2025,2,February
North Korea,Pyongyang,39.0194,125.7547,2025-02-01 19:30:00,-6.1,90,0.0,5.0,Clear,0.0,2025,2,February
Norway,Oslo,59.9167,10.75,2025-02-01 11:30:00,-7.7,85,0.0,4.3,Sunny,0.4,2025,2,February
Canada,Ottawa,45.4167,-75.7,2025-02-02 05:00:00,-21.8,84,0.0,3.6,Partly cloudy,0.0,2025,2,February
Mongolia,Ulaanbaatar,47.9167,106.9167,2025-02-02 18:15:00,-18.6,59,0.0,5.4,Clear,0.0,2025,2,February
Norway,Oslo,59.9167,10.75,2025-02-02 11:15:00,-5.8,86,0.0,5.0,Partly cloudy,0.3,2025,2,February
Canada,Ottawa,45.4167,-75.7,2025-02-03 05:30:00,-12.7,92,0.0,6.5,Light snow,0.0,2025,2,February
Finland,Helsinki,60.1756,24.9342,2025-02-03 12:30:00,-5.7,79,0.0,13.3,Partly cloudy,0.3,2025,2,February
Kazakhstan,Astana,51.1811,71.4278,2025-02-03 15:30:00,-5.8,93,0.0,9.0,Sunny,0.6,2025,2,February
Mongolia,Ulaanbaatar,47.9167,106.9167,2025-02-03 18:30:00,-22.7,70,0.0,4.3,Clear,0.0,2025,2,February
North Korea,Pyongyang,39.0194,125.7547,2025-02-03 19:30:00,-9.8,62,0.0,28.8,Clear,0.0,2025,2,February
South Korea,Seoul,37.5664,126.9997,2025-02-03 19:30:00,-6.0,45,0.0,23.4,Clear,0.0,2025,2,February
Canada,Ottawa,45.4167,-75.7,2025-02-04 05:30:00,-6.9,73,0.0,12.2,Overcast,0.0,2025,2,February
Finland,Helsinki,60.1756,24.9342,2025-02-04 12:30:00,-8.7,79,0.0,8.3,Light snow,0.4,2025,2,February
Kazakhstan,Astana,51.1811,71.4278,2025-02-04 15:30:00,-4.9,86,0.0,13.0,Sunny,0.7,2025,2,February
Mongolia,Ulaanbaatar,47.9167,106.9167,2025-02-04 18:30:00,-21.8,58,0.01,6.1,Clear,0.0,2025,2,February
North Korea,Pyongyang,39.0194,125.7547,2025-02-04 19:30:00,-10.6,65,0.0,16.2,Clear,0.0,2025,2,February
South Korea,Seoul,37.5664,126.9997,2025-02-04 19:30:00,-8.8,57,0.0,20.2,Clear,0.0,2025,2,February
Canada,Ottawa,45.4167,-75.7,2025-02-05 05:30:00,-16.8,65,0.0,7.6,Partly cloudy,0.0,2025,2,February
Kazakhstan,Astana,51.1811,71.4278,2025-02-05 15:30:00,-5.0,93,0.0,22.0,Overcast,0.6,2025,2,February
Mongolia,Ulaanbaatar,47.9167,106.9167,2025-02-05 18:30:00,-18.7,45,0.03,30.6,Partly cloudy,0.0,2025,2,February
North Korea,Pyongyang,39.0194,125.7547,2025-02-05 19:30:00,-10.5,57,0.0,17.6,Clear,0.0,2025,2,February
South Korea,Seoul,37.5664,126.9997,2025-02-05 19:30:00,-8.0,52,0.0,21.2,Clear,0.0,2025,2,February
Canada,Ottawa,45.4167,-75.7,2025-02-06 05:15:00,-17.8,84,0.0,6.1,Clear,0.0,2025,2,February
China,Beijing,39.9289,116.3883,2025-02-06 18:30:00,-5.8,16,0.0,33.1,Clear,0.0,2025,2,February
Kazakhstan,Astana,51.1811,71.4278,2025-02-06 15:15:00,-12.6,78,0.0,26.3,Blowing snow,0.6,2025,2,February
Mongolia,Ulaanbaatar,47.9167,106.9167,2025-02-06 18:15:00,-24.9,52,0.0,5.0,Clear,0.0,2025,2,February
North Korea,Pyongyang,39.0194,125.7547,2025-02-06 19:15:00,-8.0,86,0.0,9.7,Partly Cloudy,0.0,2025,2,February
Canada,Ottawa,45.4167,-75.7,2025-02-07 05:30:00,-5.8,86,0.0,26.6,Partly cloudy,0.0,2025,2,February
China,Beijing,39.9289,116.3883,2025-02-07 18:30:00,-6.0,17,0.0,19.1,Clear,0.0,2025,2,February
Kazakhstan,Astana,51.1811,71.4278,2025-02-07 15:30:00,-15.8,78,0.0,25.6,Sunny,0.6,2025,2,February
Mongolia,Ulaanbaatar,47.9167,106.9167,2025-02-07 18:30:00,-21.9,58,0.0,6.5,Clear,0.0,2025,2,February
North Korea,Pyongyang,39.0194,125.7547,2025-02-07 19:30:00,-10.3,58,0.0,27.4,Clear,0.0,2025,2,February
Norway,Oslo,59.9167,10.75,2025-02-07 11:30:00,-4.9,93,0.0,4.7,Partly cloudy,0.5,2025,2,February
South Korea,Seoul,37.5664,126.9997,2025-02-07 19:30:00,-9.6,52,0.0,23.4,Clear,0.0,2025,2,February
Canada,Ottawa,45.4167,-75.7,2025-02-08 05:30:00,-9.7,79,0.0,7.9,Partly cloudy,0.0,2025,2,February
Kazakhstan,Astana,51.1811,71.4278,2025-02-08 15:30:00,-13.8,78,0.0,17.3,Sunny,0.6,2025,2,February
Mongolia,Ulaanbaatar,47.9167,106.9167,2025-02-08 18:30:00,-16.6,65,0.0,4.3,Clear,0.0,2025,2,February
North Korea,Pyongyang,39.0194,125.7547,2025-02-08 19:45:00,-7.5,74,0.0,12.2,Clear,0.0,2025,2,February
South Korea,Seoul,37.5664,126.9997,2025-02-08 19:30:00,-5.7,58,0.0,12.6,Clear,0.0,2025,2,February
Belarus,Minsk,53.9,27.5667,2025-02-09 13:15:00,-6.6,93,0.0,11.2,Overcast,0.9,2025,2,February
Canada,Ottawa,45.4167,-75.7,2025-02-09 05:15:00,-8.8,100,0.0,9.7,Light snow,0.0,2025,2,February
Kazakhstan,Astana,51.1811,71.4278,2025-02-09 15:30:00,-10.8,72,0.0,10.8,Partly cloudy,0.7,2025,2,February
Lithuania,Vilnius,54.6833,25.3167,2025-02-09 12:30:00,-6.7,86,0.0,13.3,Overcast,0.8,2025,2,February
Mongolia,Ulaanbaatar,47.9167,106.9167,2025-02-09 18:30:00,-14.8,71,0.0,9.0,Clear,0.0,2025,2,February
North Korea,Pyongyang,39.0194,125.7547,2025-02-09 19:15:00,-8.0,82,0.0,5.4,Clear,0.0,2025,2,February
Norway,Oslo,59.9167,10.75,2025-02-09 11:30:00,-6.8,86,0.0,6.1,Partly cloudy,0.4,2025,2,February
Belarus,Minsk,53.9,27.5667,2025-02-10 13:30:00,-8.8,92,0.0,8.6,Mist,0.9,2025,2,February
Canada,Ottawa,45.4167,-75.7,2025-02-10 05:30:00,-12.0,78,0.0,6.8,Partly cloudy,0.0,2025,2,February
Kazakhstan,Astana,51.1811,71.4278,2025-02-10 15:30:00,-11.8,85,0.0,16.2,Partly cloudy,0.7,2025,2,February
Latvia,Riga,56.95,24.1,2025-02-10 12:30:00,-5.6,93,0.0,6.1,Overcast,0.7,2025,2,February
Lithuania,Vilnius,54.6833,25.3167,2025-02-10 12:30:00,-7.9,92,0.0,6.1,Patchy light snow,0.8,2025,2,February
Iran,Chi Chi Khvar,36.2625,46.59,2025-02-10 13:45:00,-8.2,71,0.0,4.7,Sunny,3.9,2025,2,February
Mongolia,Ulaanbaatar,47.9167,106.9167,2025-02-10 18:30:00,-11.6,85,0.01,10.1,Moderate snow,0.0,2025,2,February
North Korea,Pyongyang,39.0194,125.7547,2025-02-10 19:30:00,-5.2,64,0.0,3.6,Clear,0.0,2025,2,February
Norway,Oslo,59.9167,10.75,2025-02-10 11:30:00,-7.0,86,0.0,5.4,Sunny,0.5,2025,2,February
Belarus,Minsk,53.9,27.5667,2025-02-11 13:15:00,-5.9,79,0.0,13.0,Light snow,1.0,2025,2,February
Canada,Ottawa,45.4167,-75.7,2025-02-11 05:15:00,-9.0,79,0.0,9.0,Partly cloudy,0.0,2025,2,February
Kazakhstan,Astana,51.1811,71.4278,2025-02-11 15:30:00,-6.9,93,0.0,17.6,Partly cloudy,0.8,2025,2,February
Latvia,Riga,56.95,24.1,2025-02-11 12:15:00,-6.8,86,0.0,7.9,Overcast,0.8,2025,2,February
Lithuania,Vilnius,54.6833,25.3167,2025-02-11 12:15:00,-7.9,85,0.0,13.3,Light snow,0.9,2025,2,February
Mongolia,Ulaanbaatar,47.9167,106.9167,2025-02-11 18:15:00,-17.8,59,0.0,3.6,Clear,0.0,2025,2,February
Norway,Oslo,59.9167,10.75,2025-02-11 11:15:00,-6.8,86,0.0,3.6,Sunny,0.5,2025,2,February
Poland,Warsaw,52.25,21.0,2025-02-11 11:15:00,-5.6,86,0.0,14.0,Partly cloudy,1.0,2025,2,February
Russia,Moscow,55.7522,37.6156,2025-02-11 13:15:00,-5.6,79,0.0,6.8,Overcast,0.9,2025,2,February
Belarus,Minsk,53.9,27.5667,2025-02-12 13:00:00,-7.9,85,0.0,6.1,Overcast,1.0,2025,2,February
Canada,Ottawa,45.4167,-75.7,2025-02-12 05:15:00,-16.9,59,0.0,8.3,Partly cloudy,0.0,2025,2,February
Estonia,Tallinn,59.4339,24.7281,2025-02-12 12:15:00,-5.0,93,0.01,15.5,Overcast,0.6,2025,2,February
Kazakhstan,Astana,51.1811,71.4278,2025-02-12 15:30:00,-8.9,79,0.0,20.2,Sunny,0.8,2025,2,February
Latvia,Riga,56.95,24.1,2025-02-12 12:15:00,-5.0,73,0.0,7.6,Sunny,0.8,2025,2,February
Lithuania,Vilnius,54.6833,25.3167,2025-02-12 12:30:00,-9.8,92,0.0,9.4,Light snow,1.0,2025,2,February
Mongolia,Ulaanbaatar,47.9167,106.9167,2025-02-12 18:15:00,-12.7,61,0.0,3.6,Partly cloudy,0.0,2025,2,February
Norway,Oslo,59.9167,10.75,2025-02-12 11:15:00,-4.8,93,0.0,3.6,Partly cloudy,0.6,2025,2,February
Russia,Moscow,55.7522,37.6156,2025-02-12 13:15:00,-7.9,92,0.0,12.2,Partly cloudy,0.9,2025,2,February
Canada,Ottawa,45.4167,-75.7,2025-02-13 05:15:00,-9.8,85,6.87,27.4,Patchy snow possible,0.0,2025,2,February
Latvia,Riga,56.95,24.1,2025-02-13 12:15:00,-5.8,86,0.0,3.6,Overcast,0.8,2025,2,February
Lithuania,Vilnius,54.6833,25.3167,2025-02-13 12:15:00,-4.8,79,0.0,9.7,Sunny,1.1,2025,2,February
Mongolia,Ulaanbaatar,47.9167,106.9167,2025-02-13 18:15:00,-5.7,58,0.0,4.3,Partly cloudy,0.0,2025,2,February
Russia,Moscow,55.7522,37.6156,2025-02-13 13:30:00,-7.6,85,0.0,10.4,Light snow,0.9,2025,2,February
Belarus,Minsk,53.9,27.5667,2025-02-14 13:00:00,-8.6,92,0.0,18.4,Overcast,1.0,2025,2,February
Canada,Ottawa,45.4167,-75.7,2025-02-14 05:00:00,-13.9,72,0.0,18.0,Clear,0.0,2025,2,February
Estonia,Tallinn,59.4339,24.7281,2025-02-14 12:00:00,-5.6,79,0.03,16.9,Light snow showers,0.5,2025,2,February
Finland,Helsinki,60.1756,24.9342,2025-02-14 12:00:00,-7.7,85,0.0,13.0,Light snow,0.6,2025,2,February
Norway,Oslo,59.9167,10.75,2025-02-14 11:00:00,-7.9,79,0.0,4.3,Sunny,0.6,2025,2,February
Russia,Moscow,55.7522,37.6156,2025-02-14 13:00:00,-5.7,73,0.01,6.1,Partly cloudy,0.8,2025,2,February
Belarus,Minsk,53.9,27.5667,2025-02-15 13:15:00,-5.8,62,0.04,17.6,Light snow,1.1,2025,2,February
Canada,Ottawa,45.4167,-75.7,2025-02-15 05:15:00,-12.6,66,0.0,6.5,Partly cloudy,0.0,2025,2,February
Estonia,Tallinn,59.4339,24.7281,2025-02-15 12:15:00,-4.9,73,0.05,16.2,Light snow showers,0.5,2025,2,February
Finland,Helsinki,60.1756,24.9342,2025-02-15 12:15:00,-5.8,79,0.0,15.5,Light snow,0.5,2025,2,February
Kazakhstan,Astana,51.1811,71.4278,2025-02-15 15:15:00,-5.7,73,0.0,9.4,Sunny,0.8,2025,2,February
Lithuania,Vilnius,54.6833,25.3167,2025-02-15 12:15:00,-5.6,73,0.04,11.9,Light snow showers,1.0,2025,2,February
Mongolia,Ulaanbaatar,47.9167,106.9167,2025-02-15 18:15:00,-11.8,66,0.0,3.6,Partly cloudy,0.0,2025,2,February
Russia,Moscow,55.7522,37.6156,2025-02-15 13:15:00,-7.7,67,0.02,15.5,Light snow,0.9,2025,2,February
Belarus,Minsk,53.9,27.5667,2025-02-16 13:15:00,-6.8,67,0.04,15.1,Partly cloudy,1.0,2025,2,February
Canada,Ottawa,45.4167,-75.7,2025-02-16 05:15:00,-8.6,85,0.0,25.6,Light snow,0.0,2025,2,February
Czech Republic,Prague,50.0833,14.4667,2025-02-16 11:15:00,-6.9,93,0.0,8.6,Freezing fog,1.4,2025,2,February
Denmark,Copenhagen,55.6667,12.5833,2025-02-16 11:15:00,-5.0,73,0.0,9.7,Sunny,0.8,2025,2,February
Estonia,Tallinn,59.4339,24.7281,2025-02-16 12:15:00,-6.9,67,0.0,9.0,Partly cloudy,0.6,2025,2,February
Finland,Helsinki,60.1756,24.9342,2025-02-16 12:15:00,-9.0,73,0.0,7.6,Sunny,0.6,2025,2,February
Kazakhstan,Astana,51.1811,71.4278,2025-02-16 15:15:00,-5.8,86,0.0,13.3,Overcast,0.8,2025,2,February
Latvia,Riga,56.95,24.1,2025-02-16 12:15:00,-5.9,86,0.19,3.6,Light snow showers,0.6,2025,2,February
Lithuania,Vilnius,54.6833,25.3167,2025-02-16 12:15:00,-7.0,67,0.0,13.0,Sunny,1.0,2025,2,February
Mongolia,Ulaanbaatar,47.9167,106.9167,2025-02-16 18:15:00,-12.9,56,0.0,6.1,Clear,0.0,2025,2,February
Norway,Oslo,59.9167,10.75,2025-02-16 11:15:00,-10.8,52,0.0,5.8,Sunny,0.6,2025,2,February
Russia,Moscow,55.7522,37.6156,2025-02-16 13:15:00,-8.7,79,0.04,15.5,Light snow,0.7,2025,2,February
Sweden,Stockholm,59.3333,18.05,2025-02-16 11:15:00,-7.0,67,0.0,15.8,Partly cloudy,0.6,2025,2,February
Belarus,Minsk,53.9,27.5667,2025-02-17 13:15:00,-6.0,86,0.0,25.2,Light snow,1.0,2025,2,February
Canada,Ottawa,45.4167,-75.7,2025-02-17 05:15:00,-14.7,71,0.0,26.6,Light snow,0.0,2025,2,February
Czech Republic,Prague,50.0833,14.4667,2025-02-17 11:15:00,-5.8,79,0.0,6.1,Sunny,1.4,2025,2,February
Estonia,Tallinn,59.4339,24.7281,2025-02-17 12:15:00,-5.0,79,0.0,10.4,Light snow showers,0.5,2025,2,February
Finland,Helsinki,60.1756,24.9342,2025-02-17 12:15:00,-6.8,86,0.0,8.3,Partly cloudy,0.6,2025,2,February
Kazakhstan,Astana,51.1811,71.4278,2025-02-17 15:15:00,-5.7,86,0.0,20.2,Partly cloudy,0.8,2025,2,February
Mongolia,Ulaanbaatar,47.9167,106.9167,2025-02-17 18:15:00,-11.9,51,0.0,4.3,Clear,0.0,2025,2,February
Russia,Moscow,55.7522,37.6156,2025-02-17 13:15:00,-9.8,67,0.02,16.9,Light snow,0.9,2025,2,February
Ukraine,Kyiv,50.4333,30.5167,2025-02-17 12:15:00,-5.1,59,0.0,9.7,Sunny,1.7,2025,2,February
Canada,Ottawa,45.4167,-75.7,2025-02-18 05:15:00,-16.9,59,0.0,25.6,Partly cloudy,0.0,2025,2,February
Kazakhstan,Astana,51.1811,71.4278,2025-02-18 15:15:00,-7.9,85,0.0,14.8,Overcast,0.8,2025,2,February
Mongolia,Ulaanbaatar,47.9167,106.9167,2025-02-18 18:15:00,-11.9,56,0.0,3.6,Sunny,0.0,2025,2,February
Russia,Moscow,55.7522,37.6156,2025-02-18 13:15:00,-8.0,73,0.03,9.7,Partly cloudy,0.8,2025,2,February
Canada,Ottawa,45.4167,-75.7,2025-02-19 05:15:00,-17.6,77,0.0,9.4,Partly cloudy,0.0,2025,2,February
Czech Republic,Prague,50.0833,14.4667,2025-02-19 11:15:00,-5.9,73,0.0,14.0,Sunny,1.3,2025,2,February
Kazakhstan,Astana,51.1811,71.4278,2025-02-19 15:15:00,-8.7,79,0.0,4.3,Sunny,0.8,2025,2,February
Mongolia,Ulaanbaatar,47.9167,106.9167,2025-02-19 18:15:00,-12.9,56,0.0,6.1,Clear,0.0,2025,2,February
Norway,Oslo,59.9167,10.75,2025-02-19 11:15:00,-9.7,79,0.0,3.6,Sunny,0.6,2025,2,February
Belarus,Minsk,53.9,27.5667,2025-02-20 13:00:00,-4.8,68,0.0,7.2,Partly cloudy,1.2,2025,2,February
Bulgaria,Sofia,42.6833,23.3167,2025-02-20 12:00:00,-5.6,68,0.0,3.6,Sunny,2.4,2025,2,February
Canada,Ottawa,45.4167,-75.7,2025-02-20 05:00:00,-15.6,78,0.0,6.5,Partly cloudy,0.0,2025,2,February
Kazakhstan,Astana,51.1811,71.4278,2025-02-20 15:00:00,-6.7,73,0.0,9.4,Sunny,0.8,2025,2,February
Lithuania,Vilnius,54.6833,25.3167,2025-02-20 12:00:00,-6.9,86,0.0,6.1,Light snow,1.1,2025,2,February
Mongolia,Ulaanbaatar,47.9167,106.9167,2025-02-20 18:00:00,-14.7,46,0.0,3.6,Partly cloudy,0.0,2025,2,February
Russia,Moscow,55.7522,37.6156,2025-02-20 13:00:00,-7.8,67,0.0,8.3,Partly cloudy,1.0,2025,2,February
Belarus,Minsk,53.9,27.5667,2025-02-21 13:00:00,-4.9,63,0.0,14.4,Sunny,1.2,2025,2,February
Canada,Ottawa,45.4167,-75.7,2025-02-21 05:00:00,-11.9,72,0.0,16.9,Overcast,0.0,2025,2,February
Kazakhstan,Astana,51.1811,71.4278,2025-02-21 15:00:00,-6.9,79,0.0,4.3,Sunny,0.9,2025,2,February
Lithuania,Vilnius,54.6833,25.3167,2025-02-21 12:00:00,-4.8,68,0.0,19.4,Sunny,1.0,2025,2,February
Mongolia,Ulaanbaatar,47.9167,106.9167,2025-02-21 18:00:00,-14.0,55,0.0,4.3,Sunny,0.0,2025,2,February
Russia,Moscow,55.7522,37.6156,2025-02-21 13:00:00,-4.8,68,0.0,8.6,Sunny,1.0,2025,2,February
Ukraine,Kyiv,50.4333,30.5167,2025-02-21 12:00:00,-5.5,70,0.0,8.6,Partly Cloudy,1.5,2025,2,February
Canada,Ottawa,45.4167,-75.7,2025-02-22 05:00:00,-15.6,84,0.0,4.7,Partly cloudy,0.0,2025,2,February
Kazakhstan,Astana,51.1811,71.4278,2025-02-22 15:00:00,-5.8,73,0.0,13.0,Sunny,0.7,2025,2,February
Mongolia,Ulaanbaatar,47.9167,106.9167,2025-02-22 18:00:00,-10.8,43,0.0,5.0,Sunny,0.0,2025,2,February
Ukraine,Kyiv,50.4333,30.5167,2025-02-22 12:15:00,-5.5,66,0.0,6.1,Sunny,1.7,2025,2,February
Mongolia,Ulaanbaatar,47.9167,106.9167,2025-02-23 18:15:00,-5.0,38,0.0,6.1,Sunny,0.0,2025,2,February
Kazakhstan,Astana,51.1811,71.4278,2025-02-24 15:00:00,-5.7,79,0.0,13.0,Sunny,0.9,2025,2,February
Iran,Chi Chi Khvar,36.2625,46.59,2025-02-24 13:30:00,-9.4,42,0.03,11.5,Light snow showers,3.2,2025,2,February
Mongolia,Ulaanbaatar,47.9167,106.9167,2025-02-24 18:00:00,-8.8,62,0.0,3.6,Partly cloudy,0.0,2025,2,February
Russia,Moscow,55.7522,37.6156,2025-02-24 13:00:00,-4.9,42,0.0,11.9,Sunny,1.2,2025,2,February
Iran,Chi Chi Khvar,36.2625,46.59,2025-02-25 13:30:00,-8.7,50,0.0,15.1,Sunny,3.7,2025,2,February
Mongolia,Ulaanbaatar,47.9167,106.9167,2025-02-25 18:00:00,-6.0,41,0.0,4.3,Sunny,0.0,2025,2,February
Iran,Chi Chi Khvar,36.2625,46.59,2025-02-26 13:30:00,-5.3,49,0.0,13.7,Sunny,4.0,2025,2,February
Canada,Ottawa,45.4167,-75.7,2025-02-27 04:45:00,-6.9,100,0.0,6.5,Partly cloudy,0.0,2025,2,February
Kazakhstan,Astana,51.1811,71.4278,2025-02-27 14:45:00,-8.8,79,0.0,14.4,Partly cloudy,1.8,2025,2,February
Iran,Chi Chi Khvar,36.2625,46.59,2025-02-27 13:15:00,-6.0,53,0.0,6.1,Sunny,4.2,2025,2,February
Canada,Ottawa,45.4167,-75.7,2025-02-28 04:45:00,-8.8,73,0.0,21.6,Light snow,0.0,2025,2,February
Kazakhstan,Astana,51.1811,71.4278,2025-02-28 15:00:00,-9.7,72,0.0,10.8,Sunny,1.2,2025,2,February
Canada,Ottawa,45.4167,-75.7,2025-03-01 04:45:00,-7.9,92,0.0,9.7,Light snow,0.0,2025,3,March
Kazakhstan,Astana,51.1811,71.4278,2025-03-01 14:45:00,-7.9,79,0.0,9.4,Sunny,2.1,2025,3,March
Canada,Ottawa,45.4167,-75.7,2025-03-02 05:00:00,-20.0,70,0.0,15.5,Clear,0.0,2025,3,March
Kazakhstan,Astana,51.1811,71.4278,2025-03-02 15:00:00,-7.9,73,0.0,5.8,Sunny,1.3,2025,3,March
Canada,Ottawa,45.4167,-75.7,2025-03-03 04:45:00,-19.6,84,0.0,6.5,Clear,0.0,2025,3,March
Kazakhstan,Astana,51.1811,71.4278,2025-03-03 14:45:00,-6.0,73,0.0,18.4,Sunny,1.5,2025,3,March
Kazakhstan,Astana,51.1811,71.4278,2025-03-04 14:45:00,-8.9,73,0.03,13.7,Partly cloudy,1.7,2025,3,March
Kazakhstan,Astana,51.1811,71.4278,2025-03-05 14:45:00,-7.7,79,0.0,26.6,Partly cloudy,1.5,2025,3,March
Canada,Ottawa,45.4167,-75.7,2025-03-07 04:45:00,-7.6,85,0.0,24.1,Partly cloudy,0.0,2025,3,March
Kazakhstan,Astana,51.1811,71.4278,2025-03-07 14:45:00,-6.7,73,0.04,20.9,Partly cloudy,1.7,2025,3,March
Canada,Ottawa,45.4167,-75.7,2025-03-08 04:45:00,-7.8,62,0.0,22.3,Partly cloudy,0.0,2025,3,March
Canada,Ottawa,45.4167,-75.7,2025-03-09 05:30:00,-4.9,73,0.0,9.4,Light snow,0.0,2025,3,March
Kazakhstan,Astana,51.1811,71.4278,2025-03-09 14:45:00,-7.6,79,0.02,18.7,Partly cloudy,2.1,2025,3,March
Kazakhstan,Astana,51.1811,71.4278,2025-03-10 14:45:00,-5.6,93,0.11,33.5,Blowing snow,2.5,2025,3,March
Canada,Ottawa,45.4167,-75.7,2025-03-12 05:45:00,-6.6,49,0.0,4.7,Partly cloudy,0.0,2025,3,March
Canada,Ottawa,45.4167,-75.7,2025-03-13 05:45:00,-6.7,81,0.0,7.9,Overcast,0.0,2025,3,March
Andorra,Andorra La Vella,42.5,1.5167,2025-03-14 10:45:00,-5.1,93,0.78,5.0,Heavy snow,1.8,2025,3,March
Canada,Ottawa,45.4167,-75.7,2025-03-14 05:30:00,-7.5,89,0.0,3.6,Clear,0.0,2025,3,March
Mongolia,Ulaanbaatar,47.9167,106.9167,2025-03-14 17:45:00,-4.8,35,0.0,3.6,Partly cloudy,0.6,2025,3,March
Andorra,Andorra La Vella,42.5,1.5167,2025-03-15 10:45:00,-8.0,81,0.0,9.4,Sunny,2.5,2025,3,March
Andorra,Andorra La Vella,42.5,1.5167,2025-03-16 10:45:00,-5.0,58,0.0,6.5,Sunny,2.2,2025,3,March
Canada,Ottawa,45.4167,-75.7,2025-03-18 05:45:00,-5.7,93,0.0,3.6,Clear,0.0,2025,3,March
Canada,Ottawa,45.4167,-75.7,2025-03-23 05:45:00,-9.8,56,0.0,18.4,Partly cloudy,0.0,2025,3,March
Mongolia,Ulaanbaatar,47.9167,106.9167,2025-03-26 17:30:00,-7.0,62,0.0,13.3,Partly cloudy,0.6,2025,3,March
Mongolia,Ulaanbaatar,47.9167,106.9167,2025-03-27 17:15:00,-6.6,57,0.0,11.2,Blowing snow,0.6,2025,3,March
Canada,Ottawa,45.4167,-75.7,2025-03-28 05:45:00,-4.8,73,0.0,13.7,Partly cloudy,0.0,2025,3,March
Mongolia,Ulaanbaatar,47.9167,106.9167,2025-03-28 17:45:00,-8.0,44,0.02,10.1,Partly cloudy,0.6,2025,3,March
Andorra,Andorra La Vella,42.5,1.5167,2025-03-29 10:30:00,-5.1,70,0.06,32.0,Patchy snow nearby,2.7,2025,3,March
Canada,Ottawa,45.4167,-75.7,2025-04-02 05:00:00,-7.6,62,0.0,9.4,Partly cloudy,0.0,2025,4,April
United Arab Emirates,Abu Dhabi,24.4667,54.3667,2025-04-04 13:15:00,40.3,8,0.0,11.5,Sunny,10.4,2025,4,April
Canada,Ottawa,45.4167,-75.7,2025-04-09 05:15:00,-6.1,68,0.0,9.7,Clear,0.0,2025,4,April
Canada,Ottawa,45.4167,-75.7,2025-04-10 05:15:00,-6.6,93,0.0,3.6,Clear,0.0,2025,4,April
Mongolia,Ulaanbaatar,47.9167,106.9167,2025-04-11 17:15:00,-5.8,73,0.0,8.3,Light snow,0.9,2025,4,April
United Arab Emirates,Abu Dhabi,24.4667,54.3667,2025-04-12 13:15:00,41.0,9,0.0,7.9,Sunny,9.7,2025,4,April
United Arab Emirates,Abu Dhabi,24.4667,54.3667,2025-04-14 13:30:00,42.2,14,0.0,18.0,Sunny,9.6,2025,4,April
Chad,N'djamena,12.1131,15.0492,2025-04-21 10:15:00,40.4,8,0.0,21.6,Sunny,8.3,2025,4,April
Bangladesh,Dhaka,23.7231,90.4086,2025-04-23 15:00:00,40.5,24,0.0,19.8,Sunny,4.3,2025,4,April
Qatar,Doha,25.2867,51.5333,2025-04-23 12:00:00,40.2,9,0.0,19.4,Sunny,9.6,2025,4,April
United Arab Emirates,Abu Dhabi,24.4667,54.3667,2025-04-23 13:15:00,41.1,11,0.0,20.2,Sunny,9.2,2025,4,April
India,New Delhi,28.6,77.2,2025-04-24 14:30:00,40.1,7,0.0,13.3,Sunny,7.2,2025,4,April
India,New Delhi,28.6,77.2,2025-04-25 14:30:00,40.3,7,0.0,4.3,Mist,6.8,2025,4,April
Kuwait,Kuwait City,29.3667,47.96,2025-04-25 12:00:00,42.7,7,0.0,7.6,Sunny,8.5,2025,4,April
Bangladesh,Dhaka,23.7231,90.4086,2025-04-26 15:00:00,40.1,23,0.0,23.0,Sunny,3.9,2025,4,April
India,New Delhi,28.6,77.2,2025-04-26 14:30:00,41.1,7,0.0,6.1,Mist,5.8,2025,4,April
Kuwait,Kuwait City,29.3667,47.96,2025-04-26 12:00:00,40.7,8,0.0,19.4,Sunny,7.9,2025,4,April
United Arab Emirates,Abu Dhabi,24.4667,54.3667,2025-04-26 13:00:00,41.0,13,0.0,10.4,Cloudy,8.4,2025,4,April
Oman,Muscat,23.6133,58.5933,2025-04-27 12:45:00,41.4,9,0.0,16.2,Sunny,10.8,2025,4,April
Qatar,Doha,25.2867,51.5333,2025-04-27 11:45:00,40.2,8,0.0,17.6,Sunny,10.3,2025,4,April
United Arab Emirates,Abu Dhabi,24.4667,54.3667,2025-04-27 12:45:00,43.2,7,0.0,11.2,Overcast,10.5,2025,4,April
Bahrain,Manama,26.2361,50.5831,2025-04-28 12:30:00,40.3,16,0.0,6.5,Sunny,9.7,2025,4,April
India,New Delhi,28.6,77.2,2025-04-28 15:00:00,40.1,14,0.0,6.5,Mist,3.6,2025,4,April
Oman,Muscat,23.6133,58.5933,2025-04-28 13:30:00,40.3,14,0.0,19.8,Sunny,10.4,2025,4,April
United Arab Emirates,Abu Dhabi,24.4667,54.3667,2025-04-28 13:30:00,43.2,8,0.0,15.1,Sunny,9.6,2025,4,April
Oman,Muscat,23.6133,58.5933,2025-04-29 12:45:00,40.3,13,0.0,16.6,Sunny,11.0,2025,4,April
Qatar,Doha,25.2867,51.5333,2025-04-29 11:45:00,40.3,12,0.0,18.4,Sunny,10.5,2025,4,April
United Arab Emirates,Abu Dhabi,24.4667,54.3667,2025-04-29 12:45:00,42.3,7,0.0,5.4,Sunny,10.5,2025,4,April
Oman,Muscat,23.6133,58.5933,2025-04-30 12:45:00,42.1,14,0.0,20.9,Sunny,11.3,2025,4,April
United Arab Emirates,Abu Dhabi,24.4667,54.3667,2025-04-30 12:45:00,41.4,10,0.0,11.2,Sunny,10.9,2025,4,April
Qatar,Doha,25.2867,51.5333,2025-05-01 11:45:00,40.3,20,0.0,7.2,Sunny,10.3,2025,5,May
United Arab Emirates,Abu Dhabi,24.4667,54.3667,2025-05-01 13:00:00,41.1,14,0.0,17.6,Sunny,10.8,2025,5,May
Oman,Muscat,23.6133,58.5933,2025-05-02 13:00:00,41.2,18,0.0,24.8,Sunny,10.5,2025,5,May
Oman,Muscat,23.6133,58.5933,2025-05-03 13:00:00,43.2,12,0.0,19.4,Sunny,10.3,2025,5,May
United Arab Emirates,Abu Dhabi,24.4667,54.3667,2025-05-03 13:00:00,41.1,13,0.0,15.5,Sunny,10.4,2025,5,May
Oman,Muscat,23.6133,58.5933,2025-05-04 12:45:00,44.1,10,0.0,13.3,Sunny,10.7,2025,5,May
United Arab Emirates,Abu Dhabi,24.4667,54.3667,2025-05-04 12:45:00,43.2,12,0.0,14.8,Partly Cloudy,10.4,2025,5,May
Oman,Muscat,23.6133,58.5933,2025-05-05 13:00:00,42.4,18,0.0,29.2,Sunny,10.2,2025,5,May
United Arab Emirates,Abu Dhabi,24.4667,54.3667,2025-05-05 13:00:00,43.1,12,0.0,22.0,Sunny,10.2,2025,5,May
Oman,Muscat,23.6133,58.5933,2025-05-06 13:00:00,40.3,22,0.0,24.5,Sunny,10.5,2025,5,May
Oman,Muscat,23.6133,58.5933,2025-05-07 12:45:00,40.3,28,0.0,28.8,Sunny,11.4,2025,5,May
Bangladesh,Dhaka,23.7231,90.4086,2025-05-09 15:15:00,41.8,16,0.0,16.2,Sunny,4.0,2025,5,May
Chad,N'djamena,12.1131,15.0492,2025-05-09 10:15:00,40.3,6,0.0,22.0,Sunny,8.3,2025,5,May
Bangladesh,Dhaka,23.7231,90.4086,2025-05-10 15:00:00,42.2,16,0.0,15.8,Sunny,4.0,2025,5,May
Kuwait,Kuwait City,29.3667,47.96,2025-05-10 12:00:00,40.2,10,0.0,28.1,Sunny,10.5,2025,5,May
Bangladesh,Dhaka,23.7231,90.4086,2025-05-11 14:45:00,41.5,20,0.07,6.1,Patchy rain nearby,2.5,2025,5,May
Bangladesh,Dhaka,23.7231,90.4086,2025-05-12 15:00:00,40.4,26,0.18,14.4,Patchy rain nearby,1.6,2025,5,May
Kuwait,Kuwait City,29.3667,47.96,2025-05-12 12:00:00,42.3,6,0.0,19.1,Sunny,9.4,2025,5,May
Kuwait,Kuwait City,29.3667,47.96,2025-05-13 12:15:00,42.2,8,0.0,9.7,Sunny,9.6,2025,5,May
Saudi Arabia,Riyadh,24.6408,46.7728,2025-05-13 12:15:00,41.4,5,0.0,15.1,Sunny,11.0,2025,5,May
United Arab Emirates,Abu Dhabi,24.4667,54.3667,2025-05-13 13:15:00,42.0,12,0.0,9.0,Sunny,10.5,2025,5,May
Qatar,Doha,25.2867,51.5333,2025-05-14 12:15:00,41.3,21,0.0,17.6,Sunny,10.5,2025,5,May
Turkmenistan,Ashgabat,37.95,58.3833,2025-05-14 14:15:00,40.3,19,0.0,11.2,Partly cloudy,8.8,2025,5,May
United Arab Emirates,Abu Dhabi,24.4667,54.3667,2025-05-14 13:15:00,42.2,11,0.0,7.9,Sunny,10.6,2025,5,May
India,New Delhi,28.6,77.2,2025-05-15 14:30:00,40.3,19,0.0,11.5,Mist,6.5,2025,5,May
Kuwait,Kuwait City,29.3667,47.96,2025-05-15 12:00:00,40.4,9,0.0,10.1,Mist,9.6,2025,5,May
Oman,Muscat,23.6133,58.5933,2025-05-15 13:00:00,40.4,23,0.0,27.0,Sunny,10.7,2025,5,May
India,New Delhi,28.6,77.2,2025-05-16 14:30:00,42.1,17,0.0,27.0,Mist,6.8,2025,5,May
Pakistan,Islamabad,33.7,73.1667,2025-05-16 14:00:00,41.0,8,0.0,14.8,Sunny,8.4,2025,5,May
Qatar,Doha,25.2867,51.5333,2025-05-16 12:00:00,41.4,14,0.0,30.6,Sunny,9.9,2025,5,May
India,New Delhi,28.6,77.2,2025-05-17 14:15:00,41.0,23,0.0,29.2,Moderate or heavy rain with thunder,4.6,2025,5,May
Oman,Muscat,23.6133,58.5933,2025-05-17 12:45:00,41.3,22,0.0,25.6,Sunny,11.5,2025,5,May
Pakistan,Islamabad,33.7,73.1667,2025-05-17 13:45:00,41.1,9,0.0,15.1,Sunny,10.7,2025,5,May
India,New Delhi,28.6,77.2,2025-05-18 14:15:00,41.3,22,0.0,13.0,Mist,7.1,2025,5,May
Iraq,Baghdad,33.3386,44.3939,2025-05-18 11:45:00,40.1,14,0.0,36.7,Sunny,8.6,2025,5,May
Oman,Muscat,23.6133,58.5933,2025-05-18 12:45:00,40.3,19,0.0,32.0,Sunny,11.5,2025,5,May
Pakistan,Islamabad,33.7,73.1667,2025-05-18 13:45:00,41.5,9,0.0,14.0,Sunny,10.3,2025,5,May
Pakistan,Islamabad,33.7,73.1667,2025-05-19 14:00:00,40.4,13,0.0,10.8,Sunny,7.6,2025,5,May
Qatar,Doha,25.2867,51.5333,2025-05-19 12:00:00,41.1,12,0.0,9.4,Sunny,10.8,2025,5,May
Sudan,Khartoum,15.5881,32.5342,2025-05-19 11:00:00,41.3,9,0.0,34.2,Sunny,9.1,2025,5,May
India,New Delhi,28.6,77.2,2025-05-20 14:30:00,40.2,34,0.0,14.0,Mist,7.5,2025,5,May
Pakistan,Islamabad,33.7,73.1667,2025-05-20 14:00:00,40.9,13,0.0,16.6,Sunny,7.7,2025,5,May
Qatar,Doha,25.2867,51.5333,2025-05-20 12:00:00,44.3,10,0.0,22.3,Sunny,10.8,2025,5,May
Saudi Arabia,Riyadh,24.6408,46.7728,2025-05-20 12:00:00,40.1,4,0.0,21.6,Sunny,11.1,2025,5,May
Sudan,Khartoum,15.5881,32.5342,2025-05-20 11:00:00,40.1,8,0.0,11.9,Sunny,11.1,2025,5,May
Iraq,Baghdad,33.3386,44.3939,2025-05-21 11:45:00,40.2,10,0.0,17.6,Sunny,9.2,2025,5,May
Pakistan,Islamabad,33.7,73.1667,2025-05-21 13:45:00,41.4,13,0.0,13.3,Sunny,9.8,2025,5,May
Qatar,Doha,25.2867,51.5333,2025-05-21 11:45:00,40.4,32,0.0,25.9,Sunny,10.9,2025,5,May
Saudi Arabia,Riyadh,24.6408,46.7728,2025-05-21 11:45:00,41.0,6,0.0,14.8,Sunny,10.6,2025,5,May
United Arab Emirates,Abu Dhabi,24.4667,54.3667,2025-05-21 12:45:00,42.1,18,0.0,17.6,Sunny,11.1,2025,5,May
Iraq,Baghdad,33.3386,44.3939,2025-05-22 11:45:00,40.1,8,0.0,23.0,Sunny,9.8,2025,5,May
Kuwait,Kuwait City,29.3667,47.96,2025-05-22 11:45:00,41.0,15,0.0,29.2,Sunny,10.4,2025,5,May
Pakistan,Islamabad,33.7,73.1667,2025-05-22 13:45:00,40.6,16,0.0,18.0,Sunny,10.3,2025,5,May
Qatar,Doha,25.2867,51.5333,2025-05-22 11:45:00,43.0,17,0.0,20.9,Sunny,10.7,2025,5,May
Saudi Arabia,Riyadh,24.6408,46.7728,2025-05-22 11:45:00,43.1,4,0.0,8.6,Sunny,11.0,2025,5,May
United Arab Emirates,Abu Dhabi,24.4667,54.3667,2025-05-22 12:45:00,41.0,19,0.0,5.8,Sunny,11.0,2025,5,May
Kuwait,Kuwait City,29.3667,47.96,2025-05-23 12:00:00,47.7,5,0.0,13.7,Sunny,11.0,2025,5,May
Saudi Arabia,Riyadh,24.6408,46.7728,2025-05-23 12:00:00,44.0,4,0.0,12.6,Sunny,11.4,2025,5,May
United Arab Emirates,Abu Dhabi,24.4667,54.3667,2025-05-23 13:00:00,44.2,14,0.0,14.8,Sunny,10.8,2025,5,May
Bahrain,Manama,26.2361,50.5831,2025-05-24 11:45:00,45.3,7,0.0,4.0,Sunny,10.9,2025,5,May
Iraq,Baghdad,33.3386,44.3939,2025-05-24 11:45:00,41.3,11,0.0,29.2,Mist,8.8,2025,5,May
Kuwait,Kuwait City,29.3667,47.96,2025-05-24 11:45:00,42.1,14,0.0,22.0,Sunny,9.3,2025,5,May
Qatar,Doha,25.2867,51.5333,2025-05-24 11:45:00,43.2,11,0.0,7.2,Sunny,10.7,2025,5,May
Saudi Arabia,Riyadh,24.6408,46.7728,2025-05-24 11:45:00,42.3,4,0.0,12.6,Sunny,10.7,2025,5,May
United Arab Emirates,Abu Dhabi,24.4667,54.3667,2025-05-24 12:45:00,46.2,7,0.0,9.7,Sunny,10.4,2025,5,May
Kuwait,Kuwait City,29.3667,47.96,2025-05-25 11:30:00,41.8,8,0.0,21.6,Mist,10.2,2025,5,May
Qatar,Doha,25.2867,51.5333,2025-05-25 11:30:00,44.0,11,0.0,22.0,Sunny,10.0,2025,5,May
Saudi Arabia,Riyadh,24.6408,46.7728,2025-05-25 11:30:00,40.1,4,0.0,13.0,Sunny,9.9,2025,5,May
United Arab Emirates,Abu Dhabi,24.4667,54.3667,2025-05-25 12:30:00,44.4,10,0.0,18.4,Sunny,10.6,2025,5,May
Iraq,Baghdad,33.3386,44.3939,2025-05-26 12:00:00,40.1,13,0.0,20.2,Sunny,10.4,2025,5,May
Kuwait,Kuwait City,29.3667,47.96,2025-05-26 12:00:00,42.3,6,0.0,28.1,Mist,10.6,2025,5,May
Qatar,Doha,25.2867,51.5333,2025-05-26 12:00:00,41.1,15,0.0,30.2,Sunny,9.5,2025,5,May
United Arab Emirates,Abu Dhabi,24.4667,54.3667,2025-05-26 13:00:00,41.2,19,0.0,23.4,Sunny,10.2,2025,5,May
Iraq,Baghdad,33.3386,44.3939,2025-05-27 12:00:00,40.3,15,0.0,13.3,Sunny,10.4,2025,5,May
Kuwait,Kuwait City,29.3667,47.96,2025-05-27 12:00:00,42.6,8,0.0,6.1,Sunny,11.0,2025,5,May
Qatar,Doha,25.2867,51.5333,2025-05-27 12:00:00,43.0,7,0.0,23.4,Sunny,10.5,2025,5,May
United Arab Emirates,Abu Dhabi,24.4667,54.3667,2025-05-27 13:00:00,40.2,15,0.0,19.8,Sunny,10.7,2025,5,May
Bahrain,Manama,26.2361,50.5831,2025-05-28 11:45:00,41.2,8,0.0,11.5,Sunny,10.6,2025,5,May
Kuwait,Kuwait City,29.3667,47.96,2025-05-28 11:45:00,44.5,6,0.0,3.6,Sunny,10.3,2025,5,May
Qatar,Doha,25.2867,51.5333,2025-05-28 11:45:00,42.1,14,0.0,12.6,Sunny,10.8,2025,5,May
Saudi Arabia,Riyadh,24.6408,46.7728,2025-05-28 11:45:00,41.2,6,0.0,22.0,Sunny,10.6,2025,5,May
Bahrain,Manama,26.2361,50.5831,2025-05-29 11:45:00,41.2,10,0.0,22.7,Sunny,10.7,2025,5,May
Kuwait,Kuwait City,29.3667,47.96,2025-05-29 11:45:00,40.8,15,0.0,22.3,Mist,9.9,2025,5,May
Oman,Muscat,23.6133,58.5933,2025-05-29 12:45:00,40.1,22,0.0,16.9,Sunny,10.9,2025,5,May
Qatar,Doha,25.2867,51.5333,2025-05-29 11:45:00,44.2,10,0.0,10.4,Sunny,10.7,2025,5,May
Saudi Arabia,Riyadh,24.6408,46.7728,2025-05-29 11:45:00,42.2,5,0.0,11.5,Sunny,10.4,2025,5,May
United Arab Emirates,Abu Dhabi,24.4667,54.3667,2025-05-29 12:45:00,42.3,20,0.0,18.0,Sunny,10.9,2025,5,May
Oman,Muscat,23.6133,58.5933,2025-05-30 13:00:00,43.3,17,0.0,19.4,Sunny,10.3,2025,5,May
Qatar,Doha,25.2867,51.5333,2025-05-30 12:00:00,44.0,18,0.0,23.8,Sunny,10.6,2025,5,May
United Arab Emirates,Abu Dhabi,24.4667,54.3667,2025-05-30 13:00:00,41.1,25,0.0,16.9,Sunny,10.9,2025,5,May
Oman,Muscat,23.6133,58.5933,2025-05-31 12:45:00,42.3,25,0.0,18.7,Sunny,11.6,2025,5,May
Qatar,Doha,25.2867,51.5333,2025-05-31 11:45:00,41.0,11,0.0,36.7,Sunny,11.0,2025,5,May
Djibouti,Djibouti,11.595,43.1481,2025-06-01 11:45:00,42.2,36,0.0,3.6,Sunny,9.9,2025,6,June
Kuwait,Kuwait City,29.3667,47.96,2025-06-01 11:45:00,42.7,4,0.0,29.2,Sunny,10.1,2025,6,June
Oman,Muscat,23.6133,58.5933,2025-06-01 12:45:00,42.0,11,0.0,28.4,Sunny,11.4,2025,6,June
Qatar,Doha,25.2867,51.5333,2025-06-01 11:45:00,42.4,15,0.0,36.7,Sunny,11.0,2025,6,June
Kuwait,Kuwait City,29.3667,47.96,2025-06-02 12:00:00,43.5,6,0.0,31.0,Sunny,11.2,2025,6,June
Oman,Muscat,23.6133,58.5933,2025-06-02 13:00:00,40.1,20,0.0,19.4,Sunny,10.9,2025,6,June
Qatar,Doha,25.2867,51.5333,2025-06-02 12:00:00,43.1,12,0.0,42.5,Sunny,10.9,2025,6,June
Saudi Arabia,Riyadh,24.6408,46.7728,2025-06-02 12:00:00,40.4,5,0.0,8.6,Sunny,11.6,2025,6,June
Oman,Muscat,23.6133,58.5933,2025-06-03 13:00:00,40.4,28,0.0,20.2,Sunny,11.0,2025,6,June
Qatar,Doha,25.2867,51.5333,2025-06-03 12:00:00,40.3,18,0.0,43.6,Sunny,11.2,2025,6,June
Pakistan,Islamabad,33.7,73.1667,2025-06-07 13:45:00,40.4,17,0.0,16.2,Sunny,10.4,2025,6,June
India,New Delhi,28.6,77.2,2025-06-08 14:15:00,42.1,25,0.0,6.5,Mist,7.0,2025,6,June
Iraq,Baghdad,33.3386,44.3939,2025-06-08 12:00:00,40.3,12,0.0,6.8,Sunny,10.4,2025,6,June
Kuwait,Kuwait City,29.3667,47.96,2025-06-08 11:45:00,42.2,7,0.0,5.0,Sunny,10.4,2025,6,June
Pakistan,Islamabad,33.7,73.1667,2025-06-08 14:00:00,43.3,9,0.0,18.4,Sunny,8.3,2025,6,June
India,New Delhi,28.6,77.2,2025-06-09 14:30:00,43.0,21,0.0,19.8,Mist,8.0,2025,6,June
Pakistan,Islamabad,33.7,73.1667,2025-06-09 13:45:00,43.6,8,0.0,15.8,Sunny,10.8,2025,6,June
Sudan,Khartoum,15.5881,32.5342,2025-06-09 11:00:00,40.1,7,0.0,25.9,Sunny,10.5,2025,6,June
United Arab Emirates,Abu Dhabi,24.4667,54.3667,2025-06-09 13:00:00,40.1,26,0.0,17.3,Sunny,9.8,2025,6,June
India,New Delhi,28.6,77.2,2025-06-10 14:15:00,43.2,16,0.0,22.3,Mist,7.9,2025,6,June
Iraq,Baghdad,33.3386,44.3939,2025-06-10 12:00:00,43.1,9,0.0,21.2,Sunny,10.0,2025,6,June
Kuwait,Kuwait City,29.3667,47.96,2025-06-10 12:00:00,41.2,10,0.0,24.8,Sunny,10.4,2025,6,June
Oman,Muscat,23.6133,58.5933,2025-06-10 12:45:00,40.1,19,0.0,20.2,Sunny,11.3,2025,6,June
Pakistan,Islamabad,33.7,73.1667,2025-06-10 14:00:00,44.7,6,0.0,15.5,Sunny,8.7,2025,6,June
Saudi Arabia,Riyadh,24.6408,46.7728,2025-06-10 12:00:00,41.2,5,0.0,14.4,Sunny,12.0,2025,6,June
Sudan,Khartoum,15.5881,32.5342,2025-06-10 11:00:00,40.1,7,0.0,30.2,Sunny,10.5,2025,6,June
United Arab Emirates,Abu Dhabi,24.4667,54.3667,2025-06-10 13:00:00,42.2,18,0.0,15.5,Sunny,10.2,2025,6,June
India,New Delhi,28.6,77.2,2025-06-11 14:30:00,43.1,17,0.0,10.1,Mist,7.4,2025,6,June
Iraq,Baghdad,33.3386,44.3939,2025-06-11 12:00:00,40.2,16,0.0,7.2,Sunny,10.5,2025,6,June
Kuwait,Kuwait City,29.3667,47.96,2025-06-11 12:00:00,40.9,20,0.0,15.1,Mist,9.8,2025,6,June
Oman,Muscat,23.6133,58.5933,2025-06-11 13:00:00,41.2,16,0.0,12.2,Sunny,10.7,2025,6,June
Pakistan,Islamabad,33.7,73.1667,2025-06-11 14:00:00,45.0,7,0.0,16.9,Sunny,8.5,2025,6,June
Saudi Arabia,Riyadh,24.6408,46.7728,2025-06-11 12:00:00,43.3,4,0.0,3.6,Sunny,11.6,2025,6,June
United Arab Emirates,Abu Dhabi,24.4667,54.3667,2025-06-11 13:00:00,41.3,30,0.0,15.8,Sunny,10.8,2025,6,June
Bahrain,Manama,26.2361,50.5831,2025-06-12 11:45:00,40.3,23,0.0,7.9,Sunny,10.8,2025,6,June
India,New Delhi,28.6,77.2,2025-06-12 14:15:00,41.3,30,0.0,3.6,Mist,7.2,2025,6,June
Iraq,Baghdad,33.3386,44.3939,2025-06-12 11:45:00,42.1,13,0.0,8.3,Sunny,10.1,2025,6,June
Oman,Muscat,23.6133,58.5933,2025-06-12 12:45:00,43.4,12,0.0,14.4,Sunny,11.3,2025,6,June
Pakistan,Islamabad,33.7,73.1667,2025-06-12 13:45:00,43.9,8,0.0,15.1,Sunny,10.2,2025,6,June
Qatar,Doha,25.2867,51.5333,2025-06-12 11:45:00,42.2,15,0.0,9.7,Sunny,10.9,2025,6,June
Saudi Arabia,Riyadh,24.6408,46.7728,2025-06-12 11:45:00,43.2,5,0.0,8.3,Sunny,11.0,2025,6,June
United Arab Emirates,Abu Dhabi,24.4667,54.3667,2025-06-12 12:45:00,41.4,22,0.0,5.4,Sunny,10.9,2025,6,June
Bahrain,Manama,26.2361,50.5831,2025-06-13 12:00:00,40.2,17,0.0,12.6,Sunny,10.3,2025,6,June
Iraq,Baghdad,33.3386,44.3939,2025-06-13 12:00:00,43.2,13,0.0,11.2,Sunny,10.6,2025,6,June
Kuwait,Kuwait City,29.3667,47.96,2025-06-13 12:00:00,43.4,13,0.0,6.5,Sunny,10.5,2025,6,June
Oman,Muscat,23.6133,58.5933,2025-06-13 13:00:00,41.2,23,0.0,9.4,Sunny,10.5,2025,6,June
Pakistan,Islamabad,33.7,73.1667,2025-06-13 14:00:00,43.0,11,0.0,14.8,Sunny,7.6,2025,6,June
Qatar,Doha,25.2867,51.5333,2025-06-13 12:00:00,44.0,13,0.0,7.2,Sunny,10.4,2025,6,June
Saudi Arabia,Riyadh,24.6408,46.7728,2025-06-13 12:00:00,44.4,4,0.0,4.3,Sunny,11.5,2025,6,June
Sudan,Khartoum,15.5881,32.5342,2025-06-13 11:00:00,40.7,7,0.0,24.1,Sunny,11.0,2025,6,June
United Arab Emirates,Abu Dhabi,24.4667,54.3667,2025-06-13 13:00:00,42.3,22,0.0,22.7,Sunny,10.5,2025,6,June
Bahrain,Manama,26.2361,50.5831,2025-06-14 12:00:00,41.3,14,0.0,10.4,Sunny,10.5,2025,6,June
India,New Delhi,28.6,77.2,2025-06-14 14:30:00,41.1,38,0.0,3.6,Mist,6.0,2025,6,June
Iraq,Baghdad,33.3386,44.3939,2025-06-14 12:00:00,43.2,10,0.0,18.7,Sunny,11.1,2025,6,June
Kuwait,Kuwait City,29.3667,47.96,2025-06-14 12:00:00,46.7,7,0.0,17.6,Sunny,11.1,2025,6,June
Oman,Muscat,23.6133,58.5933,2025-06-14 13:00:00,44.1,18,0.0,21.6,Sunny,9.7,2025,6,June
Qatar,Doha,25.2867,51.5333,2025-06-14 12:00:00,45.3,10,0.0,15.5,Sunny,10.4,2025,6,June
Saudi Arabia,Riyadh,24.6408,46.7728,2025-06-14 12:00:00,42.2,7,0.0,8.6,Sunny,11.5,2025,6,June
Sudan,Khartoum,15.5881,32.5342,2025-06-14 11:00:00,40.5,7,0.0,23.4,Sunny,10.8,2025,6,June
United Arab Emirates,Abu Dhabi,24.4667,54.3667,2025-06-14 13:00:00,42.1,18,0.0,15.1,Sunny,10.4,2025,6,June
Iraq,Baghdad,33.3386,44.3939,2025-06-15 11:45:00,42.2,16,0.0,10.8,Mist,10.3,2025,6,June
Kuwait,Kuwait City,29.3667,47.96,2025-06-15 11:45:00,47.2,5,0.0,32.4,Sunny,10.9,2025,6,June
Oman,Muscat,23.6133,58.5933,2025-06-15 12:45:00,46.0,11,0.0,18.7,Sunny,10.6,2025,6,June
Pakistan,Islamabad,33.7,73.1667,2025-06-15 13:45:00,41.7,10,0.0,15.8,Sunny,5.8,2025,6,June
Qatar,Doha,25.2867,51.5333,2025-06-15 11:45:00,46.0,9,0.0,13.0,Sunny,10.1,2025,6,June
Saudi Arabia,Riyadh,24.6408,46.7728,2025-06-15 11:45:00,43.2,4,0.0,15.1,Sunny,10.8,2025,6,June
United Arab Emirates,Abu Dhabi,24.4667,54.3667,2025-06-15 12:45:00,40.3,16,0.0,17.6,Sunny,10.6,2025,6,June
Bahrain,Manama,26.2361,50.5831,2025-06-16 12:00:00,41.2,22,0.0,17.6,Sunny,11.4,2025,6,June
Iraq,Baghdad,33.3386,44.3939,2025-06-16 12:00:00,41.2,14,0.0,25.2,Sunny,11.3,2025,6,June
Kuwait,Kuwait City,29.3667,47.96,2025-06-16 12:00:00,48.6,4,0.0,13.0,Sunny,11.3,2025,6,June
Oman,Muscat,23.6133,58.5933,2025-06-16 13:00:00,42.4,20,0.0,16.9,Sunny,11.0,2025,6,June
Qatar,Doha,25.2867,51.5333,2025-06-16 12:00:00,43.3,25,0.0,19.1,Sunny,11.0,2025,6,June
Saudi Arabia,Riyadh,24.6408,46.7728,2025-06-16 12:00:00,44.3,3,0.0,24.5,Sunny,11.8,2025,6,June
Iraq,Baghdad,33.3386,44.3939,2025-06-17 12:00:00,40.1,8,0.0,25.2,Sunny,11.3,2025,6,June
Kuwait,Kuwait City,29.3667,47.96,2025-06-17 12:00:00,40.4,16,0.0,31.7,Sunny,11.4,2025,6,June
Qatar,Doha,25.2867,51.5333,2025-06-17 12:00:00,44.4,18,0.0,34.2,Sunny,11.1,2025,6,June
Saudi Arabia,Riyadh,24.6408,46.7728,2025-06-17 12:00:00,44.1,4,0.0,9.7,Sunny,11.7,2025,6,June
United Arab Emirates,Abu Dhabi,24.4667,54.3667,2025-06-17 13:00:00,41.1,36,0.0,23.0,Sunny,11.0,2025,6,June
Kuwait,Kuwait City,29.3667,47.96,2025-06-18 12:15:00,43.1,6,0.0,42.5,Mist,9.9,2025,6,June
Qatar,Doha,25.2867,51.5333,2025-06-18 12:15:00,43.3,14,0.0,44.3,Sunny,11.4,2025,6,June
Saudi Arabia,Riyadh,24.6408,46.7728,2025-06-18 12:15:00,41.1,5,0.0,9.0,Sunny,11.4,2025,6,June
Uzbekistan,Tashkent,41.3167,69.25,2025-06-18 14:15:00,40.1,10,0.0,5.4,Sunny,8.9,2025,6,June
Djibouti,Djibouti,11.595,43.1481,2025-06-19 12:00:00,41.3,36,0.0,9.4,Mist,10.8,2025,6,June
Kuwait,Kuwait City,29.3667,47.96,2025-06-19 12:15:00,41.4,5,0.0,43.2,Mist,9.4,2025,6,June
Pakistan,Islamabad,33.7,73.1667,2025-06-19 14:15:00,40.4,24,0.0,12.6,Sunny,7.7,2025,6,June
Qatar,Doha,25.2867,51.5333,2025-06-19 12:00:00,41.4,15,0.0,34.2,Clear,0.0,2025,6,June
Djibouti,Djibouti,11.595,43.1481,2025-06-20 12:00:00,44.0,35,0.0,10.1,Mist,9.5,2025,6,June
Kuwait,Kuwait City,29.3667,47.96,2025-06-20 11:45:00,42.5,5,0.0,30.6,Sunny,10.2,2025,6,June
Oman,Muscat,23.6133,58.5933,2025-06-20 13:00:00,42.2,36,0.0,14.4,Sunny,10.7,2025,6,June
Qatar,Doha,25.2867,51.5333,2025-06-20 12:00:00,41.4,14,0.0,33.5,Sunny,11.4,2025,6,June
Saudi Arabia,Riyadh,24.6408,46.7728,2025-06-20 12:00:00,40.4,5,0.0,27.4,Sunny,11.9,2025,6,June
Kuwait,Kuwait City,29.3667,47.96,2025-06-21 11:45:00,43.6,5,0.0,25.9,Sunny,11.0,2025,6,June
Oman,Muscat,23.6133,58.5933,2025-06-21 13:00:00,41.2,36,0.0,19.1,Sunny,10.7,2025,6,June
Qatar,Doha,25.2867,51.5333,2025-06-21 11:45:00,40.1,25,0.0,22.3,Sunny,11.2,2025,6,June
Iraq,Baghdad,33.3386,44.3939,2025-06-22 11:30:00,40.2,13,0.0,25.6,Sunny,10.5,2025,6,June
Kuwait,Kuwait City,29.3667,47.96,2025-06-22 11:45:00,43.4,5,0.0,31.0,Sunny,10.6,2025,6,June
Oman,Muscat,23.6133,58.5933,2025-06-22 12:30:00,45.3,15,0.0,26.6,Sunny,11.1,2025,6,June
Qatar,Doha,25.2867,51.5333,2025-06-22 11:45:00,41.3,23,0.0,20.5,Sunny,11.1,2025,6,June
Iraq,Baghdad,33.3386,44.3939,2025-06-23 12:00:00,41.0,10,0.0,29.5,Sunny,11.3,2025,6,June
Kuwait,Kuwait City,29.3667,47.96,2025-06-23 12:00:00,43.3,5,0.0,33.1,Sunny,10.7,2025,6,June
Oman,Muscat,23.6133,58.5933,2025-06-23 12:45:00,43.2,20,0.0,18.4,Sunny,11.7,2025,6,June
Qatar,Doha,25.2867,51.5333,2025-06-23 11:45:00,43.1,12,0.0,28.1,Sunny,10.8,2025,6,June
Saudi Arabia,Riyadh,24.6408,46.7728,2025-06-23 12:00:00,40.2,5,0.0,4.3,Sunny,11.2,2025,6,June
Iraq,Baghdad,33.3386,44.3939,2025-06-24 11:45:00,40.1,10,0.0,24.5,Sunny,10.5,2025,6,June
Kuwait,Kuwait City,29.3667,47.96,2025-06-24 11:45:00,44.8,6,0.0,40.7,Mist,9.5,2025,6,June
Oman,Muscat,23.6133,58.5933,2025-06-24 12:45:00,43.4,12,0.0,20.2,Partly Cloudy,11.8,2025,6,June
Qatar,Doha,25.2867,51.5333,2025-06-24 12:00:00,43.1,9,0.0,34.6,Sunny,11.3,2025,6,June
Saudi Arabia,Riyadh,24.6408,46.7728,2025-06-24 11:45:00,41.2,4,0.0,3.6,Sunny,11.3,2025,6,June
Iraq,Baghdad,33.3386,44.3939,2025-06-25 12:00:00,42.4,6,0.0,32.8,Sunny,11.3,2025,6,June
Kuwait,Kuwait City,29.3667,47.96,2025-06-25 12:00:00,40.6,15,0.0,40.0,Sunny,9.3,2025,6,June
Oman,Muscat,23.6133,58.5933,2025-06-25 13:00:00,40.3,20,0.0,14.0,Sunny,10.6,2025,6,June
Qatar,Doha,25.2867,51.5333,2025-06-25 11:45:00,43.2,9,0.0,38.5,Sunny,10.3,2025,6,June
Saudi Arabia,Riyadh,24.6408,46.7728,2025-06-25 12:00:00,40.2,7,0.0,10.8,Sunny,11.4,2025,6,June
Tajikistan,Dushanbe,38.56,68.7739,2025-06-25 14:00:00,40.1,15,0.0,24.1,Sunny,9.6,2025,6,June
Kuwait,Kuwait City,29.3667,47.96,2025-06-26 11:45:00,40.1,16,0.0,23.8,Sunny,10.7,2025,6,June
Qatar,Doha,25.2867,51.5333,2025-06-26 12:00:00,45.3,9,0.0,33.5,Sunny,10.9,2025,6,June
Saudi Arabia,Riyadh,24.6408,46.7728,2025-06-26 12:00:00,40.2,5,0.0,6.8,Sunny,11.7,2025,6,June
Djibouti,Djibouti,11.595,43.1481,2025-06-27 11:30:00,40.3,38,0.0,10.1,Mist,9.4,2025,6,June
Iraq,Baghdad,33.3386,44.3939,2025-06-27 12:00:00,44.8,6,0.0,20.5,Sunny,11.1,2025,6,June
Kuwait,Kuwait City,29.3667,47.96,2025-06-27 11:45:00,40.5,17,0.0,23.8,Sunny,10.8,2025,6,June
Qatar,Doha,25.2867,51.5333,2025-06-27 11:45:00,43.1,14,0.0,17.3,Sunny,10.5,2025,6,June
Saudi Arabia,Riyadh,24.6408,46.7728,2025-06-27 11:30:00,41.1,5,0.0,11.2,Sunny,11.1,2025,6,June
Iraq,Baghdad,33.3386,44.3939,2025-06-28 11:45:00,41.2,11,0.0,22.0,Sunny,10.3,2025,6,June
Kuwait,Kuwait City,29.3667,47.96,2025-06-28 11:30:00,45.7,5,0.0,20.5,Sunny,10.9,2025,6,June
Qatar,Doha,25.2867,51.5333,2025-06-28 11:30:00,45.2,11,0.0,22.0,Sunny,10.8,2025,6,June
Saudi Arabia,Riyadh,24.6408,46.7728,2025-06-28 11:45:00,42.1,5,0.0,6.8,Sunny,10.8,2025,6,June
Bahrain,Manama,26.2361,50.5831,2025-06-29 11:30:00,43.0,9,0.0,11.9,Sunny,9.9,2025,6,June
Djibouti,Djibouti,11.595,43.1481,2025-06-29 11:30:00,43.1,27,0.0,9.7,Partly cloudy,9.2,2025,6,June
Iraq,Baghdad,33.3386,44.3939,2025-06-29 11:30:00,42.0,10,0.0,15.8,Sunny,10.3,2025,6,June
Kuwait,Kuwait City,29.3667,47.96,2025-06-29 11:30:00,46.8,6,0.0,6.8,Sunny,10.9,2025,6,June
Qatar,Doha,25.2867,51.5333,2025-06-29 11:45:00,44.1,13,0.0,14.8,Sunny,10.4,2025,6,June
Saudi Arabia,Riyadh,24.6408,46.7728,2025-06-29 11:30:00,41.3,5,0.0,28.1,Sunny,10.5,2025,6,June
Bahrain,Manama,26.2361,50.5831,2025-06-30 11:45:00,43.2,9,0.0,15.5,Sunny,9.1,2025,6,June
Djibouti,Djibouti,11.595,43.1481,2025-06-30 12:00:00,45.3,26,0.0,17.6,Mist,10.4,2025,6,June
Iraq,Baghdad,33.3386,44.3939,2025-06-30 11:30:00,42.0,11,0.0,23.0,Sunny,10.0,2025,6,June
Kuwait,Kuwait City,29.3667,47.96,2025-06-30 12:00:00,47.1,7,0.0,5.0,Sunny,10.2,2025,6,June
Qatar,Doha,25.2867,51.5333,2025-06-30 11:45:00,46.3,8,0.0,19.4,Sunny,8.1,2025,6,June
Saudi Arabia,Riyadh,24.6408,46.7728,2025-06-30 12:00:00,41.3,4,0.0,30.2,Sunny,11.0,2025,6,June
United Arab Emirates,Abu Dhabi,24.4667,54.3667,2025-06-30 12:30:00,42.1,15,0.0,18.4,Sunny,10.2,2025,6,June
Djibouti,Djibouti,11.595,43.1481,2025-07-01 12:00:00,44.2,27,0.0,10.1,Mist,10.5,2025,7,July
Kuwait,Kuwait City,29.3667,47.96,2025-07-01 12:00:00,43.7,7,0.0,42.1,Mist,8.4,2025,7,July
Qatar,Doha,25.2867,51.5333,2025-07-01 11:45:00,46.2,11,0.0,18.4,Sunny,9.7,2025,7,July
United Arab Emirates,Abu Dhabi,24.4667,54.3667,2025-07-01 13:00:00,43.2,15,0.0,11.9,Sunny,10.5,2025,7,July
Kuwait,Kuwait City,29.3667,47.96,2025-07-02 11:45:00,42.2,7,0.0,22.3,Sunny,10.4,2025,7,July
Qatar,Doha,25.2867,51.5333,2025-07-02 11:45:00,42.1,13,0.0,40.7,Sunny,10.3,2025,7,July
Tajikistan,Dushanbe,38.56,68.7739,2025-07-02 13:30:00,40.1,14,0.0,8.6,Sunny,11.1,2025,7,July
Kuwait,Kuwait City,29.3667,47.96,2025-07-03 11:30:00,42.7,8,0.0,23.4,Mist,10.4,2025,7,July
Qatar,Doha,25.2867,51.5333,2025-07-03 11:15:00,42.1,13,0.0,36.7,Sunny,10.9,2025,7,July
Tajikistan,Dushanbe,38.56,68.7739,2025-07-03 13:45:00,41.1,14,0.0,10.1,Sunny,11.3,2025,7,July
Djibouti,Djibouti,11.595,43.1481,2025-07-04 12:00:00,42.1,32,0.0,19.1,Cloudy,9.0,2025,7,July
Kuwait,Kuwait City,29.3667,47.96,2025-07-04 12:00:00,41.1,10,0.0,38.5,Sunny,9.5,2025,7,July
Qatar,Doha,25.2867,51.5333,2025-07-04 12:00:00,43.2,12,0.0,40.7,Sunny,11.0,2025,7,July
Tajikistan,Dushanbe,38.56,68.7739,2025-07-04 14:00:00,43.2,12,0.0,13.7,Sunny,10.1,2025,7,July
Uzbekistan,Tashkent,41.3167,69.25,2025-07-04 13:30:00,42.3,14,0.0,9.0,Sunny,10.2,2025,7,July
Kuwait,Kuwait City,29.3667,47.96,2025-07-05 11:45:00,41.2,7,0.0,37.1,Mist,8.9,2025,7,July
Qatar,Doha,25.2867,51.5333,2025-07-05 12:00:00,42.0,11,0.0,43.6,Sunny,11.5,2025,7,July
Tajikistan,Dushanbe,38.56,68.7739,2025-07-05 14:00:00,42.1,15,0.0,13.7,Sunny,9.8,2025,7,July
Djibouti,Djibouti,11.595,43.1481,2025-07-06 12:45:00,44.1,29,0.0,4.7,Mist,10.4,2025,7,July
Qatar,Doha,25.2867,51.5333,2025-07-06 13:00:00,40.1,17,0.0,46.1,Sunny,9.3,2025,7,July
Tajikistan,Dushanbe,38.56,68.7739,2025-07-06 14:30:00,41.2,17,0.0,14.4,Mist,9.8,2025,7,July
Kuwait,Kuwait City,29.3667,47.96,2025-07-07 12:00:00,41.5,9,0.0,24.8,Sunny,10.6,2025,7,July
Qatar,Doha,25.2867,51.5333,2025-07-07 11:45:00,40.3,14,0.0,33.8,Overcast,10.3,2025,7,July
Qatar,Doha,25.2867,51.5333,2025-07-08 12:00:00,41.0,17,0.0,19.8,Sunny,10.3,2025,7,July
Djibouti,Djibouti,11.595,43.1481,2025-07-09 11:45:00,41.4,36,0.0,24.5,Partly cloudy,9.7,2025,7,July
Kuwait,Kuwait City,29.3667,47.96,2025-07-09 11:45:00,44.4,9,0.0,17.6,Sunny,10.3,2025,7,July
Qatar,Doha,25.2867,51.5333,2025-07-09 11:45:00,43.4,21,0.0,10.4,Sunny,9.6,2025,7,July
Saudi Arabia,Riyadh,24.6408,46.7728,2025-07-09 11:45:00,40.2,7,0.0,10.8,Sunny,10.4,2025,7,July
Bahrain,Manama,26.2361,50.5831,2025-07-10 11:45:00,40.1,15,0.0,13.0,Sunny,10.3,2025,7,July
Djibouti,Djibouti,11.595,43.1481,2025-07-10 11:45:00,42.3,36,0.0,20.9,Sunny,9.7,2025,7,July
Iraq,Baghdad,33.3386,44.3939,2025-07-10 11:45:00,40.4,20,0.0,18.7,Sunny,10.1,2025,7,July
Kuwait,Kuwait City,29.3667,47.96,2025-07-10 11:45:00,44.9,8,0.0,3.6,Sunny,10.5,2025,7,July
Qatar,Doha,25.2867,51.5333,2025-07-10 12:00:00,44.2,14,0.0,13.3,Sunny,10.3,2025,7,July
Saudi Arabia,Riyadh,24.6408,46.7728,2025-07-10 12:00:00,40.1,6,0.0,6.8,Sunny,11.6,2025,7,July
Bahrain,Manama,26.2361,50.5831,2025-07-11 11:30:00,41.2,16,0.0,7.2,Sunny,10.3,2025,7,July
Iraq,Baghdad,33.3386,44.3939,2025-07-11 11:30:00,44.9,11,0.0,18.7,Sunny,10.0,2025,7,July
Kuwait,Kuwait City,29.3667,47.96,2025-07-11 11:30:00,45.2,7,0.0,7.2,Sunny,10.3,2025,7,July
Saudi Arabia,Riyadh,24.6408,46.7728,2025-07-11 11:30:00,41.0,5,0.0,14.0,Sunny,11.4,2025,7,July
Iraq,Baghdad,33.3386,44.3939,2025-07-12 11:30:00,41.1,16,0.0,20.5,Mist,9.5,2025,7,July
Kuwait,Kuwait City,29.3667,47.96,2025-07-12 11:45:00,46.3,9,0.0,4.7,Sunny,10.0,2025,7,July
Saudi Arabia,Riyadh,24.6408,46.7728,2025-07-12 11:45:00,41.0,5,0.0,13.3,Sunny,11.1,2025,7,July
Djibouti,Djibouti,11.595,43.1481,2025-07-13 11:45:00,42.4,32,0.0,19.8,Mist,9.4,2025,7,July
Iraq,Baghdad,33.3386,44.3939,2025-07-13 11:45:00,44.2,14,0.0,6.8,Mist,9.7,2025,7,July
Kuwait,Kuwait City,29.3667,47.96,2025-07-13 11:45:00,45.2,8,0.0,7.9,Sunny,9.7,2025,7,July
Saudi Arabia,Riyadh,24.6408,46.7728,2025-07-13 11:45:00,42.3,5,0.0,15.1,Sunny,11.2,2025,7,July
United Arab Emirates,Abu Dhabi,24.4667,54.3667,2025-07-13 12:45:00,42.3,27,0.0,12.6,Sunny,10.2,2025,7,July
Bahrain,Manama,26.2361,50.5831,2025-07-14 11:45:00,40.1,25,0.0,3.6,Sunny,9.9,2025,7,July
Djibouti,Djibouti,11.595,43.1481,2025-07-14 12:00:00,44.1,29,0.0,10.8,Mist,11.4,2025,7,July
Iraq,Baghdad,33.3386,44.3939,2025-07-14 12:00:00,43.4,19,0.0,11.5,Mist,8.6,2025,7,July
Kuwait,Kuwait City,29.3667,47.96,2025-07-14 12:00:00,46.8,8,0.0,14.4,Sunny,10.2,2025,7,July
Qatar,Doha,25.2867,51.5333,2025-07-14 12:00:00,41.2,22,0.0,16.9,Sunny,9.9,2025,7,July
Saudi Arabia,Riyadh,24.6408,46.7728,2025-07-14 12:00:00,43.3,8,0.0,19.4,Sunny,11.3,2025,7,July
United Arab Emirates,Abu Dhabi,24.4667,54.3667,2025-07-14 13:00:00,43.0,27,0.0,26.6,Sunny,10.1,2025,7,July
Iraq,Baghdad,33.3386,44.3939,2025-07-15 12:00:00,41.4,22,0.0,36.7,Mist,8.7,2025,7,July
Kuwait,Kuwait City,29.3667,47.96,2025-07-15 11:45:00,47.9,4,0.0,16.6,Sunny,9.6,2025,7,July
Qatar,Doha,25.2867,51.5333,2025-07-15 12:00:00,40.1,30,0.0,18.7,Sunny,9.9,2025,7,July
Saudi Arabia,Riyadh,24.6408,46.7728,2025-07-15 12:00:00,43.1,5,0.0,9.7,Sunny,11.1,2025,7,July
United Arab Emirates,Abu Dhabi,24.4667,54.3667,2025-07-15 13:00:00,45.4,22,0.0,15.8,Sunny,9.7,2025,7,July
Bahrain,Manama,26.2361,50.5831,2025-07-16 11:45:00,41.3,23,0.0,8.3,Sunny,10.2,2025,7,July
Djibouti,Djibouti,11.595,43.1481,2025-07-16 11:45:00,42.3,32,0.0,16.9,Cloudy,9.1,2025,7,July
Iraq,Baghdad,33.3386,44.3939,2025-07-16 11:45:00,45.0,9,0.0,15.8,Sunny,9.8,2025,7,July
Kuwait,Kuwait City,29.3667,47.96,2025-07-16 11:45:00,47.3,10,0.0,11.9,Sunny,8.9,2025,7,July
Qatar,Doha,25.2867,51.5333,2025-07-16 11:45:00,40.4,28,0.0,6.1,Sunny,10.1,2025,7,July
Saudi Arabia,Riyadh,24.6408,46.7728,2025-07-16 11:45:00,44.4,5,0.0,3.6,Sunny,10.8,2025,7,July
Turkmenistan,Ashgabat,37.95,58.3833,2025-07-16 13:45:00,41.4,12,0.0,11.2,Sunny,10.8,2025,7,July
United Arab Emirates,Abu Dhabi,24.4667,54.3667,2025-07-16 12:45:00,41.2,41,0.0,14.0,Overcast,9.9,2025,7,July
Iraq,Baghdad,33.3386,44.3939,2025-07-17 11:30:00,40.2,13,0.0,27.4,Sunny,9.6,2025,7,July
Kuwait,Kuwait City,29.3667,47.96,2025-07-17 11:45:00,44.9,15,0.0,20.9,Sunny,9.8,2025,7,July
Qatar,Doha,25.2867,51.5333,2025-07-17 11:45:00,41.3,32,0.0,11.5,Sunny,10.0,2025,7,July
Saudi Arabia,Riyadh,24.6408,46.7728,2025-07-17 11:30:00,42.3,6,0.0,21.6,Sunny,10.8,2025,7,July
Turkmenistan,Ashgabat,37.95,58.3833,2025-07-17 13:45:00,42.3,10,0.0,19.4,Sunny,10.7,2025,7,July
United Arab Emirates,Abu Dhabi,24.4667,54.3667,2025-07-17 12:45:00,46.1,11,0.0,12.2,Sunny,10.9,2025,7,July
Djibouti,Djibouti,11.595,43.1481,2025-07-18 11:30:00,41.3,38,0.0,14.0,Mist,8.1,2025,7,July
Iraq,Baghdad,33.3386,44.3939,2025-07-18 11:30:00,42.5,6,0.0,21.2,Sunny,9.8,2025,7,July
Kuwait,Kuwait City,29.3667,47.96,2025-07-18 11:30:00,46.0,12,0.0,35.3,Sunny,9.9,2025,7,July
Qatar,Doha,25.2867,51.5333,2025-07-18 11:30:00,43.0,16,0.0,4.3,Sunny,10.1,2025,7,July
Saudi Arabia,Riyadh,24.6408,46.7728,2025-07-18 11:30:00,42.4,7,0.0,26.3,Sunny,10.6,2025,7,July
Tajikistan,Dushanbe,38.56,68.7739,2025-07-18 13:30:00,40.2,12,0.0,9.7,Sunny,11.0,2025,7,July
Turkmenistan,Ashgabat,37.95,58.3833,2025-07-18 13:30:00,41.0,14,0.0,11.9,Sunny,10.4,2025,7,July
United Arab Emirates,Abu Dhabi,24.4667,54.3667,2025-07-18 12:30:00,45.0,18,0.0,19.8,Overcast,9.8,2025,7,July
Bahrain,Manama,26.2361,50.5831,2025-07-19 11:45:00,40.1,28,0.0,22.7,Sunny,10.8,2025,7,July
Iraq,Baghdad,33.3386,44.3939,2025-07-19 11:45:00,40.2,26,0.0,30.6,Mist,9.3,2025,7,July
Kuwait,Kuwait City,29.3667,47.96,2025-07-19 11:45:00,43.7,9,0.0,17.6,Sunny,10.4,2025,7,July
Qatar,Doha,25.2867,51.5333,2025-07-19 11:45:00,40.2,41,0.0,42.8,Sunny,10.8,2025,7,July
Saudi Arabia,Riyadh,24.6408,46.7728,2025-07-19 11:45:00,42.3,5,0.0,19.1,Sunny,10.8,2025,7,July
Tajikistan,Dushanbe,38.56,68.7739,2025-07-19 13:45:00,40.1,14,0.0,10.4,Sunny,11.1,2025,7,July
Uzbekistan,Tashkent,41.3167,69.25,2025-07-19 13:45:00,41.2,14,0.0,3.6,Sunny,9.9,2025,7,July
Djibouti,Djibouti,11.595,43.1481,2025-07-20 11:30:00,42.0,30,0.0,23.0,Partly cloudy,7.3,2025,7,July
Kuwait,Kuwait City,29.3667,47.96,2025-07-20 11:30:00,45.3,7,0.0,29.9,Sunny,9.9,2025,7,July
Kyrghyzstan,Bishkek,42.8731,74.6003,2025-07-20 14:30:00,40.1,11,0.0,20.2,Sunny,9.1,2025,7,July
Qatar,Doha,25.2867,51.5333,2025-07-20 11:30:00,42.1,29,0.0,31.0,Sunny,10.6,2025,7,July
Saudi Arabia,Riyadh,24.6408,46.7728,2025-07-20 11:30:00,41.1,7,0.0,25.9,Sunny,11.0,2025,7,July
Tajikistan,Dushanbe,38.56,68.7739,2025-07-20 13:30:00,41.3,14,0.0,11.9,Sunny,11.0,2025,7,July
Djibouti,Djibouti,11.595,43.1481,2025-07-21 11:30:00,42.4,32,0.0,10.1,Sunny,7.9,2025,7,July
Iraq,Baghdad,33.3386,44.3939,2025-07-21 11:30:00,40.2,17,0.0,17.3,Sunny,10.1,2025,7,July
Kuwait,Kuwait City,29.3667,47.96,2025-07-21 11:30:00,45.3,7,0.0,36.7,Mist,10.2,2025,7,July
Saudi Arabia,Riyadh,24.6408,46.7728,2025-07-21 11:30:00,41.0,8,0.0,24.1,Sunny,11.0,2025,7,July
Tajikistan,Dushanbe,38.56,68.7739,2025-07-21 13:45:00,40.4,14,0.0,13.0,Sunny,10.9,2025,7,July
United Arab Emirates,Abu Dhabi,24.4667,54.3667,2025-07-21 12:30:00,43.0,35,0.0,17.3,Sunny,10.3,2025,7,July
Uzbekistan,Tashkent,41.3167,69.25,2025-07-21 13:45:00,40.2,16,0.0,10.4,Sunny,9.6,2025,7,July
Djibouti,Djibouti,11.595,43.1481,2025-07-22 11:30:00,41.2,36,0.0,18.4,Sunny,9.3,2025,7,July
Iraq,Baghdad,33.3386,44.3939,2025-07-22 11:30:00,42.4,14,0.0,22.0,Sunny,9.9,2025,7,July
Kuwait,Kuwait City,29.3667,47.96,2025-07-22 11:30:00,46.3,6,0.0,30.2,Sunny,9.9,2025,7,July
Qatar,Doha,25.2867,51.5333,2025-07-22 11:45:00,40.2,34,0.0,17.6,Sunny,11.0,2025,7,July
Saudi Arabia,Riyadh,24.6408,46.7728,2025-07-22 11:30:00,42.1,6,0.0,25.9,Sunny,11.0,2025,7,July
Tajikistan,Dushanbe,38.56,68.7739,2025-07-22 13:30:00,40.2,17,0.0,11.2,Sunny,10.5,2025,7,July
United Arab Emirates,Abu Dhabi,24.4667,54.3667,2025-07-22 12:45:00,41.4,52,0.0,16.2,Sunny,10.4,2025,7,July
Bahrain,Manama,26.2361,50.5831,2025-07-23 11:30:00,40.3,34,0.0,32.0,Sunny,10.5,2025,7,July
Djibouti,Djibouti,11.595,43.1481,2025-07-23 11:45:00,44.3,26,0.0,23.4,Sunny,9.2,2025,7,July
Iraq,Baghdad,33.3386,44.3939,2025-07-23 11:45:00,42.0,18,0.0,26.6,Sunny,10.2,2025,7,July
Kuwait,Kuwait City,29.3667,47.96,2025-07-23 11:45:00,46.1,9,0.0,29.9,Sunny,10.1,2025,7,July
Qatar,Doha,25.2867,51.5333,2025-07-23 11:45:00,45.4,16,0.0,31.3,Partly Cloudy,10.4,2025,7,July
Saudi Arabia,Riyadh,24.6408,46.7728,2025-07-23 11:45:00,42.3,6,0.0,10.8,Partly Cloudy,10.7,2025,7,July
Uzbekistan,Tashkent,41.3167,69.25,2025-07-23 13:45:00,40.1,16,0.0,11.2,Sunny,9.9,2025,7,July
Djibouti,Djibouti,11.595,43.1481,2025-07-24 11:45:00,45.1,22,0.0,23.8,Mist,9.4,2025,7,July
Kuwait,Kuwait City,29.3667,47.96,2025-07-24 11:45:00,46.4,8,0.0,29.9,Sunny,10.7,2025,7,July
Qatar,Doha,25.2867,51.5333,2025-07-24 11:30:00,41.3,32,0.0,24.5,Sunny,10.7,2025,7,July
Saudi Arabia,Riyadh,24.6408,46.7728,2025-07-24 11:45:00,42.4,7,0.0,23.0,Sunny,11.2,2025,7,July
Cyprus,Nicosia,35.1667,33.3667,2025-07-25 11:15:00,40.1,14,0.0,17.6,Sunny,8.8,2025,7,July
Djibouti,Djibouti,11.595,43.1481,2025-07-25 11:30:00,43.3,31,0.0,26.3,Mist,9.8,2025,7,July
Iraq,Baghdad,33.3386,44.3939,2025-07-25 11:30:00,41.0,19,0.0,11.9,Mist,10.0,2025,7,July
Kuwait,Kuwait City,29.3667,47.96,2025-07-25 11:30:00,46.9,6,0.0,12.6,Sunny,10.4,2025,7,July
Saudi Arabia,Riyadh,24.6408,46.7728,2025-07-25 11:15:00,42.3,6,0.0,15.1,Sunny,11.0,2025,7,July
Tajikistan,Dushanbe,38.56,68.7739,2025-07-25 13:15:00,40.2,14,0.0,16.2,Sunny,10.6,2025,7,July
United Arab Emirates,Abu Dhabi,24.4667,54.3667,2025-07-25 12:30:00,43.2,29,0.0,7.6,Sunny,10.2,2025,7,July
Iraq,Baghdad,33.3386,44.3939,2025-07-26 11:30:00,46.1,12,0.0,7.9,Sunny,9.7,2025,7,July
Kuwait,Kuwait City,29.3667,47.96,2025-07-26 11:30:00,45.9,11,0.0,6.5,Sunny,10.2,2025,7,July
Qatar,Doha,25.2867,51.5333,2025-07-26 11:30:00,42.2,25,0.0,13.7,Sunny,10.9,2025,7,July
Saudi Arabia,Riyadh,24.6408,46.7728,2025-07-26 11:30:00,44.1,5,0.0,9.4,Sunny,11.0,2025,7,July
United Arab Emirates,Abu Dhabi,24.4667,54.3667,2025-07-26 12:30:00,44.4,24,0.0,6.1,Sunny,10.0,2025,7,July
Bahrain,Manama,26.2361,50.5831,2025-07-27 11:30:00,41.1,41,0.0,9.4,Sunny,10.7,2025,7,July
Djibouti,Djibouti,11.595,43.1481,2025-07-27 11:30:00,41.2,30,0.0,23.4,Partly cloudy,9.5,2025,7,July
Iraq,Baghdad,33.3386,44.3939,2025-07-27 11:30:00,46.1,13,0.0,10.1,Sunny,9.4,2025,7,July
Kuwait,Kuwait City,29.3667,47.96,2025-07-27 11:30:00,46.6,7,0.0,3.6,Sunny,10.3,2025,7,July
Qatar,Doha,25.2867,51.5333,2025-07-27 11:30:00,41.0,34,0.0,8.3,Sunny,10.8,2025,7,July
Saudi Arabia,Riyadh,24.6408,46.7728,2025-07-27 11:30:00,43.1,6,0.0,5.8,Sunny,10.8,2025,7,July
United Arab Emirates,Abu Dhabi,24.4667,54.3667,2025-07-27 12:30:00,45.2,22,0.0,14.0,Sunny,11.2,2025,7,July
Bahrain,Manama,26.2361,50.5831,2025-07-28 11:30:00,40.2,43,0.0,7.2,Sunny,10.7,2025,7,July
Iraq,Baghdad,33.3386,44.3939,2025-07-28 11:30:00,43.2,15,0.0,11.9,Sunny,9.5,2025,7,July
Kuwait,Kuwait City,29.3667,47.96,2025-07-28 11:30:00,48.8,5,0.0,3.6,Sunny,10.5,2025,7,July
Saudi Arabia,Riyadh,24.6408,46.7728,2025-07-28 11:30:00,44.1,5,0.0,8.6,Sunny,11.0,2025,7,July
United Arab Emirates,Abu Dhabi,24.4667,54.3667,2025-07-28 12:30:00,46.4,18,0.0,10.4,Sunny,10.3,2025,7,July
Bahrain,Manama,26.2361,50.5831,2025-07-29 11:45:00,42.3,24,0.0,13.3,Sunny,10.5,2025,7,July
Iraq,Baghdad,33.3386,44.3939,2025-07-29 11:45:00,42.1,16,0.0,28.4,Sunny,9.8,2025,7,July
Kuwait,Kuwait City,29.3667,47.96,2025-07-29 11:45:00,41.8,19,0.0,16.2,Sunny,9.7,2025,7,July
Oman,Muscat,23.6133,58.5933,2025-07-29 12:45:00,40.1,34,0.0,8.6,Sunny,11.7,2025,7,July
Saudi Arabia,Riyadh,24.6408,46.7728,2025-07-29 11:30:00,43.3,5,0.0,6.5,Sunny,10.9,2025,7,July
Turkmenistan,Ashgabat,37.95,58.3833,2025-07-29 13:45:00,40.1,14,0.0,6.5,Sunny,10.6,2025,7,July
United Arab Emirates,Abu Dhabi,24.4667,54.3667,2025-07-29 12:45:00,45.3,20,0.0,11.9,Sunny,9.7,2025,7,July
Bahrain,Manama,26.2361,50.5831,2025-07-30 11:15:00,40.3,36,0.0,19.8,Sunny,11.1,2025,7,July
Iraq,Baghdad,33.3386,44.3939,2025-07-30 11:15:00,40.1,19,0.0,14.8,Sunny,10.1,2025,7,July
Kuwait,Kuwait City,29.3667,47.96,2025-07-30 11:15:00,45.8,7,0.0,27.0,Mist,10.7,2025,7,July
Oman,Muscat,23.6133,58.5933,2025-07-30 12:15:00,44.1,23,0.0,16.9,Sunny,11.4,2025,7,July
Qatar,Doha,25.2867,51.5333,2025-07-30 11:15:00,46.1,15,0.0,23.4,Sunny,11.0,2025,7,July
Saudi Arabia,Riyadh,24.6408,46.7728,2025-07-30 11:30:00,45.4,5,0.0,4.7,Sunny,10.5,2025,7,July
United Arab Emirates,Abu Dhabi,24.4667,54.3667,2025-07-30 12:15:00,42.2,25,0.0,22.7,Sunny,10.4,2025,7,July
Bahrain,Manama,26.2361,50.5831,2025-07-31 11:30:00,41.3,36,0.0,42.1,Sunny,10.7,2025,7,July
Djibouti,Djibouti,11.595,43.1481,2025-07-31 11:30:00,44.3,24,0.0,32.0,Mist,8.8,2025,7,July
Iraq,Baghdad,33.3386,44.3939,2025-07-31 11:30:00,43.2,20,0.0,19.1,Sunny,10.1,2025,7,July
Kuwait,Kuwait City,29.3667,47.96,2025-07-31 11:30:00,46.3,8,0.0,32.8,Sunny,10.4,2025,7,July
Qatar,Doha,25.2867,51.5333,2025-07-31 11:30:00,45.4,18,0.0,38.9,Sunny,10.2,2025,7,July
Saudi Arabia,Riyadh,24.6408,46.7728,2025-07-31 11:30:00,41.2,7,0.0,9.4,Sunny,10.5,2025,7,July
United Arab Emirates,Abu Dhabi,24.4667,54.3667,2025-07-31 12:30:00,42.1,34,0.0,10.8,Sunny,10.5,2025,7,July
Iraq,Baghdad,33.3386,44.3939,2025-08-01 11:15:00,41.7,19,0.0,21.2,Sunny,9.7,2025,8,August
Kuwait,Kuwait City,29.3667,47.96,2025-08-01 11:15:00,45.9,5,0.0,17.6,Sunny,9.8,2025,8,August
Qatar,Doha,25.2867,51.5333,2025-08-01 11:15:00,43.3,25,0.0,31.7,Sunny,10.1,2025,8,August
Saudi Arabia,Riyadh,24.6408,46.7728,2025-08-01 11:15:00,42.0,5,0.0,16.2,Sunny,10.0,2025,8,August
United Arab Emirates,Abu Dhabi,24.4667,54.3667,2025-08-01 12:15:00,41.2,55,0.0,12.6,Sunny,10.1,2025,8,August
Bahrain,Manama,26.2361,50.5831,2025-08-02 11:30:00,40.2,25,0.0,8.3,Sunny,10.5,2025,8,August
Iraq,Baghdad,33.3386,44.3939,2025-08-02 11:30:00,41.2,19,0.0,16.2,Sunny,9.9,2025,8,August
Kuwait,Kuwait City,29.3667,47.96,2025-08-02 11:30:00,43.3,13,0.0,19.8,Sunny,10.0,2025,8,August
Saudi Arabia,Riyadh,24.6408,46.7728,2025-08-02 11:30:00,43.1,5,0.0,12.2,Sunny,10.7,2025,8,August
United Arab Emirates,Abu Dhabi,24.4667,54.3667,2025-08-02 12:30:00,46.2,17,0.0,13.0,Sunny,9.5,2025,8,August
Bahrain,Manama,26.2361,50.5831,2025-08-03 11:15:00,41.1,34,0.0,22.0,Sunny,10.4,2025,8,August
Iraq,Baghdad,33.3386,44.3939,2025-08-03 11:15:00,43.0,13,0.0,27.7,Sunny,9.8,2025,8,August
Kuwait,Kuwait City,29.3667,47.96,2025-08-03 11:15:00,44.3,11,0.0,28.1,Mist,9.8,2025,8,August
Qatar,Doha,25.2867,51.5333,2025-08-03 11:15:00,42.3,30,0.0,18.7,Sunny,10.3,2025,8,August
Saudi Arabia,Riyadh,24.6408,46.7728,2025-08-03 11:15:00,42.2,8,0.0,18.4,Sunny,10.8,2025,8,August
United Arab Emirates,Abu Dhabi,24.4667,54.3667,2025-08-03 12:15:00,43.4,24,0.0,16.6,Sunny,10.6,2025,8,August
Iraq,Baghdad,33.3386,44.3939,2025-08-04 11:15:00,43.3,9,0.0,29.2,Sunny,9.7,2025,8,August
Kuwait,Kuwait City,29.3667,47.96,2025-08-04 11:30:00,44.9,9,0.0,36.0,Mist,9.8,2025,8,August
Saudi Arabia,Riyadh,24.6408,46.7728,2025-08-04 11:15:00,42.0,9,0.0,15.1,Sunny,10.8,2025,8,August
United Arab Emirates,Abu Dhabi,24.4667,54.3667,2025-08-04 12:15:00,41.1,27,0.0,6.5,Sunny,10.7,2025,8,August
Iraq,Baghdad,33.3386,44.3939,2025-08-05 11:30:00,42.2,13,0.0,35.3,Sunny,9.6,2025,8,August
Kuwait,Kuwait City,29.3667,47.96,2025-08-05 11:30:00,44.8,9,0.0,25.2,Mist,10.1,2025,8,August
Saudi Arabia,Riyadh,24.6408,46.7728,2025-08-05 11:30:00,42.2,8,0.0,22.0,Sunny,10.7,2025,8,August
United Arab Emirates,Abu Dhabi,24.4667,54.3667,2025-08-05 12:30:00,42.4,25,0.0,10.1,Sunny,10.5,2025,8,August
Iraq,Baghdad,33.3386,44.3939,2025-08-06 11:30:00,41.3,14,0.0,31.3,Sunny,9.6,2025,8,August
Saudi Arabia,Riyadh,24.6408,46.7728,2025-08-06 11:30:00,42.3,8,0.0,27.0,Sunny,10.4,2025,8,August
United Arab Emirates,Abu Dhabi,24.4667,54.3667,2025-08-06 12:30:00,42.2,24,0.0,15.1,Sunny,10.1,2025,8,August
Bahrain,Manama,26.2361,50.5831,2025-08-07 11:15:00,41.0,41,0.0,15.8,Sunny,9.9,2025,8,August
Iraq,Baghdad,33.3386,44.3939,2025-08-07 11:30:00,42.4,12,0.0,20.9,Sunny,9.7,2025,8,August
Qatar,Doha,25.2867,51.5333,2025-08-07 11:30:00,41.1,41,0.0,13.0,Sunny,9.8,2025,8,August
Saudi Arabia,Riyadh,24.6408,46.7728,2025-08-07 11:30:00,42.2,10,0.0,13.7,Sunny,10.6,2025,8,August
United Arab Emirates,Abu Dhabi,24.4667,54.3667,2025-08-07 12:30:00,43.1,24,0.0,13.7,Sunny,9.7,2025,8,August
Bahrain,Manama,26.2361,50.5831,2025-08-08 11:15:00,41.3,43,0.0,19.4,Sunny,9.9,2025,8,August
Iraq,Baghdad,33.3386,44.3939,2025-08-08 11:15:00,44.9,11,0.0,27.0,Sunny,9.3,2025,8,August
Kuwait,Kuwait City,29.3667,47.96,2025-08-08 11:15:00,41.1,41,0.0,14.4,Sunny,9.8,2025,8,August
Qatar,Doha,25.2867,51.5333,2025-08-08 11:15:00,41.3,46,0.0,18.0,Mist,9.8,2025,8,August
Saudi Arabia,Riyadh,24.6408,46.7728,2025-08-08 11:15:00,43.3,8,0.0,9.4,Sunny,10.3,2025,8,August
United Arab Emirates,Abu Dhabi,24.4667,54.3667,2025-08-08 12:15:00,43.4,24,0.0,5.4,Sunny,10.2,2025,8,August
Bahrain,Manama,26.2361,50.5831,2025-08-09 11:15:00,41.1,36,0.0,13.3,Sunny,10.1,2025,8,August
Iraq,Baghdad,33.3386,44.3939,2025-08-09 11:15:00,42.2,16,0.0,21.2,Sunny,9.1,2025,8,August
Kuwait,Kuwait City,29.3667,47.96,2025-08-09 11:15:00,41.4,38,0.0,11.9,Mist,9.3,2025,8,August
Saudi Arabia,Riyadh,24.6408,46.7728,2025-08-09 11:15:00,44.3,9,0.0,3.6,Sunny,9.7,2025,8,August
United Arab Emirates,Abu Dhabi,24.4667,54.3667,2025-08-09 12:15:00,42.3,25,0.0,7.9,Sunny,10.4,2025,8,August
Iraq,Baghdad,33.3386,44.3939,2025-08-10 11:30:00,45.2,11,0.0,14.8,Sunny,9.2,2025,8,August
Kuwait,Kuwait City,29.3667,47.96,2025-08-10 11:30:00,40.3,26,0.0,13.7,Sunny,9.1,2025,8,August
Saudi Arabia,Riyadh,24.6408,46.7728,2025-08-10 11:30:00,43.3,12,0.0,12.6,Overcast,10.1,2025,8,August
United Arab Emirates,Abu Dhabi,24.4667,54.3667,2025-08-10 12:30:00,43.2,21,0.0,5.8,Sunny,10.4,2025,8,August
Iraq,Baghdad,33.3386,44.3939,2025-08-11 11:15:00,44.4,11,0.0,14.4,Sunny,8.8,2025,8,August
Qatar,Doha,25.2867,51.5333,2025-08-11 11:15:00,43.1,22,0.0,14.0,Sunny,10.1,2025,8,August
Saudi Arabia,Riyadh,24.6408,46.7728,2025-08-11 11:15:00,44.4,8,0.0,3.6,Sunny,10.1,2025,8,August
United Arab Emirates,Abu Dhabi,24.4667,54.3667,2025-08-11 12:15:00,40.1,25,0.0,6.5,Sunny,10.4,2025,8,August
Bahrain,Manama,26.2361,50.5831,2025-08-12 11:15:00,40.2,48,0.0,5.8,Sunny,10.2,2025,8,August
Iraq,Baghdad,33.3386,44.3939,2025-08-12 11:15:00,44.1,9,0.0,19.8,Sunny,9.2,2025,8,August
Kuwait,Kuwait City,29.3667,47.96,2025-08-12 11:15:00,41.7,30,0.0,6.1,Sunny,8.8,2025,8,August
Oman,Muscat,23.6133,58.5933,2025-08-12 12:30:00,40.4,43,0.0,13.0,Sunny,11.6,2025,8,August
Qatar,Doha,25.2867,51.5333,2025-08-12 11:15:00,43.2,20,0.0,9.7,Sunny,10.3,2025,8,August
Saudi Arabia,Riyadh,24.6408,46.7728,2025-08-12 11:30:00,43.4,11,0.0,3.6,Sunny,10.3,2025,8,August
United Arab Emirates,Abu Dhabi,24.4667,54.3667,2025-08-12 12:15:00,41.2,23,0.0,11.9,Sunny,11.3,2025,8,August
Bahrain,Manama,26.2361,50.5831,2025-08-13 11:15:00,41.1,30,0.0,11.9,Sunny,10.6,2025,8,August
Iraq,Baghdad,33.3386,44.3939,2025-08-13 11:30:00,42.0,13,0.0,19.1,Sunny,9.2,2025,8,August
Jordan,Amman,31.95,35.9333,2025-08-13 11:30:00,41.1,21,0.0,15.1,Overcast,7.9,2025,8,August
Kuwait,Kuwait City,29.3667,47.96,2025-08-13 11:30:00,48.2,7,0.0,34.6,Mist,8.7,2025,8,August
Oman,Muscat,23.6133,58.5933,2025-08-13 12:30:00,42.1,32,0.0,23.4,Sunny,11.7,2025,8,August
Qatar,Doha,25.2867,51.5333,2025-08-13 11:30:00,43.2,25,0.0,13.3,Sunny,10.4,2025,8,August
Saudi Arabia,Riyadh,24.6408,46.7728,2025-08-13 11:30:00,43.1,11,0.0,20.2,Sunny,10.2,2025,8,August
United Arab Emirates,Abu Dhabi,24.4667,54.3667,2025-08-13 12:30:00,41.1,25,0.0,16.9,Sunny,11.1,2025,8,August
Cyprus,Nicosia,35.1667,33.3667,2025-08-14 11:15:00,40.2,12,0.0,5.8,Sunny,7.4,2025,8,August
Iraq,Baghdad,33.3386,44.3939,2025-08-14 11:15:00,41.3,22,0.0,25.2,Sunny,9.3,2025,8,August
Jordan,Amman,31.95,35.9333,2025-08-14 11:15:00,40.3,36,0.0,15.5,Overcast,8.4,2025,8,August
Kuwait,Kuwait City,29.3667,47.96,2025-08-14 11:15:00,45.8,7,0.0,19.1,Sunny,10.3,2025,8,August
Oman,Muscat,23.6133,58.5933,2025-08-14 12:15:00,41.3,34,0.0,18.7,Sunny,11.6,2025,8,August
Qatar,Doha,25.2867,51.5333,2025-08-14 11:15:00,41.4,36,0.0,15.8,Sunny,11.0,2025,8,August
Saudi Arabia,Riyadh,24.6408,46.7728,2025-08-14 11:15:00,43.2,5,0.0,22.7,Sunny,10.4,2025,8,August
Syria,Damascus,33.5,36.3,2025-08-14 11:15:00,40.2,8,0.0,9.7,Sunny,8.4,2025,8,August
United Arab Emirates,Abu Dhabi,24.4667,54.3667,2025-08-14 12:30:00,40.3,34,0.0,9.0,Sunny,10.9,2025,8,August
Iraq,Baghdad,33.3386,44.3939,2025-08-15 11:15:00,45.2,8,0.0,27.0,Sunny,9.4,2025,8,August
Kuwait,Kuwait City,29.3667,47.96,2025-08-15 11:15:00,42.2,21,0.0,14.0,Mist,9.9,2025,8,August
Saudi Arabia,Riyadh,24.6408,46.7728,2025-08-15 11:15:00,41.2,5,0.0,22.3,Partly Cloudy,10.2,2025,8,August
United Arab Emirates,Abu Dhabi,24.4667,54.3667,2025-08-15 12:15:00,44.1,21,0.0,5.8,Sunny,9.1,2025,8,August
Djibouti,Djibouti,11.595,43.1481,2025-08-16 11:30:00,40.3,38,0.0,25.6,Sunny,9.7,2025,8,August
Iraq,Baghdad,33.3386,44.3939,2025-08-16 11:30:00,40.3,18,0.0,27.7,Mist,9.3,2025,8,August
Kuwait,Kuwait City,29.3667,47.96,2025-08-16 11:30:00,42.1,35,0.0,9.7,Mist,9.4,2025,8,August
Saudi Arabia,Riyadh,24.6408,46.7728,2025-08-16 11:30:00,42.2,5,0.0,23.0,Overcast,9.8,2025,8,August
United Arab Emirates,Abu Dhabi,24.4667,54.3667,2025-08-16 12:30:00,43.4,22,0.0,18.4,Sunny,9.3,2025,8,August
Iraq,Baghdad,33.3386,44.3939,2025-08-17 11:30:00,40.3,19,0.0,23.8,Sunny,9.3,2025,8,August
Kuwait,Kuwait City,29.3667,47.96,2025-08-17 11:15:00,45.1,5,0.0,8.6,Mist,9.8,2025,8,August
Qatar,Doha,25.2867,51.5333,2025-08-17 11:15:00,40.2,38,0.0,13.3,Sunny,10.2,2025,8,August
Saudi Arabia,Riyadh,24.6408,46.7728,2025-08-17 11:30:00,41.2,6,0.0,25.2,Overcast,10.2,2025,8,August
United Arab Emirates,Abu Dhabi,24.4667,54.3667,2025-08-17 12:15:00,41.0,27,0.0,8.3,Sunny,9.5,2025,8,August
Kuwait,Kuwait City,29.3667,47.96,2025-08-18 11:15:00,43.2,14,0.0,19.8,Sunny,9.4,2025,8,August
Qatar,Doha,25.2867,51.5333,2025-08-18 11:15:00,40.3,43,0.0,11.2,Sunny,9.7,2025,8,August
Saudi Arabia,Riyadh,24.6408,46.7728,2025-08-18 11:15:00,40.4,5,0.0,18.4,Sunny,9.8,2025,8,August
United Arab Emirates,Abu Dhabi,24.4667,54.3667,2025-08-18 12:15:00,42.3,27,0.0,9.4,Sunny,10.5,2025,8,August
Bahrain,Manama,26.2361,50.5831,2025-08-19 11:15:00,40.1,26,0.0,13.7,Sunny,9.2,2025,8,August
Kuwait,Kuwait City,29.3667,47.96,2025-08-19 11:00:00,41.9,17,0.0,20.5,Mist,9.5,2025,8,August
Qatar,Doha,25.2867,51.5333,2025-08-19 11:00:00,41.2,36,0.0,8.3,Sunny,10.3,2025,8,August
Iraq,Baghdad,33.3386,44.3939,2025-08-20 12:30:00,40.3,18,0.0,24.1,Sunny,9.5,2025,8,August
Kuwait,Kuwait City,29.3667,47.96,2025-08-20 12:30:00,44.2,12,0.0,29.5,Sunny,10.2,2025,8,August
Saudi Arabia,Riyadh,24.6408,46.7728,2025-08-20 12:30:00,41.1,7,0.0,25.9,Sunny,11.2,2025,8,August
United Arab Emirates,Abu Dhabi,24.4667,54.3667,2025-08-20 13:15:00,42.3,29,0.0,11.5,Sunny,7.9,2025,8,August
Kuwait,Kuwait City,29.3667,47.96,2025-08-21 11:00:00,41.4,13,0.0,13.3,Sunny,10.0,2025,8,August
Iraq,Baghdad,33.3386,44.3939,2025-08-22 11:00:00,41.1,16,0.0,12.2,Sunny,9.0,2025,8,August
Kuwait,Kuwait City,29.3667,47.96,2025-08-22 11:00:00,40.6,12,0.0,4.0,Sunny,9.8,2025,8,August
Qatar,Doha,25.2867,51.5333,2025-08-22 10:45:00,41.1,27,0.0,3.6,Sunny,7.4,2025,8,August
Bahrain,Manama,26.2361,50.5831,2025-08-23 11:15:00,40.1,26,0.0,9.4,Sunny,10.0,2025,8,August
Iraq,Baghdad,33.3386,44.3939,2025-08-23 11:00:00,40.3,13,0.0,24.1,Sunny,8.9,2025,8,August
Kuwait,Kuwait City,29.3667,47.96,2025-08-23 11:00:00,42.1,11,0.0,6.1,Sunny,9.6,2025,8,August
Qatar,Doha,25.2867,51.5333,2025-08-23 11:00:00,42.4,20,0.0,6.1,Sunny,9.8,2025,8,August
United Arab Emirates,Abu Dhabi,24.4667,54.3667,2025-08-23 12:15:00,41.1,30,0.0,24.1,Sunny,9.6,2025,8,August
Bahrain,Manama,26.2361,50.5831,2025-08-24 11:00:00,42.2,25,0.0,6.8,Sunny,9.8,2025,8,August
Kuwait,Kuwait City,29.3667,47.96,2025-08-24 11:00:00,40.4,19,0.0,15.8,Sunny,9.4,2025,8,August
Qatar,Doha,25.2867,51.5333,2025-08-24 11:15:00,41.3,22,0.0,11.2,Sunny,9.6,2025,8,August
Bahrain,Manama,26.2361,50.5831,2025-08-25 11:00:00,41.1,18,0.0,9.4,Sunny,9.6,2025,8,August
Kuwait,Kuwait City,29.3667,47.96,2025-08-25 11:00:00,43.1,9,0.0,20.5,Sunny,9.2,2025,8,August
Qatar,Doha,25.2867,51.5333,2025-08-25 11:00:00,45.1,13,0.0,4.0,Sunny,9.3,2025,8,August
United Arab Emirates,Abu Dhabi,24.4667,54.3667,2025-08-25 12:00:00,43.4,13,0.0,11.2,Sunny,9.8,2025,8,August
Bahrain,Manama,26.2361,50.5831,2025-08-26 11:15:00,41.3,32,0.0,3.6,Sunny,9.0,2025,8,August
Kuwait,Kuwait City,29.3667,47.96,2025-08-26 11:15:00,42.6,12,0.0,27.7,Mist,8.8,2025,8,August
Qatar,Doha,25.2867,51.5333,2025-08-26 11:15:00,43.0,19,0.0,5.8,Sunny,9.1,2025,8,August
United Arab Emirates,Abu Dhabi,24.4667,54.3667,2025-08-26 12:15:00,40.3,28,0.0,9.4,Sunny,9.7,2025,8,August
Kuwait,Kuwait City,29.3667,47.96,2025-08-27 11:00:00,41.2,14,0.0,26.6,Sunny,9.3,2025,8,August
United Arab Emirates,Abu Dhabi,24.4667,54.3667,2025-08-27 12:00:00,41.4,22,0.0,12.2,Sunny,9.5,2025,8,August
United Arab Emirates,Abu Dhabi,24.4667,54.3667,2025-08-28 12:30:00,43.1,17,0.0,5.0,Sunny,9.9,2025,8,August
Iraq,Baghdad,33.3386,44.3939,2025-08-29 11:00:00,41.4,13,0.0,30.2,Sunny,8.5,2025,8,August
Kuwait,Kuwait City,29.3667,47.96,2025-08-29 11:00:00,40.4,21,0.0,22.3,Sunny,8.6,2025,8,August
United Arab Emirates,Abu Dhabi,24.4667,54.3667,2025-08-29 12:00:00,42.1,27,0.0,11.9,Sunny,9.5,2025,8,August
Iraq,Baghdad,33.3386,44.3939,2025-08-30 11:00:00,41.7,8,0.0,33.1,Sunny,8.3,2025,8,August
Qatar,Doha,25.2867,51.5333,2025-08-30 10:45:00,42.1,27,0.0,8.6,Sunny,7.8,2025,8,August
United Arab Emirates,Abu Dhabi,24.4667,54.3667,2025-08-30 11:45:00,41.1,25,0.0,10.8,Sunny,8.1,2025,8,August
Iraq,Baghdad,33.3386,44.3939,2025-08-31 11:00:00,40.5,13,0.0,33.8,Sunny,8.6,2025,8,August
United Arab Emirates,Abu Dhabi,24.4667,54.3667,2025-08-31 12:00:00,40.2,38,0.0,10.4,Sunny,9.1,2025,8,August
Qatar,Doha,25.2867,51.5333,2025-09-01 11:15:00,41.3,28,0.0,8.3,Sunny,9.4,2025,9,September
United Arab Emirates,Abu Dhabi,24.4667,54.3667,2025-09-01 12:15:00,41.3,32,0.0,20.5,Sunny,9.6,2025,9,September
Qatar,Doha,25.2867,51.5333,2025-09-02 11:15:00,41.4,23,0.0,13.0,Sunny,9.5,2025,9,September
United Arab Emirates,Abu Dhabi,24.4667,54.3667,2025-09-02 12:15:00,40.2,22,0.0,11.9,Sunny,10.1,2025,9,September
Kuwait,Kuwait City,29.3667,47.96,2025-09-03 11:00:00,41.7,13,0.0,3.6,Sunny,9.1,2025,9,September
United Arab Emirates,Abu Dhabi,24.4667,54.3667,2025-09-03 12:00:00,41.0,19,0.0,8.3,Sunny,9.5,2025,9,September
Kuwait,Kuwait City,29.3667,47.96,2025-09-04 10:45:00,42.1,13,0.0,3.6,Sunny,6.8,2025,9,September
United Arab Emirates,Abu Dhabi,24.4667,54.3667,2025-09-04 12:00:00,42.3,24,0.0,14.4,Sunny,9.0,2025,9,September
Kuwait,Kuwait City,29.3667,47.96,2025-09-05 11:00:00,41.5,13,0.0,5.4,Sunny,8.4,2025,9,September
United Arab Emirates,Abu Dhabi,24.4667,54.3667,2025-09-05 12:00:00,42.0,25,0.0,4.7,Sunny,9.4,2025,9,September
Kuwait,Kuwait City,29.3667,47.96,2025-09-06 10:45:00,41.8,13,0.0,16.6,Sunny,7.0,2025,9,September
Qatar,Doha,25.2867,51.5333,2025-09-06 10:45:00,40.2,38,0.0,14.0,Sunny,7.4,2025,9,September
United Arab Emirates,Abu Dhabi,24.4667,54.3667,2025-09-06 11:45:00,40.1,26,0.0,9.4,Sunny,8.1,2025,9,September
Kuwait,Kuwait City,29.3667,47.96,2025-09-07 10:45:00,42.7,13,0.0,19.8,Sunny,6.7,2025,9,September
Qatar,Doha,25.2867,51.5333,2025-09-07 10:45:00,43.2,15,0.0,15.8,Sunny,7.5,2025,9,September
Iraq,Baghdad,33.3386,44.3939,2025-09-08 11:15:00,40.1,15,0.0,8.6,Sunny,7.8,2025,9,September
Kuwait,Kuwait City,29.3667,47.96,2025-09-08 11:15:00,44.2,11,0.0,16.6,Sunny,8.8,2025,9,September
Qatar,Doha,25.2867,51.5333,2025-09-08 11:15:00,44.2,15,0.0,27.4,Sunny,9.5,2025,9,September
Saudi Arabia,Riyadh,24.6408,46.7728,2025-09-08 11:15:00,40.2,7,0.0,11.5,Sunny,9.7,2025,9,September
Bahrain,Manama,26.2361,50.5831,2025-09-09 11:30:00,40.4,28,0.0,18.0,Sunny,9.0,2025,9,September
Kuwait,Kuwait City,29.3667,47.96,2025-09-09 11:15:00,44.4,9,0.0,3.6,Sunny,9.0,2025,9,September
Qatar,Doha,25.2867,51.5333,2025-09-09 11:15:00,43.3,17,0.0,22.0,Sunny,9.2,2025,9,September
Saudi Arabia,Riyadh,24.6408,46.7728,2025-09-09 11:30:00,41.2,4,0.0,5.4,Sunny,9.3,2025,9,September
Kuwait,Kuwait City,29.3667,47.96,2025-09-10 11:15:00,43.4,11,0.0,25.2,Sunny,8.4,2025,9,September
United Arab Emirates,Abu Dhabi,24.4667,54.3667,2025-09-10 12:15:00,40.4,23,0.0,10.1,Sunny,8.6,2025,9,September
Kuwait,Kuwait City,29.3667,47.96,2025-09-11 11:00:00,40.1,14,0.0,18.7,Sunny,8.4,2025,9,September
Kuwait,Kuwait City,29.3667,47.96,2025-09-12 11:15:00,40.4,14,0.0,21.2,Sunny,8.7,2025,9,September
Kuwait,Kuwait City,29.3667,47.96,2025-09-13 11:00:00,40.1,13,0.0,28.8,Sunny,8.6,2025,9,September
Kuwait,Kuwait City,29.3667,47.96,2025-09-15 11:15:00,40.2,16,0.0,13.3,Sunny,8.9,2025,9,September
Iraq,Baghdad,33.3386,44.3939,2025-09-18 11:00:00,40.3,11,0.0,14.4,Partly cloudy,6.9,2025,9,September
Kuwait,Kuwait City,29.3667,47.96,2025-09-18 11:00:00,42.6,10,0.0,11.5,Sunny,8.3,2025,9,September
Qatar,Doha,25.2867,51.5333,2025-09-18 10:45:00,42.0,17,0.0,14.8,Sunny,7.6,2025,9,September
Bahrain,Manama,26.2361,50.5831,2025-09-19 11:00:00,40.4,18,0.0,7.9,Sunny,8.3,2025,9,September
Kuwait,Kuwait City,29.3667,47.96,2025-09-19 11:00:00,40.7,13,0.0,15.1,Mist,7.9,2025,9,September
Qatar,Doha,25.2867,51.5333,2025-09-19 11:00:00,43.0,12,0.0,19.8,Sunny,8.8,2025,9,September
Saudi Arabia,Riyadh,24.6408,46.7728,2025-09-20 11:00:00,41.1,7,0.0,7.2,Sunny,8.9,2025,9,September
United Arab Emirates,Abu Dhabi,24.4667,54.3667,2025-09-22 12:00:00,40.1,32,0.0,17.3,Sunny,9.2,2025,9,September
Oman,Muscat,23.6133,58.5933,2025-09-29 11:45:00,42.3,15,0.0,13.3,Sunny,7.7,2025,9,September
Mongolia,Ulaanbaatar,47.9167,106.9167,2025-10-16 16:00:00,-5.9,73,0.04,8.3,Moderate snow,0.5,2025,10,October
Mongolia,Ulaanbaatar,47.9167,106.9167,2025-10-17 15:45:00,-7.9,57,0.0,4.7,Partly cloudy,1.8,2025,10,October
Mongolia,Ulaanbaatar,47.9167,106.9167,2025-10-18 16:00:00,-9.8,79,0.0,3.6,Partly cloudy,0.9,2025,10,October
Mongolia,Ulaanbaatar,47.9167,106.9167,2025-10-19 15:45:00,-8.9,62,0.0,3.6,Mist,1.7,2025,10,October
Mongolia,Ulaanbaatar,47.9167,106.9167,2025-10-20 15:45:00,-7.9,73,0.0,4.7,Sunny,1.7,2025,10,October
Kazakhstan,Astana,51.1811,71.4278,2025-11-04 13:15:00,-11.0,72,0.0,21.6,Partly cloudy,1.3,2025,11,November
Kazakhstan,Astana,51.1811,71.4278,2025-11-05 13:00:00,-8.6,73,0.0,13.0,Light snow,1.4,2025,11,November
Mongolia,Ulaanbaatar,47.9167,106.9167,2025-11-08 16:30:00,-5.7,73,0.0,3.6,Partly cloudy,0.5,2025,11,November
Mongolia,Ulaanbaatar,47.9167,106.9167,2025-11-09 15:45:00,-6.7,67,0.0,4.7,Partly Cloudy,1.1,2025,11,November
Mongolia,Ulaanbaatar,47.9167,106.9167,2025-11-15 15:30:00,-11.6,61,0.11,27.4,Partly cloudy,0.7,2025,11,November
Mongolia,Ulaanbaatar,47.9167,106.9167,2025-11-16 15:15:00,-13.7,55,0.0,6.8,Mist,0.8,2025,11,November
Mongolia,Ulaanbaatar,47.9167,106.9167,2025-11-17 15:15:00,-11.9,43,0.0,3.6,Sunny,0.9,2025,11,November
Mongolia,Ulaanbaatar,47.9167,106.9167,2025-11-18 15:30:00,-6.7,49,0.0,3.6,Sunny,0.9,2025,11,November
Switzerland,S-Chanf,46.6167,9.9833,2025-11-18 08:30:00,-9.6,85,0.0,5.4,Freezing fog,0.0,2025,11,November
Sweden,Stockholm,59.3333,18.05,2025-11-18 08:30:00,-6.7,100,0.0,7.9,Sunny,0.0,2025,11,November
Canada,Ottawa,45.4167,-75.7,2025-11-19 02:15:00,-5.8,93,0.0,7.6,Overcast,0.0,2025,11,November
Estonia,Tallinn,59.4339,24.7281,2025-11-19 09:15:00,-5.9,100,0.05,12.2,Freezing fog,0.0,2025,11,November
Finland,Helsinki,60.1756,24.9342,2025-11-19 09:15:00,-10.0,92,0.0,7.6,Partly Cloudy,0.0,2025,11,November
Mongolia,Ulaanbaatar,47.9167,106.9167,2025-11-19 15:15:00,-6.0,62,0.0,5.0,Mist,0.8,2025,11,November
Sweden,Stockholm,59.3333,18.05,2025-11-19 08:15:00,-7.7,100,0.0,7.2,Partly Cloudy,0.0,2025,11,November
Mongolia,Ulaanbaatar,47.9167,106.9167,2025-11-20 15:15:00,-4.9,49,0.0,4.3,Sunny,0.9,2025,11,November
Norway,Oslo,59.9167,10.75,2025-11-20 08:15:00,-7.7,85,0.0,6.1,Clear,0.0,2025,11,November
Andorra,Andorra La Vella,42.5,1.5167,2025-11-21 08:15:00,-7.8,82,0.36,8.6,Patchy heavy snow,0.0,2025,11,November
Germany,Berlin,52.5167,13.4,2025-11-21 08:15:00,-4.8,93,0.0,10.1,Sunny,0.0,2025,11,November
Norway,Oslo,59.9167,10.75,2025-11-21 08:15:00,-7.7,79,0.0,4.3,Clear,0.0,2025,11,November
Switzerland,S-Chanf,46.6167,9.9833,2025-11-21 08:15:00,-7.0,86,0.23,16.2,Patchy light snow,0.0,2025,11,November
Andorra,Andorra La Vella,42.5,1.5167,2025-11-22 08:15:00,-13.0,76,0.0,17.3,Sunny,0.0,2025,11,November
Finland,Helsinki,60.1756,24.9342,2025-11-22 09:15:00,-7.7,92,0.0,10.4,Sunny,0.0,2025,11,November
Luxembourg,Luxembourg,49.6117,6.13,2025-11-22 08:15:00,-4.9,93,0.0,3.6,Sunny,0.0,2025,11,November
Switzerland,Bern,46.9167,7.4667,2025-11-22 08:15:00,-7.8,92,0.0,5.4,Mist,0.0,2025,11,November
Canada,Ottawa,45.4167,-75.7,2025-11-23 02:00:00,-6.8,93,0.0,4.3,Clear,0.0,2025,11,November
Czech Republic,Prague,50.0833,14.4667,2025-11-23 08:15:00,-8.7,92,0.0,4.3,Sunny,0.0,2025,11,November
Germany,Berlin,52.5167,13.4,2025-11-23 08:15:00,-5.9,93,0.0,10.4,Partly Cloudy,0.0,2025,11,November
Liechtenstein,Vaduz,47.1333,9.5167,2025-11-23 08:15:00,-6.0,93,0.0,12.2,Partly cloudy,0.0,2025,11,November
Lithuania,Vilnius,54.6833,25.3167,2025-11-23 09:15:00,-6.7,100,0.0,5.8,Sunny,0.0,2025,11,November
Mongolia,Ulaanbaatar,47.9167,106.9167,2025-11-23 15:15:00,-7.9,85,0.0,4.3,Moderate snow,0.5,2025,11,November
Slovenia,Ljubljana,46.0553,14.5144,2025-11-23 08:15:00,-5.0,93,0.0,3.6,Partly Cloudy,0.0,2025,11,November
Switzerland,Bern,46.9167,7.4667,2025-11-23 08:15:00,-4.9,86,0.04,3.6,Partly cloudy,0.0,2025,11,November
Bosnia And Herzegovina,Sarajevo,43.85,18.3833,2025-11-24 08:15:00,-4.8,93,0.0,10.1,Freezing fog,0.2,2025,11,November
Mongolia,Ulaanbaatar,47.9167,106.9167,2025-11-24 15:15:00,-13.7,60,0.0,7.6,Partly cloudy,0.8,2025,11,November
Mongolia,Ulaanbaatar,47.9167,106.9167,2025-11-25 15:30:00,-9.7,61,0.0,5.0,Partly cloudy,0.8,2025,11,November
Andorra,Andorra La Vella,42.5,1.5167,2025-11-26 08:00:00,-5.7,91,0.27,18.0,Patchy heavy snow,0.0,2025,11,November
Finland,Helsinki,60.1756,24.9342,2025-11-26 09:00:00,-5.0,93,0.0,6.1,Light snow,0.0,2025,11,November
Mongolia,Ulaanbaatar,47.9167,106.9167,2025-11-26 15:00:00,-12.8,66,0.0,7.9,Partly Cloudy,0.7,2025,11,November
Andorra,Andorra La Vella,42.5,1.5167,2025-11-27 08:15:00,-8.0,58,0.0,17.3,Clear,0.0,2025,11,November
Estonia,Tallinn,59.4339,24.7281,2025-11-27 09:15:00,-8.0,92,0.0,9.0,Sunny,0.0,2025,11,November
Mongolia,Ulaanbaatar,47.9167,106.9167,2025-11-27 15:15:00,-11.7,61,0.0,3.6,Partly cloudy,0.8,2025,11,November
Switzerland,S-Chanf,46.6167,9.9833,2025-11-27 08:15:00,-13.9,85,0.0,9.0,Fog,0.0,2025,11,November
Switzerland,Bern,46.9167,7.4667,2025-11-27 08:15:00,-8.7,92,0.0,5.8,Mist,0.0,2025,11,November
Mongolia,Ulaanbaatar,47.9167,106.9167,2025-11-28 15:30:00,-6.9,62,0.02,7.9,Partly cloudy,0.6,2025,11,November
Slovenia,Ljubljana,46.0553,14.5144,2025-11-28 08:30:00,-4.8,93,0.0,3.6,Sunny,0.0,2025,11,November
Switzerland,Bern,46.9167,7.4667,2025-11-28 08:30:00,-4.9,93,0.0,6.1,Partly Cloudy,0.0,2025,11,November
Iceland,Reykjavik,64.15,-21.95,2025-11-29 07:15:00,-7.7,57,0.0,6.8,Partly Cloudy,0.0,2025,11,November
Mongolia,Ulaanbaatar,47.9167,106.9167,2025-11-29 15:15:00,-12.0,85,0.02,4.7,Partly cloudy,0.6,2025,11,November
Slovenia,Ljubljana,46.0553,14.5144,2025-11-29 08:15:00,-5.7,93,0.0,3.6,Sunny,0.0,2025,11,November
Mongolia,Ulaanbaatar,47.9167,106.9167,2025-11-30 14:45:00,-19.8,70,0.0,3.6,Freezing fog,1.0,2025,11,November
Mongolia,Ulaanbaatar,47.9167,106.9167,2025-12-01 15:30:00,-24.9,76,0.0,3.6,Freezing fog,0.6,2025,12,December
Canada,Ottawa,45.4167,-75.7,2025-12-02 02:15:00,-8.8,73,0.0,6.8,Overcast,0.0,2025,12,December
Mongolia,Ulaanbaatar,47.9167,106.9167,2025-12-02 15:15:00,-21.9,70,0.0,5.0,Sunny,0.6,2025,12,December
North Korea,Pyongyang,39.0194,125.7547,2025-12-02 16:15:00,-4.9,30,0.0,29.5,Sunny,0.3,2025,12,December
Andorra,Andorra La Vella,42.5,1.5167,2025-12-03 08:00:00,-6.8,90,0.0,11.2,Partly Cloudy,0.0,2025,12,December
Canada,Ottawa,45.4167,-75.7,2025-12-03 02:00:00,-12.9,85,0.0,3.6,Freezing fog,0.0,2025,12,December
Mongolia,Ulaanbaatar,47.9167,106.9167,2025-12-03 15:00:00,-16.9,59,0.0,3.6,Mist,0.7,2025,12,December
North Korea,Pyongyang,39.0194,125.7547,2025-12-03 16:00:00,-7.8,31,0.0,27.4,Sunny,0.3,2025,12,December
Andorra,Andorra La Vella,42.5,1.5167,2025-12-04 08:00:00,-6.3,70,0.0,5.8,Clear,0.0,2025,12,December
Mongolia,Ulaanbaatar,47.9167,106.9167,2025-12-04 15:00:00,-16.0,78,0.0,9.4,Sunny,0.7,2025,12,December
Andorra,Andorra La Vella,42.5,1.5167,2025-12-05 08:15:00,-5.8,91,0.02,12.6,Patchy light snow,0.0,2025,12,December
Canada,Ottawa,45.4167,-75.7,2025-12-05 02:15:00,-21.0,70,0.0,4.3,Clear,0.0,2025,12,December
Mongolia,Ulaanbaatar,47.9167,106.9167,2025-12-05 15:15:00,-14.0,66,0.0,4.7,Cloudy,0.6,2025,12,December
Canada,Ottawa,45.4167,-75.7,2025-12-06 02:15:00,-6.7,73,0.0,9.4,Partly cloudy,0.0,2025,12,December
Mongolia,Ulaanbaatar,47.9167,106.9167,2025-12-06 15:15:00,-13.8,85,0.03,18.0,Partly cloudy,0.4,2025,12,December
Canada,Ottawa,45.4167,-75.7,2025-12-07 02:00:00,-9.9,67,0.0,9.0,Clear,0.0,2025,12,December
Mongolia,Ulaanbaatar,47.9167,106.9167,2025-12-07 15:00:00,-14.8,60,0.0,7.2,Sunny,0.7,2025,12,December
Canada,Ottawa,45.4167,-75.7,2025-12-08 02:15:00,-13.0,72,0.0,22.0,Overcast,0.0,2025,12,December
Mongolia,Ulaanbaatar,47.9167,106.9167,2025-12-08 15:15:00,-15.0,60,0.0,4.3,Partly cloudy,0.7,2025,12,December
Canada,Ottawa,45.4167,-75.7,2025-12-09 02:45:00,-19.9,84,0.0,3.6,Partly cloudy,0.0,2025,12,December
Kazakhstan,Astana,51.1811,71.4278,2025-12-09 12:45:00,-18.9,77,0.06,24.8,Light snow,0.6,2025,12,December
Mongolia,Ulaanbaatar,47.9167,106.9167,2025-12-09 15:45:00,-14.8,65,0.0,3.6,Partly cloudy,0.5,2025,12,December
Switzerland,S-Chanf,46.6167,9.9833,2025-12-09 08:45:00,-7.9,92,0.0,6.1,Fog,0.0,2025,12,December
Canada,Ottawa,45.4167,-75.7,2025-12-10 02:15:00,-6.9,93,0.11,16.2,Light snow,0.0,2025,12,December
Kazakhstan,Astana,51.1811,71.4278,2025-12-10 12:15:00,-16.9,77,0.0,10.4,Sunny,0.8,2025,12,December
Mongolia,Ulaanbaatar,47.9167,106.9167,2025-12-10 15:15:00,-18.0,71,0.0,5.0,Mist,0.5,2025,12,December
Canada,Ottawa,45.4167,-75.7,2025-12-11 02:15:00,-4.9,86,0.02,22.3,Light snow,0.0,2025,12,December
Kazakhstan,Astana,51.1811,71.4278,2025-12-11 12:15:00,-13.6,66,0.0,14.8,Sunny,0.8,2025,12,December
Mongolia,Ulaanbaatar,47.9167,106.9167,2025-12-11 15:15:00,-22.7,76,0.0,3.6,Partly cloudy,0.5,2025,12,December
Canada,Ottawa,45.4167,-75.7,2025-12-12 02:30:00,-11.6,72,0.0,22.0,Partly cloudy,0.0,2025,12,December
Mongolia,Ulaanbaatar,47.9167,106.9167,2025-12-12 15:30:00,-17.9,65,0.0,3.6,Freezing fog,0.5,2025,12,December
Switzerland,S-Chanf,46.6167,9.9833,2025-12-12 08:30:00,-10.8,92,0.0,5.0,Sunny,0.0,2025,12,December
Belarus,Minsk,53.9,27.5667,2025-12-13 10:15:00,-4.8,79,0.0,10.4,Overcast,0.0,2025,12,December
Canada,Ottawa,45.4167,-75.7,2025-12-13 02:15:00,-13.8,85,0.0,3.6,Partly cloudy,0.0,2025,12,December
Finland,Helsinki,60.1756,24.9342,2025-12-13 09:15:00,-5.9,86,0.0,3.6,Overcast,0.0,2025,12,December
Mongolia,Ulaanbaatar,47.9167,106.9167,2025-12-13 15:15:00,-18.9,84,0.0,4.0,Sunny,0.6,2025,12,December
Russia,Moscow,55.7522,37.6156,2025-12-13 10:15:00,-5.7,79,0.01,25.9,Light snow,0.0,2025,12,December
Canada,Ottawa,45.4167,-75.7,2025-12-14 02:15:00,-9.0,73,0.0,7.6,Partly cloudy,0.0,2025,12,December
Mongolia,Ulaanbaatar,47.9167,106.9167,2025-12-14 15:15:00,-16.9,65,0.0,4.7,Partly cloudy,0.5,2025,12,December
Russia,Moscow,55.7522,37.6156,2025-12-14 10:15:00,-6.6,79,0.0,17.3,Partly cloudy,0.0,2025,12,December
Canada,Ottawa,45.4167,-75.7,2025-12-15 02:30:00,-14.8,71,0.0,11.5,Partly cloudy,0.0,2025,12,December
Kazakhstan,Astana,51.1811,71.4278,2025-12-15 12:30:00,-8.7,79,0.04,44.3,Light snow,0.6,2025,12,December
Mongolia,Ulaanbaatar,47.9167,106.9167,2025-12-15 15:30:00,-13.6,60,0.0,5.4,Sunny,0.5,2025,12,December
Russia,Moscow,55.7522,37.6156,2025-12-15 10:30:00,-8.7,92,0.01,9.0,Light snow showers,0.0,2025,12,December
Switzerland,S-Chanf,46.6167,9.9833,2025-12-15 08:30:00,-4.8,79,0.0,11.2,Sunny,0.0,2025,12,December
Bulgaria,Sofia,42.6833,23.3167,2025-12-16 09:15:00,-5.9,100,0.0,3.6,Freezing fog,0.2,2025,12,December
Canada,Ottawa,45.4167,-75.7,2025-12-16 02:15:00,-5.6,73,0.0,12.2,Overcast,0.0,2025,12,December
Kazakhstan,Astana,51.1811,71.4278,2025-12-16 12:15:00,-7.7,73,0.01,38.9,Light snow,0.6,2025,12,December
Mongolia,Ulaanbaatar,47.9167,106.9167,2025-12-16 15:15:00,-12.8,61,0.0,8.6,Overcast,0.6,2025,12,December
Kazakhstan,Astana,51.1811,71.4278,2025-12-17 12:15:00,-13.9,85,0.0,17.6,Blowing snow,0.6,2025,12,December
Mongolia,Ulaanbaatar,47.9167,106.9167,2025-12-17 15:15:00,-9.9,61,0.0,8.3,Partly cloudy,0.5,2025,12,December
Canada,Ottawa,45.4167,-75.7,2025-12-18 02:00:00,-6.8,79,0.0,3.6,Clear,0.0,2025,12,December
Kazakhstan,Astana,51.1811,71.4278,2025-12-18 12:00:00,-12.9,78,0.02,16.6,Light snow,0.7,2025,12,December
Mongolia,Ulaanbaatar,47.9167,106.9167,2025-12-18 15:00:00,-6.7,73,0.05,16.6,Partly cloudy,0.4,2025,12,December
Turkey,Ankara,39.9272,32.8644,2025-12-18 10:00:00,-4.9,100,0.0,3.6,Sunny,0.6,2025,12,December
Kazakhstan,Astana,51.1811,71.4278,2025-12-19 12:15:00,-6.6,93,0.06,27.0,Overcast,0.6,2025,12,December
Mongolia,Ulaanbaatar,47.9167,106.9167,2025-12-19 15:15:00,-17.9,54,0.0,5.4,Sunny,0.5,2025,12,December
Canada,Ottawa,45.4167,-75.7,2025-12-20 02:00:00,-7.0,57,0.0,31.3,Partly cloudy,0.0,2025,12,December
Kazakhstan,Astana,51.1811,71.4278,2025-12-20 12:00:00,-5.6,86,0.39,30.6,Light snow,0.6,2025,12,December
Mongolia,Ulaanbaatar,47.9167,106.9167,2025-12-20 15:00:00,-20.6,58,0.0,7.9,Sunny,0.5,2025,12,December
Kazakhstan,Astana,51.1811,71.4278,2025-12-21 12:00:00,-20.8,77,0.0,9.0,Partly cloudy,0.7,2025,12,December
Russia,Chi-Chi-Erh,51.7,94.45,2025-12-21 14:00:00,-16.8,89,0.0,3.6,Overcast,0.5,2025,12,December
Mongolia,Ulaanbaatar,47.9167,106.9167,2025-12-21 15:00:00,-17.8,54,0.0,6.1,Sunny,0.5,2025,12,December
Canada,Ottawa,45.4167,-75.7,2025-12-22 02:15:00,-11.7,66,0.0,14.0,Partly cloudy,0.0,2025,12,December
Kazakhstan,Astana,51.1811,71.4278,2025-12-22 12:15:00,-13.8,85,0.0,25.2,Blowing snow,0.7,2025,12,December
Mongolia,Ulaanbaatar,47.9167,106.9167,2025-12-22 15:15:00,-14.8,65,0.01,3.6,Partly cloudy,0.5,2025,12,December
Norway,Oslo,59.9167,10.75,2025-12-22 08:15:00,-5.8,93,0.0,3.6,Partly Cloudy,0.0,2025,12,December
Andorra,Andorra La Vella,42.5,1.5167,2025-12-23 08:15:00,-7.5,94,0.01,13.3,Light freezing rain,0.0,2025,12,December
Canada,Ottawa,45.4167,-75.7,2025-12-23 02:15:00,-6.9,86,0.0,5.0,Overcast,0.0,2025,12,December
Finland,Helsinki,60.1756,24.9342,2025-12-23 09:15:00,-6.9,73,0.0,7.9,Partly cloudy,0.0,2025,12,December
Latvia,Riga,56.95,24.1,2025-12-23 09:15:00,-5.9,68,0.0,13.7,Clear,0.0,2025,12,December
Russia,Chi-Chi-Erh,51.7,94.45,2025-12-23 14:15:00,-14.0,89,0.0,3.6,Overcast,0.5,2025,12,December
Mongolia,Ulaanbaatar,47.9167,106.9167,2025-12-23 15:15:00,-16.8,84,0.0,6.8,Partly Cloudy,0.5,2025,12,December
Russia,Moscow,55.7522,37.6156,2025-12-23 10:15:00,-12.9,72,0.0,20.9,Light snow,0.0,2025,12,December
Belarus,Minsk,53.9,27.5667,2025-12-24 10:00:00,-8.9,67,0.0,6.8,Light snow,0.0,2025,12,December
Canada,Ottawa,45.4167,-75.7,2025-12-24 02:00:00,-6.7,93,0.07,7.2,Light snow,0.0,2025,12,December
Lithuania,Vilnius,54.6833,25.3167,2025-12-24 09:00:00,-10.7,92,0.0,5.0,Partly Cloudy,0.0,2025,12,December
Russia,Chi-Chi-Erh,51.7,94.45,2025-12-24 14:00:00,-14.8,91,0.0,3.6,Cloudy,0.5,2025,12,December
Mongolia,Ulaanbaatar,47.9167,106.9167,2025-12-24 15:00:00,-17.9,59,0.0,3.6,Partly Cloudy,0.5,2025,12,December
Poland,Warsaw,52.25,21.0,2025-12-24 08:00:00,-7.9,85,0.0,16.6,Partly cloudy,0.0,2025,12,December
Russia,Moscow,55.7522,37.6156,2025-12-24 10:00:00,-15.7,78,0.0,16.6,Cloudy,0.0,2025,12,December
Ukraine,Kyiv,50.4333,30.5167,2025-12-24 09:00:00,-6.4,41,0.0,13.7,Sunny,0.1,2025,12,December
Canada,Ottawa,45.4167,-75.7,2025-12-25 02:00:00,-6.8,86,0.16,10.1,Light snow,0.0,2025,12,December
Czech Republic,Prague,50.0833,14.4667,2025-12-25 08:00:00,-5.8,93,0.0,15.5,Clear,0.0,2025,12,December
Germany,Berlin,52.5167,13.4,2025-12-25 08:00:00,-9.8,92,0.0,17.6,Partly cloudy,0.0,2025,12,December
Mongolia,Ulaanbaatar,47.9167,106.9167,2025-12-25 15:00:00,-17.7,65,0.0,6.8,Partly Cloudy,0.5,2025,12,December
North Korea,Pyongyang,39.0194,125.7547,2025-12-25 16:00:00,-7.4,65,0.0,29.5,Sunny,0.3,2025,12,December
Poland,Warsaw,52.25,21.0,2025-12-25 08:00:00,-10.9,85,0.0,7.2,Sunny,0.0,2025,12,December
Ukraine,Kyiv,50.4333,30.5167,2025-12-25 09:00:00,-7.1,39,0.0,10.4,Sunny,0.1,2025,12,December
Belgium,Brussels,50.8333,4.3333,2025-12-26 08:15:00,-5.0,86,0.0,16.6,Clear,0.0,2025,12,December
Canada,Ottawa,45.4167,-75.7,2025-12-26 02:15:00,-16.7,71,0.0,11.5,Clear,0.0,2025,12,December
Czech Republic,Prague,50.0833,14.4667,2025-12-26 08:15:00,-6.8,93,0.0,3.6,Partly Cloudy,0.0,2025,12,December
Germany,Berlin,52.5167,13.4,2025-12-26 08:15:00,-8.8,85,0.0,5.4,Clear,0.0,2025,12,December
Kazakhstan,Astana,51.1811,71.4278,2025-12-26 12:15:00,-22.8,84,0.0,11.9,Freezing fog,0.7,2025,12,December
Russia,Chi-Chi-Erh,51.7,94.45,2025-12-26 14:15:00,-18.8,95,0.0,3.6,Cloudy,0.5,2025,12,December
Mongolia,Ulaanbaatar,47.9167,106.9167,2025-12-26 15:15:00,-14.7,60,0.0,6.5,Sunny,0.6,2025,12,December
North Korea,Pyongyang,39.0194,125.7547,2025-12-26 16:15:00,-9.6,62,0.0,11.2,Sunny,0.4,2025,12,December
Poland,Warsaw,52.25,21.0,2025-12-26 08:15:00,-4.8,73,0.0,16.2,Partly cloudy,0.0,2025,12,December
Canada,Ottawa,45.4167,-75.7,2025-12-27 02:00:00,-13.9,72,0.18,18.4,Light snow,0.0,2025,12,December
Czech Republic,Prague,50.0833,14.4667,2025-12-27 08:00:00,-5.9,93,0.0,4.0,Mist,0.0,2025,12,December
Hungary,Budapest,47.5,19.0833,2025-12-27 08:00:00,-6.7,93,0.0,3.6,Mist,0.0,2025,12,December
Kazakhstan,Astana,51.1811,71.4278,2025-12-27 12:00:00,-21.6,84,0.0,14.0,Partly Cloudy,0.7,2025,12,December
Mongolia,Ulaanbaatar,47.9167,106.9167,2025-12-27 15:00:00,-13.8,66,0.0,9.7,Sunny,0.5,2025,12,December
Andorra,Andorra La Vella,42.5,1.5167,2025-12-28 08:15:00,-5.9,89,0.0,7.2,Clear,0.0,2025,12,December
Canada,Ottawa,45.4167,-75.7,2025-12-28 02:15:00,-18.9,86,0.0,3.6,Overcast,0.0,2025,12,December
Kazakhstan,Astana,51.1811,71.4278,2025-12-28 12:15:00,-16.6,71,0.0,9.0,Sunny,0.8,2025,12,December
Russia,Chi-Chi-Erh,51.7,94.45,2025-12-28 14:15:00,-19.5,90,0.0,3.6,Cloudy,0.5,2025,12,December
Mongolia,Ulaanbaatar,47.9167,106.9167,2025-12-28 15:15:00,-14.6,60,0.0,3.6,Partly Cloudy,0.5,2025,12,December
North Korea,Pyongyang,39.0194,125.7547,2025-12-28 16:15:00,-9.1,99,0.0,3.6,Freezing fog,0.0,2025,12,December
Bosnia And Herzegovina,Sarajevo,43.85,18.3833,2025-12-29 08:00:00,-7.7,100,0.0,4.0,Sunny,0.1,2025,12,December
Canada,Ottawa,45.4167,-75.7,2025-12-29 02:00:00,-5.9,93,2.39,20.9,Light freezing rain,0.0,2025,12,December
Kazakhstan,Astana,51.1811,71.4278,2025-12-29 12:00:00,-6.8,79,0.0,19.8,Sunny,0.7,2025,12,December
Russia,Chi-Chi-Erh,51.7,94.45,2025-12-29 14:00:00,-22.9,95,0.0,3.6,Mist,0.5,2025,12,December
Mongolia,Ulaanbaatar,47.9167,106.9167,2025-12-29 15:00:00,-19.7,70,0.0,3.6,Mist,0.5,2025,12,December
Russia,Moscow,55.7522,37.6156,2025-12-29 10:00:00,-4.8,100,0.15,4.7,Light snow,0.0,2025,12,December
Armenia,Yerevan,40.1811,44.5136,2025-12-30 11:00:00,-5.8,93,0.0,4.3,Sunny,1.3,2025,12,December
Belarus,Minsk,53.9,27.5667,2025-12-30 10:00:00,-4.9,86,0.03,27.0,Partly cloudy,0.0,2025,12,December
Bosnia And Herzegovina,Sarajevo,43.85,18.3833,2025-12-30 08:00:00,-8.0,100,0.0,6.1,Mist,0.1,2025,12,December
Bulgaria,Sofia,42.6833,23.3167,2025-12-30 09:00:00,-6.8,86,0.0,7.2,Sunny,0.2,2025,12,December
Canada,Ottawa,45.4167,-75.7,2025-12-30 02:00:00,-9.9,61,0.01,31.7,Light snow,0.0,2025,12,December
Russia,Chi-Chi-Erh,51.7,94.45,2025-12-30 14:15:00,-21.7,97,0.0,3.6,Mist,0.5,2025,12,December
Mongolia,Ulaanbaatar,47.9167,106.9167,2025-12-30 15:15:00,-17.7,77,0.0,3.6,Sunny,0.6,2025,12,December
Macedonia,Skopje,42.0,21.4333,2025-12-30 08:15:00,-8.0,85,0.0,3.6,Sunny,0.2,2025,12,December
Romania,Bucharest,44.4333,26.1,2025-12-30 09:00:00,-4.9,93,0.0,7.9,Sunny,0.2,2025,12,December
Russia,Moscow,55.7522,37.6156,2025-12-30 10:15:00,-5.6,100,0.19,12.6,Moderate snow,0.0,2025,12,December
Slovenia,Ljubljana,46.0553,14.5144,2025-12-30 08:15:00,-7.9,92,0.0,4.7,Mist,0.0,2025,12,December
Turkey,Ankara,39.9272,32.8644,2025-12-30 10:15:00,-6.6,93,0.0,7.9,Sunny,0.6,2025,12,December
Ukraine,Kyiv,50.4333,30.5167,2025-12-30 09:15:00,-5.2,86,0.0,21.2,Cloudy,0.2,2025,12,December
Andorra,Andorra La Vella,42.5,1.5167,2025-12-31 08:00:00,-5.2,49,0.0,12.6,Clear,0.0,2025,12,December
Armenia,Yerevan,40.1811,44.5136,2025-12-31 11:00:00,-5.6,68,0.0,5.4,Sunny,1.2,2025,12,December
Belarus,Minsk,53.9,27.5667,2025-12-31 10:00:00,-4.8,79,0.06,26.3,Light snow,0.0,2025,12,December
Bosnia And Herzegovina,Sarajevo,43.85,18.3833,2025-12-31 08:00:00,-5.9,79,0.0,4.3,Partly cloudy,0.1,2025,12,December
Bulgaria,Sofia,42.6833,23.3167,2025-12-31 09:00:00,-5.8,68,0.0,15.5,Sunny,0.2,2025,12,December
Canada,Ottawa,45.4167,-75.7,2025-12-31 02:00:00,-14.8,78,0.03,23.0,Partly cloudy,0.0,2025,12,December
Croatia,Zagreb,45.8,16.0,2025-12-31 08:00:00,-7.6,92,0.0,4.3,Partly Cloudy,0.0,2025,12,December
Estonia,Tallinn,59.4339,24.7281,2025-12-31 09:00:00,-5.6,58,0.0,30.2,Clear,0.0,2025,12,December
Finland,Helsinki,60.1756,24.9342,2025-12-31 09:00:00,-12.8,85,0.0,21.2,Clear,0.0,2025,12,December
Kazakhstan,Astana,51.1811,71.4278,2025-12-31 12:00:00,-6.6,100,0.01,19.4,Overcast,0.4,2025,12,December
Liechtenstein,Vaduz,47.1333,9.5167,2025-12-31 08:00:00,-5.9,93,0.0,4.0,Clear,0.0,2025,12,December
Lithuania,Vilnius,54.6833,25.3167,2025-12-31 09:00:00,-5.8,79,0.0,21.6,Partly cloudy,0.0,2025,12,December
Luxembourg,Luxembourg,49.6117,6.13,2025-12-31 08:00:00,-5.8,100,0.0,3.6,Mist,0.0,2025,12,December
Iran,Chi Chi Khvar,36.2625,46.59,2025-12-31 10:30:00,-7.1,64,0.0,7.2,Partly Cloudy,2.2,2025,12,December
Mongolia,Ulaanbaatar,47.9167,106.9167,2025-12-31 15:00:00,-17.9,65,0.0,3.6,Sunny,0.5,2025,12,December
North Korea,Pyongyang,39.0194,125.7547,2025-12-31 16:00:00,-7.7,45,0.0,23.4,Sunny,0.3,2025,12,December
Macedonia,Skopje,42.0,21.4333,2025-12-31 08:00:00,-4.8,63,0.0,3.6,Sunny,0.2,2025,12,December
Russia,Moscow,55.7522,37.6156,2025-12-31 10:00:00,-5.9,86,0.07,10.4,Light snow,0.1,2025,12,December
Sweden,Stockholm,59.3333,18.05,2025-12-31 08:00:00,-4.9,93,0.0,4.7,Overcast,0.0,2025,12,December
Switzerland,Bern,46.9167,7.4667,2025-12-31 08:00:00,-6.9,93,0.0,7.2,Clear,0.0,2025,12,December
Ukraine,Kyiv,50.4333,30.5167,2025-12-31 09:00:00,-6.0,93,0.11,17.6,Moderate snow,0.1,2025,12,December
Andorra,Andorra La Vella,42.5,1.5167,2026-01-01 08:15:00,-8.2,62,0.0,5.8,Clear,0.0,2026,1,January
Belarus,Minsk,53.9,27.5667,2026-01-01 10:15:00,-17.7,84,0.0,8.6,Sunny,0.0,2026,1,January
Bosnia And Herzegovina,Sarajevo,43.85,18.3833,2026-01-01 08:15:00,-7.7,85,0.0,5.4,Sunny,0.1,2026,1,January
Bulgaria,Sofia,42.6833,23.3167,2026-01-01 09:00:00,-9.8,85,0.0,5.0,Sunny,0.2,2026,1,January
Canada,Ottawa,45.4167,-75.7,2026-01-01 02:15:00,-10.9,85,0.69,17.6,Light snow,0.0,2026,1,January
Estonia,Tallinn,59.4339,24.7281,2026-01-01 09:15:00,-13.0,85,0.0,16.9,Overcast,0.0,2026,1,January
Finland,Helsinki,60.1756,24.9342,2026-01-01 09:15:00,-18.9,84,0.0,7.2,Partly Cloudy,0.0,2026,1,January
Kazakhstan,Astana,51.1811,71.4278,2026-01-01 12:15:00,-9.8,85,0.0,11.9,Partly cloudy,0.7,2026,1,January
Latvia,Riga,56.95,24.1,2026-01-01 09:15:00,-8.8,73,0.0,18.0,Overcast,0.0,2026,1,January
Liechtenstein,Vaduz,47.1333,9.5167,2026-01-01 08:15:00,-7.0,100,0.0,9.7,Clear,0.0,2026,1,January
Lithuania,Vilnius,54.6833,25.3167,2026-01-01 09:15:00,-15.9,84,0.0,10.8,Partly Cloudy,0.0,2026,1,January
Russia,Chi-Chi-Erh,51.7,94.45,2026-01-01 14:15:00,-25.8,94,0.0,3.6,Mist,0.6,2026,1,January
Mongolia,Ulaanbaatar,47.9167,106.9167,2026-01-01 15:15:00,-16.9,59,0.0,3.6,Sunny,0.6,2026,1,January
Montenegro,Podgorica,42.4411,19.2636,2026-01-01 08:15:00,-4.9,58,0.0,4.3,Sunny,0.2,2026,1,January
Turkey,Yaren,39.55,27.6167,2026-01-01 10:15:00,-4.8,93,0.0,19.8,Partly cloudy,0.4,2026,1,January
North Korea,Pyongyang,39.0194,125.7547,2026-01-01 16:15:00,-7.1,34,0.0,20.9,Sunny,0.3,2026,1,January
Macedonia,Skopje,42.0,21.4333,2026-01-01 08:15:00,-10.9,78,0.0,3.6,Sunny,0.2,2026,1,January
Romania,Bucharest,44.4333,26.1,2026-01-01 09:15:00,-6.7,73,0.0,14.4,Sunny,0.2,2026,1,January
Russia,Moscow,55.7522,37.6156,2026-01-01 10:15:00,-11.9,85,0.0,9.0,Light snow,0.1,2026,1,January
Switzerland,Bern,46.9167,7.4667,2026-01-01 08:15:00,-8.9,92,0.0,5.0,Clear,0.0,2026,1,January
Bulgaria,Lom,43.8139,23.2361,2026-01-01 09:15:00,-5.9,86,0.0,9.7,Partly Cloudy,0.2,2026,1,January
Ukraine,Kyiv,50.4333,30.5167,2026-01-01 09:15:00,-12.9,96,0.0,9.7,Mist,0.2,2026,1,January
Andorra,Andorra La Vella,42.5,1.5167,2026-01-02 08:15:00,-5.7,45,0.0,8.6,Clear,0.0,2026,1,January
Bulgaria,Sofia,42.6833,23.3167,2026-01-02 09:15:00,-8.6,85,0.0,3.6,Partly cloudy,0.2,2026,1,January
Canada,Ottawa,45.4167,-75.7,2026-01-02 02:15:00,-19.0,77,0.0,3.6,Partly cloudy,0.0,2026,1,January
Estonia,Tallinn,59.4339,24.7281,2026-01-02 09:15:00,-7.0,86,0.27,27.0,Patchy light snow,0.0,2026,1,January
Finland,Helsinki,60.1756,24.9342,2026-01-02 09:15:00,-4.8,79,0.33,33.1,Blowing snow,0.0,2026,1,January
Kazakhstan,Astana,51.1811,71.4278,2026-01-02 12:15:00,-13.0,92,0.0,10.4,Sunny,0.7,2026,1,January
Russia,Chi-Chi-Erh,51.7,94.45,2026-01-02 14:15:00,-19.8,85,0.0,3.6,Partly Cloudy,0.5,2026,1,January
Mongolia,Ulaanbaatar,47.9167,106.9167,2026-01-02 15:15:00,-15.9,60,0.0,3.6,Sunny,0.6,2026,1,January
Turkey,Yaren,39.55,27.6167,2026-01-02 10:15:00,-8.8,85,0.0,8.3,Sunny,0.4,2026,1,January
North Korea,Pyongyang,39.0194,125.7547,2026-01-02 16:15:00,-6.3,43,0.0,13.3,Sunny,0.3,2026,1,January
Macedonia,Skopje,42.0,21.4333,2026-01-02 08:15:00,-9.6,79,0.0,4.7,Sunny,0.2,2026,1,January
Norway,Oslo,59.9167,10.75,2026-01-02 08:15:00,-6.8,93,0.03,29.5,Light snow,0.0,2026,1,January
Russia,Moscow,55.7522,37.6156,2026-01-02 10:15:00,-11.9,85,0.0,20.2,Overcast,0.1,2026,1,January
Turkey,Ankara,39.9272,32.8644,2026-01-02 10:15:00,-11.7,92,0.0,3.6,Sunny,0.6,2026,1,January
Armenia,Yerevan,40.1811,44.5136,2026-01-03 11:00:00,-13.0,72,0.0,3.6,Sunny,1.3,2026,1,January
Canada,Ottawa,45.4167,-75.7,2026-01-03 02:00:00,-13.0,78,0.01,9.0,Light snow,0.0,2026,1,January
Estonia,Tallinn,59.4339,24.7281,2026-01-03 09:00:00,-4.9,86,0.04,15.1,Moderate snow,0.0,2026,1,January
Finland,Helsinki,60.1756,24.9342,2026-01-03 09:00:00,-8.9,92,0.1,21.6,Light snow,0.0,2026,1,January
Liechtenstein,Vaduz,47.1333,9.5167,2026-01-03 08:00:00,-5.7,93,0.02,4.0,Partly cloudy,0.0,2026,1,January
Iran,Chi Chi Khvar,36.2625,46.59,2026-01-03 10:30:00,-5.7,91,0.0,4.0,Partly Cloudy,1.7,2026,1,January
Mongolia,Ulaanbaatar,47.9167,106.9167,2026-01-03 15:00:00,-10.8,78,0.01,6.8,Partly cloudy,0.5,2026,1,January
Norway,Oslo,59.9167,10.75,2026-01-03 08:00:00,-7.8,79,0.05,20.9,Light snow,0.0,2026,1,January
Russia,Moscow,55.7522,37.6156,2026-01-03 10:00:00,-6.0,93,0.01,11.2,Light snow,0.1,2026,1,January
Switzerland,Bern,46.9167,7.4667,2026-01-03 08:00:00,-6.9,93,0.08,3.6,Partly cloudy,0.0,2026,1,January
Andorra,Andorra La Vella,42.5,1.5167,2026-01-04 07:45:00,-4.8,96,0.17,7.2,Moderate snow,0.0,2026,1,January
Armenia,Yerevan,40.1811,44.5136,2026-01-04 10:45:00,-10.0,72,0.0,3.6,Sunny,0.6,2026,1,January
Canada,Ottawa,45.4167,-75.7,2026-01-04 01:45:00,-14.7,71,0.0,3.6,Light snow,0.0,2026,1,January
Finland,Helsinki,60.1756,24.9342,2026-01-04 09:00:00,-12.9,85,0.05,23.0,Light snow,0.0,2026,1,January
Germany,Berlin,52.5167,13.4,2026-01-04 08:00:00,-5.6,86,0.0,14.8,Partly cloudy,0.0,2026,1,January
Latvia,Riga,56.95,24.1,2026-01-04 09:00:00,-4.8,86,0.25,17.6,Light snow,0.0,2026,1,January
Liechtenstein,Vaduz,47.1333,9.5167,2026-01-04 08:00:00,-10.7,92,0.0,7.2,Partly Cloudy,0.0,2026,1,January
Iran,Chi Chi Khvar,36.2625,46.59,2026-01-04 10:30:00,-10.4,83,0.0,3.6,Sunny,2.1,2026,1,January
Mongolia,Ulaanbaatar,47.9167,106.9167,2026-01-04 15:00:00,-14.7,78,0.0,3.6,Sunny,0.6,2026,1,January
Norway,Oslo,59.9167,10.75,2026-01-04 08:00:00,-7.7,79,0.09,14.4,Patchy light snow,0.0,2026,1,January
Belgium,'S-Gravenbrakel,50.6,4.1333,2026-01-04 08:00:00,-5.6,93,0.0,14.4,Clear,0.0,2026,1,January
Switzerland,Bern,46.9167,7.4667,2026-01-04 08:00:00,-9.9,100,0.0,4.7,Clear,0.0,2026,1,January
Ukraine,Kyiv,50.4333,30.5167,2026-01-04 09:00:00,-6.3,85,0.0,10.8,Partly Cloudy,0.2,2026,1,January
Andorra,Andorra La Vella,42.5,1.5167,2026-01-05 08:15:00,-12.5,67,0.0,11.9,Clear,0.0,2026,1,January
Armenia,Yerevan,40.1811,44.5136,2026-01-05 11:15:00,-8.8,79,0.0,3.6,Mist,1.3,2026,1,January
Austria,Vienna,48.2,16.3667,2026-01-05 08:15:00,-6.9,93,0.0,6.5,Partly Cloudy,0.0,2026,1,January
Belarus,Minsk,53.9,27.5667,2026-01-05 10:15:00,-7.6,92,0.02,18.4,Overcast,0.0,2026,1,January
Canada,Ottawa,45.4167,-75.7,2026-01-05 02:15:00,-21.3,81,0.0,5.4,Clear,0.0,2026,1,January
Czech Republic,Prague,50.0833,14.4667,2026-01-05 08:15:00,-8.8,85,0.0,4.3,Clear,0.0,2026,1,January
Estonia,Tallinn,59.4339,24.7281,2026-01-05 09:15:00,-8.7,85,0.0,19.1,Partly cloudy,0.0,2026,1,January
Finland,Helsinki,60.1756,24.9342,2026-01-05 09:15:00,-20.7,84,0.0,13.3,Clear,0.0,2026,1,January
Kazakhstan,Astana,51.1811,71.4278,2026-01-05 12:15:00,-11.8,85,0.0,22.0,Partly cloudy,0.7,2026,1,January
Liechtenstein,Vaduz,47.1333,9.5167,2026-01-05 08:15:00,-5.6,100,0.0,6.5,Overcast,0.0,2026,1,January
Lithuania,Vilnius,54.6833,25.3167,2026-01-05 09:15:00,-6.7,93,0.0,18.0,Partly cloudy,0.0,2026,1,January
Luxembourg,Luxembourg,49.6117,6.13,2026-01-05 08:15:00,-4.8,93,0.0,5.8,Mist,0.0,2026,1,January
Iran,Chi Chi Khvar,36.2625,46.59,2026-01-05 10:45:00,-7.3,64,0.0,3.6,Sunny,2.2,2026,1,January
Mongolia,Ulaanbaatar,47.9167,106.9167,2026-01-05 15:15:00,-18.8,77,0.0,8.6,Sunny,0.5,2026,1,January
Norway,Oslo,59.9167,10.75,2026-01-05 08:15:00,-7.6,73,0.13,9.0,Partly cloudy,0.0,2026,1,January
Poland,Warsaw,52.25,21.0,2026-01-05 08:15:00,-5.9,93,0.0,7.9,Partly cloudy,0.0,2026,1,January
Russia,Moscow,55.7522,37.6156,2026-01-05 10:15:00,-5.0,86,0.09,11.9,Partly cloudy,0.1,2026,1,January
Slovakia,Bratislava,48.15,17.1167,2026-01-05 08:15:00,-7.0,86,0.0,7.9,Partly Cloudy,0.0,2026,1,January
Sweden,Stockholm,59.3333,18.05,2026-01-05 08:15:00,-9.8,85,0.0,8.6,Clear,0.0,2026,1,January
Switzerland,Bern,46.9167,7.4667,2026-01-05 08:15:00,-5.6,73,0.0,4.3,Overcast,0.0,2026,1,January
Ukraine,Kyiv,50.4333,30.5167,2026-01-05 09:15:00,-8.4,91,0.0,8.3,Sunny,0.2,2026,1,January
Andorra,Andorra La Vella,42.5,1.5167,2026-01-06 08:15:00,-13.6,65,0.0,12.6,Clear,0.0,2026,1,January
Armenia,Yerevan,40.1811,44.5136,2026-01-06 11:15:00,-7.9,79,0.0,3.6,Mist,1.5,2026,1,January
Austria,Vienna,48.2,16.3667,2026-01-06 08:15:00,-4.8,63,0.0,12.6,Cloudy,0.0,2026,1,January
Belarus,Minsk,53.9,27.5667,2026-01-06 10:15:00,-6.6,93,0.53,20.9,Moderate snow,0.0,2026,1,January
Canada,Ottawa,45.4167,-75.7,2026-01-06 02:15:00,-12.6,85,0.0,7.9,Light snow,0.0,2026,1,January
Czech Republic,Prague,50.0833,14.4667,2026-01-06 08:15:00,-8.6,85,0.0,4.7,Clear,0.0,2026,1,January
Estonia,Tallinn,59.4339,24.7281,2026-01-06 09:15:00,-10.8,92,0.0,22.3,Overcast,0.0,2026,1,January
Finland,Helsinki,60.1756,24.9342,2026-01-06 09:15:00,-12.7,85,0.0,20.9,Overcast,0.0,2026,1,January
France,Paris,48.8667,2.3333,2026-01-06 08:15:00,-5.7,93,0.0,6.8,Mist,0.0,2026,1,January
Germany,Berlin,52.5167,13.4,2026-01-06 08:15:00,-9.6,92,0.15,8.6,Partly cloudy,0.0,2026,1,January
Iceland,Reykjavik,64.15,-21.95,2026-01-06 07:15:00,-5.7,58,0.0,8.6,Clear,0.0,2026,1,January
Kazakhstan,Astana,51.1811,71.4278,2026-01-06 12:15:00,-5.7,86,0.0,42.1,Blowing snow,0.6,2026,1,January
Liechtenstein,Vaduz,47.1333,9.5167,2026-01-06 08:15:00,-9.7,100,0.0,7.9,Partly cloudy,0.0,2026,1,January
Lithuania,Vilnius,54.6833,25.3167,2026-01-06 09:15:00,-6.9,86,0.03,10.8,Light snow,0.0,2026,1,January
Russia,Chi-Chi-Erh,51.7,94.45,2026-01-06 14:15:00,-15.5,93,0.0,3.6,Cloudy,0.5,2026,1,January
Mongolia,Ulaanbaatar,47.9167,106.9167,2026-01-06 15:15:00,-16.9,77,0.0,4.7,Overcast,0.5,2026,1,January
Norway,Oslo,59.9167,10.75,2026-01-06 08:15:00,-8.8,92,0.0,7.9,Patchy light snow,0.0,2026,1,January
Poland,Warsaw,52.25,21.0,2026-01-06 08:15:00,-10.8,92,0.0,4.7,Mist,0.0,2026,1,January
Russia,Moscow,55.7522,37.6156,2026-01-06 10:15:00,-6.9,93,0.01,6.5,Overcast,0.1,2026,1,January
Switzerland,Bern,46.9167,7.4667,2026-01-06 08:15:00,-15.8,92,0.0,4.7,Clear,0.0,2026,1,January
Andorra,Andorra La Vella,42.5,1.5167,2026-01-07 08:15:00,-14.4,51,0.0,12.6,Partly Cloudy,0.0,2026,1,January
Armenia,Yerevan,40.1811,44.5136,2026-01-07 11:00:00,-8.7,79,0.0,3.6,Mist,1.4,2026,1,January
Canada,Ottawa,45.4167,-75.7,2026-01-07 02:15:00,-4.8,86,0.25,16.6,Blowing snow,0.0,2026,1,January
Czech Republic,Prague,50.0833,14.4667,2026-01-07 08:15:00,-6.7,93,0.0,4.7,Light snow,0.0,2026,1,January
Estonia,Tallinn,59.4339,24.7281,2026-01-07 09:15:00,-7.9,92,0.0,6.8,Mist,0.0,2026,1,January
Finland,Helsinki,60.1756,24.9342,2026-01-07 09:15:00,-5.6,86,0.16,12.2,Light snow,0.0,2026,1,January
Germany,Berlin,52.5167,13.4,2026-01-07 08:15:00,-8.7,92,0.0,8.3,Mist,0.0,2026,1,January
Kazakhstan,Astana,51.1811,71.4278,2026-01-07 12:15:00,-10.0,85,0.0,18.7,Sunny,0.8,2026,1,January
Latvia,Riga,56.95,24.1,2026-01-07 09:15:00,-5.6,93,0.01,5.4,Overcast,0.0,2026,1,January
Lithuania,Vilnius,54.6833,25.3167,2026-01-07 09:15:00,-5.9,93,0.01,5.0,Freezing fog,0.0,2026,1,January
Mongolia,Ulaanbaatar,47.9167,106.9167,2026-01-07 15:15:00,-16.9,71,0.0,7.2,Overcast,0.6,2026,1,January
Norway,Oslo,59.9167,10.75,2026-01-07 08:15:00,-10.7,85,0.0,7.2,Light snow,0.0,2026,1,January
Poland,Warsaw,52.25,21.0,2026-01-07 08:15:00,-10.8,92,0.0,3.6,Mist,0.0,2026,1,January
Russia,Moscow,55.7522,37.6156,2026-01-07 10:15:00,-5.7,86,0.24,11.9,Light snow,0.1,2026,1,January
Slovenia,Ljubljana,46.0553,14.5144,2026-01-07 08:15:00,-6.7,93,0.0,3.6,Partly cloudy,0.0,2026,1,January
Switzerland,Bern,46.9167,7.4667,2026-01-07 08:15:00,-14.0,92,0.0,5.0,Clear,0.0,2026,1,January
Armenia,Yerevan,40.1811,44.5136,2026-01-08 11:15:00,-8.8,85,0.0,3.6,Freezing fog,1.6,2026,1,January
Austria,Vienna,48.2,16.3667,2026-01-08 08:15:00,-7.7,73,0.0,11.5,Sunny,0.0,2026,1,January
Belarus,Minsk,53.9,27.5667,2026-01-08 10:15:00,-7.7,92,0.0,21.6,Overcast,0.0,2026,1,January
Bosnia And Herzegovina,Sarajevo,43.85,18.3833,2026-01-08 08:15:00,-5.7,100,0.23,5.8,Light snow,0.1,2026,1,January
Hungary,Bogot,47.25,16.8333,2026-01-08 08:15:00,-14.6,92,0.0,4.0,Sunny,0.0,2026,1,January
Croatia,Zagreb,45.8,16.0,2026-01-08 08:15:00,-11.7,85,0.0,5.0,Mist,0.0,2026,1,January
Czech Republic,Prague,50.0833,14.4667,2026-01-08 08:15:00,-10.0,85,0.0,5.8,Sunny,0.0,2026,1,January
Estonia,Tallinn,59.4339,24.7281,2026-01-08 09:15:00,-6.7,93,0.0,9.0,Overcast,0.0,2026,1,January
Finland,Helsinki,60.1756,24.9342,2026-01-08 09:15:00,-14.7,92,0.0,13.0,Partly Cloudy,0.0,2026,1,January
Germany,Berlin,52.5167,13.4,2026-01-08 08:15:00,-10.7,85,0.0,12.2,Clear,0.0,2026,1,January
Hungary,Budapest,47.5,19.0833,2026-01-08 08:15:00,-6.8,79,0.0,10.1,Partly Cloudy,0.0,2026,1,January
Kazakhstan,Astana,51.1811,71.4278,2026-01-08 12:15:00,-17.0,84,0.0,6.8,Mist,0.8,2026,1,January
Latvia,Riga,56.95,24.1,2026-01-08 09:15:00,-9.7,92,0.0,7.2,Overcast,0.0,2026,1,January
Lithuania,Vilnius,54.6833,25.3167,2026-01-08 09:15:00,-6.6,86,0.0,11.5,Overcast,0.0,2026,1,January
Russia,Chi-Chi-Erh,51.7,94.45,2026-01-08 14:15:00,-18.4,93,0.1,3.6,Moderate snow,0.4,2026,1,January
Mongolia,Ulaanbaatar,47.9167,106.9167,2026-01-08 15:15:00,-11.8,72,0.0,3.6,Partly cloudy,0.6,2026,1,January
North Korea,Pyongyang,39.0194,125.7547,2026-01-08 16:15:00,-5.1,32,0.0,9.7,Sunny,0.3,2026,1,January
Poland,Warsaw,52.25,21.0,2026-01-08 08:15:00,-8.8,92,0.0,7.2,Mist,0.0,2026,1,January
Russia,Moscow,55.7522,37.6156,2026-01-08 10:15:00,-7.0,93,0.01,11.5,Light snow,0.1,2026,1,January
San Marino,San Marino,43.9333,12.45,2026-01-08 08:15:00,-4.8,86,0.0,8.6,Sunny,0.0,2026,1,January
Slovakia,Bratislava,48.15,17.1167,2026-01-08 08:15:00,-4.8,63,0.0,16.2,Sunny,0.0,2026,1,January
Slovenia,Ljubljana,46.0553,14.5144,2026-01-08 08:15:00,-11.8,92,0.0,3.6,Partly cloudy,0.0,2026,1,January
Andorra,Andorra La Vella,42.5,1.5167,2026-01-09 08:15:00,-4.8,95,0.07,7.9,Patchy light snow,0.0,2026,1,January
Austria,Vienna,48.2,16.3667,2026-01-09 08:15:00,-5.7,86,0.26,11.2,Moderate snow,0.0,2026,1,January
Belarus,Minsk,53.9,27.5667,2026-01-09 10:15:00,-10.8,85,0.32,31.7,Blizzard,0.0,2026,1,January
Bosnia And Herzegovina,Sarajevo,43.85,18.3833,2026-01-09 08:15:00,-10.0,92,0.0,9.4,Light snow,0.1,2026,1,January
Bulgaria,Sofia,42.6833,23.3167,2026-01-09 09:15:00,-4.8,68,0.0,6.1,Sunny,0.3,2026,1,January
Croatia,Zagreb,45.8,16.0,2026-01-09 08:15:00,-6.9,93,0.0,4.0,Mist,0.0,2026,1,January
Estonia,Tallinn,59.4339,24.7281,2026-01-09 09:15:00,-5.9,73,0.0,33.1,Patchy light snow,0.0,2026,1,January
Finland,Helsinki,60.1756,24.9342,2026-01-09 09:15:00,-14.9,92,0.0,22.7,Partly Cloudy,0.0,2026,1,January
Germany,Berlin,52.5167,13.4,2026-01-09 08:15:00,-7.7,79,0.0,25.9,Overcast,0.0,2026,1,January
Hungary,Budapest,47.5,19.0833,2026-01-09 08:15:00,-11.0,92,0.0,4.7,Moderate snow,0.0,2026,1,January
Kazakhstan,Astana,51.1811,71.4278,2026-01-09 12:15:00,-9.0,52,0.0,12.6,Partly Cloudy,0.8,2026,1,January
Latvia,Riga,56.95,24.1,2026-01-09 09:15:00,-10.7,78,0.0,26.6,Overcast,0.0,2026,1,January
Lithuania,Vilnius,54.6833,25.3167,2026-01-09 09:15:00,-10.8,78,0.85,27.0,Blowing snow,0.0,2026,1,January
Mongolia,Ulaanbaatar,47.9167,106.9167,2026-01-09 15:15:00,-15.7,71,0.01,5.4,Partly cloudy,0.5,2026,1,January
Macedonia,Skopje,42.0,21.4333,2026-01-09 08:15:00,-5.8,86,0.0,3.6,Partly Cloudy,0.2,2026,1,January
Norway,Oslo,59.9167,10.75,2026-01-09 08:15:00,-8.7,92,0.27,5.8,Light snow,0.0,2026,1,January
Poland,Warsaw,52.25,21.0,2026-01-09 08:15:00,-10.8,92,0.0,10.8,Partly cloudy,0.0,2026,1,January
Russia,Moscow,55.7522,37.6156,2026-01-09 10:15:00,-8.7,85,1.77,28.4,Patchy snow possible,0.0,2026,1,January
Serbia,Belgrade,44.804,20.4651,2026-01-09 08:15:00,-8.8,92,0.0,6.8,Partly Cloudy,0.2,2026,1,January
Slovakia,Bratislava,48.15,17.1167,2026-01-09 08:15:00,-5.8,79,0.0,10.4,Overcast,0.0,2026,1,January
Ukraine,Kyiv,50.4333,30.5167,2026-01-09 09:15:00,-8.3,93,0.68,27.4,Blizzard,0.1,2026,1,January
Andorra,Andorra La Vella,42.5,1.5167,2026-01-10 08:30:00,-5.5,95,1.26,10.4,Patchy heavy snow,0.0,2026,1,January
Austria,Vienna,48.2,16.3667,2026-01-10 08:15:00,-4.8,86,0.0,3.6,Mist,0.0,2026,1,January
Belarus,Minsk,53.9,27.5667,2026-01-10 10:15:00,-12.0,85,0.03,11.2,Light snow,0.0,2026,1,January
Hungary,Bogot,47.25,16.8333,2026-01-10 08:15:00,-4.8,100,0.0,4.0,Freezing fog,0.0,2026,1,January
Estonia,Tallinn,59.4339,24.7281,2026-01-10 09:30:00,-5.7,79,0.01,41.4,Light snow,0.0,2026,1,January
Finland,Helsinki,60.1756,24.9342,2026-01-10 09:30:00,-10.7,78,0.0,31.0,Light snow,0.0,2026,1,January
Germany,Berlin,52.5167,13.4,2026-01-10 08:30:00,-7.9,79,0.0,19.8,Overcast,0.0,2026,1,January
Hungary,Budapest,47.5,19.0833,2026-01-10 08:30:00,-5.8,93,0.0,3.6,Mist,0.0,2026,1,January
Iceland,Reykjavik,64.15,-21.95,2026-01-10 07:30:00,-6.7,67,0.0,9.4,Clear,0.0,2026,1,January
Kazakhstan,Astana,51.1811,71.4278,2026-01-10 12:15:00,-5.6,53,0.0,15.1,Sunny,0.8,2026,1,January
Latvia,Riga,56.95,24.1,2026-01-10 09:30:00,-5.9,86,0.03,27.0,Blowing snow,0.0,2026,1,January
Lithuania,Vilnius,54.6833,25.3167,2026-01-10 09:30:00,-9.9,85,0.14,12.2,Light snow,0.0,2026,1,January
Russia,Chi-Chi-Erh,51.7,94.45,2026-01-10 14:30:00,-21.4,85,0.0,3.6,Overcast,0.5,2026,1,January
Mongolia,Ulaanbaatar,47.9167,106.9167,2026-01-10 15:30:00,-19.9,59,0.0,7.9,Partly Cloudy,0.5,2026,1,January
Norway,Oslo,59.9167,10.75,2026-01-10 08:30:00,-13.7,92,0.0,6.1,Mist,0.0,2026,1,January
Poland,Warsaw,52.25,21.0,2026-01-10 08:30:00,-14.7,85,0.0,8.6,Mist,0.0,2026,1,January
Slovakia,Bratislava,48.15,17.1167,2026-01-10 08:30:00,-4.8,93,0.04,3.6,Partly cloudy,0.0,2026,1,January
Sweden,Stockholm,59.3333,18.05,2026-01-10 08:30:00,-7.0,79,0.0,15.8,Clear,0.0,2026,1,January
Ukraine,Kyiv,50.4333,30.5167,2026-01-10 09:30:00,-12.1,92,0.0,14.8,Partly Cloudy,0.2,2026,1,January
Andorra,Andorra La Vella,42.5,1.5167,2026-01-11 08:00:00,-7.2,87,0.0,13.7,Clear,0.0,2026,1,January
Belarus,Minsk,53.9,27.5667,2026-01-11 10:00:00,-14.0,85,0.01,7.2,Partly cloudy,0.0,2026,1,January
Czech Republic,Prague,50.0833,14.4667,2026-01-11 08:00:00,-6.9,86,0.0,18.0,Sunny,0.0,2026,1,January
Finland,Helsinki,60.1756,24.9342,2026-01-11 09:00:00,-6.9,86,0.06,25.9,Blowing snow,0.0,2026,1,January
Germany,Berlin,52.5167,13.4,2026-01-11 08:00:00,-6.8,79,0.0,15.1,Clear,0.0,2026,1,January
Hungary,Budapest,47.5,19.0833,2026-01-11 08:00:00,-8.7,85,0.0,17.3,Light snow,0.0,2026,1,January
Iceland,Reykjavik,64.15,-21.95,2026-01-11 07:00:00,-5.6,79,0.0,14.4,Clear,0.0,2026,1,January
Kazakhstan,Astana,51.1811,71.4278,2026-01-11 12:00:00,-5.9,86,0.0,15.1,Partly cloudy,0.8,2026,1,January
Latvia,Riga,56.95,24.1,2026-01-11 09:00:00,-8.7,85,0.02,10.1,Light snow,0.0,2026,1,January
Lithuania,Vilnius,54.6833,25.3167,2026-01-11 09:00:00,-14.8,85,0.05,6.8,Light snow,0.0,2026,1,January
Mongolia,Ulaanbaatar,47.9167,106.9167,2026-01-11 15:00:00,-14.6,65,0.0,8.6,Partly cloudy,0.4,2026,1,January
Netherlands,Amsterdam,52.374,4.8897,2026-01-11 08:00:00,-4.9,79,0.0,10.4,Partly Cloudy,0.0,2026,1,January
North Korea,Pyongyang,39.0194,125.7547,2026-01-11 16:00:00,-9.1,44,0.0,26.3,Sunny,0.3,2026,1,January
Norway,Oslo,59.9167,10.75,2026-01-11 08:00:00,-19.6,84,0.0,5.0,Partly cloudy,0.0,2026,1,January
Russia,Moscow,55.7522,37.6156,2026-01-11 10:00:00,-7.7,85,0.02,5.4,Light snow showers,0.2,2026,1,January
Serbia,Belgrade,44.804,20.4651,2026-01-11 08:00:00,-5.7,86,0.0,7.9,Overcast,0.2,2026,1,January
Sweden,Stockholm,59.3333,18.05,2026-01-11 08:00:00,-4.9,86,0.0,25.6,Overcast,0.0,2026,1,January
Switzerland,Bern,46.9167,7.4667,2026-01-11 08:00:00,-4.8,100,0.01,4.0,Freezing fog,0.0,2026,1,January
Ukraine,Kyiv,50.4333,30.5167,2026-01-11 09:00:00,-16.2,96,0.0,7.2,Mist,0.2,2026,1,January
Austria,Vienna,48.2,16.3667,2026-01-12 08:15:00,-7.7,85,0.0,4.0,Partly cloudy,0.0,2026,1,January
Belarus,Minsk,53.9,27.5667,2026-01-12 10:15:00,-13.9,85,0.0,8.3,Light snow,0.0,2026,1,January
Bosnia And Herzegovina,Sarajevo,43.85,18.3833,2026-01-12 08:15:00,-12.7,92,0.0,4.7,Sunny,0.2,2026,1,January
Bulgaria,Sofia,42.6833,23.3167,2026-01-12 09:15:00,-5.7,73,0.0,5.0,Partly cloudy,0.3,2026,1,January
Canada,Ottawa,45.4167,-75.7,2026-01-12 02:15:00,-8.7,73,0.0,23.0,Partly cloudy,0.0,2026,1,January
Croatia,Zagreb,45.8,16.0,2026-01-12 08:15:00,-12.9,85,0.0,5.0,Fog,0.0,2026,1,January
Czech Republic,Prague,50.0833,14.4667,2026-01-12 08:15:00,-7.8,85,0.0,5.0,Partly Cloudy,0.0,2026,1,January
Estonia,Tallinn,59.4339,24.7281,2026-01-12 09:15:00,-6.7,93,0.03,14.8,Overcast,0.0,2026,1,January
Finland,Helsinki,60.1756,24.9342,2026-01-12 09:15:00,-7.9,85,0.04,19.4,Partly cloudy,0.0,2026,1,January
Germany,Berlin,52.5167,13.4,2026-01-12 08:15:00,-9.7,85,0.0,9.0,Overcast,0.0,2026,1,January
Hungary,Budapest,47.5,19.0833,2026-01-12 08:15:00,-7.0,67,0.0,10.8,Sunny,0.0,2026,1,January
Kazakhstan,Astana,51.1811,71.4278,2026-01-12 12:15:00,-7.8,85,0.01,27.4,Blowing snow,0.8,2026,1,January
Latvia,Riga,56.95,24.1,2026-01-12 09:15:00,-14.7,85,0.0,6.8,Mist,0.0,2026,1,January
Lithuania,Vilnius,54.6833,25.3167,2026-01-12 09:15:00,-12.0,85,0.0,5.0,Light snow,0.0,2026,1,January
Russia,Chi-Chi-Erh,51.7,94.45,2026-01-12 14:15:00,-14.2,94,0.01,3.6,Light freezing rain,0.6,2026,1,January
Mongolia,Ulaanbaatar,47.9167,106.9167,2026-01-12 15:15:00,-17.7,84,0.0,5.8,Partly Cloudy,0.6,2026,1,January
Poland,Warsaw,52.25,21.0,2026-01-12 08:15:00,-6.0,93,0.0,4.0,Freezing fog,0.0,2026,1,January
Romania,Bucharest,44.4333,26.1,2026-01-12 09:15:00,-8.0,92,0.0,13.7,Sunny,0.3,2026,1,January
Serbia,Belgrade,44.804,20.4651,2026-01-12 08:15:00,-9.9,79,0.0,9.4,Sunny,0.2,2026,1,January
Slovakia,Bratislava,48.15,17.1167,2026-01-12 08:15:00,-8.0,67,0.0,6.8,Sunny,0.0,2026,1,January
Slovenia,Ljubljana,46.0553,14.5144,2026-01-12 08:15:00,-13.9,85,0.0,3.6,Partly cloudy,0.0,2026,1,January
Sweden,Stockholm,59.3333,18.05,2026-01-12 08:15:00,-6.8,100,0.04,7.9,Partly cloudy,0.0,2026,1,January
Bulgaria,Lom,43.8139,23.2361,2026-01-12 09:15:00,-5.7,79,0.0,29.2,Sunny,0.2,2026,1,January
Ukraine,Kyiv,50.4333,30.5167,2026-01-12 09:15:00,-12.2,94,0.0,7.6,Overcast,0.2,2026,1,January
Belarus,Minsk,53.9,27.5667,2026-01-13 10:15:00,-10.8,85,0.01,6.5,Light snow,0.0,2026,1,January
Bulgaria,Sofia,42.6833,23.3167,2026-01-13 09:15:00,-6.7,79,0.0,3.6,Overcast,0.3,2026,1,January
Estonia,Tallinn,59.4339,24.7281,2026-01-13 09:30:00,-9.0,92,0.0,11.5,Overcast,0.0,2026,1,January
Finland,Helsinki,60.1756,24.9342,2026-01-13 09:15:00,-5.9,86,0.01,15.5,Light snow,0.0,2026,1,January
Hungary,Budapest,47.5,19.0833,2026-01-13 08:30:00,-8.0,85,0.16,7.2,Light snow,0.0,2026,1,January
Kazakhstan,Astana,51.1811,71.4278,2026-01-13 12:30:00,-16.0,84,0.0,3.6,Mist,0.9,2026,1,January
Latvia,Riga,56.95,24.1,2026-01-13 09:30:00,-8.7,92,0.0,4.0,Overcast,0.0,2026,1,January
Lithuania,Vilnius,54.6833,25.3167,2026-01-13 09:30:00,-11.7,92,0.17,7.2,Light snow,0.0,2026,1,January
Mongolia,Ulaanbaatar,47.9167,106.9167,2026-01-13 15:30:00,-15.9,65,0.01,4.3,Partly cloudy,0.7,2026,1,January
North Korea,Pyongyang,39.0194,125.7547,2026-01-13 16:30:00,-9.8,60,0.0,22.0,Sunny,0.4,2026,1,January
Macedonia,Skopje,42.0,21.4333,2026-01-13 08:30:00,-5.0,79,0.0,3.6,Partly cloudy,0.2,2026,1,January
Norway,Oslo,59.9167,10.75,2026-01-13 08:30:00,-6.7,93,0.3,6.5,Light snow,0.0,2026,1,January
Poland,Warsaw,52.25,21.0,2026-01-13 08:30:00,-5.9,93,0.02,9.4,Mist,0.0,2026,1,January
Romania,Bucharest,44.4333,26.1,2026-01-13 09:30:00,-8.7,92,0.0,4.7,Sunny,0.3,2026,1,January
Russia,Moscow,55.7522,37.6156,2026-01-13 10:30:00,-9.9,92,0.0,5.8,Light snow,0.1,2026,1,January
Slovenia,Ljubljana,46.0553,14.5144,2026-01-13 08:30:00,-5.7,93,0.0,5.0,Mist,0.0,2026,1,January
Bulgaria,Lom,43.8139,23.2361,2026-01-13 09:30:00,-6.7,86,0.0,4.7,Overcast,0.2,2026,1,January
Ukraine,Kyiv,50.4333,30.5167,2026-01-13 09:30:00,-16.1,96,0.0,7.2,Mist,0.2,2026,1,January
Belarus,Minsk,53.9,27.5667,2026-01-14 10:15:00,-16.7,92,0.0,6.8,Light snow,0.0,2026,1,January
Estonia,Tallinn,59.4339,24.7281,2026-01-14 09:15:00,-9.7,92,0.0,16.9,Mist,0.0,2026,1,January
Kazakhstan,Astana,51.1811,71.4278,2026-01-14 12:15:00,-20.8,77,0.0,22.0,Light snow,0.9,2026,1,January
Latvia,Riga,56.95,24.1,2026-01-14 09:15:00,-9.7,85,0.0,15.1,Overcast,0.0,2026,1,January
Lithuania,Vilnius,54.6833,25.3167,2026-01-14 09:15:00,-9.9,92,0.0,7.9,Overcast,0.0,2026,1,January
Russia,Chi-Chi-Erh,51.7,94.45,2026-01-14 14:15:00,-16.8,78,0.0,3.6,Partly Cloudy,0.5,2026,1,January
Mongolia,Ulaanbaatar,47.9167,106.9167,2026-01-14 15:15:00,-11.9,78,0.01,6.5,Partly cloudy,0.4,2026,1,January
Macedonia,Skopje,42.0,21.4333,2026-01-14 08:30:00,-5.0,86,0.0,3.6,Sunny,0.2,2026,1,January
Poland,Warsaw,52.25,21.0,2026-01-14 08:15:00,-8.0,92,0.0,13.3,Mist,0.0,2026,1,January
Romania,Bucharest,44.4333,26.1,2026-01-14 09:30:00,-6.0,93,0.0,4.0,Mist,0.3,2026,1,January
Russia,Moscow,55.7522,37.6156,2026-01-14 10:30:00,-7.8,92,0.18,7.9,Patchy light snow,0.1,2026,1,January
Ukraine,Kyiv,50.4333,30.5167,2026-01-14 09:30:00,-13.8,98,0.01,5.0,Freezing fog,0.2,2026,1,January
Belarus,Minsk,53.9,27.5667,2026-01-15 10:15:00,-20.6,84,0.0,10.4,Partly cloudy,0.0,2026,1,January
Canada,Ottawa,45.4167,-75.7,2026-01-15 02:15:00,-7.6,79,0.0,19.4,Overcast,0.0,2026,1,January
Estonia,Tallinn,59.4339,24.7281,2026-01-15 09:15:00,-11.0,85,0.54,24.1,Patchy snow possible,0.0,2026,1,January
Finland,Helsinki,60.1756,24.9342,2026-01-15 09:15:00,-7.0,86,0.26,22.7,Patchy light snow,0.0,2026,1,January
Kazakhstan,Astana,51.1811,71.4278,2026-01-15 12:15:00,-22.7,76,0.0,20.5,Sunny,0.9,2026,1,January
Latvia,Riga,56.95,24.1,2026-01-15 09:15:00,-9.7,85,0.12,18.7,Light snow,0.0,2026,1,January
Lithuania,Vilnius,54.6833,25.3167,2026-01-15 09:15:00,-15.7,84,0.0,14.0,Sunny,0.0,2026,1,January
Iran,Chi Chi Khvar,36.2625,46.59,2026-01-15 10:45:00,-8.8,88,0.0,4.0,Partly Cloudy,2.2,2026,1,January
Mongolia,Ulaanbaatar,47.9167,106.9167,2026-01-15 15:15:00,-19.7,77,0.0,4.7,Partly cloudy,0.6,2026,1,January
Norway,Oslo,59.9167,10.75,2026-01-15 08:15:00,-7.7,92,0.0,3.6,Freezing fog,0.0,2026,1,January
Russia,Moscow,55.7522,37.6156,2026-01-15 10:15:00,-10.7,85,0.01,4.3,Patchy light snow,0.2,2026,1,January
Ukraine,Kyiv,50.4333,30.5167,2026-01-15 09:15:00,-17.6,97,0.0,5.4,Freezing fog,0.2,2026,1,January
Andorra,Andorra La Vella,42.5,1.5167,2026-01-16 08:15:00,-4.8,92,0.05,4.7,Patchy light snow,0.0,2026,1,January
Armenia,Yerevan,40.1811,44.5136,2026-01-16 11:15:00,-4.8,73,0.0,3.6,Partly Cloudy,1.4,2026,1,January
Belarus,Minsk,53.9,27.5667,2026-01-16 10:15:00,-25.8,76,0.0,6.8,Freezing fog,0.0,2026,1,January
Canada,Ottawa,45.4167,-75.7,2026-01-16 02:15:00,-15.9,78,0.0,19.8,Light snow,0.0,2026,1,January
Estonia,Tallinn,59.4339,24.7281,2026-01-16 09:15:00,-5.9,86,0.0,19.8,Overcast,0.0,2026,1,January
Kazakhstan,Astana,51.1811,71.4278,2026-01-16 12:15:00,-22.8,76,0.0,18.4,Cloudy,0.9,2026,1,January
Latvia,Riga,56.95,24.1,2026-01-16 09:15:00,-7.7,79,0.0,18.4,Overcast,0.0,2026,1,January
Lithuania,Vilnius,54.6833,25.3167,2026-01-16 09:15:00,-18.9,84,0.0,15.5,Sunny,0.0,2026,1,January
Iran,Chi Chi Khvar,36.2625,46.59,2026-01-16 10:45:00,-11.5,87,0.0,4.0,Sunny,2.2,2026,1,January
Mongolia,Ulaanbaatar,47.9167,106.9167,2026-01-16 15:15:00,-26.8,69,0.0,6.1,Mist,0.6,2026,1,January
Poland,Warsaw,52.25,21.0,2026-01-16 08:15:00,-4.9,93,0.0,14.8,Mist,0.0,2026,1,January
Russia,Moscow,55.7522,37.6156,2026-01-16 10:15:00,-13.0,92,0.0,3.6,Patchy light snow,0.2,2026,1,January
Ukraine,Kyiv,50.4333,30.5167,2026-01-16 09:15:00,-14.4,87,0.0,10.4,Sunny,0.2,2026,1,January
Andorra,Andorra La Vella,42.5,1.5167,2026-01-17 08:00:00,-5.7,94,0.0,5.0,Mist,0.0,2026,1,January
Belarus,Minsk,53.9,27.5667,2026-01-17 10:00:00,-24.8,76,0.0,9.0,Freezing fog,0.1,2026,1,January
Canada,Ottawa,45.4167,-75.7,2026-01-17 02:00:00,-13.7,78,0.0,17.6,Light snow,0.0,2026,1,January
Estonia,Tallinn,59.4339,24.7281,2026-01-17 09:00:00,-7.9,85,0.0,19.4,Overcast,0.0,2026,1,January
Kazakhstan,Astana,51.1811,71.4278,2026-01-17 12:00:00,-25.7,76,0.0,7.9,Partly Cloudy,1.0,2026,1,January
Kyrghyzstan,Bishkek,42.8731,74.6003,2026-01-17 13:00:00,-7.2,90,0.15,6.5,Moderate snow,1.5,2026,1,January
Latvia,Riga,56.95,24.1,2026-01-17 09:00:00,-9.7,72,0.0,16.2,Partly Cloudy,0.0,2026,1,January
Lithuania,Vilnius,54.6833,25.3167,2026-01-17 09:00:00,-12.7,72,0.0,6.8,Sunny,0.0,2026,1,January
Iran,Chi Chi Khvar,36.2625,46.59,2026-01-17 10:30:00,-9.5,73,0.0,4.0,Sunny,2.3,2026,1,January
Mongolia,Ulaanbaatar,47.9167,106.9167,2026-01-17 15:00:00,-25.9,69,0.0,6.5,Partly cloudy,0.5,2026,1,January
Poland,Warsaw,52.25,21.0,2026-01-17 08:00:00,-9.6,79,0.0,17.3,Partly cloudy,0.0,2026,1,January
Romania,Bucharest,44.4333,26.1,2026-01-17 09:00:00,-8.8,85,0.0,9.0,Sunny,0.3,2026,1,January
Russia,Moscow,55.7522,37.6156,2026-01-17 10:00:00,-19.0,84,0.0,3.6,Sunny,0.2,2026,1,January
Bulgaria,Lom,43.8139,23.2361,2026-01-17 09:00:00,-6.7,86,0.0,8.6,Sunny,0.3,2026,1,January
Ukraine,Kyiv,50.4333,30.5167,2026-01-17 09:00:00,-15.0,90,0.0,14.0,Sunny,0.2,2026,1,January
Belarus,Minsk,53.9,27.5667,2026-01-18 10:00:00,-19.8,84,0.0,7.6,Mist,0.1,2026,1,January
Bulgaria,Bogot,43.3167,24.7,2026-01-18 09:00:00,-5.7,86,0.0,14.0,Cloudy,0.3,2026,1,January
Hungary,Budapest,47.5,19.0833,2026-01-18 08:00:00,-8.8,92,0.0,10.4,Sunny,0.1,2026,1,January
Kazakhstan,Astana,51.1811,71.4278,2026-01-18 12:00:00,-22.6,58,0.0,10.8,Overcast,0.9,2026,1,January
Kyrghyzstan,Bishkek,42.8731,74.6003,2026-01-18 13:00:00,-6.0,87,0.01,4.0,Light freezing rain,1.6,2026,1,January
Latvia,Riga,56.95,24.1,2026-01-18 09:00:00,-11.7,85,0.0,10.1,Sunny,0.0,2026,1,January
Lithuania,Vilnius,54.6833,25.3167,2026-01-18 09:00:00,-16.6,84,0.0,5.4,Sunny,0.0,2026,1,January
Iran,Chi Chi Khvar,36.2625,46.59,2026-01-18 10:30:00,-6.3,79,0.0,3.6,Overcast,2.2,2026,1,January
Mongolia,Ulaanbaatar,47.9167,106.9167,2026-01-18 15:00:00,-29.8,56,0.0,6.5,Mist,0.6,2026,1,January
Poland,Warsaw,52.25,21.0,2026-01-18 08:00:00,-14.0,92,0.0,14.4,Sunny,0.0,2026,1,January
Romania,Bucharest,44.4333,26.1,2026-01-18 09:00:00,-8.7,79,0.03,4.7,Light snow,0.3,2026,1,January
Russia,Moscow,55.7522,37.6156,2026-01-18 10:00:00,-14.6,85,0.0,7.6,Partly Cloudy,0.2,2026,1,January
Bulgaria,Lom,43.8139,23.2361,2026-01-18 09:00:00,-7.8,85,0.0,14.0,Light snow,0.2,2026,1,January
Ukraine,Kyiv,50.4333,30.5167,2026-01-18 09:00:00,-13.5,96,0.0,10.1,Mist,0.3,2026,1,January
Andorra,Andorra La Vella,42.5,1.5167,2026-01-20 08:15:00,-7.1,93,0.0,7.6,Moderate snow,0.0,2026,1,January
Austria,Vienna,48.2,16.3667,2026-01-20 08:15:00,-4.8,79,0.0,19.8,Partly cloudy,0.0,2026,1,January
Belarus,Minsk,53.9,27.5667,2026-01-20 10:15:00,-20.7,77,0.0,9.4,Mist,0.0,2026,1,January
Bosnia And Herzegovina,Sarajevo,43.85,18.3833,2026-01-20 08:15:00,-5.7,100,0.0,4.0,Overcast,0.0,2026,1,January
Bulgaria,Sofia,42.6833,23.3167,2026-01-20 09:15:00,-7.7,85,0.0,5.4,Sunny,0.0,2026,1,January
Canada,Ottawa,45.4167,-75.7,2026-01-20 02:15:00,-10.9,72,0.0,31.3,Overcast,0.0,2026,1,January
China,Beijing,39.9289,116.3883,2026-01-20 15:15:00,-5.9,21,0.0,15.1,Sunny,1.2,2026,1,January
Bulgaria,Bogot,43.3167,24.7,2026-01-20 09:15:00,-7.2,96,0.0,5.4,Sunny,0.0,2026,1,January
Czech Republic,Prague,50.0833,14.4667,2026-01-20 08:15:00,-5.9,79,0.0,15.5,Clear,0.0,2026,1,January
Estonia,Tallinn,59.4339,24.7281,2026-01-20 09:15:00,-8.7,92,0.01,7.9,Mist,0.0,2026,1,January
Finland,Helsinki,60.1756,24.9342,2026-01-20 09:15:00,-4.9,100,0.0,7.2,Overcast,0.0,2026,1,January
Germany,Berlin,52.5167,13.4,2026-01-20 08:15:00,-4.9,79,0.0,15.8,Clear,0.0,2026,1,January
Hungary,Budapest,47.5,19.0833,2026-01-20 08:15:00,-10.6,92,0.0,5.0,Mist,0.0,2026,1,January
Kazakhstan,Astana,51.1811,71.4278,2026-01-20 12:15:00,-14.9,71,0.01,13.3,Partly cloudy,0.7,2026,1,January
Latvia,Riga,56.95,24.1,2026-01-20 09:15:00,-17.7,84,0.0,6.1,Mist,0.0,2026,1,January
Lithuania,Vilnius,54.6833,25.3167,2026-01-20 09:15:00,-17.9,84,0.0,5.4,Freezing fog,0.0,2026,1,January
Iran,Chi Chi Khvar,36.2625,46.59,2026-01-20 10:45:00,-8.7,90,0.0,6.1,Light freezing rain,1.1,2026,1,January
Mongolia,Ulaanbaatar,47.9167,106.9167,2026-01-20 15:15:00,-28.9,62,0.0,6.5,Sunny,1.0,2026,1,January
North Korea,Pyongyang,39.0194,125.7547,2026-01-20 16:15:00,-9.1,33,0.0,24.5,Sunny,0.9,2026,1,January
Macedonia,Skopje,42.0,21.4333,2026-01-20 08:15:00,-7.9,85,0.0,5.4,Partly Cloudy,0.0,2026,1,January
Poland,Warsaw,52.25,21.0,2026-01-20 08:15:00,-13.8,85,0.0,7.2,Mist,0.0,2026,1,January
Romania,Bucharest,44.4333,26.1,2026-01-20 09:15:00,-6.6,86,0.0,3.6,Mist,0.0,2026,1,January
Russia,Moscow,55.7522,37.6156,2026-01-20 10:15:00,-7.0,93,0.0,7.6,Mist,0.0,2026,1,January
Slovakia,Bratislava,48.15,17.1167,2026-01-20 08:15:00,-6.7,93,0.0,9.0,Mist,0.0,2026,1,January
Bulgaria,Lom,43.8139,23.2361,2026-01-20 09:15:00,-7.9,92,0.0,6.8,Freezing fog,0.0,2026,1,January
Ukraine,Kyiv,50.4333,30.5167,2026-01-20 09:15:00,-13.8,96,0.0,9.0,Freezing fog,0.0,2026,1,January
Armenia,Yerevan,40.1811,44.5136,2026-01-21 11:00:00,-5.8,86,0.0,7.9,Mist,0.0,2026,1,January
Austria,Vienna,48.2,16.3667,2026-01-21 08:00:00,-6.0,93,0.0,19.4,Mist,0.0,2026,1,January
Belarus,Minsk,53.9,27.5667,2026-01-21 10:00:00,-23.9,76,0.0,3.6,Sunny,0.1,2026,1,January
Bosnia And Herzegovina,Sarajevo,43.85,18.3833,2026-01-21 08:00:00,-5.8,93,0.0,3.6,Mist,0.1,2026,1,January
Canada,Ottawa,45.4167,-75.7,2026-01-21 02:00:00,-12.7,61,0.0,19.4,Partly cloudy,0.0,2026,1,January
Bulgaria,Bogot,43.3167,24.7,2026-01-21 09:00:00,-5.2,95,0.0,3.6,Mist,0.3,2026,1,January
Croatia,Zagreb,45.8,16.0,2026-01-21 08:00:00,-4.8,86,0.0,3.6,Overcast,0.1,2026,1,January
Czech Republic,Prague,50.0833,14.4667,2026-01-21 08:00:00,-6.7,86,0.0,6.8,Overcast,0.0,2026,1,January
Germany,Berlin,52.5167,13.4,2026-01-21 08:00:00,-7.8,92,0.0,9.0,Clear,0.0,2026,1,January
Hungary,Budapest,47.5,19.0833,2026-01-21 08:00:00,-11.9,85,0.0,5.4,Mist,0.1,2026,1,January
Kazakhstan,Astana,51.1811,71.4278,2026-01-21 12:00:00,-12.8,78,0.01,9.0,Light snow,0.9,2026,1,January
Latvia,Riga,56.95,24.1,2026-01-21 09:00:00,-14.9,85,0.0,9.7,Mist,0.0,2026,1,January
Lithuania,Vilnius,54.6833,25.3167,2026-01-21 09:00:00,-15.8,84,0.0,7.2,Mist,0.0,2026,1,January
Iran,Chi Chi Khvar,36.2625,46.59,2026-01-21 10:30:00,-10.6,90,0.0,3.6,Partly Cloudy,2.0,2026,1,January
Mongolia,Ulaanbaatar,47.9167,106.9167,2026-01-21 15:00:00,-25.7,57,0.0,3.6,Partly Cloudy,0.8,2026,1,January
North Korea,Pyongyang,39.0194,125.7547,2026-01-21 16:00:00,-10.3,34,0.0,24.5,Sunny,0.4,2026,1,January
Poland,Warsaw,52.25,21.0,2026-01-21 08:00:00,-12.7,92,0.0,6.8,Mist,0.0,2026,1,January
Romania,Bucharest,44.4333,26.1,2026-01-21 09:00:00,-9.8,92,0.0,8.6,Freezing fog,0.3,2026,1,January
Russia,Moscow,55.7522,37.6156,2026-01-21 10:00:00,-6.8,93,0.02,5.8,Overcast,0.2,2026,1,January
Serbia,Belgrade,44.804,20.4651,2026-01-21 08:00:00,-6.6,100,0.0,16.9,Freezing fog,0.2,2026,1,January
Slovakia,Bratislava,48.15,17.1167,2026-01-21 08:00:00,-7.8,92,0.0,12.6,Mist,0.0,2026,1,January
Slovenia,Ljubljana,46.0553,14.5144,2026-01-21 08:00:00,-5.0,73,0.0,3.6,Overcast,0.0,2026,1,January
South Korea,Seoul,37.5664,126.9997,2026-01-21 16:00:00,-6.0,32,0.0,22.0,Sunny,0.4,2026,1,January
Switzerland,Bern,46.9167,7.4667,2026-01-21 08:00:00,-4.8,93,0.0,4.7,Clear,0.0,2026,1,January
Bulgaria,Lom,43.8139,23.2361,2026-01-21 09:00:00,-6.7,93,0.01,3.6,Mist,0.2,2026,1,January
Turkey,Ankara,39.9272,32.8644,2026-01-21 10:00:00,-7.7,79,0.0,5.4,Partly Cloudy,0.7,2026,1,January
Ukraine,Kyiv,50.4333,30.5167,2026-01-21 09:00:00,-12.3,91,0.0,7.6,Sunny,0.3,2026,1,January
Armenia,Yerevan,40.1811,44.5136,2026-01-22 11:00:00,-7.8,85,0.0,3.6,Sunny,1.2,2026,1,January
Austria,Vienna,48.2,16.3667,2026-01-22 08:00:00,-5.7,86,0.0,14.0,Mist,0.0,2026,1,January
Belarus,Minsk,53.9,27.5667,2026-01-22 10:00:00,-14.8,85,0.0,15.8,Mist,0.1,2026,1,January
Canada,Ottawa,45.4167,-75.7,2026-01-22 02:00:00,-4.9,93,0.02,11.9,Light snow,0.0,2026,1,January
Czech Republic,Prague,50.0833,14.4667,2026-01-22 08:00:00,-8.6,85,0.0,5.8,Partly cloudy,0.0,2026,1,January
Estonia,Tallinn,59.4339,24.7281,2026-01-22 09:00:00,-6.6,86,0.0,20.9,Light snow,0.0,2026,1,January
Finland,Helsinki,60.1756,24.9342,2026-01-22 09:00:00,-5.7,93,0.06,18.7,Light snow,0.0,2026,1,January
Germany,Berlin,52.5167,13.4,2026-01-22 08:00:00,-6.8,86,0.0,11.5,Clear,0.0,2026,1,January
Kazakhstan,Astana,51.1811,71.4278,2026-01-22 12:00:00,-14.9,85,0.0,14.8,Partly cloudy,0.8,2026,1,January
Lithuania,Vilnius,54.6833,25.3167,2026-01-22 09:00:00,-13.8,92,0.0,16.9,Light snow,0.0,2026,1,January
Iran,Chi Chi Khvar,36.2625,46.59,2026-01-22 10:30:00,-10.8,70,0.0,5.4,Sunny,2.4,2026,1,January
Mongolia,Ulaanbaatar,47.9167,106.9167,2026-01-22 15:00:00,-22.0,64,0.0,3.6,Sunny,0.7,2026,1,January
North Korea,Pyongyang,39.0194,125.7547,2026-01-22 16:00:00,-9.5,29,0.0,22.7,Sunny,0.4,2026,1,January
Poland,Warsaw,52.25,21.0,2026-01-22 08:00:00,-10.9,85,0.0,8.6,Mist,0.0,2026,1,January
Russia,Moscow,55.7522,37.6156,2026-01-22 10:00:00,-7.9,92,0.03,11.5,Light snow,0.2,2026,1,January
Serbia,Belgrade,44.804,20.4651,2026-01-22 08:00:00,-6.0,100,0.0,10.4,Freezing fog,0.1,2026,1,January
Slovakia,Bratislava,48.15,17.1167,2026-01-22 08:00:00,-5.9,86,0.0,12.6,Mist,0.0,2026,1,January
Slovenia,Ljubljana,46.0553,14.5144,2026-01-22 08:00:00,-5.8,86,0.0,3.6,Overcast,0.0,2026,1,January
Ukraine,Kyiv,50.4333,30.5167,2026-01-22 09:00:00,-8.9,100,0.01,10.8,Freezing fog,0.3,2026,1,January
Afghanistan,Kabul,34.5167,69.1833,2026-01-23 11:45:00,-5.8,60,0.0,3.6,Overcast,2.7,2026,1,January
Austria,Vienna,48.2,16.3667,2026-01-23 08:15:00,-4.8,86,0.0,3.6,Mist,0.0,2026,1,January
Belarus,Minsk,53.9,27.5667,2026-01-23 10:15:00,-10.7,85,0.01,17.3,Light freezing rain,0.1,2026,1,January
Canada,Ottawa,45.4167,-75.7,2026-01-23 02:15:00,-10.9,78,0.01,6.8,Light freezing rain,0.0,2026,1,January
Czech Republic,Prague,50.0833,14.4667,2026-01-23 08:15:00,-6.7,86,0.0,3.6,Overcast,0.0,2026,1,January
Estonia,Tallinn,59.4339,24.7281,2026-01-23 09:15:00,-8.9,92,0.0,14.8,Light snow,0.0,2026,1,January
Finland,Helsinki,60.1756,24.9342,2026-01-23 09:15:00,-8.9,85,0.04,12.6,Partly cloudy,0.0,2026,1,January
Germany,Berlin,52.5167,13.4,2026-01-23 08:15:00,-8.0,92,0.0,14.4,Mist,0.0,2026,1,January
Kazakhstan,Astana,51.1811,71.4278,2026-01-23 12:15:00,-23.9,76,0.0,16.2,Overcast,0.7,2026,1,January
Lithuania,Vilnius,54.6833,25.3167,2026-01-23 09:15:00,-8.9,79,0.0,17.3,Light snow,0.0,2026,1,January
Mongolia,Ulaanbaatar,47.9167,106.9167,2026-01-23 15:15:00,-20.9,48,0.0,4.0,Sunny,0.7,2026,1,January
North Korea,Pyongyang,39.0194,125.7547,2026-01-23 16:15:00,-4.8,29,0.0,4.7,Partly Cloudy,0.3,2026,1,January
Poland,Warsaw,52.25,21.0,2026-01-23 08:15:00,-7.9,92,0.02,13.3,Partly cloudy,0.0,2026,1,January
Russia,Moscow,55.7522,37.6156,2026-01-23 10:15:00,-11.7,78,0.01,10.1,Light snow,0.2,2026,1,January
Ukraine,Kyiv,50.4333,30.5167,2026-01-23 09:15:00,-6.5,95,0.04,14.0,Light snow,0.2,2026,1,January
Afghanistan,Kabul,34.5167,69.1833,2026-01-24 11:45:00,-6.7,55,0.0,5.0,Overcast,3.4,2026,1,January
Andorra,Andorra La Vella,42.5,1.5167,2026-01-24 08:15:00,-7.1,95,0.1,9.4,Patchy moderate snow,0.0,2026,1,January
Belarus,Minsk,53.9,27.5667,2026-01-24 10:15:00,-12.9,85,0.0,12.6,Light snow,0.2,2026,1,January
Canada,Ottawa,45.4167,-75.7,2026-01-24 02:15:00,-23.8,57,0.0,13.0,Clear,0.0,2026,1,January
Estonia,Tallinn,59.4339,24.7281,2026-01-24 09:15:00,-11.7,92,0.0,9.4,Light snow,0.0,2026,1,January
Finland,Helsinki,60.1756,24.9342,2026-01-24 09:15:00,-9.7,92,0.02,7.6,Light snow,0.0,2026,1,January
Kazakhstan,Astana,51.1811,71.4278,2026-01-24 12:15:00,-17.8,77,0.02,8.3,Light snow,0.8,2026,1,January
Latvia,Riga,56.95,24.1,2026-01-24 09:15:00,-11.0,85,0.0,10.8,Mist,0.0,2026,1,January
Lithuania,Vilnius,54.6833,25.3167,2026-01-24 09:15:00,-12.9,85,0.0,14.8,Light snow,0.0,2026,1,January
Mongolia,Ulaanbaatar,47.9167,106.9167,2026-01-24 15:15:00,-18.6,54,0.0,4.7,Sunny,0.7,2026,1,January
North Korea,Pyongyang,39.0194,125.7547,2026-01-24 16:15:00,-6.7,26,0.0,23.8,Sunny,0.4,2026,1,January
Poland,Warsaw,52.25,21.0,2026-01-24 08:15:00,-6.9,86,0.08,14.4,Light snow,0.0,2026,1,January
Russia,Moscow,55.7522,37.6156,2026-01-24 10:15:00,-19.0,84,0.0,3.6,Mist,0.2,2026,1,January
Ukraine,Kyiv,50.4333,30.5167,2026-01-24 09:15:00,-11.3,94,0.0,9.7,Partly Cloudy,0.2,2026,1,January
Andorra,Andorra La Vella,42.5,1.5167,2026-01-25 08:00:00,-10.1,91,0.0,7.2,Clear,0.0,2026,1,January
Belarus,Minsk,53.9,27.5667,2026-01-25 10:00:00,-18.8,84,0.0,13.7,Overcast,0.2,2026,1,January
Canada,Ottawa,45.4167,-75.7,2026-01-25 02:00:00,-25.0,63,0.0,4.0,Partly cloudy,0.0,2026,1,January
Estonia,Tallinn,59.4339,24.7281,2026-01-25 09:00:00,-16.6,84,0.0,14.4,Sunny,0.0,2026,1,January
Finland,Helsinki,60.1756,24.9342,2026-01-25 09:00:00,-8.8,85,0.0,10.8,Light snow,0.0,2026,1,January
Kazakhstan,Astana,51.1811,71.4278,2026-01-25 12:00:00,-14.6,85,0.02,9.7,Mist,0.9,2026,1,January
Latvia,Riga,56.95,24.1,2026-01-25 09:00:00,-14.8,85,0.0,13.0,Partly Cloudy,0.0,2026,1,January
Lithuania,Vilnius,54.6833,25.3167,2026-01-25 09:00:00,-12.8,78,0.0,14.4,Partly cloudy,0.0,2026,1,January
Iran,Chi Chi Khvar,36.2625,46.59,2026-01-25 10:30:00,-6.1,75,0.0,3.6,Sunny,2.2,2026,1,January
Mongolia,Ulaanbaatar,47.9167,106.9167,2026-01-25 15:00:00,-13.6,72,0.0,7.2,Light snow,0.6,2026,1,January
North Korea,Pyongyang,39.0194,125.7547,2026-01-25 16:00:00,-5.6,30,0.0,13.0,Sunny,0.5,2026,1,January
Poland,Warsaw,52.25,21.0,2026-01-25 08:00:00,-4.9,86,0.01,14.0,Patchy light snow,0.0,2026,1,January
Russia,Moscow,55.7522,37.6156,2026-01-25 10:00:00,-23.7,83,0.0,3.6,Patchy light snow,0.2,2026,1,January
Ukraine,Kyiv,50.4333,30.5167,2026-01-25 09:00:00,-8.6,95,0.15,12.2,Moderate snow,0.2,2026,1,January
Andorra,Andorra La Vella,42.5,1.5167,2026-01-26 08:00:00,-5.7,92,0.27,14.4,Patchy heavy snow,0.0,2026,1,January
Armenia,Yerevan,40.1811,44.5136,2026-01-26 11:00:00,-4.8,93,0.0,3.6,Mist,1.7,2026,1,January
Belarus,Minsk,53.9,27.5667,2026-01-26 10:00:00,-11.9,92,0.06,19.4,Heavy snow,0.1,2026,1,January
Canada,Ottawa,45.4167,-75.7,2026-01-26 02:00:00,-17.0,77,0.52,11.9,Light snow,0.0,2026,1,January
Estonia,Tallinn,59.4339,24.7281,2026-01-26 09:00:00,-8.9,85,0.03,7.6,Light snow,0.0,2026,1,January
Finland,Helsinki,60.1756,24.9342,2026-01-26 09:00:00,-8.0,85,0.03,3.6,Light snow,0.0,2026,1,January
Kazakhstan,Astana,51.1811,71.4278,2026-01-26 12:00:00,-17.0,77,0.01,8.6,Partly cloudy,1.0,2026,1,January
Latvia,Riga,56.95,24.1,2026-01-26 09:00:00,-9.0,85,0.01,8.6,Overcast,0.0,2026,1,January
Lithuania,Vilnius,54.6833,25.3167,2026-01-26 09:00:00,-9.8,85,0.0,17.3,Overcast,0.1,2026,1,January
Russia,Chi-Chi-Erh,51.7,94.45,2026-01-26 14:00:00,-21.8,93,0.0,3.6,Overcast,0.7,2026,1,January
Mongolia,Ulaanbaatar,47.9167,106.9167,2026-01-26 15:00:00,-16.7,77,0.0,5.0,Sunny,0.8,2026,1,January
Russia,Moscow,55.7522,37.6156,2026-01-26 10:00:00,-17.6,84,0.0,10.4,Mist,0.2,2026,1,January
Ukraine,Kyiv,50.4333,30.5167,2026-01-26 09:00:00,-6.2,93,0.0,22.0,Overcast,0.1,2026,1,January
Armenia,Yerevan,40.1811,44.5136,2026-01-27 11:00:00,-4.9,93,0.0,3.6,Mist,1.7,2026,1,January
Canada,Ottawa,45.4167,-75.7,2026-01-27 02:00:00,-18.0,84,0.0,7.9,Clear,0.0,2026,1,January
Estonia,Tallinn,59.4339,24.7281,2026-01-27 09:00:00,-5.9,86,0.0,10.4,Overcast,0.0,2026,1,January
Finland,Helsinki,60.1756,24.9342,2026-01-27 09:00:00,-7.8,92,0.0,9.0,Partly cloudy,0.0,2026,1,January
Hungary,Budapest,47.5,19.0833,2026-01-27 08:00:00,-5.0,100,0.0,5.8,Mist,0.1,2026,1,January
Kazakhstan,Astana,51.1811,71.4278,2026-01-27 12:00:00,-20.9,84,0.0,14.4,Cloudy,0.9,2026,1,January
Latvia,Riga,56.95,24.1,2026-01-27 09:00:00,-8.7,85,0.0,14.0,Partly cloudy,0.0,2026,1,January
Mongolia,Ulaanbaatar,47.9167,106.9167,2026-01-27 15:00:00,-19.7,77,0.0,3.6,Sunny,0.8,2026,1,January
North Korea,Pyongyang,39.0194,125.7547,2026-01-27 16:00:00,-5.3,33,0.0,23.8,Sunny,0.4,2026,1,January
Russia,Moscow,55.7522,37.6156,2026-01-27 10:00:00,-8.6,85,0.38,14.4,Light snow,0.1,2026,1,January
Switzerland,Bern,46.9167,7.4667,2026-01-27 08:00:00,-4.9,93,0.0,5.4,Partly cloudy,0.0,2026,1,January
Armenia,Yerevan,40.1811,44.5136,2026-01-28 10:45:00,-4.9,93,0.0,3.6,Mist,0.6,2026,1,January
Canada,Ottawa,45.4167,-75.7,2026-01-28 01:45:00,-19.5,78,0.0,6.8,Cloudy,0.0,2026,1,January
Estonia,Tallinn,59.4339,24.7281,2026-01-28 09:00:00,-7.9,92,0.0,18.7,Overcast,0.0,2026,1,January
Finland,Helsinki,60.1756,24.9342,2026-01-28 09:00:00,-11.9,85,0.0,11.9,Light snow,0.0,2026,1,January
Kazakhstan,Astana,51.1811,71.4278,2026-01-28 12:00:00,-20.9,77,0.0,3.6,Partly Cloudy,1.0,2026,1,January
Latvia,Riga,56.95,24.1,2026-01-28 09:00:00,-8.6,79,0.0,19.1,Partly Cloudy,0.0,2026,1,January
Lithuania,Vilnius,54.6833,25.3167,2026-01-28 09:00:00,-5.0,93,0.29,11.2,Heavy snow,0.1,2026,1,January
Mongolia,Ulaanbaatar,47.9167,106.9167,2026-01-28 15:00:00,-18.7,70,0.0,3.6,Sunny,0.8,2026,1,January
North Korea,Pyongyang,39.0194,125.7547,2026-01-28 16:00:00,-5.7,32,0.0,15.5,Sunny,0.4,2026,1,January
Russia,Moscow,55.7522,37.6156,2026-01-28 10:00:00,-9.9,85,0.13,9.0,Light snow showers,0.2,2026,1,January
Sweden,Stockholm,59.3333,18.05,2026-01-28 08:00:00,-5.7,93,0.0,13.7,Partly cloudy,0.0,2026,1,January
Andorra,Andorra La Vella,42.5,1.5167,2026-01-29 08:00:00,-9.2,84,0.0,7.2,Clear,0.0,2026,1,January
Belarus,Minsk,53.9,27.5667,2026-01-29 10:00:00,-6.7,93,0.05,18.0,Overcast,0.2,2026,1,January
Canada,Ottawa,45.4167,-75.7,2026-01-29 02:00:00,-16.8,77,0.0,3.6,Partly cloudy,0.0,2026,1,January
Estonia,Tallinn,59.4339,24.7281,2026-01-29 09:00:00,-12.8,92,0.0,18.7,Sunny,0.0,2026,1,January
Finland,Helsinki,60.1756,24.9342,2026-01-29 09:00:00,-15.8,92,0.0,13.7,Light snow,0.0,2026,1,January
Kazakhstan,Astana,51.1811,71.4278,2026-01-29 12:00:00,-16.7,84,0.0,13.0,Patchy light snow,1.1,2026,1,January
Latvia,Riga,56.95,24.1,2026-01-29 09:00:00,-9.8,79,0.0,15.5,Partly cloudy,0.0,2026,1,January
Lithuania,Vilnius,54.6833,25.3167,2026-01-29 09:00:00,-8.7,85,0.01,14.4,Overcast,0.1,2026,1,January
Mongolia,Ulaanbaatar,47.9167,106.9167,2026-01-29 15:00:00,-15.8,55,0.08,4.7,Moderate snow,0.7,2026,1,January
North Korea,Pyongyang,39.0194,125.7547,2026-01-29 16:00:00,-5.8,30,0.0,22.3,Sunny,0.4,2026,1,January
Russia,Moscow,55.7522,37.6156,2026-01-29 10:00:00,-10.8,85,0.21,17.3,Moderate snow,0.2,2026,1,January
Sweden,Stockholm,59.3333,18.05,2026-01-29 08:00:00,-5.6,93,0.0,6.8,Partly cloudy,0.0,2026,1,January
Andorra,Andorra La Vella,42.5,1.5167,2026-01-30 08:00:00,-8.4,90,0.0,9.7,Clear,0.0,2026,1,January
Belarus,Minsk,53.9,27.5667,2026-01-30 10:00:00,-16.8,84,0.0,18.7,Cloudy,0.2,2026,1,January
Canada,Ottawa,45.4167,-75.7,2026-01-30 02:00:00,-21.8,70,0.0,17.6,Clear,0.0,2026,1,January
Estonia,Tallinn,59.4339,24.7281,2026-01-30 09:00:00,-14.0,85,0.0,10.4,Light snow,0.0,2026,1,January
Finland,Helsinki,60.1756,24.9342,2026-01-30 09:00:00,-23.9,83,0.0,6.8,Mist,0.0,2026,1,January
Kazakhstan,Astana,51.1811,71.4278,2026-01-30 12:00:00,-17.8,84,0.0,11.2,Sunny,1.1,2026,1,January
Latvia,Riga,56.95,24.1,2026-01-30 09:00:00,-14.7,78,0.0,11.9,Sunny,0.0,2026,1,January
Lithuania,Vilnius,54.6833,25.3167,2026-01-30 09:00:00,-17.0,84,0.0,16.2,Partly Cloudy,0.1,2026,1,January
Mongolia,Ulaanbaatar,47.9167,106.9167,2026-01-30 15:00:00,-17.7,77,0.0,4.0,Sunny,0.8,2026,1,January
North Korea,Pyongyang,39.0194,125.7547,2026-01-30 16:00:00,-5.9,32,0.0,14.4,Sunny,0.5,2026,1,January
Russia,Moscow,55.7522,37.6156,2026-01-30 10:00:00,-18.0,84,0.0,14.4,Partly cloudy,0.3,2026,1,January
Sweden,Stockholm,59.3333,18.05,2026-01-30 08:00:00,-9.7,92,0.0,14.8,Partly cloudy,0.0,2026,1,January
Ukraine,Kyiv,50.4333,30.5167,2026-01-30 09:00:00,-9.7,93,0.06,19.4,Light snow,0.2,2026,1,January
Belarus,Minsk,53.9,27.5667,2026-01-31 10:00:00,-17.6,77,0.0,18.7,Sunny,0.2,2026,1,January
Canada,Ottawa,45.4167,-75.7,2026-01-31 02:00:00,-16.8,77,0.0,9.0,Light snow,0.0,2026,1,January
Estonia,Tallinn,59.4339,24.7281,2026-01-31 09:00:00,-12.9,85,0.01,12.6,Light snow,0.0,2026,1,January
Finland,Helsinki,60.1756,24.9342,2026-01-31 09:00:00,-19.7,84,0.0,11.5,Freezing fog,0.0,2026,1,January
Kazakhstan,Astana,51.1811,71.4278,2026-01-31 12:00:00,-13.9,60,0.0,4.3,Sunny,1.1,2026,1,January
Latvia,Riga,56.95,24.1,2026-01-31 09:00:00,-19.8,84,0.0,7.6,Sunny,0.0,2026,1,January
Lithuania,Vilnius,54.6833,25.3167,2026-01-31 09:00:00,-18.7,77,0.0,14.0,Sunny,0.1,2026,1,January
Mongolia,Ulaanbaatar,47.9167,106.9167,2026-01-31 15:00:00,-14.9,65,0.0,5.0,Sunny,0.9,2026,1,January
Poland,Warsaw,52.25,21.0,2026-01-31 08:00:00,-12.8,78,0.0,17.6,Sunny,0.1,2026,1,January
Russia,Moscow,55.7522,37.6156,2026-01-31 10:00:00,-18.7,77,0.0,14.0,Overcast,0.2,2026,1,January
Ukraine,Kyiv,50.4333,30.5167,2026-01-31 09:00:00,-14.4,93,0.02,19.8,Light snow,0.3,2026,1,January
Andorra,Andorra La Vella,42.5,1.5167,2026-02-01 08:00:00,-8.3,84,0.0,9.0,Clear,0.0,2026,2,February
Belarus,Minsk,53.9,27.5667,2026-02-01 10:00:00,-19.9,84,0.0,11.5,Freezing fog,0.2,2026,2,February
Canada,Ottawa,45.4167,-75.7,2026-02-01 02:00:00,-11.8,66,0.0,10.4,Partly cloudy,0.0,2026,2,February
Estonia,Tallinn,59.4339,24.7281,2026-02-01 09:00:00,-15.7,92,0.05,8.6,Moderate snow,0.0,2026,2,February
Finland,Helsinki,60.1756,24.9342,2026-02-01 09:00:00,-18.9,84,0.01,10.8,Light snow,0.0,2026,2,February
Germany,Berlin,52.5167,13.4,2026-02-01 08:00:00,-6.9,73,0.0,18.7,Overcast,0.0,2026,2,February
Kazakhstan,Astana,51.1811,71.4278,2026-02-01 12:00:00,-11.0,72,0.0,8.3,Sunny,1.3,2026,2,February
Latvia,Riga,56.95,24.1,2026-02-01 09:00:00,-19.7,84,0.0,9.4,Sunny,0.0,2026,2,February
Lithuania,Vilnius,54.6833,25.3167,2026-02-01 09:00:00,-18.8,84,0.0,8.3,Overcast,0.1,2026,2,February
Mongolia,Ulaanbaatar,47.9167,106.9167,2026-02-01 15:00:00,-11.7,78,0.0,4.0,Sunny,1.0,2026,2,February
Norway,Oslo,59.9167,10.75,2026-02-01 08:00:00,-9.7,85,0.06,5.4,Overcast,0.0,2026,2,February
Poland,Warsaw,52.25,21.0,2026-02-01 08:00:00,-15.6,84,0.0,13.0,Sunny,0.1,2026,2,February
Russia,Moscow,55.7522,37.6156,2026-02-01 10:00:00,-20.9,70,0.14,20.9,Light snow,0.2,2026,2,February
Ukraine,Kyiv,50.4333,30.5167,2026-02-01 09:00:00,-19.1,92,0.0,10.4,Partly Cloudy,0.3,2026,2,February
Belarus,Minsk,53.9,27.5667,2026-02-02 10:00:00,-26.9,83,0.0,11.2,Freezing fog,0.2,2026,2,February
Canada,Ottawa,45.4167,-75.7,2026-02-02 02:00:00,-14.5,82,0.0,10.1,Clear,0.0,2026,2,February
Denmark,Copenhagen,55.6667,12.5833,2026-02-02 08:00:00,-5.6,62,0.0,39.6,Clear,0.0,2026,2,February
Estonia,Tallinn,59.4339,24.7281,2026-02-02 09:00:00,-10.8,78,0.0,20.9,Sunny,0.0,2026,2,February
Finland,Helsinki,60.1756,24.9342,2026-02-02 09:00:00,-21.8,76,0.0,13.3,Sunny,0.0,2026,2,February
Germany,Berlin,52.5167,13.4,2026-02-02 08:00:00,-7.9,73,0.0,20.2,Overcast,0.0,2026,2,February
Kazakhstan,Astana,51.1811,71.4278,2026-02-02 12:00:00,-9.7,72,0.08,11.9,Partly cloudy,1.0,2026,2,February
Latvia,Riga,56.95,24.1,2026-02-02 09:00:00,-23.8,76,0.0,12.2,Sunny,0.0,2026,2,February
Lithuania,Vilnius,54.6833,25.3167,2026-02-02 09:00:00,-23.9,76,0.0,6.1,Mist,0.1,2026,2,February
Mongolia,Ulaanbaatar,47.9167,106.9167,2026-02-02 15:00:00,-10.0,56,0.0,3.6,Sunny,0.9,2026,2,February
Norway,Oslo,59.9167,10.75,2026-02-02 08:00:00,-15.6,98,0.06,5.4,Light snow,0.0,2026,2,February
Poland,Warsaw,52.25,21.0,2026-02-02 08:00:00,-17.6,77,0.0,13.3,Sunny,0.1,2026,2,February
Romania,Bucharest,44.4333,26.1,2026-02-02 09:00:00,-6.7,67,0.0,17.6,Light snow,0.4,2026,2,February
Russia,Moscow,55.7522,37.6156,2026-02-02 10:00:00,-19.8,77,0.02,13.7,Patchy light snow,0.2,2026,2,February
Sweden,Stockholm,59.3333,18.05,2026-02-02 08:00:00,-6.6,86,0.0,5.4,Light snow,0.0,2026,2,February
Bulgaria,Lom,43.8139,23.2361,2026-02-02 09:00:00,-6.6,93,0.06,7.6,Heavy snow,0.4,2026,2,February
Ukraine,Kyiv,50.4333,30.5167,2026-02-02 09:00:00,-21.3,95,0.0,7.9,Mist,0.4,2026,2,February
Belarus,Minsk,53.9,27.5667,2026-02-03 10:00:00,-21.0,84,0.0,7.9,Freezing fog,0.2,2026,2,February
Canada,Ottawa,45.4167,-75.7,2026-02-03 02:00:00,-12.9,78,0.0,3.6,Partly cloudy,0.0,2026,2,February
Bulgaria,Bogot,43.3167,24.7,2026-02-03 09:00:00,-7.5,91,0.0,5.0,Partly Cloudy,0.5,2026,2,February
Estonia,Tallinn,59.4339,24.7281,2026-02-03 09:00:00,-8.8,85,0.0,19.1,Partly Cloudy,0.0,2026,2,February
Finland,Helsinki,60.1756,24.9342,2026-02-03 09:00:00,-19.6,84,0.0,12.2,Partly Cloudy,0.0,2026,2,February
Germany,Berlin,52.5167,13.4,2026-02-03 08:00:00,-7.9,62,0.0,24.8,Sunny,0.0,2026,2,February
Kazakhstan,Astana,51.1811,71.4278,2026-02-03 12:00:00,-12.8,78,0.0,17.3,Partly cloudy,1.3,2026,2,February
Latvia,Riga,56.95,24.1,2026-02-03 09:00:00,-11.9,72,0.0,9.0,Partly Cloudy,0.1,2026,2,February
Lithuania,Vilnius,54.6833,25.3167,2026-02-03 09:00:00,-19.6,84,0.0,5.0,Freezing fog,0.2,2026,2,February
Russia,Chi-Chi-Erh,51.7,94.45,2026-02-03 14:00:00,-16.1,88,0.0,3.6,Overcast,0.9,2026,2,February
Mongolia,Ulaanbaatar,47.9167,106.9167,2026-02-03 15:00:00,-11.0,61,0.0,5.4,Partly cloudy,1.1,2026,2,February
Poland,Warsaw,52.25,21.0,2026-02-03 08:00:00,-17.7,77,0.0,8.6,Partly Cloudy,0.2,2026,2,February
Romania,Bucharest,44.4333,26.1,2026-02-03 09:00:00,-7.8,85,0.0,3.6,Sunny,0.5,2026,2,February
Russia,Moscow,55.7522,37.6156,2026-02-03 10:00:00,-21.9,76,0.01,7.2,Partly cloudy,0.2,2026,2,February
Sweden,Stockholm,59.3333,18.05,2026-02-03 08:00:00,-13.9,92,0.0,7.6,Partly cloudy,0.0,2026,2,February
Bulgaria,Lom,43.8139,23.2361,2026-02-03 09:00:00,-6.9,93,0.0,6.1,Partly cloudy,0.4,2026,2,February
Ukraine,Kyiv,50.4333,30.5167,2026-02-03 09:00:00,-18.5,89,0.0,5.4,Sunny,0.4,2026,2,February
Andorra,Andorra La Vella,42.5,1.5167,2026-02-04 08:00:00,-4.8,98,0.0,8.6,Freezing fog,0.0,2026,2,February
Belarus,Minsk,53.9,27.5667,2026-02-04 10:00:00,-22.8,76,0.0,10.8,Patchy light snow,0.3,2026,2,February
Canada,Ottawa,45.4167,-75.7,2026-02-04 02:00:00,-8.0,85,0.04,3.6,Light snow,0.0,2026,2,February
Bulgaria,Bogot,43.3167,24.7,2026-02-04 09:00:00,-4.8,92,0.0,3.6,Partly Cloudy,0.5,2026,2,February
Estonia,Tallinn,59.4339,24.7281,2026-02-04 09:00:00,-9.9,85,0.0,7.9,Light snow,0.0,2026,2,February
Finland,Helsinki,60.1756,24.9342,2026-02-04 09:00:00,-16.8,92,0.0,7.2,Light snow,0.0,2026,2,February
Germany,Berlin,52.5167,13.4,2026-02-04 08:00:00,-7.0,86,0.0,16.6,Light snow,0.0,2026,2,February
Kazakhstan,Astana,51.1811,71.4278,2026-02-04 12:00:00,-15.0,92,0.0,10.1,Sunny,1.3,2026,2,February
Latvia,Riga,56.95,24.1,2026-02-04 09:00:00,-15.6,92,0.0,7.2,Partly cloudy,0.1,2026,2,February
Lithuania,Vilnius,54.6833,25.3167,2026-02-04 09:00:00,-16.7,84,0.0,12.2,Mist,0.2,2026,2,February
Mongolia,Ulaanbaatar,47.9167,106.9167,2026-02-04 15:00:00,-17.9,59,0.0,20.2,Partly cloudy,0.9,2026,2,February
Poland,Warsaw,52.25,21.0,2026-02-04 08:00:00,-8.9,85,0.28,17.6,Partly cloudy,0.1,2026,2,February
Russia,Moscow,55.7522,37.6156,2026-02-04 10:00:00,-17.7,77,0.0,8.6,Freezing fog,0.3,2026,2,February
Sweden,Stockholm,59.3333,18.05,2026-02-04 08:00:00,-6.9,79,0.0,8.3,Partly cloudy,0.0,2026,2,February
Ukraine,Kyiv,50.4333,30.5167,2026-02-04 09:00:00,-15.8,88,0.0,10.8,Cloudy,0.4,2026,2,February
Belarus,Minsk,53.9,27.5667,2026-02-05 09:45:00,-11.6,92,0.15,23.0,Light snow,0.0,2026,2,February
Canada,Ottawa,45.4167,-75.7,2026-02-05 02:00:00,-10.0,67,0.0,9.0,Partly cloudy,0.0,2026,2,February
Estonia,Tallinn,59.4339,24.7281,2026-02-05 08:45:00,-15.9,84,0.0,11.9,Overcast,0.0,2026,2,February
Finland,Helsinki,60.1756,24.9342,2026-02-05 09:00:00,-12.0,92,0.0,6.5,Light snow,0.0,2026,2,February
Latvia,Riga,56.95,24.1,2026-02-05 09:00:00,-13.8,78,0.0,14.0,Overcast,0.1,2026,2,February
Lithuania,Vilnius,54.6833,25.3167,2026-02-05 09:00:00,-10.6,85,0.02,19.4,Light snow,0.2,2026,2,February
Russia,Chi-Chi-Erh,51.7,94.45,2026-02-05 14:00:00,-24.8,91,0.0,3.6,Cloudy,1.2,2026,2,February
Mongolia,Ulaanbaatar,47.9167,106.9167,2026-02-05 15:00:00,-19.7,53,0.0,13.3,Sunny,1.0,2026,2,February
Russia,Moscow,55.7522,37.6156,2026-02-05 10:00:00,-19.6,84,0.0,5.0,Freezing fog,0.3,2026,2,February
Sweden,Stockholm,59.3333,18.05,2026-02-05 08:00:00,-5.8,79,0.0,8.3,Partly cloudy,0.0,2026,2,February
Ukraine,Kyiv,50.4333,30.5167,2026-02-05 09:00:00,-7.4,95,0.3,22.3,Heavy snow,0.3,2026,2,February
Belarus,Minsk,53.9,27.5667,2026-02-06 09:45:00,-7.8,85,0.1,20.2,Light snow,0.0,2026,2,February
Canada,Ottawa,45.4167,-75.7,2026-02-06 01:45:00,-19.6,85,0.0,5.0,Overcast,0.0,2026,2,February
Estonia,Tallinn,59.4339,24.7281,2026-02-06 08:45:00,-11.7,92,0.01,15.1,Light snow,0.0,2026,2,February
Finland,Helsinki,60.1756,24.9342,2026-02-06 08:45:00,-18.8,84,0.0,13.3,Clear,0.0,2026,2,February
Kazakhstan,Astana,51.1811,71.4278,2026-02-06 11:45:00,-6.7,100,1.06,13.0,Light snow,0.3,2026,2,February
Latvia,Riga,56.95,24.1,2026-02-06 08:45:00,-6.8,86,0.0,10.4,Overcast,0.0,2026,2,February
Lithuania,Vilnius,54.6833,25.3167,2026-02-06 08:45:00,-5.7,93,0.16,15.8,Overcast,0.0,2026,2,February
Mongolia,Ulaanbaatar,47.9167,106.9167,2026-02-06 14:45:00,-19.8,59,0.0,7.9,Sunny,1.6,2026,2,February
North Korea,Pyongyang,39.0194,125.7547,2026-02-06 15:45:00,-8.1,20,0.0,25.9,Sunny,1.3,2026,2,February
Norway,Oslo,59.9167,10.75,2026-02-06 07:45:00,-11.7,72,0.0,10.4,Partly cloudy,0.0,2026,2,February
Russia,Moscow,55.7522,37.6156,2026-02-06 09:45:00,-16.0,84,0.0,7.2,Mist,0.1,2026,2,February
Sweden,Stockholm,59.3333,18.05,2026-02-06 07:45:00,-9.0,85,0.13,16.9,Partly cloudy,0.0,2026,2,February
Ukraine,Kyiv,50.4333,30.5167,2026-02-06 08:45:00,-7.3,87,0.0,17.6,Overcast,0.0,2026,2,February
Andorra,Andorra La Vella,42.5,1.5167,2026-02-07 07:45:00,-7.7,95,0.06,7.2,Patchy light snow,0.0,2026,2,February
Belarus,Minsk,53.9,27.5667,2026-02-07 09:45:00,-6.6,86,0.01,9.4,Partly cloudy,0.0,2026,2,February
Canada,Ottawa,45.4167,-75.7,2026-02-07 01:45:00,-13.9,72,0.28,29.5,Light snow,0.0,2026,2,February
Estonia,Tallinn,59.4339,24.7281,2026-02-07 08:45:00,-9.8,92,0.0,11.5,Freezing fog,0.0,2026,2,February
Finland,Helsinki,60.1756,24.9342,2026-02-07 08:45:00,-22.7,84,0.0,8.3,Clear,0.0,2026,2,February
Kazakhstan,Astana,51.1811,71.4278,2026-02-07 11:45:00,-12.6,85,0.0,14.8,Partly cloudy,1.1,2026,2,February
Latvia,Riga,56.95,24.1,2026-02-07 08:45:00,-6.0,79,0.0,11.2,Overcast,0.0,2026,2,February
Mongolia,Ulaanbaatar,47.9167,106.9167,2026-02-07 14:45:00,-16.0,55,0.0,5.0,Partly Cloudy,1.8,2026,2,February
North Korea,Pyongyang,39.0194,125.7547,2026-02-07 15:45:00,-8.5,24,0.0,22.7,Sunny,1.0,2026,2,February
Russia,Moscow,55.7522,37.6156,2026-02-07 09:45:00,-11.8,85,0.01,5.0,Light snow,0.1,2026,2,February
Ukraine,Kyiv,50.4333,30.5167,2026-02-07 08:45:00,-5.6,97,0.14,7.9,Moderate snow,0.1,2026,2,February
