country,location_name,year,month,temperature_celsius,wind_mps,pressure_pa,precip_mm,humidity,cloud,uv_index,air_quality_PM2.5,air_quality_PM10
Afghanistan,Kabul,2024,5,20.305882352941175,3.1993464052287583,101000.0,0.10882352941176471,38.05882352941177,31.764705882352942,3.764705882352941,7.894117647058823,17.41176470588235
Afghanistan,Kabul,2024,6,25.59,4.752777777777778,100490.0,0.07266666666666667,24.833333333333332,20.833333333333332,6.5,7.38,16.78666666666667
Afghanistan,Kabul,2024,7,31.303448275862067,5.758620689655173,99800.0,0.0003448275862068966,17.93103448275862,13.068965517241379,7.758620689655173,9.06551724137931,23.596551724137928
Afghanistan,Kabul,2024,8,30.848387096774193,5.610215053763442,100125.80645161291,0.037096774193548385,20.548387096774192,11.903225806451612,7.483870967741935,9.638709677419355,22.674193548387095
Afghanistan,Kabul,2024,9,28.216666666666665,3.3953703703703706,100480.0,0.014333333333333335,13.733333333333333,13.066666666666666,7.0,20.99683333333333,42.791666666666664
Afghanistan,Kabul,2024,10,21.98709677419355,1.7948028673835124,101183.87096774194,0.10161290322580645,21.70967741935484,13.258064516129032,4.183870967741935,26.031290322580645,50.875
Afghanistan,Kabul,2024,11,15.67,1.2907407407407407,101590.0,0.002,27.466666666666665,19.666666666666668,2.76,19.048833333333334,29.760333333333335
Afghanistan,Kabul,2024,12,7.174193548387097,1.1765232974910393,101832.25806451614,0.0003225806451612903,22.387096774193548,14.64516129032258,0.6322580645161291,15.396774193548387,20.720000000000002
Afghanistan,Kabul,2025,1,1.3129032258064517,1.9336917562724014,102280.64516129032,0.07451612903225807,58.87096774193548,36.096774193548384,0.8548387096774194,28.251290322580644,33.96241935483871
Afghanistan,Kabul,2025,2,4.789285714285714,1.9831349206349207,101932.14285714286,0.05071428571428571,47.857142857142854,29.25,1.6500000000000001,22.21982142857143,41.03035714285714
Afghanistan,Kabul,2025,3,11.993548387096775,1.7562724014336917,101525.80645161291,0.06387096774193549,33.03225806451613,18.903225806451612,3.5580645161290323,14.817903225806452,34.03403225806452
Afghanistan,Kabul,2025,4,22.986666666666668,1.8370370370370372,101020.0,0.0013333333333333333,18.4,19.433333333333334,7.653333333333333,18.623333333333335,52.70033333333333
Afghanistan,Kabul,2025,5,27.26774193548387,2.9955197132616487,100580.64516129032,0.14032258064516132,17.483870967741936,21.516129032258064,9.390322580645162,24.115645161290324,67.05951612903225
Afghanistan,Kabul,2025,6,31.013333333333332,3.3685185185185187,100186.66666666667,0.002333333333333333,13.0,7.833333333333333,10.353333333333333,32.060500000000005,104.377
Afghanistan,Kabul,2025,7,32.880645161290325,2.688172043010753,99883.87096774194,0.0006451612903225806,11.741935483870968,6.451612903225806,10.229032258064517,30.638387096774192,106.42870967741935
Afghanistan,Kabul,2025,8,30.480645161290322,1.9086021505376345,100300.0,0.0,15.35483870967742,2.7096774193548385,10.825806451612904,30.453387096774193,93.44290322580645
Afghanistan,Kabul,2025,9,26.833333333333332,1.528703703703704,100780.0,0.0,17.266666666666666,1.4,8.823333333333332,25.450333333333333,46.8655
Afghanistan,Kabul,2025,10,20.26451612903226,1.2168458781362006,101377.41935483871,0.0003225806451612903,18.258064516129032,6.32258064516129,6.122580645161291,17.456451612903226,20.47258064516129
Afghanistan,Kabul,2025,11,13.923333333333334,1.150925925925926,101843.33333333333,0.0,7.9,3.3666666666666667,4.076666666666666,15.17,16.636666666666667
Afghanistan,Kabul,2025,12,8.619354838709677,1.1129032258064515,102070.96774193548,0.025806451612903226,33.74193548387097,35.12903225806452,2.6129032258064515,15.314516129032258,20.64032258064516
Afghanistan,Kabul,2026,1,1.8266666666666667,1.349074074074074,102413.33333333333,0.084,47.06666666666667,37.766666666666666,2.92,16.029999999999998,23.026666666666664
Afghanistan,Kabul,2026,2,1.6333333333333335,1.3009259259259258,102766.66666666667,0.07666666666666667,63.5,39.166666666666664,3.4499999999999997,12.116666666666667,24.883333333333336
Albania,Tirana,2024,5,25.647058823529413,3.6323529411764706,101223.5294117647,0.2952941176470588,57.529411764705884,38.23529411764706,5.411764705882353,10.270588235294117,24.552941176470586
Albania,Tirana,2024,6,30.84333333333333,3.9851851851851854,101290.0,0.05333333333333334,45.766666666666666,16.6,7.133333333333334,9.753333333333334,18.043333333333333
Albania,Tirana,2024,7,34.63793103448276,5.219348659003831,101024.13793103448,0.1093103448275862,37.0,12.379310344827585,8.172413793103448,8.63103448275862,11.134482758620688
Albania,Tirana,2024,8,34.980645161290326,5.03494623655914,101054.83870967742,0.02225806451612903,32.12903225806452,12.0,8.129032258064516,7.712903225806452,9.041935483870969
Albania,Tirana,2024,9,27.516666666666666,2.533333333333333,101300.0,0.3893333333333333,48.266666666666666,33.333333333333336,6.133333333333334,11.735666666666667,15.872833333333334
Albania,Tirana,2024,10,21.835483870967742,1.7043010752688172,101954.83870967742,0.14161290322580644,56.806451612903224,26.161290322580644,3.1580645161290324,20.988548387096774,28.293064516129032
Albania,Tirana,2024,11,13.783333333333333,1.7037037037037037,102086.66666666667,0.08633333333333333,59.13333333333333,34.8,1.21,20.072499999999998,24.1795
Albania,Tirana,2024,12,11.741935483870968,1.8826164874551972,101841.93548387097,0.3132258064516129,62.58064516129032,40.87096774193548,1.1064516129032258,17.78983870967742,20.881129032258062
Albania,Tirana,2025,1,13.425806451612903,1.7446236559139785,102116.12903225806,0.10580645161290321,58.96774193548387,48.935483870967744,1.4161290322580644,17.592903225806452,24.061935483870965
Albania,Tirana,2025,2,12.428571428571429,1.4375,102360.71428571429,0.02035714285714286,52.42857142857143,48.214285714285715,1.842857142857143,22.437857142857144,26.468214285714286
Albania,Tirana,2025,3,16.067741935483873,2.144265232974911,101641.93548387097,0.2403225806451613,51.61290322580645,41.935483870967744,2.638709677419355,21.489838709677418,30.841290322580644
Albania,Tirana,2025,4,18.403333333333332,2.2583333333333333,101530.0,0.14400000000000002,49.833333333333336,27.5,4.16,17.186500000000002,23.94516666666667
Albania,Tirana,2025,5,21.664516129032258,2.28405017921147,101396.7741935484,0.21225806451612902,50.96774193548387,32.25806451612903,4.767741935483872,15.498225806451613,20.373870967741937
Albania,Tirana,2025,6,29.323333333333334,2.176851851851852,101646.66666666667,0.0,38.36666666666667,2.5,6.5600000000000005,21.682000000000002,29.674
Albania,Tirana,2025,7,30.361290322580647,3.3548387096774195,101145.16129032258,0.014838709677419354,36.58064516129032,11.290322580645162,5.948387096774193,19.866612903225807,28.37661290322581
Albania,Tirana,2025,8,28.22258064516129,2.4767025089605736,101341.93548387097,0.00870967741935484,44.32258064516129,11.290322580645162,4.312903225806451,20.421612903225803,25.643387096774195
Albania,Tirana,2025,9,23.373333333333335,1.7287037037037039,101680.0,0.02733333333333333,60.266666666666666,14.166666666666666,2.6599999999999997,19.28483333333333,25.687833333333334
Albania,Tirana,2025,10,15.170967741935485,1.6191756272401434,101600.0,0.08161290322580646,71.3225806451613,41.935483870967744,0.8290322580645161,9.475806451612904,11.979032258064517
Albania,Tirana,2025,11,12.423333333333334,1.8074074074074074,101550.0,0.456,81.26666666666667,50.0,0.32,9.166666666666666,11.85
Albania,Tirana,2025,12,5.306451612903226,1.6397849462365592,101864.51612903226,0.0009677419354838711,82.45161290322581,31.451612903225808,0.17419354838709677,12.298387096774194,14.733870967741936
Albania,Tirana,2026,1,6.609999999999999,2.5481481481481483,101130.0,0.30366666666666664,76.73333333333333,62.5,0.14333333333333334,7.486666666666666,9.9
Albania,Tirana,2026,2,7.6000000000000005,2.2731481481481484,100466.66666666667,0.09500000000000001,81.16666666666667,70.83333333333333,0.18333333333333335,9.233333333333333,11.25
Algeria,Algiers,2024,5,26.11764705882353,6.282679738562091,101335.29411764706,0.0005882352941176471,45.705882352941174,26.470588235294116,6.0,8.68235294117647,18.00588235294118
Algeria,Algiers,2024,6,27.89,6.587037037037037,101380.0,0.0,46.733333333333334,24.233333333333334,6.6,6.65,14.083333333333334
Algeria,Algiers,2024,7,30.29642857142857,4.679563492063492,101389.28571428571,0.0,53.82142857142857,18.5,7.321428571428571,13.542857142857143,29.307142857142857
Algeria,Algiers,2024,8,31.483870967741936,4.883512544802867,101316.12903225806,0.0,51.74193548387097,18.93548387096774,7.419354838709677,14.345161290322581,30.596774193548388
Algeria,Algiers,2024,9,28.43,4.169444444444445,101503.33333333333,0.018333333333333333,50.63333333333333,29.133333333333333,6.533333333333333,19.2785,34.79383333333333
Algeria,Algiers,2024,10,23.76774193548387,2.896057347670251,101712.90322580645,0.025161290322580646,62.12903225806452,40.41935483870968,2.8451612903225807,23.77548387096774,44.20903225806452
Algeria,Algiers,2024,11,19.44333333333333,2.637962962962963,102136.66666666667,0.08566666666666665,66.3,28.7,0.9833333333333333,35.705000000000005,70.54050000000001
Algeria,Algiers,2024,12,14.748387096774193,2.870071684587814,102654.83870967742,0.06032258064516129,61.58064516129032,36.29032258064516,1.3741935483870968,21.925483870967742,32.27951612903226
Algeria,Algiers,2025,1,15.019354838709678,3.6729390681003586,102280.64516129032,0.10032258064516128,63.03225806451613,39.774193548387096,1.493548387096774,17.927096774193547,29.289677419354838
Algeria,Algiers,2025,2,15.424999999999999,2.2003968253968256,102300.0,0.05071428571428572,65.78571428571429,41.0,2.1964285714285716,24.016964285714288,32.150357142857146
Algeria,Algiers,2025,3,17.616129032258065,4.186379928315412,101438.70967741935,0.04193548387096774,60.96774193548387,50.0,2.1774193548387095,29.22403225806452,61.00225806451613
Algeria,Algiers,2025,4,19.7,3.2620370370370373,101553.33333333333,0.06666666666666667,59.13333333333333,27.9,2.9166666666666665,24.2535,43.98683333333334
Algeria,Algiers,2025,5,22.274193548387096,3.3216845878136203,101641.93548387097,0.09258064516129033,60.29032258064516,32.25806451612903,3.174193548387097,22.020967741935483,42.47838709677419
Algeria,Algiers,2025,6,28.503333333333334,2.906481481481481,101753.33333333333,0.0,55.1,19.166666666666668,4.02,29.686333333333334,53.539
Algeria,Algiers,2025,7,29.34193548387097,3.4059139784946235,101516.12903225806,0.004193548387096774,55.806451612903224,21.741935483870968,3.2,22.080645161290324,43.53467741935484
Algeria,Algiers,2025,8,27.712903225806453,2.7016129032258065,101500.0,0.0,55.225806451612904,13.709677419354838,2.2548387096774194,26.604193548387098,46.40516129032258
Algeria,Algiers,2025,9,24.243333333333332,2.5148148148148146,101740.0,0.006,69.26666666666667,33.233333333333334,1.2266666666666666,24.572666666666667,45.864000000000004
Algeria,Algiers,2025,10,19.029032258064515,2.3440860215053765,101796.7741935484,0.004838709677419355,73.54838709677419,26.612903225806452,0.43870967741935485,11.569354838709677,19.00483870967742
Algeria,Algiers,2025,11,12.66,3.4777777777777783,101786.66666666667,0.119,76.03333333333333,32.06666666666667,0.08666666666666667,8.376666666666667,13.983333333333333
Algeria,Algiers,2025,12,9.606451612903227,3.163082437275986,101683.87096774194,0.06903225806451613,84.58064516129032,46.774193548387096,0.0,12.301612903225807,19.76290322580645
Algeria,Algiers,2026,1,10.163333333333332,5.050925925925926,101290.0,0.21866666666666665,80.86666666666666,54.166666666666664,0.0,7.5233333333333325,12.883333333333333
Algeria,Algiers,2026,2,12.700000000000001,4.648148148148148,100700.0,0.015,69.83333333333333,54.166666666666664,0.0,5.283333333333333,8.433333333333334
Andorra,Andorra La Vella,2024,5,12.423529411764704,2.7434640522875817,101300.0,0.3517647058823529,60.88235294117647,70.88235294117646,3.176470588235294,0.9294117647058823,1.211764705882353
Andorra,Andorra La Vella,2024,6,17.459999999999997,2.964814814814815,101486.66666666667,0.18033333333333335,53.2,57.96666666666667,4.266666666666667,1.9966666666666666,4.98
Andorra,Andorra La Vella,2024,7,24.010344827586206,3.6312260536398466,101624.13793103448,0.11,37.44827586206897,29.655172413793103,6.0,3.237931034482759,7.575862068965517
Andorra,Andorra La Vella,2024,8,23.416129032258063,2.5501792114695343,101629.03225806452,0.13,42.16129032258065,43.45161290322581,5.516129032258065,3.664516129032258,5.309677419354839
Andorra,Andorra La Vella,2024,9,14.58,2.7611111111111115,101566.66666666667,0.311,55.03333333333333,46.3,3.9,3.607666666666667,5.529
Andorra,Andorra La Vella,2024,10,11.593548387096773,2.3835125448028673,101738.70967741935,0.0367741935483871,67.0,44.38709677419355,1.7645161290322582,5.108387096774194,11.708709677419355
Andorra,Andorra La Vella,2024,11,6.1433333333333335,1.901851851851852,102250.0,0.08700000000000001,74.63333333333334,35.96666666666667,0.6566666666666666,7.023833333333333,16.156666666666666
Andorra,Andorra La Vella,2024,12,2.9645161290322584,2.310931899641577,102538.70967741935,0.06999999999999999,69.38709677419355,36.41935483870968,0.9806451612903226,3.0196774193548386,6.2541935483870965
Andorra,Andorra La Vella,2025,1,2.035483870967742,2.229390681003584,101941.93548387097,0.12032258064516128,66.48387096774194,41.0,0.9580645161290322,2.59,4.356451612903226
Andorra,Andorra La Vella,2025,2,4.128571428571428,1.8640873015873016,102121.42857142857,0.049999999999999996,67.60714285714286,47.107142857142854,1.5392857142857144,4.327678571428572,7.479285714285714
Andorra,Andorra La Vella,2025,3,1.1806451612903226,2.64336917562724,101387.09677419355,0.20741935483870966,82.51612903225806,59.096774193548384,1.9516129032258065,6.450096774193549,10.98183870967742
Andorra,Andorra La Vella,2025,4,7.21,2.37962962962963,101403.33333333333,0.19899999999999998,63.7,51.2,2.7866666666666666,6.365466666666666,9.098166666666666
Andorra,Andorra La Vella,2025,5,11.038709677419355,2.099462365591398,101587.09677419355,0.13129032258064516,54.87096774193548,47.54838709677419,3.512903225806452,6.8225483870967745,12.137774193548388
Andorra,Andorra La Vella,2025,6,21.09333333333333,2.2296296296296294,102036.66666666667,0.046000000000000006,43.03333333333333,17.733333333333334,4.416666666666667,10.425366666666667,23.376833333333334
Andorra,Andorra La Vella,2025,7,19.07741935483871,2.1272401433691757,101816.12903225806,0.08612903225806451,50.41935483870968,33.67741935483871,3.629032258064516,6.624193548387097,10.061612903225807
Andorra,Andorra La Vella,2025,8,20.793548387096774,1.7491039426523298,101883.87096774194,0.06516129032258064,44.96774193548387,17.64516129032258,2.174193548387097,11.14774193548387,21.3108064516129
Andorra,Andorra La Vella,2025,9,13.860000000000001,1.9601851851851853,102013.33333333333,0.036333333333333336,62.833333333333336,33.93333333333333,1.0633333333333332,4.857666666666666,8.122833333333334
Andorra,Andorra La Vella,2025,10,9.35483870967742,1.6281362007168458,101887.09677419355,0.026129032258064518,63.806451612903224,29.774193548387096,0.3290322580645161,2.769354838709677,3.6951612903225803
Andorra,Andorra La Vella,2025,11,-0.36666666666666664,2.437037037037037,101810.0,0.149,79.2,48.4,0.05333333333333334,2.29,3.6199999999999997
Andorra,Andorra La Vella,2025,12,-2.8677419354838714,1.8799283154121864,101883.87096774194,0.11419354838709678,80.87096774193549,43.03225806451613,0.0,3.0048387096774194,4.685483870967742
Andorra,Andorra La Vella,2026,1,-5.51,2.310185185185185,101230.0,0.18033333333333335,86.76666666666667,54.63333333333333,0.0,2.14,3.0433333333333334
Andorra,Andorra La Vella,2026,2,-3.0333333333333337,1.8148148148148149,100166.66666666667,0.008333333333333333,95.16666666666667,72.83333333333333,0.0,2.0166666666666666,2.9499999999999997
Angola,Luanda,2024,5,29.08823529411765,5.44281045751634,100947.05882352941,0.0,69.76470588235294,20.705882352941178,8.0,45.241176470588236,92.68823529411765
Angola,Luanda,2024,6,26.55,5.345370370370371,101103.33333333333,0.0,68.33333333333333,22.566666666666666,7.566666666666666,38.61666666666667,90.45333333333333
Angola,Luanda,2024,7,24.475862068965515,4.396551724137931,101389.6551724138,0.0,67.0,34.0,7.0344827586206895,96.2448275862069,167.0793103448276
Angola,Luanda,2024,8,24.458064516129035,4.079749103942652,101358.06451612903,0.0,67.83870967741936,36.096774193548384,7.0,88.23870967741935,151.91935483870967
Angola,Luanda,2024,9,25.956666666666667,3.464814814814815,101346.66666666667,0.0006666666666666666,68.03333333333333,67.9,6.966666666666667,39.582,65.01466666666667
Angola,Luanda,2024,10,26.251612903225805,2.596774193548387,101364.51612903226,0.00870967741935484,73.58064516129032,73.35483870967742,5.906451612903226,27.547096774193548,44.22096774193548
Angola,Luanda,2024,11,27.296666666666667,2.112037037037037,101233.33333333333,0.02866666666666667,76.1,71.36666666666666,5.28,23.901999999999997,36.001
Angola,Luanda,2024,12,27.758064516129032,2.6469534050179213,101164.51612903226,0.18483870967741936,76.96774193548387,57.41935483870968,6.554838709677419,19.072903225806453,24.026129032258062
Angola,Luanda,2025,1,29.38064516129032,2.259856630824373,101129.03225806452,0.05548387096774193,67.19354838709677,63.806451612903224,8.587096774193547,24.801935483870967,31.855806451612903
Angola,Luanda,2025,2,29.264285714285712,2.33531746031746,101064.28571428571,0.06357142857142857,69.75,64.85714285714286,8.982142857142858,23.290178571428573,30.491964285714285
Angola,Luanda,2025,3,29.548387096774192,1.6881720430107527,101116.12903225806,0.0064516129032258064,69.41935483870968,63.32258064516129,7.445161290322581,22.026935483870968,28.501935483870966
Angola,Luanda,2025,4,28.626666666666665,2.2009259259259264,101123.33333333333,0.10300000000000001,73.93333333333334,67.5,5.533333333333333,21.842333333333332,27.312166666666666
Angola,Luanda,2025,5,27.861290322580647,2.10663082437276,101296.7741935484,0.04161290322580645,76.7741935483871,57.16129032258065,4.416129032258064,29.415,38.020483870967745
Angola,Luanda,2025,6,25.203333333333333,1.699074074074074,101506.66666666667,0.0003333333333333333,75.26666666666667,59.1,3.2800000000000002,35.74816666666666,48.143166666666666
Angola,Luanda,2025,7,22.293548387096774,1.9112903225806452,101732.25806451614,0.0,74.80645161290323,76.48387096774194,2.1806451612903226,39.67354838709678,51.85967741935484
Angola,Luanda,2025,8,21.019354838709678,1.6774193548387097,101680.64516129032,0.0009677419354838711,79.38709677419355,71.45161290322581,1.6741935483870967,45.814354838709676,55.6133870967742
Angola,Luanda,2025,9,22.696666666666665,1.3537037037037039,101550.0,0.003,79.53333333333333,76.76666666666667,1.51,34.524499999999996,41.56883333333334
Angola,Luanda,2025,10,24.612903225806452,2.060035842293907,101367.74193548386,0.019354838709677424,79.70967741935483,82.93548387096774,1.6451612903225807,15.688709677419356,20.385483870967743
Angola,Luanda,2025,11,26.14,1.9703703703703705,101266.66666666667,0.03766666666666666,78.26666666666667,78.16666666666667,2.0100000000000002,13.139999999999999,17.720000000000002
Angola,Luanda,2025,12,25.77741935483871,2.373655913978495,101119.35483870968,0.004516129032258065,80.41935483870968,66.3225806451613,1.7870967741935484,13.079032258064515,16.65967741935484
Angola,Luanda,2026,1,26.016666666666666,2.25,101140.0,0.0016666666666666668,79.66666666666667,68.8,1.7066666666666668,11.47,15.306666666666667
Angola,Luanda,2026,2,25.633333333333336,2.75,101250.0,0.0033333333333333335,80.5,51.0,1.4666666666666668,11.866666666666667,14.883333333333333
Antigua and Barbuda,Saint John's,2024,5,29.41176470588235,4.511437908496733,101582.35294117648,0.09764705882352942,72.82352941176471,47.05882352941177,6.0588235294117645,1.4411764705882353,5.617647058823529
Antigua and Barbuda,Saint John's,2024,6,29.92758620689655,4.546934865900384,101565.5172413793,0.04206896551724138,72.34482758620689,46.310344827586206,5.482758620689655,1.7172413793103447,6.26551724137931
Antigua and Barbuda,Saint John's,2024,7,28.675,6.015873015873017,101642.85714285714,0.10714285714285714,76.85714285714286,47.17857142857143,6.107142857142857,2.439285714285714,8.785714285714286
Antigua and Barbuda,Saint John's,2024,8,28.774193548387096,5.565412186379928,101509.67741935483,0.11645161290322582,76.41935483870968,50.03225806451613,6.064516129032258,1.8516129032258064,6.561290322580645
Antigua and Barbuda,Saint John's,2024,9,27.709999999999997,4.362962962962963,101236.66666666667,0.123,81.46666666666667,39.166666666666664,5.233333333333333,11.276766666666667,22.218766666666667
Antigua and Barbuda,Saint John's,2024,10,27.72258064516129,5.482078853046596,101180.64516129032,0.08580645161290323,77.0,47.96774193548387,0.2903225806451613,18.293580645161292,38.5711935483871
Antigua and Barbuda,Saint John's,2024,11,26.389655172413793,5.35632183908046,101089.6551724138,0.1503448275862069,83.82758620689656,46.86206896551724,0.0,13.448482758620688,22.0878275862069
Antigua and Barbuda,Saint John's,2024,12,25.606451612903225,7.228494623655914,101387.09677419355,0.1706451612903226,76.7741935483871,55.064516129032256,0.0,16.15783870967742,24.549096774193547
Antigua and Barbuda,Saint John's,2025,1,24.436666666666667,7.730555555555556,101560.0,0.06933333333333333,80.8,44.766666666666666,0.013333333333333334,12.180166666666667,19.6993
Antigua and Barbuda,Saint John's,2025,2,24.67142857142857,9.269841269841269,101585.71428571429,0.2175,75.85714285714286,48.214285714285715,0.0,16.609964285714288,27.030642857142855
Antigua and Barbuda,Saint John's,2025,3,24.506451612903227,7.098566308243728,101441.93548387097,0.0596774193548387,78.74193548387096,41.935483870967744,0.0,13.20351612903226,22.300225806451614
Antigua and Barbuda,Saint John's,2025,4,24.946666666666665,7.946296296296296,101413.33333333333,0.048666666666666664,79.46666666666667,49.43333333333333,0.0,11.509666666666668,18.460166666666666
Antigua and Barbuda,Saint John's,2025,5,26.129032258064516,7.840501792114696,101467.74193548386,0.03806451612903226,82.19354838709677,47.193548387096776,0.0,10.965774193548388,21.073967741935483
Antigua and Barbuda,Saint John's,2025,6,26.8,8.71574074074074,101693.33333333333,0.04766666666666666,76.76666666666667,40.833333333333336,0.0,20.647566666666666,48.93836666666667
Antigua and Barbuda,Saint John's,2025,7,26.81935483870968,8.201612903225806,101622.58064516129,0.1774193548387097,79.48387096774194,42.16129032258065,0.0,18.474548387096775,51.44383870967742
Antigua and Barbuda,Saint John's,2025,8,27.62258064516129,6.793906810035843,101435.48387096774,0.0796774193548387,79.29032258064517,41.193548387096776,0.0,14.068935483870968,35.641838709677415
Antigua and Barbuda,Saint John's,2025,9,27.02,6.017592592592592,101323.33333333333,0.179,81.53333333333333,42.6,0.0,10.6431,23.4076
Antigua and Barbuda,Saint John's,2025,10,26.719354838709677,6.484767025089606,101161.29032258065,0.342258064516129,83.09677419354838,41.29032258064516,0.0,6.83158064516129,12.115451612903225
Antigua and Barbuda,Saint John's,2025,11,26.026666666666664,7.2444444444444445,101353.33333333333,0.07600000000000001,80.23333333333333,44.6,0.04,6.649,10.908999999999999
Antigua and Barbuda,Saint John's,2025,12,25.038709677419355,7.226702508960574,101400.0,0.08516129032258064,76.09677419354838,37.096774193548384,0.0,7.905774193548387,12.212225806451613
Antigua and Barbuda,Saint John's,2026,1,24.456666666666667,7.062037037037038,101480.0,0.15033333333333332,79.6,43.56666666666667,0.0,6.692333333333334,10.385666666666667
Antigua and Barbuda,Saint John's,2026,2,24.116666666666664,6.013888888888889,101566.66666666667,0.016666666666666666,81.0,41.666666666666664,0.0,9.059,13.642333333333333
Argentina,Buenos Aires,2024,5,11.235294117647058,3.1274509803921573,102276.4705882353,0.0011764705882352942,75.6470588235294,45.588235294117645,4.176470588235294,5.394117647058824,8.964705882352941
Argentina,Buenos Aires,2024,6,13.55,3.5342592592592594,101576.66666666667,0.045000000000000005,79.43333333333334,19.766666666666666,4.9,7.383333333333334,9.996666666666666
Argentina,Buenos Aires,2024,7,6.796428571428572,2.340277777777778,102510.71428571429,0.0,78.32142857142857,15.142857142857142,3.857142857142857,12.946428571428571,17.210714285714285
Argentina,Buenos Aires,2024,8,9.764516129032257,3.4193548387096775,101958.06451612903,0.20516129032258063,84.83870967741936,42.935483870967744,4.258064516129032,5.251612903225807,7.651612903225806
Argentina,Buenos Aires,2024,9,12.383333333333333,3.1962962962962966,101580.0,0.014666666666666666,82.06666666666666,13.333333333333334,3.9,15.24,22.387833333333333
Argentina,Buenos Aires,2024,10,14.780645161290321,2.7795698924731185,101532.25806451614,0.025161290322580646,84.38709677419355,27.741935483870968,0.3870967741935484,12.33532258064516,18.201612903225808
Argentina,Buenos Aires,2024,11,17.709999999999997,2.968518518518519,101330.0,0.05333333333333334,83.9,25.833333333333332,0.29,10.736166666666666,13.739333333333333
Argentina,Buenos Aires,2024,12,17.838709677419356,3.338709677419355,101358.06451612903,0.05161290322580645,74.61290322580645,26.419354838709676,0.5806451612903226,10.932903225806452,13.140967741935484
Argentina,Buenos Aires,2025,1,21.716666666666665,2.775925925925926,101243.33333333333,0.003,77.33333333333333,14.166666666666666,0.45666666666666667,11.217166666666666,13.0795
Argentina,Buenos Aires,2025,2,21.567857142857143,2.7867063492063493,101121.42857142857,0.16821428571428573,81.85714285714286,31.25,0.18571428571428572,12.646071428571428,14.56875
Argentina,Buenos Aires,2025,3,18.551612903225806,2.49910394265233,101500.0,0.26290322580645165,88.58064516129032,24.193548387096776,0.0064516129032258064,13.672096774193548,14.609032258064516
Argentina,Buenos Aires,2025,4,13.693333333333333,2.498148148148148,101746.66666666667,0.02033333333333333,87.46666666666667,24.166666666666668,0.0,18.204,19.1845
Argentina,Buenos Aires,2025,5,13.296774193548387,2.4139784946236555,101674.19354838709,0.19709677419354837,89.61290322580645,35.225806451612904,0.0,15.623548387096774,16.065161290322582
Argentina,Buenos Aires,2025,6,7.88,2.6796296296296296,101860.0,0.014333333333333335,81.23333333333333,26.666666666666668,0.0,18.253333333333334,18.919333333333334
Argentina,Buenos Aires,2025,7,8.98709677419355,2.503584229390681,102225.80645161291,0.1164516129032258,86.12903225806451,26.161290322580644,0.0,20.278387096774193,20.988548387096774
Argentina,Buenos Aires,2025,8,10.277419354838708,2.9193548387096775,101935.48387096774,0.07903225806451612,84.6774193548387,26.612903225806452,0.0,13.135,13.82725806451613
Argentina,Buenos Aires,2025,9,11.093333333333334,2.7092592592592597,101766.66666666667,0.060333333333333336,87.5,21.666666666666668,0.0,13.921333333333333,14.483
Argentina,Buenos Aires,2025,10,14.990322580645161,3.0197132616487457,101625.80645161291,0.3467741935483871,80.41935483870968,23.225806451612904,0.0,6.333870967741936,6.620967741935484
Argentina,Buenos Aires,2025,11,15.816666666666666,2.648148148148148,101330.0,0.2366666666666667,83.86666666666666,23.333333333333332,0.0,9.17,9.686666666666667
Argentina,Buenos Aires,2025,12,20.01290322580645,3.0725806451612905,100841.93548387097,0.004516129032258065,78.51612903225806,9.67741935483871,0.0,7.979032258064516,8.679032258064517
Argentina,Buenos Aires,2026,1,20.959999999999997,3.4935185185185187,101256.66666666667,0.007333333333333333,76.0,9.166666666666666,0.0,6.33,6.966666666666667
Argentina,Buenos Aires,2026,2,21.683333333333334,2.8379629629629632,100800.0,0.0016666666666666668,79.5,0.0,0.0,6.766666666666667,7.366666666666666
Armenia,Yerevan,2024,5,22.823529411764707,2.9493464052287583,101352.94117647059,0.2211764705882353,33.8235294117647,32.88235294117647,5.0,2.9,8.4
Armenia,Yerevan,2024,6,31.30666666666667,3.4833333333333334,101026.66666666667,0.116,20.7,27.533333333333335,6.8,3.756666666666667,7.8133333333333335
Armenia,Yerevan,2024,7,31.858620689655172,3.014367816091954,100551.72413793103,0.04448275862068966,29.17241379310345,37.37931034482759,7.206896551724138,5.1000000000000005,10.941379310344828
Armenia,Yerevan,2024,8,34.13225806451613,2.270609318996416,100719.35483870968,0.0025806451612903226,22.193548387096776,23.580645161290324,8.096774193548388,6.864516129032259,12.661290322580646
Armenia,Yerevan,2024,9,27.65666666666667,2.312962962962963,101390.0,0.025333333333333333,28.966666666666665,23.666666666666668,6.6,20.944166666666668,41.02066666666666
Armenia,Yerevan,2024,10,18.35483870967742,2.328853046594982,101825.80645161291,0.0564516129032258,36.903225806451616,22.903225806451612,3.958064516129032,12.848548387096775,18.08225806451613
Armenia,Yerevan,2024,11,10.886666666666667,1.7916666666666667,102096.66666666667,0.042,49.53333333333333,22.966666666666665,2.15,18.055999999999997,23.242166666666666
Armenia,Yerevan,2024,12,4.696774193548387,1.3727598566308243,102316.12903225806,0.03967741935483871,55.74193548387097,30.548387096774192,1.2935483870967743,22.31935483870968,28.818225806451615
Armenia,Yerevan,2025,1,3.3548387096774195,1.0842293906810037,102632.25806451614,0.0,53.67741935483871,26.774193548387096,1.7258064516129032,27.03983870967742,32.380967741935486
Armenia,Yerevan,2025,2,3.5392857142857146,1.574404761904762,101914.28571428571,0.05642857142857143,48.17857142857143,27.678571428571427,2.439285714285714,20.501964285714283,25.95285714285714
Armenia,Yerevan,2025,3,14.51290322580645,1.5591397849462367,101903.2258064516,0.11419354838709678,32.38709677419355,17.322580645161292,4.658064516129032,20.737903225806452,35.66919354838709
Armenia,Yerevan,2025,4,17.06,2.7611111111111115,101496.66666666667,0.042,42.8,39.0,6.0,17.513333333333332,37.123333333333335
Armenia,Yerevan,2025,5,23.58709677419355,2.568100358422939,101409.67741935483,0.06548387096774194,34.83870967741935,20.032258064516128,8.503225806451614,18.046451612903223,40.10322580645161
Armenia,Yerevan,2025,6,27.43,2.301851851851852,101270.0,0.011000000000000001,23.866666666666667,17.0,9.9,9.558333333333334,14.695166666666667
Armenia,Yerevan,2025,7,31.129032258064516,1.8575268817204302,101035.48387096774,0.004193548387096774,27.096774193548388,15.290322580645162,9.838709677419354,19.245967741935484,39.74516129032258
Armenia,Yerevan,2025,8,31.019354838709678,2.4103942652329753,101235.48387096774,0.0016129032258064516,28.096774193548388,6.838709677419355,8.64516129032258,16.065161290322582,27.684354838709677
Armenia,Yerevan,2025,9,23.583333333333332,2.4111111111111114,101536.66666666667,0.012,35.53333333333333,17.733333333333334,5.593333333333334,10.698,16.512166666666666
Armenia,Yerevan,2025,10,16.938709677419357,1.7508960573476702,101919.35483870968,0.012903225806451613,52.74193548387097,17.29032258064516,2.925806451612903,7.717741935483871,12.333870967741936
Armenia,Yerevan,2025,11,8.52,1.1574074074074074,102630.0,0.0003333333333333333,59.43333333333333,11.666666666666666,1.6333333333333333,15.15,21.740000000000002
Armenia,Yerevan,2025,12,1.7032258064516128,1.0779569892473118,102041.93548387097,0.022580645161290325,82.38709677419355,42.806451612903224,0.9064516129032258,12.766129032258064,15.888709677419355
Armenia,Yerevan,2026,1,-3.9866666666666664,1.1648148148148147,102180.0,0.03333333333333333,81.53333333333333,44.56666666666667,1.1933333333333331,11.416666666666666,15.9
Armenia,Yerevan,2026,2,1.0,1.1157407407407407,101783.33333333333,0.04666666666666666,83.0,29.166666666666668,1.05,9.283333333333333,13.683333333333332
Australia,Canberra,2024,5,3.8666666666666667,1.7907407407407407,102580.0,0.014666666666666666,92.0,18.333333333333332,1.0,9.386666666666667,11.253333333333334
Australia,Canberra,2024,6,3.732258064516129,2.317204301075269,101909.67741935483,0.02129032258064516,91.74193548387096,29.419354838709676,1.0,1.9903225806451614,3.532258064516129
Australia,Canberra,2024,7,4.403448275862069,2.9051724137931036,102213.79310344828,0.08413793103448276,89.82758620689656,50.241379310344826,1.0,1.2206896551724138,2.296551724137931
Australia,Canberra,2024,8,7.738709677419355,3.017025089605735,102083.87096774194,0.33,86.09677419354838,36.29032258064516,1.0,2.367741935483871,4.364516129032258
Australia,Canberra,2024,9,10.606666666666666,3.190740740740741,102083.33333333333,0.02,64.03333333333333,27.5,1.0,6.364999999999999,10.324000000000002
Australia,Canberra,2024,10,11.23225806451613,3.17652329749104,101870.96774193548,0.0025806451612903226,70.87096774193549,22.870967741935484,0.2903225806451613,7.865483870967742,12.377096774193548
Australia,Canberra,2024,11,17.373333333333335,3.471296296296296,101563.33333333333,0.12000000000000001,65.1,37.36666666666667,0.13333333333333333,9.169833333333335,11.809166666666666
Australia,Canberra,2024,12,17.074193548387097,2.8127240143369177,101219.35483870968,0.0732258064516129,67.70967741935483,27.967741935483872,0.0,7.805806451612903,8.963548387096774
Australia,Canberra,2025,1,18.970967741935485,3.433691756272401,101464.51612903226,0.05451612903225807,73.70967741935483,32.935483870967744,0.03225806451612903,10.950806451612904,12.597903225806453
Australia,Canberra,2025,2,20.724999999999998,2.879960317460317,101575.0,0.033928571428571426,67.39285714285714,30.357142857142858,0.0,9.501071428571427,11.000892857142858
Australia,Canberra,2025,3,19.861290322580647,3.7007168458781363,101967.74193548386,0.01741935483870968,69.03225806451613,23.387096774193548,0.0,9.54241935483871,10.974677419354839
Australia,Canberra,2025,4,16.113333333333333,2.486111111111111,101916.66666666667,0.057,63.233333333333334,25.833333333333332,0.0,12.802,14.393
Australia,Canberra,2025,5,11.029032258064515,2.384408602150538,102354.83870967742,0.04387096774193549,73.7741935483871,26.612903225806452,0.04516129032258064,11.267096774193549,12.329354838709676
Australia,Canberra,2025,6,5.676666666666667,2.1703703703703705,101940.0,0.01633333333333333,79.5,36.666666666666664,0.0,14.158666666666667,14.917166666666667
Australia,Canberra,2025,7,7.951612903225806,3.610215053763441,101451.6129032258,0.23645161290322583,77.48387096774194,50.806451612903224,0.0,10.539032258064516,11.249193548387098
Australia,Canberra,2025,8,10.183870967741935,3.1362007168458783,102058.06451612903,0.032903225806451615,67.06451612903226,41.935483870967744,0.0064516129032258064,8.289193548387097,9.041129032258064
Australia,Canberra,2025,9,14.233333333333333,3.9796296296296294,101696.66666666667,0.501,54.3,22.5,0.11333333333333333,8.666500000000001,9.568333333333333
Australia,Canberra,2025,10,18.451612903225808,3.752688172043011,101316.12903225806,0.03387096774193549,47.516129032258064,20.161290322580644,0.39354838709677425,5.517741935483872,8.020967741935484
Australia,Canberra,2025,11,21.45,4.681481481481482,100796.66666666667,0.007666666666666666,37.833333333333336,27.5,1.0366666666666666,4.46,5.41
Australia,Canberra,2025,12,26.01290322580645,4.990143369175628,101141.93548387097,0.4293548387096774,32.54838709677419,25.806451612903224,1.4548387096774194,5.65,6.588709677419355
Australia,Canberra,2026,1,28.470000000000002,5.572222222222223,101073.33333333333,0.012,36.56666666666667,26.666666666666668,1.3233333333333335,8.45,9.326666666666666
Australia,Canberra,2026,2,29.366666666666664,5.226851851851852,101650.0,0.0,20.666666666666668,0.0,1.9833333333333334,9.549999999999999,10.533333333333333
Australia,Melbourne,2024,6,11.6,5.0,101400.0,0.0,54.0,20.0,1.0,2.8,6.6
Austria,Vienna,2024,5,20.647058823529413,4.593137254901961,101252.94117647059,0.1252941176470588,60.76470588235294,52.94117647058823,4.882352941176471,2.1941176470588233,2.6647058823529415
Austria,Vienna,2024,6,24.936666666666667,4.950925925925927,101313.33333333333,0.10066666666666667,53.43333333333333,38.43333333333333,6.2,3.39,4.28
Austria,Vienna,2024,7,28.482142857142858,4.066468253968254,101446.42857142857,0.02428571428571429,41.07142857142857,19.392857142857142,7.178571428571429,4.05,4.832142857142857
Austria,Vienna,2024,8,29.43548387096774,3.8673835125448033,101445.16129032258,0.015483870967741935,43.32258064516129,18.967741935483872,7.354838709677419,5.419354838709677,6.267741935483872
Austria,Vienna,2024,9,20.09333333333333,5.305555555555556,101473.33333333333,0.4213333333333333,60.1,29.166666666666668,5.3,11.4565,16.714666666666666
Austria,Vienna,2024,10,13.583870967741934,3.596774193548387,102003.2258064516,0.02193548387096774,73.48387096774194,47.83870967741935,2.009677419354839,24.199193548387097,29.987903225806452
Austria,Vienna,2024,11,5.87,3.3629629629629627,102320.0,0.030000000000000002,72.63333333333334,41.166666666666664,0.62,32.714166666666664,38.43683333333333
Austria,Vienna,2024,12,4.377419354838709,3.402329749103943,102319.35483870968,0.03774193548387097,73.41935483870968,41.96774193548387,0.5935483870967742,30.626451612903224,35.364838709677414
Austria,Vienna,2025,1,3.351612903225807,3.5367383512544803,101967.74193548386,0.032903225806451615,76.70967741935483,56.12903225806452,0.7193548387096774,32.589838709677416,37.49532258064516
Austria,Vienna,2025,2,2.6392857142857147,3.6031746031746033,102714.28571428571,0.003928571428571429,64.53571428571429,43.75,1.1535714285714285,34.37696428571429,39.02839285714286
Austria,Vienna,2025,3,9.125806451612902,3.060035842293907,101638.70967741935,0.06580645161290323,64.03225806451613,33.064516129032256,1.7161290322580647,29.635806451612904,35.34693548387097
Austria,Vienna,2025,4,13.806666666666667,4.205555555555556,101710.0,0.07233333333333333,61.7,25.833333333333332,2.89,18.46916666666667,23.414833333333334
Austria,Vienna,2025,5,14.906451612903227,3.338709677419355,101593.54838709677,0.10064516129032258,62.806451612903224,39.516129032258064,3.141935483870968,14.280806451612902,17.580967741935485
Austria,Vienna,2025,6,22.98,3.3722222222222222,101970.0,0.14533333333333331,55.2,23.333333333333332,4.739999999999999,11.957166666666666,15.681833333333334
Austria,Vienna,2025,7,22.529032258064515,3.720430107526882,101409.67741935483,0.1396774193548387,60.645161290322584,27.419354838709676,3.9387096774193546,10.801612903225807,14.22709677419355
Austria,Vienna,2025,8,21.4741935483871,3.157706093189964,101674.19354838709,0.02645161290322581,59.96774193548387,15.32258064516129,3.1516129032258067,14.083870967741936,20.176935483870967
Austria,Vienna,2025,9,16.77,3.285185185185185,101903.33333333333,0.038000000000000006,75.43333333333334,30.833333333333332,1.3666666666666667,13.395000000000001,17.512333333333334
Austria,Vienna,2025,10,10.187096774193549,3.6962365591397854,101748.3870967742,0.02870967741935484,76.87096774193549,29.032258064516128,0.3838709677419355,10.588709677419354,12.77258064516129
Austria,Vienna,2025,11,4.0,2.8564814814814814,101620.0,0.11433333333333334,86.9,51.166666666666664,0.11000000000000001,20.076666666666664,23.426666666666666
Austria,Vienna,2025,12,1.5419354838709676,2.3897849462365595,102151.6129032258,0.0706451612903226,93.51612903225806,65.48387096774194,0.0,25.07903225806452,29.08225806451613
Austria,Vienna,2026,1,-2.03,3.0611111111111113,101083.33333333333,0.04133333333333333,83.23333333333333,62.833333333333336,0.010000000000000002,22.509999999999998,25.85
Austria,Vienna,2026,2,0.2833333333333332,3.25,100400.0,0.02666666666666667,91.83333333333333,75.0,0.05000000000000001,22.183333333333334,24.349999999999998
Azerbaijan,Baku,2024,5,20.88235294117647,5.911764705882353,101617.64705882352,0.011764705882352941,51.705882352941174,19.823529411764707,5.352941176470588,21.00588235294118,113.5529411764706
Azerbaijan,Baku,2024,6,28.766666666666666,6.067592592592593,100990.0,0.0023333333333333335,47.13333333333333,8.366666666666667,6.966666666666667,5.286666666666666,12.176666666666668
Azerbaijan,Baku,2024,7,30.5,6.74712643678161,100731.03448275862,0.012068965517241381,46.06896551724138,16.413793103448278,7.172413793103448,5.775862068965517,15.379310344827585
Azerbaijan,Baku,2024,8,30.61935483870968,6.336021505376345,100922.58064516129,0.003870967741935484,44.41935483870968,9.096774193548388,7.387096774193548,9.035483870967743,30.27741935483871
Azerbaijan,Baku,2024,9,26.855172413793102,6.494252873563219,101500.0,0.0,45.793103448275865,9.482758620689655,6.448275862068965,37.43206896551724,187.1041379310345
Azerbaijan,Baku,2024,10,19.04516129032258,5.9444444444444455,101832.25806451614,0.0729032258064516,66.7741935483871,55.87096774193548,3.1193548387096777,19.794999999999998,54.31838709677419
Azerbaijan,Baku,2024,11,13.28,6.685185185185186,102076.66666666667,0.04,71.26666666666667,61.06666666666667,1.6900000000000002,13.2275,21.725166666666667
Azerbaijan,Baku,2024,12,9.48709677419355,6.056451612903226,102216.12903225806,0.03774193548387097,72.16129032258064,60.193548387096776,0.7838709677419355,14.656774193548385,17.557096774193546
Azerbaijan,Baku,2025,1,9.3,6.224014336917564,102435.48387096774,0.0022580645161290325,72.03225806451613,53.225806451612904,1.2967741935483872,19.544354838709676,21.776290322580646
Azerbaijan,Baku,2025,2,5.121428571428572,7.500992063492064,102260.71428571429,0.016428571428571428,74.10714285714286,70.53571428571429,1.4607142857142856,16.76892857142857,24.221785714285716
Azerbaijan,Baku,2025,3,13.061290322580646,7.456989247311829,101948.3870967742,0.0032258064516129032,60.38709677419355,22.580645161290324,3.958064516129032,25.02274193548387,34.98290322580645
Azerbaijan,Baku,2025,4,17.003333333333334,6.830555555555557,101530.0,0.10966666666666666,60.5,23.333333333333332,5.5600000000000005,22.0705,50.68383333333333
Azerbaijan,Baku,2025,5,23.048387096774192,6.831541218637994,101370.96774193548,0.0,52.516129032258064,16.516129032258064,7.948387096774193,24.47967741935484,59.67741935483871
Azerbaijan,Baku,2025,6,26.543333333333333,7.078703703703704,101196.66666666667,0.0,50.766666666666666,9.966666666666667,8.986666666666668,25.641000000000002,33.77483333333333
Azerbaijan,Baku,2025,7,31.383870967741935,6.362007168458781,100874.19354838709,0.0,46.16129032258065,8.838709677419354,9.125806451612902,30.883064516129032,80.05725806451613
Azerbaijan,Baku,2025,8,31.69677419354839,5.676523297491039,101158.06451612903,0.01741935483870968,44.67741935483871,15.32258064516129,8.116129032258064,25.631451612903227,57.74983870967741
Azerbaijan,Baku,2025,9,24.37666666666667,6.469444444444445,101523.33333333333,0.04800000000000001,58.0,39.13333333333333,4.496666666666667,17.352833333333333,47.80766666666667
Azerbaijan,Baku,2025,10,20.46451612903226,5.693548387096774,101722.58064516129,0.01838709677419355,64.87096774193549,41.935483870967744,2.8225806451612905,14.766129032258064,40.737096774193546
Azerbaijan,Baku,2025,11,16.323333333333334,4.941666666666666,102316.66666666667,0.013666666666666667,72.06666666666666,58.333333333333336,1.5133333333333332,15.046666666666665,22.86
Azerbaijan,Baku,2025,12,9.925806451612903,6.503584229390681,101990.32258064517,0.19580645161290325,74.61290322580645,63.70967741935484,0.6483870967741936,6.975806451612903,8.162903225806453
Azerbaijan,Baku,2026,1,6.546666666666667,7.647222222222222,101883.33333333333,0.02733333333333333,76.83333333333333,47.5,0.87,8.37,11.31
Azerbaijan,Baku,2026,2,5.666666666666667,7.078703703703703,101766.66666666667,0.023333333333333334,82.83333333333333,66.66666666666667,1.0,8.816666666666666,11.950000000000001
Bahamas,Nassau,2024,5,28.764705882352942,3.8415032679738563,101576.4705882353,0.032352941176470584,73.6470588235294,52.94117647058823,6.352941176470588,6.152941176470588,10.835294117647058
Bahamas,Nassau,2024,6,28.548275862068966,4.64272030651341,101613.79310344828,0.16379310344827586,78.48275862068965,64.58620689655173,6.379310344827586,3.027586206896552,6.313793103448275
Bahamas,Nassau,2024,7,29.0,4.093253968253968,101825.0,0.06142857142857143,77.17857142857143,60.464285714285715,6.464285714285714,2.0892857142857144,5.810714285714285
Bahamas,Nassau,2024,8,28.42258064516129,4.590501792114696,101661.29032258065,0.19967741935483868,78.90322580645162,56.70967741935484,6.32258064516129,2.035483870967742,4.864516129032259
Bahamas,Nassau,2024,9,27.62,3.6814814814814816,101336.66666666667,0.045000000000000005,85.16666666666667,60.833333333333336,4.066666666666666,8.286833333333332,15.259666666666666
Bahamas,Nassau,2024,10,26.803333333333335,7.478703703703704,101436.66666666667,0.009000000000000001,77.53333333333333,52.13333333333333,0.3,15.206999999999999,29.2115
Bahamas,Nassau,2024,11,24.555172413793105,6.902298850574713,101475.86206896552,0.1603448275862069,76.20689655172414,52.13793103448276,0.0,14.95948275862069,25.625689655172412
Bahamas,Nassau,2024,12,22.64516129032258,7.432795698924732,101896.7741935484,0.0,79.09677419354838,53.58064516129032,0.0,12.591935483870968,19.383225806451613
Bahamas,Nassau,2025,1,20.19,5.733333333333333,101973.33333333333,0.0,79.7,52.5,0.0,12.956166666666666,18.974833333333333
Bahamas,Nassau,2025,2,20.900000000000002,5.988095238095239,101903.57142857143,0.0,87.21428571428571,34.857142857142854,0.0,12.328928571428571,18.420714285714286
Bahamas,Nassau,2025,3,20.08709677419355,6.565412186379928,101674.19354838709,0.05032258064516129,82.2258064516129,42.45161290322581,0.0,12.908225806451613,19.28774193548387
Bahamas,Nassau,2025,4,23.026666666666664,6.779629629629629,101836.66666666667,0.0,74.03333333333333,44.166666666666664,0.0,14.460833333333333,22.397333333333332
Bahamas,Nassau,2025,5,25.266666666666666,6.212037037037037,101656.66666666667,0.0,81.96666666666667,44.0,0.0,10.538833333333335,16.2245
Bahamas,Nassau,2025,6,27.003333333333334,6.343518518518519,101870.0,0.0,80.26666666666667,48.333333333333336,0.0,14.769166666666667,34.32366666666667
Bahamas,Nassau,2025,7,27.03548387096774,5.775985663082438,101825.80645161291,0.0,83.2258064516129,58.645161290322584,0.0,12.603870967741937,30.035645161290322
Bahamas,Nassau,2025,8,27.90967741935484,5.120967741935484,101629.03225806452,0.13032258064516128,82.03225806451613,52.483870967741936,0.0,8.56967741935484,17.664516129032258
Bahamas,Nassau,2025,9,26.683333333333334,4.988888888888889,101310.0,0.36166666666666664,88.7,55.36666666666667,0.0,4.806166666666667,7.268833333333333
Bahamas,Nassau,2025,10,25.94516129032258,6.260752688172043,101248.3870967742,0.0,83.7741935483871,45.96774193548387,0.0,4.85,6.914516129032258
Bahamas,Nassau,2025,11,22.833333333333332,5.842592592592593,101780.0,0.264,80.93333333333334,45.96666666666667,0.0,6.1066666666666665,8.75
Bahamas,Nassau,2025,12,22.45483870967742,5.706093189964157,101809.67741935483,0.0019354838709677422,82.70967741935483,43.54838709677419,0.0,7.001612903225807,10.008064516129032
Bahamas,Nassau,2026,1,21.016666666666666,5.895370370370371,101880.0,0.02366666666666667,80.5,45.0,0.0,6.526666666666667,9.443333333333333
Bahamas,Nassau,2026,2,15.133333333333333,9.75,102083.33333333333,0.0,65.0,45.833333333333336,0.0,5.916666666666667,8.383333333333333
Bahrain,Manama,2024,5,34.411764705882355,6.227124183006536,100376.4705882353,0.0,39.1764705882353,0.0,7.470588235294118,34.45294117647059,82.89411764705882
Bahrain,Manama,2024,6,36.983333333333334,5.171296296296296,99880.0,0.0,44.36666666666667,0.0,8.4,52.473333333333336,106.15
Bahrain,Manama,2024,7,37.88965517241379,6.7538314176245215,99493.10344827586,0.0,44.6551724137931,0.27586206896551724,8.551724137931034,43.45862068965517,115.9793103448276
Bahrain,Manama,2024,8,36.94193548387097,5.771505376344087,99803.2258064516,0.0,56.225806451612904,2.6451612903225805,8.580645161290322,53.12903225806452,128.59354838709677
Bahrain,Manama,2024,9,37.18,4.826851851851853,100316.66666666667,0.0,45.13333333333333,0.8333333333333334,8.066666666666666,80.43566666666668,304.6718333333334
Bahrain,Manama,2024,10,31.067741935483873,4.639784946236559,101106.45161290323,0.0,54.67741935483871,4.096774193548387,6.951612903225806,61.855645161290326,203.32693548387098
Bahrain,Manama,2024,11,27.14,5.548148148148148,101573.33333333333,0.0,59.1,5.466666666666667,4.95,61.69133333333333,161.3755
Bahrain,Manama,2024,12,21.283870967741933,5.168458781362007,101825.80645161291,0.0,56.32258064516129,11.774193548387096,3.2580645161290325,79.86629032258064,197.68145161290323
Bahrain,Manama,2025,1,20.125806451612902,5.60304659498208,101929.03225806452,0.0003225806451612903,52.225806451612904,7.0,3.7580645161290325,75.34274193548387,196.24322580645162
Bahrain,Manama,2025,2,19.853571428571428,6.223214285714286,101703.57142857143,0.005,55.714285714285715,9.821428571428571,4.225,69.31553571428572,193.49678571428572
Bahrain,Manama,2025,3,24.06451612903226,5.592293906810036,101561.29032258065,0.0012903225806451613,47.74193548387097,0.0,7.122580645161291,68.76032258064517,175.77387096774194
Bahrain,Manama,2025,4,31.94,4.974074074074074,101023.33333333333,0.0,32.1,0.0,9.453333333333335,81.37533333333334,214.22383333333335
Bahrain,Manama,2025,5,36.099999999999994,5.78673835125448,100529.03225806452,0.0,29.258064516129032,0.0,10.399999999999999,88.32854838709677,233.5416129032258
Bahrain,Manama,2025,6,37.75,6.325,100083.33333333333,0.0,31.233333333333334,0.0,11.036666666666667,93.43733333333333,314.61716666666666
Bahrain,Manama,2025,7,38.97096774193548,6.023297491039426,99735.48387096774,0.0,34.74193548387097,0.0,10.525806451612903,107.18064516129031,351.60145161290325
Bahrain,Manama,2025,8,39.141935483870974,3.5376344086021505,99974.19354838709,0.0,44.87096774193548,1.6129032258064515,9.806451612903226,112.8082258064516,287.66306451612905
Bahrain,Manama,2025,9,36.593333333333334,4.7212962962962965,100516.66666666667,0.0,45.56666666666667,5.0,8.246666666666666,76.0425,215.6495
Bahrain,Manama,2025,10,31.52258064516129,4.413082437275986,101167.74193548386,0.0,52.516129032258064,9.67741935483871,5.970967741935484,48.16612903225807,124.28225806451613
Bahrain,Manama,2025,11,26.396666666666665,4.662962962962963,101873.33333333333,0.0,57.7,6.666666666666667,4.263333333333334,37.59666666666667,69.38000000000001
Bahrain,Manama,2025,12,22.370967741935484,4.413082437275986,101806.45161290323,0.02838709677419355,63.74193548387097,9.67741935483871,2.97741935483871,42.54677419354839,110.82096774193548
Bahrain,Manama,2026,1,18.206666666666667,6.2444444444444445,102160.0,0.0016666666666666668,62.6,6.666666666666667,3.4233333333333333,40.556666666666665,119.06
Bahrain,Manama,2026,2,20.866666666666667,5.25,101983.33333333333,0.0,62.0,0.0,3.716666666666667,43.199999999999996,125.05
Bangladesh,Dhaka,2024,5,31.605882352941173,5.411764705882353,100017.64705882352,0.7782352941176471,62.294117647058826,41.35294117647059,1.4705882352941178,58.34705882352941,75.39999999999999
Bangladesh,Dhaka,2024,6,30.12,6.190740740740741,100030.0,0.4693333333333333,74.46666666666667,43.1,1.1666666666666667,20.653333333333332,30.046666666666667
Bangladesh,Dhaka,2024,7,30.185714285714287,5.4355158730158735,99835.71428571429,0.36678571428571427,74.57142857142857,56.07142857142857,4.892857142857143,12.764285714285714,16.392857142857142
Bangladesh,Dhaka,2024,8,28.961290322580645,4.955197132616488,100196.7741935484,0.6003225806451613,78.61290322580645,68.70967741935483,6.516129032258065,12.038709677419355,15.45483870967742
Bangladesh,Dhaka,2024,9,31.196666666666665,3.7083333333333335,100170.0,0.6563333333333333,67.7,59.7,7.1,35.6635,52.1195
Bangladesh,Dhaka,2024,10,31.151612903225807,2.9220430107526885,100629.03225806452,0.3029032258064516,58.225806451612904,57.354838709677416,3.3677419354838714,74.94887096774194,111.60870967741936
Bangladesh,Dhaka,2024,11,29.983333333333334,2.5722222222222224,101010.0,0.0,37.46666666666667,7.666666666666667,2.8066666666666666,155.63433333333333,178.3585
Bangladesh,Dhaka,2024,12,26.451612903225808,3.1227598566308243,101145.16129032258,0.0,28.774193548387096,4.0,0.5064516129032258,148.04177419354838,150.2916129032258
Bangladesh,Dhaka,2025,1,26.94193548387097,3.0698924731182795,101119.35483870968,0.0,27.516129032258064,3.7096774193548385,0.8483870967741935,184.1167741935484,186.4083870967742
Bangladesh,Dhaka,2025,2,30.34642857142857,3.8452380952380953,101021.42857142857,0.0,21.607142857142858,7.607142857142857,0.9071428571428573,150.50410714285712,161.02267857142857
Bangladesh,Dhaka,2025,3,35.74516129032258,4.264336917562725,100683.87096774194,0.0,17.516129032258064,8.451612903225806,3.0161290322580645,103.7491935483871,121.87919354838711
Bangladesh,Dhaka,2025,4,37.36,3.2324074074074076,100440.0,0.056,26.733333333333334,36.03333333333333,3.19,49.88216666666666,58.92866666666667
Bangladesh,Dhaka,2025,5,34.858064516129026,3.813620071684588,100183.87096774194,1.0148387096774194,45.12903225806452,58.16129032258065,3.4387096774193546,49.12048387096774,57.17693548387097
Bangladesh,Dhaka,2025,6,33.217241379310344,4.980842911877395,99975.86206896552,0.24310344827586206,59.03448275862069,65.72413793103448,5.1689655172413795,38.53741379310345,44.52758620689655
Bangladesh,Dhaka,2025,7,31.55806451612903,5.216845878136201,99845.16129032258,0.7161290322580645,67.25806451612904,85.09677419354838,5.270967741935484,26.65790322580645,29.886451612903226
Bangladesh,Dhaka,2025,8,31.80322580645161,4.458781362007168,100280.64516129032,0.5790322580645161,63.54838709677419,80.06451612903226,5.964516129032258,25.30322580645161,28.46016129032258
Bangladesh,Dhaka,2025,9,32.82666666666667,2.9953703703703707,100340.0,0.31166666666666665,58.93333333333333,72.33333333333333,6.183333333333334,37.10433333333334,39.50983333333333
Bangladesh,Dhaka,2025,10,32.24193548387097,2.805555555555556,100803.2258064516,0.47354838709677416,52.645161290322584,44.483870967741936,5.861290322580645,50.343548387096774,50.891935483870974
Bangladesh,Dhaka,2025,11,29.123333333333335,3.066666666666667,101123.33333333333,0.0013333333333333333,41.266666666666666,12.3,5.13,81.50666666666666,83.28666666666666
Bangladesh,Dhaka,2025,12,26.125806451612902,2.309139784946237,101322.58064516129,0.0,34.12903225806452,4.419354838709677,4.709677419354839,93.15,94.40483870967742
Bangladesh,Dhaka,2026,1,25.836666666666666,2.8861111111111115,101483.33333333333,0.0,29.766666666666666,0.7333333333333333,5.196666666666667,102.54333333333334,103.94666666666667
Bangladesh,Dhaka,2026,2,27.0,2.7314814814814814,101616.66666666667,0.0,26.833333333333332,9.166666666666666,5.916666666666667,87.93333333333334,89.2
Barbados,Bridgetown,2024,5,29.58823529411765,8.207516339869281,101447.05882352941,0.04647058823529412,77.17647058823529,42.64705882352941,5.411764705882353,1.947058823529412,6.841176470588235
Barbados,Bridgetown,2024,6,29.403333333333332,8.021296296296295,101430.0,0.094,78.16666666666667,46.53333333333333,5.8,1.9899999999999998,6.33
Barbados,Bridgetown,2024,7,28.727586206896554,7.735632183908046,101465.5172413793,0.36310344827586205,79.65517241379311,49.58620689655172,6.275862068965517,2.427586206896552,6.503448275862069
Barbados,Bridgetown,2024,8,28.716129032258067,6.005376344086022,101387.09677419355,0.12774193548387097,79.16129032258064,58.096774193548384,6.096774193548387,1.3419354838709678,3.383870967741936
Barbados,Bridgetown,2024,9,28.326666666666664,4.193518518518519,101126.66666666667,0.145,84.06666666666666,39.13333333333333,5.066666666666666,9.007566666666666,16.910266666666665
Barbados,Bridgetown,2024,10,27.83225806451613,5.344982078853047,101054.83870967742,0.12258064516129033,81.87096774193549,41.806451612903224,0.2903225806451613,16.97858064516129,35.47509677419355
Barbados,Bridgetown,2024,11,27.74137931034483,5.956896551724138,100951.72413793103,0.43827586206896557,82.58620689655173,53.827586206896555,0.010344827586206896,11.96196551724138,20.185448275862072
Barbados,Bridgetown,2024,12,26.138709677419353,6.459677419354839,101219.35483870968,0.09774193548387097,79.12903225806451,50.70967741935484,0.01935483870967742,16.955548387096773,25.641129032258064
Barbados,Bridgetown,2025,1,25.626666666666665,7.337962962962963,101343.33333333333,0.12666666666666665,79.53333333333333,54.86666666666667,0.02666666666666667,12.6843,20.180433333333333
Barbados,Bridgetown,2025,2,25.49285714285714,8.15079365079365,101360.71428571429,0.0825,77.42857142857143,55.82142857142857,0.0,16.887249999999998,27.104071428571427
Barbados,Bridgetown,2025,3,25.887096774193548,6.933691756272402,101312.90322580645,0.043548387096774194,79.3225806451613,58.87096774193548,0.0,16.511096774193547,29.969387096774195
Barbados,Bridgetown,2025,4,25.966666666666665,6.883333333333334,101223.33333333333,0.06066666666666667,81.86666666666666,54.166666666666664,0.0,16.375766666666667,28.350399999999997
Barbados,Bridgetown,2025,5,27.151612903225807,6.834229390681004,101274.19354838709,0.11419354838709678,81.90322580645162,54.67741935483871,0.0,20.868354838709678,42.50425806451613
Barbados,Bridgetown,2025,6,27.113333333333333,8.544444444444444,101416.66666666667,0.08766666666666666,81.66666666666667,49.5,0.0,24.28936666666667,61.9546
Barbados,Bridgetown,2025,7,27.183870967741935,6.81989247311828,101403.2258064516,0.14161290322580644,81.74193548387096,53.225806451612904,0.0032258064516129032,13.792967741935483,32.67612903225807
Barbados,Bridgetown,2025,8,27.726666666666667,5.859259259259259,101280.0,0.09733333333333333,77.56666666666666,43.333333333333336,0.0,12.726066666666666,32.661966666666665
Barbados,Bridgetown,2025,9,27.923333333333336,5.3314814814814815,101163.33333333333,0.20066666666666666,79.83333333333333,48.333333333333336,0.0,10.166500000000001,21.61723333333333
Barbados,Bridgetown,2025,10,27.351612903225806,5.452508960573478,101058.06451612903,0.14225806451612905,80.29032258064517,44.935483870967744,0.0,5.789,9.559967741935484
Barbados,Bridgetown,2025,11,27.066666666666666,6.985185185185186,101133.33333333333,0.26466666666666666,77.96666666666667,48.36666666666667,0.0,7.569,12.192333333333332
Barbados,Bridgetown,2025,12,25.958064516129035,7.647849462365592,101161.29032258065,0.29838709677419356,78.54838709677419,42.74193548387097,0.0,8.130935483870967,12.521258064516129
Barbados,Bridgetown,2026,1,25.823333333333334,7.014814814814815,101260.0,0.09466666666666666,77.4,49.6,0.0,7.049,10.872333333333334
Barbados,Bridgetown,2026,2,25.966666666666665,6.763888888888889,101400.0,0.049999999999999996,74.66666666666667,47.0,0.0,10.189,15.405666666666667
Belarus,Minsk,2024,5,22.470588235294116,3.980392156862745,101888.23529411765,0.30294117647058827,40.705882352941174,24.823529411764707,4.764705882352941,3.1294117647058823,3.447058823529412
Belarus,Minsk,2024,6,22.153333333333332,4.4,101260.0,0.16066666666666668,58.96666666666667,43.06666666666667,5.066666666666666,2.243333333333333,2.466666666666667
Belarus,Minsk,2024,7,24.29310344827586,4.477969348659004,101324.13793103448,0.3820689655172414,60.172413793103445,46.10344827586207,5.724137931034483,2.7586206896551726,2.968965517241379
Belarus,Minsk,2024,8,24.664516129032258,4.17921146953405,101448.3870967742,0.07387096774193548,52.25806451612903,39.61290322580645,6.064516129032258,3.648387096774193,3.8870967741935485
Belarus,Minsk,2024,9,22.42,5.558333333333334,101946.66666666667,0.017,49.9,15.8,5.766666666666667,15.361333333333333,20.996166666666667
Belarus,Minsk,2024,10,10.54516129032258,4.052867383512544,101938.70967741935,0.06935483870967742,74.48387096774194,45.354838709677416,1.6774193548387097,21.668870967741935,26.258064516129032
Belarus,Minsk,2024,11,3.2666666666666666,5.100925925925925,101773.33333333333,0.005333333333333333,82.66666666666667,62.53333333333333,0.4966666666666667,20.535,23.618333333333332
Belarus,Minsk,2024,12,0.8483870967741935,4.995519713261649,101803.2258064516,0.02064516129032258,87.51612903225806,77.19354838709677,0.2709677419354839,24.46177419354839,28.364677419354837
Belarus,Minsk,2025,1,1.2903225806451613,5.487455197132617,101335.48387096774,0.07806451612903226,90.48387096774194,82.96774193548387,0.3806451612903226,24.74822580645161,28.251290322580644
Belarus,Minsk,2025,2,-2.9785714285714286,3.890873015873016,102800.0,0.012142857142857144,71.46428571428571,50.42857142857143,0.9928571428571429,29.408392857142854,33.207499999999996
Belarus,Minsk,2025,3,7.212903225806452,5.700716845878136,101474.19354838709,0.06193548387096774,64.19354838709677,39.516129032258064,1.864516129032258,24.843709677419355,28.830161290322582
Belarus,Minsk,2025,4,11.139999999999999,5.508333333333334,101516.66666666667,0.014,54.333333333333336,36.63333333333333,2.753333333333333,14.8185,18.796
Belarus,Minsk,2025,5,12.438709677419354,4.341397849462366,101080.64516129032,0.1429032258064516,64.35483870967742,61.25806451612903,2.7161290322580647,10.837419354838708,12.866451612903226
Belarus,Minsk,2025,6,17.913333333333334,6.129629629629631,101223.33333333333,0.18000000000000002,66.26666666666667,59.96666666666667,4.233333333333333,9.774166666666668,12.395000000000001
Belarus,Minsk,2025,7,21.403225806451612,3.9919354838709675,100996.7741935484,0.1267741935483871,71.83870967741936,54.41935483870968,4.267741935483872,12.95,15.86225806451613
Belarus,Minsk,2025,8,19.14516129032258,4.440860215053764,101454.83870967742,0.05580645161290323,64.38709677419355,36.67741935483871,3.425806451612903,13.081290322580644,16.644032258064517
Belarus,Minsk,2025,9,15.436666666666667,4.895370370370371,102180.0,0.029666666666666668,76.26666666666667,40.8,1.9266666666666665,15.865499999999999,19.893833333333337
Belarus,Minsk,2025,10,6.848387096774194,4.793906810035843,101209.67741935483,0.05225806451612903,89.45161290322581,67.70967741935483,0.432258064516129,11.759677419354839,14.26290322580645
Belarus,Minsk,2025,11,2.61,3.8259259259259264,101570.0,0.014,95.86666666666666,83.16666666666667,0.17,15.46,17.956666666666667
Belarus,Minsk,2025,12,0.11612903225806454,4.39426523297491,101722.58064516129,0.07612903225806451,92.29032258064517,79.48387096774194,0.0,13.769354838709678,15.88225806451613
Belarus,Minsk,2026,1,-12.6,3.8592592592592596,101323.33333333333,0.07633333333333334,86.7,64.13333333333334,0.05333333333333334,13.393333333333334,15.06
Belarus,Minsk,2026,2,-18.333333333333332,3.9166666666666665,101816.66666666667,0.041666666666666664,84.0,37.5,0.15,11.816666666666668,14.216666666666667
Belgium,'S Gravenjansdijk,2024,5,16.0,7.805555555555556,101400.0,0.29,82.0,50.0,4.0,2.2,3.4
Belgium,'S Gravenjansdijk,2024,6,20.041176470588233,4.666666666666667,101276.4705882353,0.14823529411764705,64.29411764705883,67.6470588235294,4.588235294117647,5.052941176470589,7.229411764705882
Belgium,'S Gravenjansdijk,2024,7,21.25,4.461309523809524,101435.71428571429,0.14785714285714285,63.07142857142857,60.57142857142857,5.035714285714286,4.585714285714286,5.896428571428571
Belgium,'S Gravenjansdijk,2024,8,23.567741935483873,4.6747311827957,101429.03225806452,0.07645161290322582,56.38709677419355,42.12903225806452,5.806451612903226,6.04516129032258,8.703225806451613
Belgium,'S Gravenjansdijk,2024,9,18.736666666666668,5.643518518518519,101383.33333333333,0.19833333333333333,70.53333333333333,62.0,4.666666666666667,13.675999999999998,18.625666666666667
Belgium,'S Gravenjansdijk,2024,10,13.503225806451614,4.707885304659499,101551.6129032258,0.050967741935483875,84.38709677419355,62.774193548387096,1.4193548387096775,19.293709677419354,26.234193548387097
Belgium,'S Gravenjansdijk,2024,11,8.266666666666667,4.740740740740741,101986.66666666667,0.09833333333333334,87.66666666666667,64.46666666666667,0.3233333333333333,26.825,34.75533333333333
Belgium,'S Gravenjansdijk,2024,12,6.622580645161291,5.926523297491039,102161.29032258065,0.10806451612903226,84.83870967741936,84.06451612903226,0.24193548387096775,23.178709677419352,31.28290322580645
Belgium,'S Gravenjansdijk,2025,1,4.145161290322581,4.517921146953405,101445.16129032258,0.13774193548387098,90.54838709677419,65.64516129032258,0.3838709677419355,30.620483870967742,38.01451612903226
Belgium,'S Gravenjansdijk,2025,2,5.0249999999999995,4.714285714285714,102292.85714285714,0.055714285714285716,83.46428571428571,66.96428571428571,0.6428571428571429,33.78892857142857,40.534821428571426
Belgium,'S Gravenjansdijk,2025,3,8.848387096774195,4.522401433691757,101741.93548387097,0.004193548387096774,71.38709677419355,40.32258064516129,1.4516129032258065,30.530967741935484,38.16967741935484
Belgium,'S Gravenjansdijk,2025,4,12.639999999999999,4.6,101806.66666666667,0.014000000000000002,68.66666666666667,37.5,2.05,25.018166666666666,30.777833333333334
Belgium,'S Gravenjansdijk,2025,5,15.216129032258063,5.89068100358423,101738.70967741935,0.0767741935483871,64.6774193548387,39.516129032258064,2.564516129032258,15.575806451612904,23.40548387096774
Belgium,'S Gravenjansdijk,2025,6,19.88,5.940740740740741,101703.33333333333,0.04066666666666666,66.06666666666666,60.833333333333336,3.4066666666666667,15.694166666666666,21.268833333333337
Belgium,'S Gravenjansdijk,2025,7,20.606451612903225,4.451612903225806,101461.29032258065,0.08064516129032258,68.96774193548387,66.93548387096774,2.4967741935483874,17.300483870967742,23.55467741935484
Belgium,'S Gravenjansdijk,2025,8,20.03,4.584722222222222,101875.0,0.028999999999999998,72.15,40.0,2.09,19.24925,28.933999999999997
Belgium,'S Gravenjansdyk,2024,6,16.341666666666665,6.0509259259259265,101575.0,0.16083333333333333,67.58333333333333,67.41666666666667,4.333333333333333,2.4583333333333335,4.058333333333334
Belgium,'S Gravenstaffel,2024,5,15.5625,4.756944444444445,101137.5,0.18875,80.5,67.1875,4.125,4.675,5.975
Belgium,'S-Gravenbrakel,2025,8,16.516666666666666,5.12962962962963,101033.33333333333,0.03,72.0,66.66666666666667,1.1833333333333333,12.641666666666666,20.13416666666667
Belgium,'S-Gravenbrakel,2025,9,14.177777777777777,5.279320987654321,101711.11111111111,0.029444444444444447,79.66666666666667,44.44444444444444,0.8444444444444444,12.220277777777778,17.163888888888888
Belgium,'S-Gravenbrakel,2025,10,10.895833333333334,5.315972222222222,101325.0,0.21583333333333332,86.70833333333333,70.83333333333333,0.2041666666666667,9.679166666666667,12.9
Belgium,'S-Gravenbrakel,2025,11,7.866666666666666,5.112268518518518,101116.66666666667,0.14583333333333334,90.375,64.58333333333333,0.03333333333333333,8.795833333333333,11.266666666666666
Belgium,'S-Gravenbrakel,2025,12,5.491304347826087,5.224637681159421,101552.17391304347,0.04521739130434783,88.26086956521739,56.52173913043478,0.0,11.671739130434782,14.093478260869563
Belgium,'S-Gravenbrakel,2026,1,2.2625,5.295138888888889,100431.25,0.02,89.8125,54.5625,0.0,11.35,14.28125
Belgium,'S-Gravenbrakel,2026,2,4.625,4.576388888888889,99525.0,0.3025,94.75,75.0,0.0,9.825,11.275
Belgium,Brussels,2024,5,17.0,3.849673202614379,101123.5294117647,0.3547058823529412,74.23529411764706,48.529411764705884,3.764705882352941,3.676470588235294,4.152941176470588
Belgium,Brussels,2024,6,18.686206896551724,4.0727969348659006,101431.03448275862,0.1196551724137931,62.37931034482759,46.03448275862069,4.413793103448276,4.386206896551724,6.19655172413793
Belgium,Brussels,2024,7,21.903448275862072,3.6944444444444446,101468.96551724138,0.0803448275862069,59.93103448275862,42.6551724137931,5.275862068965517,4.396551724137931,5.710344827586207
Belgium,Brussels,2024,8,23.306451612903224,3.8252688172043015,101509.67741935483,0.03516129032258065,61.83870967741935,39.87096774193548,5.806451612903226,6.303225806451613,8.912903225806453
Belgium,Brussels,2024,9,17.736666666666668,4.392592592592592,101460.0,0.07866666666666666,75.33333333333333,44.13333333333333,4.433333333333334,14.2525,19.793
Belgium,Brussels,2024,10,13.358064516129033,4.269713261648746,101619.35483870968,0.04935483870967742,84.09677419354838,48.58064516129032,1.4967741935483871,19.413064516129033,25.95967741935484
Belgium,Brussels,2024,11,7.786666666666666,4.327777777777778,102040.0,0.06333333333333334,87.26666666666667,52.13333333333333,0.35333333333333333,33.52816666666667,43.6785
Belgium,Brussels,2024,12,6.1,5.243727598566308,102229.03225806452,0.0832258064516129,84.51612903225806,73.38709677419355,0.267741935483871,29.731290322580644,36.28983870967742
Belgium,Brussels,2025,1,3.838709677419355,4.431003584229391,101503.2258064516,0.13806451612903226,87.25806451612904,55.645161290322584,0.3645161290322581,34.30258064516129,40.67016129032258
Belgium,Brussels,2025,2,4.732142857142857,4.378968253968254,102314.28571428571,0.013571428571428571,82.03571428571429,37.5,0.725,34.707321428571426,40.151607142857145
Belgium,Brussels,2025,3,8.425806451612903,3.7661290322580645,101745.16129032258,0.0032258064516129032,70.90322580645162,27.419354838709676,1.5483870967741935,36.87467741935484,45.307096774193546
Belgium,Brussels,2025,4,12.266666666666667,4.116666666666666,101810.0,0.044333333333333336,68.03333333333333,15.833333333333334,2.1566666666666667,31.01833333333333,37.481
Belgium,Brussels,2025,5,15.361290322580645,4.484767025089606,101748.3870967742,0.12096774193548387,64.25806451612904,32.25806451612903,2.52258064516129,17.16322580645161,24.372258064516128
Belgium,Brussels,2025,6,19.84333333333333,4.990740740740741,101820.0,0.04933333333333333,65.26666666666667,29.166666666666668,3.1533333333333333,16.0395,21.842333333333332
Belgium,Brussels,2025,7,20.299999999999997,3.8073476702508957,101538.70967741935,0.17225806451612902,66.90322580645162,39.903225806451616,2.6193548387096777,20.39774193548387,29.009193548387096
Belgium,Brussels,2025,8,18.816129032258065,3.9444444444444446,101687.09677419355,0.03903225806451613,69.48387096774194,27.419354838709676,1.7838709677419353,19.055,28.394516129032258
Belgium,Brussels,2025,9,14.45,5.083333333333333,101663.33333333333,0.020000000000000004,80.06666666666666,22.5,0.76,17.549,25.27716666666667
Belgium,Brussels,2025,10,11.174193548387096,4.68189964157706,101474.19354838709,0.2619354838709677,86.45161290322581,58.87096774193548,0.17096774193548386,13.437096774193549,17.362903225806452
Belgium,Brussels,2025,11,7.696666666666667,4.694444444444445,101163.33333333333,0.11699999999999999,88.16666666666667,42.5,0.02666666666666667,10.946666666666665,14.08
Belgium,Brussels,2025,12,5.167741935483871,4.716845878136201,101716.12903225806,0.0067741935483870966,87.70967741935483,38.70967741935484,0.0,12.666129032258064,15.69516129032258
Belgium,Brussels,2026,1,2.73,4.568518518518519,100440.0,0.08600000000000001,88.06666666666666,41.666666666666664,0.0,12.65,16.19
Belgium,Brussels,2026,2,4.55,4.1342592592592595,99466.66666666667,0.1366666666666667,89.0,37.5,0.0,12.483333333333334,14.583333333333334
Belize,Belmopan,2024,5,30.352941176470587,3.0686274509803924,101100.0,0.015294117647058824,80.6470588235294,61.411764705882355,6.411764705882353,5.229411764705882,15.711764705882354
Belize,Belmopan,2024,6,27.683333333333334,1.9398148148148147,100943.33333333333,0.2653333333333333,91.56666666666666,56.766666666666666,5.9,3.06,3.72
Belize,Belmopan,2024,7,25.768965517241377,1.5344827586206897,101344.8275862069,0.09344827586206897,95.13793103448276,73.58620689655173,5.137931034482759,2.4413793103448276,3.5448275862068965
Belize,Belmopan,2024,8,23.79032258064516,1.0134408602150538,101354.83870967742,0.04225806451612903,97.70967741935483,82.19354838709677,5.032258064516129,1.6741935483870967,2.0548387096774197
Belize,Belmopan,2024,9,24.32,1.0666666666666667,100916.66666666667,0.1343333333333333,96.26666666666667,79.4,3.033333333333333,5.3947666666666665,8.1671
Belize,Belmopan,2024,10,22.426666666666666,1.276851851851852,101183.33333333333,0.12133333333333333,96.53333333333333,82.63333333333334,0.3,5.839833333333333,9.182166666666665
Belize,Belmopan,2024,11,20.97241379310345,1.121647509578544,101175.86206896552,0.14862068965517244,96.27586206896552,69.13793103448276,0.0,7.502068965517242,9.983620689655172
Belize,Belmopan,2024,12,19.748387096774195,1.0483870967741935,101645.16129032258,0.04096774193548387,97.64516129032258,85.09677419354838,0.0,7.740161290322581,10.180967741935484
Belize,Belmopan,2025,1,19.55666666666667,1.1166666666666667,101640.0,0.05266666666666667,98.33333333333333,97.16666666666667,0.0,8.3805,10.7855
Belize,Belmopan,2025,2,20.525000000000002,1.0287698412698414,101467.85714285714,0.02142857142857143,98.25,91.53571428571429,0.0,8.589285714285714,11.489821428571428
Belize,Belmopan,2025,3,20.70967741935484,1.0707885304659497,101287.09677419355,0.026774193548387094,95.87096774193549,78.41935483870968,0.0,12.902258064516127,17.187096774193545
Belize,Belmopan,2025,4,21.233333333333334,1.4703703703703705,101320.0,0.26999999999999996,93.7,78.23333333333333,0.0,11.809166666666666,15.823666666666668
Belize,Belmopan,2025,5,23.65666666666667,1.4296296296296298,101116.66666666667,0.071,94.63333333333334,85.93333333333334,0.0,10.088666666666667,15.367333333333333
Belize,Belmopan,2025,6,23.33,1.1398148148148148,101206.66666666667,0.8539999999999999,97.56666666666666,89.73333333333333,0.0,10.076333333333334,17.094
Belize,Belmopan,2025,7,22.825806451612905,1.0134408602150538,101425.80645161291,0.11129032258064517,98.16129032258064,88.58064516129032,0.0,11.171612903225807,22.760967741935485
Belize,Belmopan,2025,8,23.003225806451614,1.0331541218637994,101329.03225806452,0.03516129032258065,96.51612903225806,70.51612903225806,0.0,9.54241935483871,17.491451612903226
Belize,Belmopan,2025,9,23.10666666666667,1.0074074074074073,101180.0,0.17200000000000001,97.46666666666667,77.73333333333333,0.0,5.480666666666666,7.2941666666666665
Belize,Belmopan,2025,10,22.31935483870968,1.118279569892473,101119.35483870968,0.08645161290322581,95.70967741935483,67.29032258064517,0.0,4.553225806451613,5.143548387096774
Belize,Belmopan,2025,11,20.60666666666667,1.15,101513.33333333333,0.267,96.2,82.2,0.0,4.786666666666666,5.613333333333333
Belize,Belmopan,2025,12,20.383870967741935,1.0134408602150538,101525.80645161291,0.027419354838709678,98.48387096774194,88.6774193548387,0.0,4.372580645161291,5.140322580645161
Belize,Belmopan,2026,1,18.813793103448276,1.1120689655172413,101679.31034482758,0.01689655172413793,94.51724137931035,77.3103448275862,0.0,6.098275862068966,7.25
Belize,Belmopan,2026,2,13.85,1.1481481481481481,102283.33333333333,0.0,90.83333333333333,39.666666666666664,0.0,6.833333333333333,8.333333333333334
Benin,Porto-Novo,2024,5,30.864705882352943,5.632352941176471,101082.35294117648,0.06999999999999999,72.47058823529412,50.470588235294116,6.9411764705882355,3.2588235294117647,6.382352941176471
Benin,Porto-Novo,2024,6,29.709999999999997,5.035185185185186,101180.0,0.14433333333333334,75.03333333333333,57.5,6.366666666666666,4.1033333333333335,6.8566666666666665
Benin,Porto-Novo,2024,7,28.114285714285717,5.921626984126985,101392.85714285714,0.16857142857142857,74.39285714285714,69.25,6.0,4.728571428571429,8.189285714285715
Benin,Porto-Novo,2024,8,28.135483870967743,6.136200716845878,101387.09677419355,0.08967741935483871,70.74193548387096,60.12903225806452,6.064516129032258,3.7806451612903227,7.351612903225806
Benin,Porto-Novo,2024,9,28.42,4.80462962962963,101376.66666666667,0.15633333333333335,76.53333333333333,51.666666666666664,6.333333333333333,14.294,23.10983333333333
Benin,Porto-Novo,2024,10,28.093548387096774,2.467741935483871,101348.3870967742,0.17193548387096774,79.12903225806451,52.58064516129032,4.719354838709678,22.07467741935484,35.68709677419355
Benin,Porto-Novo,2024,11,28.81,1.7055555555555557,101213.33333333333,0.03966666666666666,78.1,38.4,3.31,45.54083333333333,68.2465
Benin,Porto-Novo,2024,12,31.39032258064516,1.6263440860215055,101212.90322580645,0.0,55.0,28.548387096774192,5.800000000000001,89.67129032258065,214.68354838709678
Benin,Porto-Novo,2025,1,30.916129032258063,2.235663082437276,101183.87096774194,0.005161290322580645,67.58064516129032,47.516129032258064,5.709677419354839,60.85306451612903,137.10887096774192
Benin,Porto-Novo,2025,2,30.682142857142857,2.8452380952380953,101053.57142857143,0.04285714285714286,76.25,48.214285714285715,6.1499999999999995,42.74821428571429,104.02285714285713
Benin,Porto-Novo,2025,3,31.20967741935484,3.9399641577060938,101070.96774193548,0.08580645161290323,74.2258064516129,50.806451612903224,4.638709677419355,22.91016129032258,50.582580645161286
Benin,Porto-Novo,2025,4,29.733333333333334,3.6629629629629634,101050.0,0.018333333333333333,77.33333333333333,50.86666666666667,4.286666666666666,23.840333333333334,40.61983333333333
Benin,Porto-Novo,2025,5,29.293548387096774,3.121863799283154,101267.74193548386,0.1761290322580645,77.7741935483871,46.935483870967744,3.329032258064516,31.873709677419356,43.474999999999994
Benin,Porto-Novo,2025,6,27.326666666666664,2.8,101426.66666666667,0.06433333333333333,83.56666666666666,46.93333333333333,3.05,30.642166666666665,35.908500000000004
Benin,Porto-Novo,2025,7,26.135483870967743,4.0,101593.54838709677,0.41935483870967744,84.58064516129032,59.67741935483871,2.0,26.478870967741937,33.05532258064516
Benin,Porto-Novo,2025,8,25.387096774193548,3.653225806451613,101519.35483870968,0.16193548387096773,87.25806451612904,66.12903225806451,1.6838709677419357,23.960483870967742,29.958064516129035
Benin,Porto-Novo,2025,9,25.756666666666668,2.932407407407408,101403.33333333333,0.22066666666666668,89.3,56.666666666666664,1.3299999999999998,27.632333333333335,32.975833333333334
Benin,Porto-Novo,2025,10,26.503225806451614,2.2007168458781363,101267.74193548386,0.015806451612903224,88.74193548387096,46.096774193548384,1.0838709677419356,21.89516129032258,26.333870967741937
Benin,Porto-Novo,2025,11,26.883333333333333,2.009259259259259,101146.66666666667,0.01,88.8,43.06666666666667,0.56,25.646666666666665,31.81
Benin,Porto-Novo,2025,12,27.258064516129032,2.0752688172043015,101029.03225806452,0.06290322580645161,89.41935483870968,48.193548387096776,0.39032258064516134,23.42096774193548,35.37903225806452
Benin,Porto-Novo,2026,1,26.85,1.8407407407407408,101056.66666666667,0.014999999999999998,90.33333333333333,41.9,0.3533333333333334,23.436666666666667,42.330000000000005
Benin,Porto-Novo,2026,2,27.21666666666667,2.3472222222222223,101000.0,0.01,88.16666666666667,37.5,0.23333333333333336,17.233333333333334,33.65
Bhutan,Thimphu,2024,5,11.905882352941177,1.4052287581699348,101123.5294117647,0.32529411764705884,89.0,73.70588235294117,1.1764705882352942,12.341176470588236,14.588235294117647
Bhutan,Thimphu,2024,6,12.803333333333335,1.1157407407407407,100863.33333333333,0.27166666666666667,95.56666666666666,74.06666666666666,1.2666666666666666,8.773333333333333,10.666666666666666
Bhutan,Thimphu,2024,7,15.146428571428572,1.1398809523809523,100589.28571428571,0.49178571428571427,94.32142857142857,79.03571428571429,3.107142857142857,5.567857142857143,7.014285714285714
Bhutan,Thimphu,2024,8,14.580645161290322,1.185483870967742,100938.70967741935,0.7358064516129031,93.12903225806451,76.64516129032258,3.3548387096774195,5.041935483870968,6.312903225806451
Bhutan,Thimphu,2024,9,15.2,1.499074074074074,100963.33333333333,0.5533333333333333,83.5,75.86666666666666,3.433333333333333,5.4915,7.683333333333334
Bhutan,Thimphu,2024,10,14.558064516129033,2.396057347670251,101100.0,0.2706451612903226,65.70967741935483,74.29032258064517,2.7774193548387096,8.63532258064516,12.770967741935483
Bhutan,Thimphu,2024,11,11.093333333333334,2.562962962962963,101353.33333333333,0.025666666666666667,51.06666666666667,53.0,2.5433333333333334,12.530666666666667,15.490666666666666
Bhutan,Thimphu,2024,12,6.1,1.992831541218638,101341.93548387097,0.005161290322580645,55.96774193548387,19.322580645161292,0.529032258064516,11.881774193548386,12.932096774193548
Bhutan,Thimphu,2025,1,8.119354838709677,2.4327956989247315,101132.25806451614,0.023870967741935485,50.0,26.677419354838708,0.7548387096774193,18.094193548387096,19.090806451612902
Bhutan,Thimphu,2025,2,5.878571428571428,2.455357142857143,101217.85714285714,0.1942857142857143,66.17857142857143,57.357142857142854,0.8571428571428571,15.506964285714286,18.255535714285713
Bhutan,Thimphu,2025,3,11.887096774193548,3.0053763440860215,100941.93548387097,0.10483870967741936,44.516129032258064,61.58064516129032,3.1258064516129034,20.254516129032258,26.771290322580644
Bhutan,Thimphu,2025,4,14.22,2.65,101013.33333333333,0.36000000000000004,50.93333333333333,68.9,4.2,19.209166666666665,31.104666666666667
Bhutan,Thimphu,2025,5,15.154838709677419,2.1720430107526885,100790.32258064517,0.5087096774193548,67.29032258064517,78.0,5.274193548387097,9.106774193548388,16.023387096774194
Bhutan,Thimphu,2025,6,18.886666666666667,2.585185185185185,100463.33333333333,0.5836666666666667,64.13333333333334,79.0,6.376666666666667,9.095833333333333,15.453666666666667
Bhutan,Thimphu,2025,7,20.0,2.688172043010753,100332.25806451614,0.516774193548387,64.41935483870968,77.96774193548387,6.993548387096775,3.5627419354838707,4.332580645161291
Bhutan,Thimphu,2025,8,18.338709677419356,2.369175627240143,100709.67741935483,0.6158064516129033,72.90322580645162,76.48387096774194,5.670967741935484,3.4016129032258067,3.6164516129032256
Bhutan,Thimphu,2025,9,18.716666666666665,2.5,100816.66666666667,0.4796666666666667,64.33333333333333,74.73333333333333,6.27,4.347833333333333,4.452666666666667
Bhutan,Thimphu,2025,10,15.5,2.4498207885304657,101287.09677419355,0.29,50.41935483870968,56.645161290322584,5.616129032258065,5.869354838709677,6.091935483870968
Bhutan,Thimphu,2025,11,12.926666666666668,2.525925925925926,101333.33333333333,0.028,41.56666666666667,32.2,5.5233333333333325,9.370000000000001,9.756666666666666
Bhutan,Thimphu,2025,12,12.04516129032258,2.674731182795699,101209.67741935483,0.0022580645161290325,32.935483870967744,12.387096774193548,5.122580645161291,14.543548387096775,15.508064516129032
Bhutan,Thimphu,2026,1,10.226666666666667,2.6814814814814816,101300.0,0.007000000000000001,28.433333333333334,14.833333333333334,5.35,12.266666666666667,13.263333333333332
Bhutan,Thimphu,2026,2,11.78,2.694444444444444,101400.0,0.0,26.4,2.8,6.34,7.81,8.65
Bolivia,National,2024,5,25.888235294117646,1.761437908496732,101676.4705882353,0.0,55.0,18.647058823529413,7.352941176470588,1.8882352941176472,2.0411764705882356
Bolivia,National,2024,6,28.475862068965515,1.4233716475095786,101455.1724137931,0.0,51.51724137931034,14.068965517241379,8.275862068965518,2.993103448275862,3.103448275862069
Bolivia,National,2024,7,21.28620689655172,1.4827586206896552,101737.93103448275,0.004482758620689655,56.96551724137931,16.103448275862068,6.724137931034483,22.49655172413793,22.724137931034484
Bolivia,National,2024,8,23.62258064516129,1.374551971326165,101493.54838709677,0.0003225806451612903,51.41935483870968,16.838709677419356,7.225806451612903,36.55483870967742,36.75806451612903
Bolivia,National,2024,9,25.46333333333333,1.3833333333333333,101053.33333333333,0.0,47.63333333333333,10.066666666666666,5.133333333333334,123.00203333333334,168.47676666666666
Bolivia,National,2024,10,23.283333333333335,1.1407407407407406,100876.66666666667,0.057666666666666665,78.43333333333334,39.666666666666664,0.3,56.71483333333333,81.0855
Bolivia,National,2024,11,22.268965517241377,1.0967432950191571,100813.79310344828,0.14448275862068966,93.89655172413794,73.75862068965517,0.010344827586206896,14.710689655172414,17.868448275862068
Bolivia,National,2024,12,22.651612903225807,1.0949820788530464,100967.74193548386,0.16,90.54838709677419,57.45161290322581,0.054838709677419356,7.304516129032258,7.465645161290323
Bolivia,National,2025,1,22.013333333333332,1.0518518518518518,101023.33333333333,0.30733333333333335,94.9,68.46666666666667,0.02666666666666667,8.719666666666665,8.806000000000001
Bolivia,National,2025,2,22.09642857142857,1.1150793650793651,100992.85714285714,0.28535714285714286,97.39285714285714,81.10714285714286,0.0,5.543392857142857,5.668928571428571
Bolivia,National,2025,3,21.94193548387097,1.039426523297491,101048.3870967742,0.35419354838709677,98.09677419354838,84.96774193548387,0.0,5.639516129032257,6.087096774193548
Bolivia,National,2025,4,21.823333333333334,1.1583333333333334,101060.0,0.196,97.26666666666667,79.76666666666667,0.0,7.4,7.4863333333333335
Bolivia,National,2025,5,21.641935483870967,1.1433691756272402,101225.80645161291,0.13774193548387095,90.58064516129032,48.225806451612904,0.0,9.30967741935484,9.387258064516129
Bolivia,National,2025,6,20.416666666666668,1.1805555555555556,101336.66666666667,0.10733333333333332,87.83333333333333,32.13333333333333,0.0,11.753666666666668,11.914
Bolivia,National,2025,7,18.58709677419355,1.2625448028673834,101477.41935483871,0.0006451612903225806,70.12903225806451,12.96774193548387,0.0,14.21516129032258,14.447903225806451
Bolivia,National,2025,8,20.96451612903226,1.353942652329749,101274.19354838709,0.011935483870967743,63.12903225806452,20.0,0.0,18.261290322580646,18.535806451612903
Bolivia,National,2025,9,23.259999999999998,1.2435185185185185,101026.66666666667,0.03233333333333333,72.66666666666667,30.366666666666667,0.0,25.93133333333333,26.171833333333332
Bolivia,National,2025,10,22.27741935483871,1.1944444444444444,100970.96774193548,0.045806451612903226,76.74193548387096,33.935483870967744,0.0,13.20483870967742,13.314516129032258
Bolivia,National,2025,11,22.493333333333332,1.2101851851851853,100830.0,0.17633333333333334,89.26666666666667,56.4,0.0,7.206666666666666,7.253333333333333
Bolivia,National,2025,12,22.23548387096774,1.3449820788530464,100751.6129032258,0.3129032258064516,94.74193548387096,77.6774193548387,0.0,4.820967741935483,4.882258064516129
Bolivia,National,2026,1,22.183333333333334,1.0694444444444444,100933.33333333333,0.33166666666666667,97.66666666666667,85.9,0.0,3.7366666666666664,3.7666666666666666
Bolivia,National,2026,2,23.349999999999998,1.5,100966.66666666667,0.0,93.0,54.5,0.0,6.216666666666668,6.466666666666666
Bolivia,Sucre,2024,5,14.217647058823529,1.8839869281045751,101764.70588235294,0.0005882352941176471,49.11764705882353,13.058823529411764,5.0588235294117645,4.0,9.464705882352941
Bolivia,Sucre,2024,6,14.610000000000001,1.6361111111111113,101666.66666666667,0.003,39.2,16.333333333333332,5.3,4.1466666666666665,10.313333333333333
Bolivia,Sucre,2024,7,9.366666666666667,1.756172839506173,102025.92592592593,0.007037037037037037,64.66666666666667,26.555555555555557,4.2592592592592595,4.396296296296296,8.737037037037037
Bolivia,Sucre,2024,8,10.51290322580645,1.5591397849462367,101806.45161290323,0.0032258064516129032,55.45161290322581,20.93548387096774,4.516129032258065,5.841935483870968,9.861290322580645
Bolivia,Sucre,2024,9,12.25,1.4648148148148148,101550.0,0.002,61.9,18.233333333333334,3.1666666666666665,29.489666666666665,42.15316666666667
Bolivia,Sucre,2024,10,13.346666666666666,1.8314814814814815,101386.66666666667,0.027000000000000003,73.86666666666666,44.3,0.3,15.502999999999998,22.4035
Bolivia,Sucre,2024,11,13.610344827586207,1.646551724137931,101220.68965517242,0.07551724137931035,77.55172413793103,49.10344827586207,0.010344827586206896,4.861034482758621,6.085862068965517
Bolivia,Sucre,2024,12,12.890322580645162,1.6227598566308243,101358.06451612903,0.02967741935483871,81.29032258064517,51.935483870967744,0.13870967741935483,3.8193548387096774,4.416129032258064
Bolivia,Sucre,2025,1,12.263333333333332,1.262037037037037,101470.0,0.25833333333333336,84.5,63.86666666666667,0.05999999999999999,4.205666666666667,4.575666666666667
Bolivia,Sucre,2025,2,12.153571428571428,1.2132936507936507,101514.28571428571,0.11571428571428573,81.07142857142857,59.107142857142854,0.0,2.8608928571428573,2.900535714285714
Bolivia,Sucre,2025,3,12.058064516129033,1.614695340501792,101474.19354838709,0.25451612903225806,90.96774193548387,73.06451612903226,0.0,3.3538709677419356,3.4075806451612904
Bolivia,Sucre,2025,4,11.236666666666668,1.652777777777778,101453.33333333333,0.19099999999999998,88.2,69.33333333333333,0.0,5.056666666666667,5.488333333333333
Bolivia,Sucre,2025,5,10.609677419354838,1.4874551971326166,101551.6129032258,0.04419354838709677,80.0,42.38709677419355,0.0,8.348870967741936,8.647258064516128
Bolivia,Sucre,2025,6,8.796666666666665,1.475,101526.66666666667,0.004333333333333333,68.6,24.166666666666668,0.0,8.411333333333333,9.546
Bolivia,Sucre,2025,7,8.635483870967741,1.314516129032258,101790.32258064517,0.0064516129032258064,73.90322580645162,24.741935483870968,0.0,11.91758064516129,12.52032258064516
Bolivia,Sucre,2025,8,8.80967741935484,1.4946236559139785,101677.41935483871,0.0064516129032258064,66.80645161290323,22.06451612903226,0.0,9.691612903225806,10.813548387096775
Bolivia,Sucre,2025,9,11.963333333333333,2.026851851851852,101523.33333333333,0.21333333333333332,74.1,33.3,0.0,12.5625,13.054499999999999
Bolivia,Sucre,2025,10,12.193548387096774,2.1129032258064515,101354.83870967742,0.0767741935483871,77.12903225806451,47.03225806451613,0.0,5.833870967741936,6.120967741935484
Bolivia,Sucre,2025,11,12.953333333333335,1.7907407407407407,101220.0,0.09466666666666666,75.63333333333334,47.86666666666667,0.0,4.496666666666667,4.863333333333333
Bolivia,Sucre,2025,12,13.596774193548388,1.6182795698924732,101041.93548387097,0.1929032258064516,79.41935483870968,63.645161290322584,0.0,3.614516129032258,3.7532258064516126
Bolivia,Sucre,2026,1,12.916666666666666,1.5722222222222224,101430.0,0.25666666666666665,80.66666666666667,58.0,0.0,3.7866666666666666,3.9266666666666667
Bolivia,Sucre,2026,2,14.116666666666667,1.4861111111111114,101166.66666666667,0.05166666666666667,79.83333333333333,64.0,0.0,5.116666666666666,6.016666666666666
Bosnia and Herzegovina,Sarajevo,2024,5,22.470588235294116,3.4607843137254903,101270.58823529411,0.6923529411764706,52.11764705882353,39.705882352941174,4.352941176470588,4.029411764705882,7.317647058823529
Bosnia and Herzegovina,Sarajevo,2024,6,27.326666666666664,2.9212962962962963,101410.0,0.11666666666666667,44.46666666666667,29.1,6.133333333333334,7.79,17.283333333333335
Bosnia and Herzegovina,Sarajevo,2024,7,29.524137931034485,2.640804597701149,101410.3448275862,0.08827586206896552,39.58620689655172,30.20689655172414,7.0344827586206895,6.30344827586207,8.244827586206897
Bosnia and Herzegovina,Sarajevo,2024,8,30.425806451612903,2.1586021505376345,101419.35483870968,0.3258064516129032,36.903225806451616,32.38709677419355,7.0,7.116129032258065,8.087096774193547
Bosnia and Herzegovina,Sarajevo,2024,9,20.59333333333333,2.0064814814814813,101510.0,0.43200000000000005,64.1,46.666666666666664,4.966666666666667,12.183,16.245833333333334
Bosnia and Herzegovina,Sarajevo,2024,10,17.0258064516129,1.5761648745519714,102003.2258064516,0.06612903225806452,68.70967741935483,35.83870967741935,2.7225806451612904,28.245322580645162,35.5916129032258
Bosnia and Herzegovina,Sarajevo,2024,11,7.056666666666667,1.7314814814814814,102283.33333333333,0.052333333333333336,76.8,41.833333333333336,1.09,46.57683333333333,51.62116666666667
Bosnia and Herzegovina,Sarajevo,2024,12,4.041935483870968,1.5958781362007168,102164.51612903226,0.30612903225806454,88.96774193548387,61.12903225806452,0.8677419354838709,57.27241935483871,62.18387096774194
Bosnia and Herzegovina,Sarajevo,2025,1,4.264516129032257,2.086917562724014,102180.64516129032,0.060645161290322575,78.54838709677419,50.806451612903224,1.1935483870967742,45.11016129032258,50.94064516129033
Bosnia and Herzegovina,Sarajevo,2025,2,3.585714285714286,1.3224206349206349,102507.14285714286,0.02642857142857143,70.64285714285714,42.857142857142854,1.4857142857142858,56.629821428571425,61.050000000000004
Bosnia and Herzegovina,Sarajevo,2025,3,9.23225806451613,2.189068100358423,101674.19354838709,0.24580645161290324,67.7741935483871,48.38709677419355,1.9225806451612903,31.634999999999998,38.85596774193549
Bosnia and Herzegovina,Sarajevo,2025,4,12.713333333333333,2.468518518518519,101683.33333333333,0.097,61.7,48.333333333333336,3.1799999999999997,24.124000000000002,31.104666666666667
Bosnia and Herzegovina,Sarajevo,2025,5,15.938709677419356,2.517921146953405,101564.51612903226,0.05967741935483871,59.225806451612904,40.32258064516129,4.358064516129032,17.855483870967742,22.516290322580645
Bosnia and Herzegovina,Sarajevo,2025,6,23.009999999999998,1.952777777777778,102080.0,0.019333333333333334,49.733333333333334,17.5,6.64,19.270833333333332,26.25766666666667
Bosnia and Herzegovina,Sarajevo,2025,7,23.080645161290324,2.102150537634409,101500.0,0.1441935483870968,54.193548387096776,28.225806451612904,5.064516129032258,16.733548387096775,22.27758064516129
Bosnia and Herzegovina,Sarajevo,2025,8,19.69677419354839,1.7562724014336917,101793.54838709677,0.15580645161290324,67.7741935483871,19.35483870967742,4.151612903225806,20.8691935483871,25.410645161290322
Bosnia and Herzegovina,Sarajevo,2025,9,16.083333333333332,1.3657407407407407,101990.0,0.11433333333333333,81.96666666666667,36.666666666666664,2.3666666666666667,26.304,30.986666666666668
Bosnia and Herzegovina,Sarajevo,2025,10,8.66451612903226,1.6774193548387097,101854.83870967742,0.08387096774193549,88.2258064516129,62.096774193548384,0.5935483870967742,18.411290322580644,20.81451612903226
Bosnia and Herzegovina,Sarajevo,2025,11,3.7066666666666666,1.6351851851851853,101690.0,0.24933333333333335,94.83333333333333,71.66666666666667,0.27666666666666667,23.316666666666666,25.513333333333332
Bosnia and Herzegovina,Sarajevo,2025,12,0.29677419354838713,1.3270609318996418,102158.06451612903,0.07387096774193548,97.51612903225806,79.51612903225806,0.08064516129032258,43.417741935483875,47.30806451612903
Bosnia and Herzegovina,Sarajevo,2026,1,-1.1700000000000002,1.5620370370370371,101076.66666666667,0.20866666666666667,94.5,65.16666666666667,0.08666666666666667,29.90666666666667,34.623333333333335
Bosnia and Herzegovina,Sarajevo,2026,2,3.65,2.3333333333333335,100283.33333333333,0.060000000000000005,94.33333333333333,70.83333333333333,0.10000000000000002,25.233333333333334,27.400000000000002
Botswana,Gaborone,2024,5,25.98235294117647,2.2549019607843137,102276.4705882353,0.0,26.058823529411764,1.4705882352941178,7.235294117647059,15.170588235294117,20.423529411764704
Botswana,Gaborone,2024,6,22.153333333333332,3.55462962962963,102276.66666666667,0.002,28.2,12.966666666666667,6.866666666666666,10.5,14.473333333333333
Botswana,Gaborone,2024,7,24.582758620689653,2.7356321839080464,101789.6551724138,0.0,11.655172413793103,1.6551724137931034,7.379310344827586,10.299999999999999,17.70344827586207
Botswana,Gaborone,2024,8,26.967741935483872,3.466845878136201,101764.51612903226,0.0,15.612903225806452,2.5161290322580645,7.870967741935484,8.190322580645162,15.22258064516129
Botswana,Gaborone,2024,9,27.813333333333333,4.336111111111111,101766.66666666667,0.0003333333333333333,24.8,12.5,8.3,12.070500000000001,18.122333333333337
Botswana,Gaborone,2024,10,27.406451612903226,4.456093189964157,101967.74193548386,0.016774193548387096,26.64516129032258,7.967741935483871,9.251612903225807,12.788870967741936,19.401129032258062
Botswana,Gaborone,2024,11,29.013333333333332,4.508333333333334,101730.0,0.035666666666666666,36.46666666666667,16.633333333333333,9.853333333333333,14.3005,16.452666666666666
Botswana,Gaborone,2024,12,31.809677419354838,3.9784946236559144,101335.48387096774,0.10290322580645163,36.29032258064516,42.67741935483871,11.838709677419354,11.857903225806453,12.05483870967742
Botswana,Gaborone,2025,1,29.393548387096775,3.125448028673835,101367.74193548386,0.08258064516129032,45.25806451612903,52.25806451612903,12.658064516129032,10.073548387096773,10.270483870967741
Botswana,Gaborone,2025,2,27.900000000000002,3.7222222222222223,101300.0,0.3178571428571429,57.535714285714285,63.107142857142854,10.639285714285714,12.831071428571429,13.009464285714285
Botswana,Gaborone,2025,3,26.16774193548387,3.559139784946237,101922.58064516129,0.02129032258064516,57.41935483870968,36.225806451612904,9.754838709677419,21.740483870967743,22.259677419354837
Botswana,Gaborone,2025,4,21.96333333333333,3.4564814814814815,102040.0,0.008333333333333333,66.5,40.53333333333333,6.3100000000000005,21.558666666666667,21.922500000000003
Botswana,Gaborone,2025,5,17.725806451612904,2.991039426523298,102641.93548387097,0.0,57.70967741935484,7.548387096774194,4.441935483870967,29.67758064516129,30.19677419354839
Botswana,Gaborone,2025,6,14.226666666666667,3.1925925925925926,102616.66666666667,0.0,56.96666666666667,6.666666666666667,3.75,33.88583333333334,34.28666666666666
Botswana,Gaborone,2025,7,15.251612903225807,3.310931899641577,102858.06451612903,0.0,52.03225806451613,10.612903225806452,3.429032258064516,31.855806451612903,32.339193548387094
Botswana,Gaborone,2025,8,17.396774193548385,3.731182795698925,102477.41935483871,0.0,42.806451612903224,7.258064516129032,3.9935483870967743,22.27758064516129,22.641612903225806
Botswana,Gaborone,2025,9,21.296666666666667,4.683333333333334,102223.33333333333,0.0003333333333333333,48.7,20.0,4.163333333333333,19.765333333333334,19.990666666666666
Botswana,Gaborone,2025,10,22.387096774193548,4.611111111111112,102145.16129032258,0.0064516129032258064,53.096774193548384,29.032258064516128,4.645161290322581,9.653225806451612,9.820967741935483
Botswana,Gaborone,2025,11,21.740000000000002,4.267592592592592,101980.0,0.042333333333333334,72.7,53.46666666666667,4.9399999999999995,8.853333333333333,8.966666666666667
Botswana,Gaborone,2025,12,22.35483870967742,4.119175627240144,101874.19354838709,0.3229032258064516,76.61290322580645,57.25806451612903,4.84516129032258,6.617741935483871,6.669354838709677
Botswana,Gaborone,2026,1,22.98,3.7,101673.33333333333,0.011666666666666665,73.46666666666667,39.2,5.323333333333333,8.836666666666668,8.903333333333334
Botswana,Gaborone,2026,2,22.71666666666667,4.185185185185185,102016.66666666667,0.0,67.0,12.5,4.7,5.95,6.033333333333334
Brazil,Bras,2024,5,28.276470588235295,1.5718954248366013,101300.0,0.6347058823529411,80.47058823529412,72.29411764705883,7.0588235294117645,0.5,0.5
Brazil,Bras,2024,6,29.810344827586206,1.8860153256704981,101317.24137931035,0.08413793103448276,64.93103448275862,35.758620689655174,8.068965517241379,0.7862068965517242,0.8137931034482759
Brazil,Bras,2024,7,28.348275862068967,1.5833333333333333,101437.93103448275,0.0003448275862068966,59.689655172413794,24.517241379310345,8.10344827586207,2.4896551724137934,2.689655172413793
Brazil,Bras,2024,8,28.5258064516129,1.6021505376344085,101364.51612903226,0.000967741935483871,51.74193548387097,19.903225806451612,7.967741935483871,4.374193548387097,4.974193548387096
Brazil,Bras,2024,9,27.71333333333333,1.588888888888889,101023.33333333333,0.023666666666666666,55.96666666666667,21.9,6.8,18.712666666666667,27.311133333333334
Brazil,Bras,2024,10,24.709999999999997,1.126851851851852,100850.0,0.011666666666666667,67.0,30.8,0.4666666666666667,24.5865,36.00716666666666
Brazil,Bras,2024,11,24.944827586206895,1.1637931034482758,100755.1724137931,0.10758620689655173,73.82758620689656,42.55172413793103,0.027586206896551727,44.71258620689655,53.17155172413793
Brazil,Bras,2024,12,23.57741935483871,1.1102150537634408,100983.87096774194,0.23838709677419354,91.06451612903226,67.35483870967742,0.04193548387096774,12.221935483870968,13.266290322580645
Brazil,Bras,2025,1,22.53793103448276,1.1264367816091954,101055.1724137931,0.13448275862068965,94.44827586206897,68.72413793103448,0.02413793103448276,8.325,9.294655172413794
Brazil,Bras,2025,2,22.535714285714285,1.0674603174603174,101042.85714285714,0.5571428571428572,96.82142857142857,81.57142857142857,0.0,4.869464285714286,6.679821428571429
Brazil,Bras,2025,3,22.5,1.1657706093189963,101058.06451612903,0.39354838709677414,97.87096774193549,89.06451612903226,0.0,3.3896774193548387,4.0640322580645165
Brazil,Bras,2025,4,22.776666666666664,1.1166666666666667,101023.33333333333,0.3893333333333333,97.36666666666666,77.73333333333333,0.0,2.9353333333333333,3.3361666666666667
Brazil,Bras,2025,5,22.648387096774194,1.0797491039426523,101119.35483870968,0.14290322580645162,96.83870967741936,80.0,0.0,5.561935483870967,5.985645161290323
Brazil,Bras,2025,6,22.436666666666667,1.1462962962962961,101193.33333333333,0.11766666666666666,94.46666666666667,65.96666666666667,0.0,6.135833333333333,6.690833333333333
Brazil,Bras,2025,7,22.338709677419356,1.0681003584229392,101238.70967741935,0.09483870967741935,84.19354838709677,34.83870967741935,0.0,12.156290322580647,12.585967741935484
Brazil,Bras,2025,8,22.674193548387095,1.196236559139785,101132.25806451614,0.04258064516129032,80.2258064516129,42.83870967741935,0.0,12.42483870967742,13.152903225806451
Brazil,Bras,2025,9,23.733333333333334,1.172222222222222,100996.66666666667,0.10600000000000001,74.53333333333333,44.766666666666666,0.0,18.349333333333334,19.47416666666667
Brazil,Bras,2025,10,23.641935483870967,1.078853046594982,100861.29032258065,0.18,82.12903225806451,47.483870967741936,0.0,13.153225806451612,13.817741935483872
Brazil,Bras,2025,11,24.276666666666664,1.077777777777778,100740.0,0.15066666666666664,81.5,52.766666666666666,0.0,11.99,12.693333333333333
Brazil,Bras,2025,12,23.225806451612904,1.1057347670250897,100754.83870967742,0.3438709677419355,92.61290322580645,67.90322580645162,0.0,7.659677419354838,7.982258064516128
Brazil,Bras,2026,1,22.816666666666666,1.0305555555555557,100883.33333333333,0.27066666666666667,94.96666666666667,69.43333333333334,0.0,4.7266666666666675,5.17
Brazil,Bras,2026,2,22.733333333333334,1.1342592592592593,101000.0,0.03,96.5,82.83333333333333,0.0,3.966666666666667,4.516666666666667
Brazil,Sao Paulo,2024,6,17.9,3.1944444444444446,102200.0,0.09,90.0,100.0,5.0,13.1,35.9
Brunei Darussalam,Bandar Seri Begawan,2024,5,27.88235294117647,1.477124183006536,100905.88235294117,1.0011764705882353,95.0,58.8235294117647,1.411764705882353,3.905882352941177,4.164705882352941
Brunei Darussalam,Bandar Seri Begawan,2024,6,26.75862068965517,1.5086206896551724,101086.20689655172,0.6648275862068966,95.3103448275862,71.44827586206897,1.0,2.6310344827586207,2.848275862068965
Brunei Darussalam,Bandar Seri Begawan,2024,7,27.372413793103448,1.628352490421456,100920.68965517242,0.4303448275862069,88.89655172413794,63.827586206896555,1.0,4.124137931034483,4.496551724137931
Brunei Darussalam,Bandar Seri Begawan,2024,8,26.864516129032257,1.6227598566308243,100961.29032258065,0.8496774193548388,85.70967741935483,73.03225806451613,1.0,2.0451612903225804,2.261290322580645
Brunei Darussalam,Bandar Seri Begawan,2024,9,29.10666666666667,2.5222222222222226,100813.33333333333,0.31799999999999995,77.9,75.0,3.3666666666666667,23.259666666666664,34.4275
Brunei Darussalam,Bandar Seri Begawan,2024,10,28.809677419354838,2.802867383512545,100777.41935483871,0.4545161290322581,78.96774193548387,65.41935483870968,2.358064516129032,16.95435483870968,25.30322580645161
Brunei Darussalam,Bandar Seri Begawan,2024,11,29.459999999999997,2.425925925925926,100683.33333333333,0.648,76.7,76.2,1.5166666666666666,19.468166666666665,24.130166666666664
Brunei Darussalam,Bandar Seri Begawan,2024,12,27.75483870967742,1.9910394265232976,100732.25806451614,0.5580645161290323,83.54838709677419,71.38709677419355,0.0,17.81967741935484,18.995322580645162
Brunei Darussalam,Bandar Seri Begawan,2025,1,27.980645161290322,2.335125448028674,100758.06451612903,0.48709677419354835,82.61290322580645,74.41935483870968,0.267741935483871,14.06,14.913387096774194
Brunei Darussalam,Bandar Seri Begawan,2025,2,27.875,2.7162698412698414,100860.71428571429,0.5282142857142856,82.46428571428571,73.21428571428571,0.03571428571428571,13.590892857142858,15.044464285714286
Brunei Darussalam,Bandar Seri Begawan,2025,3,28.951612903225808,2.8853046594982077,100738.70967741935,0.46354838709677415,80.45161290322581,75.0,0.7612903225806452,15.665322580645162,16.918548387096774
Brunei Darussalam,Bandar Seri Begawan,2025,4,30.073333333333334,2.4435185185185184,100776.66666666667,0.7433333333333334,74.66666666666667,68.33333333333333,1.0766666666666667,16.366333333333333,17.242
Brunei Darussalam,Bandar Seri Begawan,2025,5,30.93548387096774,2.360215053763441,100693.54838709677,0.44483870967741934,70.12903225806451,73.38709677419355,1.7677419354838708,18.36274193548387,19.192258064516132
Brunei Darussalam,Bandar Seri Begawan,2025,6,31.33,3.1657407407407407,100783.33333333333,0.29566666666666663,65.43333333333334,71.66666666666667,1.8166666666666667,23.51966666666667,25.308
Brunei Darussalam,Bandar Seri Begawan,2025,7,31.603225806451615,3.5412186379928317,100680.64516129032,0.13806451612903223,66.80645161290323,73.38709677419355,2.435483870967742,30.20274193548387,31.91548387096774
Brunei Darussalam,Bandar Seri Begawan,2025,8,30.30322580645161,2.9292114695340503,100796.7741935484,0.46806451612903227,70.54838709677419,67.74193548387096,2.545161290322581,20.809516129032257,21.501774193548385
Brunei Darussalam,Bandar Seri Begawan,2025,9,30.660000000000004,2.9472222222222224,100800.0,0.584,68.6,70.0,4.073333333333333,18.3655,19.134
Brunei Darussalam,Bandar Seri Begawan,2025,10,30.44516129032258,2.796594982078853,100770.96774193548,0.5361290322580645,71.54838709677419,65.3225806451613,4.074193548387097,11.398387096774194,11.850000000000001
Brunei Darussalam,Bandar Seri Begawan,2025,11,30.009999999999998,2.7620370370370373,100746.66666666667,0.526,73.3,73.33333333333333,4.383333333333334,11.946666666666665,12.346666666666666
Brunei Darussalam,Bandar Seri Begawan,2025,12,29.893548387096775,2.4740143369175627,100693.54838709677,0.5293548387096775,74.90322580645162,73.38709677419355,5.151612903225806,8.437096774193549,8.698387096774193
Brunei Darussalam,Bandar Seri Begawan,2026,1,28.743333333333332,2.7555555555555555,100966.66666666667,0.5716666666666667,77.46666666666667,73.33333333333333,5.0566666666666675,10.393333333333334,11.066666666666666
Brunei Darussalam,Bandar Seri Begawan,2026,2,29.53333333333333,3.3888888888888893,101033.33333333333,0.3666666666666667,75.83333333333333,75.0,7.3,15.85,16.849999999999998
Bulgaria,Bogot,2024,5,20.48235294117647,3.3513071895424837,101435.29411764706,0.041176470588235294,63.94117647058823,53.411764705882355,5.0588235294117645,3.9,5.211764705882352
Bulgaria,Bogot,2024,6,30.16551724137931,3.1542145593869733,101179.31034482758,0.44482758620689655,40.37931034482759,28.310344827586206,7.206896551724138,5.272413793103448,9.331034482758621
Bulgaria,Bogot,2024,7,35.721428571428575,4.4146825396825395,101010.71428571429,0.0,19.321428571428573,15.321428571428571,8.642857142857142,5.421428571428572,6.0928571428571425
Bulgaria,Bogot,2024,8,34.04516129032258,3.805555555555556,101070.96774193548,0.09451612903225808,23.580645161290324,22.774193548387096,8.225806451612904,5.538709677419354,6.170967741935484
Bulgaria,Bogot,2024,9,26.113333333333333,3.839814814814815,101303.33333333333,0.044333333333333336,33.3,36.43333333333333,6.4,13.252833333333333,19.785833333333333
Bulgaria,Bogot,2024,10,18.73548387096774,3.057347670250896,102103.2258064516,0.0064516129032258064,39.16129032258065,18.483870967741936,3.264516129032258,16.59032258064516,21.179516129032258
Bulgaria,Bogot,2024,11,7.760000000000001,3.023148148148148,102446.66666666667,0.030333333333333334,57.666666666666664,39.86666666666667,1.1333333333333333,25.764333333333337,29.174500000000002
Bulgaria,Bogot,2024,12,5.603225806451612,3.113799283154122,102225.80645161291,0.22096774193548385,74.06451612903226,58.16129032258065,0.8774193548387097,24.58709677419355,27.153225806451612
Bulgaria,Bogot,2025,1,7.506451612903225,2.0,102303.2258064516,0.0,55.903225806451616,27.161290322580644,1.367741935483871,32.66145161290323,36.63596774193548
Bulgaria,Bogot,2025,2,2.392857142857143,2.5813492063492065,102975.0,0.024999999999999998,68.14285714285714,48.357142857142854,1.8678571428571427,39.49089285714285,42.57642857142857
Bulgaria,Bogot,2025,3,13.519354838709678,2.6012544802867383,101800.0,0.11064516129032258,54.70967741935484,41.54838709677419,2.7548387096774194,27.899193548387096,36.68370967741935
Bulgaria,Bogot,2025,4,15.49,3.737037037037037,101733.33333333333,0.04466666666666666,56.03333333333333,41.3,3.9366666666666665,19.351,24.358333333333334
Bulgaria,Bogot,2025,5,18.89032258064516,4.115591397849463,101409.67741935483,0.16322580645161291,58.38709677419355,53.61290322580645,4.596774193548387,11.553548387096775,13.624354838709678
Bulgaria,Bogot,2025,6,27.67,2.990740740740741,101770.0,0.004,42.53333333333333,19.633333333333333,6.6866666666666665,13.165833333333332,16.107333333333333
Bulgaria,Bogot,2025,7,32.00645161290323,3.664874551971326,101122.58064516129,0.01064516129032258,25.29032258064516,14.32258064516129,6.370967741935484,12.090645161290322,16.118870967741934
Bulgaria,Bogot,2025,8,29.03666666666667,3.6203703703703707,101586.66666666667,0.004333333333333333,27.133333333333333,15.766666666666667,4.86,11.636500000000002,15.725
Bulgaria,Bogot,2025,9,23.153846153846153,3.72008547008547,101969.23076923077,0.011153846153846155,38.15384615384615,28.03846153846154,2.730769230769231,12.346153846153847,16.809807692307693
Bulgaria,Bogot,2025,10,12.241935483870968,3.948924731182796,101758.06451612903,0.3203225806451613,67.54838709677419,54.193548387096776,0.7903225806451613,8.78225806451613,10.240322580645161
Bulgaria,Bogot,2025,11,9.863333333333333,2.1685185185185185,101763.33333333333,0.06133333333333334,77.53333333333333,56.43333333333333,0.35333333333333333,13.120000000000001,15.376666666666667
Bulgaria,Bogot,2025,12,4.210344827586207,2.5411877394636013,102213.79310344828,0.04206896551724138,80.10344827586206,38.689655172413794,0.1724137931034483,22.78103448275862,25.70862068965517
Bulgaria,Bogot,2026,1,-0.24210526315789468,2.114035087719298,101621.05263157895,0.022105263157894735,89.05263157894737,62.73684210526316,0.19999999999999998,18.792105263157897,20.98157894736842
Bulgaria,Bogot,2026,2,-3.175,2.4722222222222223,101450.0,0.0025,91.25,69.75,0.3,19.025,20.225
Bulgaria,Lom,2024,5,21.88235294117647,4.3088235294117645,101452.94117647059,0.38,49.05882352941177,11.764705882352942,4.882352941176471,4.147058823529412,5.247058823529412
Bulgaria,Lom,2024,6,30.068421052631578,4.084795321637427,101173.68421052632,0.10052631578947369,37.63157894736842,2.1052631578947367,7.315789473684211,5.342105263157895,8.257894736842106
Bulgaria,Lom,2025,8,23.19090909090909,3.303030303030303,101381.81818181818,0.0,46.0,3.3636363636363638,3.4545454545454546,11.469999999999999,15.136363636363637
Bulgaria,Lom,2025,9,21.34333333333333,3.710185185185185,101936.66666666667,0.004666666666666667,53.93333333333333,12.8,2.606666666666667,12.038499999999999,15.2965
Bulgaria,Lom,2025,10,10.929032258064517,3.9274193548387095,101670.96774193548,0.32806451612903226,79.83870967741936,36.29032258064516,0.8129032258064516,9.65,11.191935483870967
Bulgaria,Lom,2025,11,7.286666666666666,2.4814814814814814,101710.0,0.026000000000000002,90.53333333333333,64.0,0.2833333333333333,19.096666666666668,20.95
Bulgaria,Lom,2025,12,1.9806451612903229,2.610215053763441,102141.93548387097,0.1235483870967742,91.87096774193549,60.96774193548387,0.16774193548387098,25.988709677419354,28.611290322580643
Bulgaria,Lom,2026,1,-1.2666666666666666,2.6435185185185186,101296.66666666667,0.06233333333333334,95.13333333333334,58.9,0.16,20.9,23.373333333333335
Bulgaria,Lom,2026,2,-2.4499999999999997,1.9490740740740742,101150.0,0.06,92.0,68.33333333333333,0.23333333333333336,21.25,22.650000000000002
Bulgaria,Sofia,2024,5,18.75,4.815972222222222,101593.75,0.3625,61.8125,65.625,4.1875,3.75625,6.49375
Bulgaria,Sofia,2024,6,28.923333333333336,4.350925925925925,101433.33333333333,0.7663333333333333,41.13333333333333,28.4,6.4,5.8,14.696666666666665
Bulgaria,Sofia,2024,7,31.57857142857143,3.305555555555556,101321.42857142857,0.00035714285714285714,28.642857142857142,19.142857142857142,7.857142857142857,4.778571428571429,6.207142857142857
Bulgaria,Sofia,2024,8,30.93548387096774,3.327060931899642,101322.58064516129,0.08741935483870968,30.29032258064516,25.29032258064516,7.354838709677419,4.567741935483871,5.358064516129032
Bulgaria,Sofia,2024,9,22.38,2.717592592592593,101513.33333333333,0.10500000000000001,49.266666666666666,34.166666666666664,5.6,15.05,20.756666666666668
Bulgaria,Sofia,2024,10,17.080645161290324,1.8897849462365592,102116.12903225806,0.04935483870967742,45.774193548387096,23.387096774193548,3.2774193548387096,27.481451612903225,35.836290322580645
Bulgaria,Sofia,2024,11,6.3933333333333335,1.8203703703703702,102330.0,0.07466666666666667,65.56666666666666,37.3,1.2433333333333332,39.651666666666664,46.842
Bulgaria,Sofia,2024,12,4.474193548387096,2.0268817204301075,102109.67741935483,0.1235483870967742,76.06451612903226,62.903225806451616,0.9806451612903225,36.93435483870967,42.67532258064516
Bulgaria,Sofia,2025,1,3.448387096774194,1.4121863799283154,102277.41935483871,0.04838709677419355,76.19354838709677,48.87096774193548,1.474193548387097,54.97483870967742,63.10290322580645
Bulgaria,Sofia,2025,2,2.2214285714285715,1.5992063492063493,102635.71428571429,0.04892857142857143,65.85714285714286,47.32142857142857,2.0678571428571426,44.71053571428571,50.32660714285714
Bulgaria,Sofia,2025,3,11.345161290322581,2.1370967741935485,101761.29032258065,0.08580645161290323,55.25806451612903,42.74193548387097,2.835483870967742,37.66241935483871,51.406129032258065
Bulgaria,Sofia,2025,4,12.41,2.765740740740741,101700.0,0.13366666666666666,61.93333333333333,56.666666666666664,3.746666666666667,24.90716666666667,31.530166666666666
Bulgaria,Sofia,2025,5,16.661290322580644,2.7508960573476706,101477.41935483871,0.21419354838709678,56.61290322580645,54.83870967741935,4.558064516129033,16.75741935483871,20.851290322580645
Bulgaria,Sofia,2025,6,24.576666666666664,2.0481481481481483,101983.33333333333,0.031000000000000003,47.46666666666667,20.7,7.176666666666666,18.019,24.37066666666667
Bulgaria,Sofia,2025,7,26.603225806451615,2.1729390681003586,101435.48387096774,0.012258064516129033,41.58064516129032,15.32258064516129,6.212903225806452,17.306451612903224,24.706451612903226
Bulgaria,Sofia,2025,8,23.10967741935484,2.4175627240143367,101783.87096774194,0.03483870967741936,51.096774193548384,19.35483870967742,4.929032258064517,17.431774193548385,24.205161290322582
Bulgaria,Sofia,2025,9,18.743333333333332,2.2,102050.0,0.03866666666666667,59.766666666666666,31.666666666666668,2.7933333333333334,19.887999999999998,27.542166666666667
Bulgaria,Sofia,2025,10,9.458064516129031,2.163082437275986,101758.06451612903,0.2780645161290322,80.6774193548387,64.51612903225806,0.8935483870967742,13.38225806451613,16.743548387096773
Bulgaria,Sofia,2025,11,6.823333333333333,1.3805555555555555,101740.0,0.08299999999999999,87.0,62.833333333333336,0.31333333333333335,15.406666666666666,18.923333333333336
Bulgaria,Sofia,2025,12,0.8806451612903224,1.7688172043010753,102093.54838709677,0.03774193548387097,88.96774193548387,63.064516129032256,0.1774193548387097,25.708064516129035,29.2758064516129
Bulgaria,Sofia,2026,1,0.39666666666666667,1.6685185185185185,101210.0,0.03766666666666666,84.36666666666666,66.0,0.20666666666666667,19.293333333333333,22.326666666666664
Bulgaria,Sofia,2026,2,0.16666666666666674,1.8981481481481481,100833.33333333333,0.011666666666666667,90.0,70.83333333333333,0.26666666666666666,20.983333333333334,22.766666666666666
Burkina Faso,Ouagadougou,2024,5,37.57058823529412,3.1650326797385624,100911.76470588235,0.013529411764705884,39.1764705882353,14.058823529411764,9.470588235294118,17.288235294117644,72.45882352941176
Burkina Faso,Ouagadougou,2024,6,35.61333333333334,3.7490740740740742,101080.0,0.0,42.86666666666667,16.4,8.833333333333334,5.77,18.509999999999998
Burkina Faso,Ouagadougou,2024,7,31.139285714285712,4.552579365079366,101257.14285714286,0.3842857142857143,61.57142857142857,55.035714285714285,7.214285714285714,2.5714285714285716,6.307142857142857
Burkina Faso,Ouagadougou,2024,8,29.103225806451615,5.172939068100359,101190.32258064517,0.1964516129032258,67.12903225806451,69.80645161290323,6.290322580645161,3.1419354838709674,6.574193548387097
Burkina Faso,Ouagadougou,2024,9,29.23,3.6611111111111114,101333.33333333333,0.19466666666666665,68.5,48.0,6.8,11.765333333333333,20.52716666666667
Burkina Faso,Ouagadougou,2024,10,29.44193548387097,3.3261648745519716,101390.32258064517,0.04,63.12903225806452,9.870967741935484,4.4,28.27516129032258,55.881935483870976
Burkina Faso,Ouagadougou,2024,11,27.416666666666668,5.025,101440.0,0.0,30.366666666666667,3.2,2.6666666666666665,58.73133333333333,193.47916666666666
Burkina Faso,Ouagadougou,2024,12,28.38064516129032,5.9121863799283165,101551.6129032258,0.0,16.70967741935484,0.25806451612903225,5.287096774193548,116.65741935483871,883.8409677419355
Burkina Faso,Ouagadougou,2025,1,28.17096774193548,6.289426523297491,101500.0,0.0,17.06451612903226,3.6774193548387095,5.196774193548387,113.72725806451614,789.9980645161291
Burkina Faso,Ouagadougou,2025,2,29.482142857142858,6.093253968253968,101314.28571428571,0.0,17.25,0.0,5.242857142857143,128.70714285714286,842.6955357142857
Burkina Faso,Ouagadougou,2025,3,33.400000000000006,4.10931899641577,101125.80645161291,0.0,36.903225806451616,0.0,3.9612903225806453,59.55806451612903,248.50870967741938
Burkina Faso,Ouagadougou,2025,4,32.52,4.016666666666667,101080.0,0.0,45.63333333333333,1.6666666666666667,3.893333333333333,43.79566666666667,168.3685
Burkina Faso,Ouagadougou,2025,5,30.593548387096774,5.216845878136201,101267.74193548386,0.0,58.61290322580645,2.806451612903226,2.92258064516129,37.01790322580646,126.7966129032258
Burkina Faso,Ouagadougou,2025,6,28.6,4.883333333333334,101406.66666666667,0.001,69.2,6.566666666666666,2.533333333333333,28.12,141.74083333333334
Burkina Faso,Ouagadougou,2025,7,26.34193548387097,4.948028673835125,101506.45161290323,0.01096774193548387,84.12903225806451,25.806451612903224,2.332258064516129,13.976451612903226,51.328548387096774
Burkina Faso,Ouagadougou,2025,8,24.529032258064515,4.147849462365592,101448.3870967742,0.2829032258064516,94.61290322580645,35.483870967741936,1.761290322580645,11.183548387096774,26.556451612903224
Burkina Faso,Ouagadougou,2025,9,24.62,3.4990740740740742,101403.33333333333,0.06966666666666667,95.5,19.166666666666668,1.2433333333333332,17.429,27.25583333333333
Burkina Faso,Ouagadougou,2025,10,25.393548387096775,2.661290322580645,101303.2258064516,0.0,81.96774193548387,4.903225806451613,0.8516129032258064,18.008064516129032,35.03064516129032
Burkina Faso,Ouagadougou,2025,11,22.93,2.8851851851851853,101263.33333333333,0.0,55.1,0.23333333333333334,0.4033333333333333,29.84333333333333,90.61
Burkina Faso,Ouagadougou,2025,12,22.029032258064515,3.655913978494624,101206.45161290323,0.0,33.38709677419355,2.5483870967741935,0.18709677419354842,58.766129032258064,406.1306451612903
Burkina Faso,Ouagadougou,2026,1,20.063333333333333,3.8648148148148147,101306.66666666667,0.0,30.966666666666665,1.9333333333333333,0.18666666666666668,59.080000000000005,379.4
Burkina Faso,Ouagadougou,2026,2,21.883333333333336,3.1481481481481484,101183.33333333333,0.0,28.666666666666668,1.0,0.19999999999999998,33.78333333333333,223.4
Burundi,Bujumbura,2024,5,26.735294117647058,8.647058823529411,101288.23529411765,0.3729411764705882,60.294117647058826,48.05882352941177,5.764705882352941,7.788235294117648,16.352941176470587
Burundi,Bujumbura,2024,6,27.46333333333333,32.4787037037037,101343.33333333333,0.07166666666666667,50.96666666666667,36.86666666666667,6.533333333333333,8.883333333333333,13.956666666666667
Burundi,Bujumbura,2024,7,27.57586206896552,4.708812260536399,101293.10344827586,0.005517241379310345,43.3448275862069,20.103448275862068,7.0,17.586206896551722,21.95862068965517
Burundi,Bujumbura,2024,8,28.041935483870965,4.584229390681004,101222.58064516129,0.008064516129032258,43.225806451612904,17.612903225806452,7.709677419354839,14.7,18.01290322580645
Burundi,Bujumbura,2024,9,30.103333333333335,3.896296296296297,101250.0,0.030000000000000002,44.2,28.7,8.066666666666666,26.03483333333333,38.73833333333334
Burundi,Bujumbura,2024,10,27.816129032258065,1.899641577060932,101374.19354838709,0.25935483870967746,57.74193548387097,71.83870967741936,9.574193548387097,24.664677419354838,35.90193548387097
Burundi,Bujumbura,2024,11,25.81,1.6342592592592593,101413.33333333333,0.39466666666666667,68.53333333333333,69.76666666666667,8.706666666666667,21.225666666666665,25.345000000000002
Burundi,Bujumbura,2024,12,26.11935483870968,1.3019713261648747,101312.90322580645,0.40096774193548385,67.12903225806451,71.38709677419355,10.693548387096774,25.613548387096774,27.529193548387095
Burundi,Bujumbura,2025,1,26.716129032258067,1.2410394265232976,101351.6129032258,0.19709677419354837,62.41935483870968,63.193548387096776,11.17741935483871,37.590806451612906,39.446774193548386
Burundi,Bujumbura,2025,2,28.032142857142855,1.2132936507936507,101264.28571428571,0.2125,59.82142857142857,53.42857142857143,12.971428571428572,31.707678571428573,33.35285714285714
Burundi,Bujumbura,2025,3,26.190322580645162,1.385304659498208,101435.48387096774,0.30516129032258066,65.03225806451613,61.516129032258064,11.387096774193548,26.956290322580646,28.149838709677418
Burundi,Bujumbura,2025,4,26.003333333333334,1.1407407407407406,101520.0,0.609,68.3,62.03333333333333,9.729999999999999,19.4065,19.930666666666664
Burundi,Bujumbura,2025,5,24.26451612903226,1.163978494623656,101690.32258064517,0.3696774193548387,69.12903225806451,62.483870967741936,8.070967741935483,18.23741935483871,19.53241935483871
Burundi,Bujumbura,2025,6,25.19,1.374074074074074,101746.66666666667,0.12766666666666668,60.7,47.36666666666667,7.523333333333334,35.12533333333333,38.3505
Burundi,Bujumbura,2025,7,23.516129032258064,1.3897849462365592,101777.41935483871,0.034193548387096775,55.354838709677416,45.483870967741936,6.377419354838709,52.086451612903225,53.1308064516129
Burundi,Bujumbura,2025,8,25.283870967741933,1.4560931899641578,101677.41935483871,0.014516129032258065,50.0,36.25806451612903,6.374193548387097,62.428548387096775,63.31177419354839
Burundi,Bujumbura,2025,9,26.813333333333333,1.699074074074074,101596.66666666667,0.014666666666666666,47.2,34.5,6.133333333333334,47.75683333333333,48.46933333333333
Burundi,Bujumbura,2025,10,26.845161290322583,1.3718637992831542,101441.93548387097,0.08645161290322581,55.225806451612904,56.064516129032256,5.532258064516129,19.891935483870967,20.15
Burundi,Bujumbura,2025,11,25.39,1.1888888888888889,101500.0,0.16966666666666666,67.36666666666666,68.7,5.35,15.55,15.74
Burundi,Bujumbura,2025,12,23.92258064516129,1.3306451612903225,101493.54838709677,0.20612903225806453,74.58064516129032,62.25806451612903,4.622580645161291,17.35,17.643548387096775
Burundi,Bujumbura,2026,1,23.706666666666667,1.3314814814814815,101520.0,0.22566666666666665,78.13333333333334,63.46666666666667,4.576666666666667,23.1,23.503333333333334
Burundi,Bujumbura,2026,2,23.3,1.4490740740740742,101583.33333333333,0.17500000000000002,76.16666666666667,62.333333333333336,3.85,21.46666666666667,21.900000000000002
Bélgica,Bern,2024,7,17.4,6.111111111111112,101300.0,0.12,63.0,75.0,4.0,1.8,3.4
Cambodia,Phnom Penh,2024,5,30.58823529411765,1.815359477124183,100658.82352941176,0.5311764705882354,77.88235294117646,52.94117647058823,1.4705882352941178,24.676470588235293,35.96470588235294
Cambodia,Phnom Penh,2024,6,29.455172413793104,2.2404214559386975,100720.68965517242,0.09586206896551724,78.89655172413794,52.6551724137931,1.0,13.244827586206897,23.196551724137933
Cambodia,Phnom Penh,2024,7,27.693103448275863,3.307471264367816,100641.37931034483,0.296896551724138,85.44827586206897,62.758620689655174,1.0,12.586206896551724,20.810344827586206
Cambodia,Phnom Penh,2024,8,29.812903225806455,2.979390681003584,100638.70967741935,0.32548387096774195,77.16129032258064,58.483870967741936,1.0,10.990322580645161,19.335483870967742
Cambodia,Phnom Penh,2024,9,29.523333333333333,3.392592592592593,100440.0,0.14500000000000002,85.36666666666666,61.666666666666664,3.566666666666667,15.838166666666666,24.465666666666667
Cambodia,Phnom Penh,2024,10,30.787096774193547,2.796594982078853,100600.0,0.33,72.70967741935483,59.483870967741936,2.967741935483871,23.041451612903224,33.604354838709675
Cambodia,Phnom Penh,2024,11,31.82,3.663888888888889,100703.33333333333,0.07133333333333333,62.233333333333334,52.06666666666667,2.146666666666667,26.282333333333334,33.33083333333333
Cambodia,Phnom Penh,2024,12,29.080645161290324,3.8225806451612905,100822.58064516129,0.08612903225806451,65.19354838709677,41.483870967741936,0.18387096774193548,16.214354838709678,16.88274193548387
Cambodia,Phnom Penh,2025,1,30.486666666666668,3.4953703703703707,100886.66666666667,0.0003333333333333333,49.36666666666667,22.5,0.5366666666666667,31.826166666666666,32.7265
Cambodia,Phnom Penh,2025,2,33.17857142857143,3.0942460317460316,100803.57142857143,0.08535714285714284,46.25,33.92857142857143,0.43571428571428567,36.18071428571428,37.825892857142854
Cambodia,Phnom Penh,2025,3,34.78387096774193,3.664874551971326,100641.93548387097,0.028064516129032258,47.87096774193548,39.516129032258064,1.5483870967741935,51.12564516129032,54.777903225806455
Cambodia,Phnom Penh,2025,4,34.486666666666665,3.2842592592592594,100596.66666666667,0.05433333333333334,57.13333333333333,50.0,2.1933333333333334,60.8465,64.21966666666667
Cambodia,Phnom Penh,2025,5,33.11612903225806,3.6514336917562726,100416.12903225806,0.09193548387096774,69.16129032258064,56.45161290322581,1.7870967741935484,63.93241935483871,66.45677419354838
Cambodia,Phnom Penh,2025,6,32.20666666666667,5.228703703703704,100436.66666666667,0.17466666666666666,73.3,55.0,1.97,29.50133333333333,33.522
Cambodia,Phnom Penh,2025,7,32.20322580645161,6.42921146953405,100361.29032258065,0.07870967741935483,73.45161290322581,58.064516129032256,2.648387096774193,14.412096774193548,17.13935483870968
Cambodia,Phnom Penh,2025,8,32.2,5.196236559139785,100503.2258064516,0.18258064516129033,72.41935483870968,57.25806451612903,3.0354838709677416,17.067741935483873,19.2758064516129
Cambodia,Phnom Penh,2025,9,30.80666666666667,4.336111111111111,100550.0,0.2903333333333334,68.0,72.9,3.2633333333333336,17.035833333333333,18.19333333333333
Cambodia,Phnom Penh,2025,10,31.938709677419357,3.8835125448028673,100632.25806451614,0.25612903225806455,56.32258064516129,74.35483870967742,5.116129032258065,12.817741935483872,13.05967741935484
Cambodia,Phnom Penh,2025,11,28.90666666666667,4.661111111111111,100816.66666666667,0.36166666666666664,64.56666666666666,64.2,4.666666666666667,14.773333333333333,14.889999999999999
Cambodia,Phnom Penh,2025,12,30.641935483870967,5.068996415770609,100877.41935483871,0.03193548387096774,50.516129032258064,38.774193548387096,5.841935483870968,13.73709677419355,14.091935483870968
Cambodia,Phnom Penh,2026,1,31.103333333333335,3.626851851851852,101086.66666666667,0.0026666666666666666,38.166666666666664,23.7,6.29,24.13,24.883333333333333
Cambodia,Phnom Penh,2026,2,33.083333333333336,3.564814814814815,101116.66666666667,0.0033333333333333335,35.166666666666664,34.666666666666664,7.616666666666667,21.733333333333334,22.5
Cambodia,Phnum Penh,2024,6,26.3,3.8055555555555554,100800.0,0.0,74.0,46.0,1.0,15.5,24.6
Cameroon,Bafoussam,2024,5,23.0,1.5000000000000002,101300.0,0.47,76.0,78.0,5.0,1.3,2.8
Cameroon,Bafoussam,2024,6,22.658823529411762,1.6683006535947713,101294.11764705883,0.6747058823529413,77.82352941176471,78.41176470588235,4.9411764705882355,1.7941176470588236,3.4176470588235297
Cameroon,Douala,2024,6,27.6,3.611111111111111,101100.0,0.9,80.0,86.0,6.0,3.6,6.1
Cameroon,Douala,2025,8,24.572727272727274,1.4116161616161618,101518.18181818182,0.2318181818181818,97.0,77.27272727272727,2.1,22.637272727272727,26.421363636363637
Cameroon,Douala,2025,9,25.12,1.2074074074074075,101436.66666666667,0.4406666666666667,96.13333333333334,76.66666666666667,2.1666666666666665,23.555833333333332,25.9865
Cameroon,Douala,2025,10,25.419354838709676,1.1433691756272402,101335.48387096774,0.4332258064516129,94.38709677419355,75.0,1.3935483870967742,10.885483870967741,12.756451612903225
Cameroon,Douala,2025,11,26.163333333333334,1.0564814814814814,101226.66666666667,0.059666666666666666,94.33333333333333,74.16666666666667,1.3166666666666667,18.48,20.626666666666665
Cameroon,Douala,2025,12,26.048387096774192,1.1084229390681004,101080.64516129032,0.08838709677419355,95.83870967741936,68.90322580645162,0.7806451612903226,26.13064516129032,30.440322580645162
Cameroon,Douala,2026,1,25.913333333333334,1.137962962962963,101093.33333333333,0.11266666666666666,96.76666666666667,68.3,0.7733333333333333,27.386666666666667,35.11666666666667
Cameroon,Douala,2026,2,24.900000000000002,1.1157407407407407,101133.33333333333,0.06833333333333333,99.0,66.66666666666667,0.7833333333333333,29.383333333333336,40.9
Cameroon,Ngaoundere,2024,6,25.93,1.777777777777778,101240.0,0.621,67.7,66.6,5.8,0.54,0.74
Cameroon,Ngaoundere,2024,7,24.486206896551725,2.3065134099616857,101424.13793103448,0.5989655172413794,71.62068965517241,65.0,5.448275862068965,0.5586206896551724,0.8172413793103448
Cameroon,Ngaoundere,2024,8,22.651612903225807,2.2607526881720434,101367.74193548386,0.6016129032258064,79.03225806451613,68.74193548387096,5.064516129032258,0.5387096774193548,0.6032258064516128
Cameroon,Ngaoundere,2024,9,23.846666666666668,1.4712962962962963,101686.66666666667,0.5790000000000001,74.96666666666667,59.2,5.066666666666666,7.9725,12.765166666666666
Cameroon,Ngaoundere,2024,10,23.76774193548387,1.8521505376344087,101638.70967741935,0.2806451612903226,71.12903225806451,53.83870967741935,6.509677419354839,17.825645161290325,37.28048387096774
Cameroon,Ngaoundere,2024,11,25.596666666666668,3.187037037037037,101500.0,0.0,31.133333333333333,7.766666666666667,5.760000000000001,36.734833333333334,83.509
Cameroon,Ngaoundere,2024,12,27.993548387096773,3.4919354838709675,101419.35483870968,0.0,19.903225806451612,2.806451612903226,8.0,53.97225806451613,125.33451612903225
Cameroon,Ngaoundere,2025,1,28.1,3.6415770609318994,101587.09677419355,0.0,18.580645161290324,0.7419354838709677,8.13225806451613,52.671290322580646,131.48129032258063
Cameroon,Ngaoundere,2025,2,29.517857142857142,3.2063492063492065,101571.42857142857,0.0,17.285714285714285,0.7857142857142857,9.010714285714286,68.74071428571429,187.43803571428572
Cameroon,Ngaoundere,2025,3,30.35483870967742,3.155913978494624,101396.7741935484,0.0006451612903225806,24.838709677419356,4.387096774193548,7.732258064516128,51.50758064516129,131.93483870967742
Cameroon,Ngaoundere,2025,4,27.740000000000002,2.189814814814815,101496.66666666667,0.004666666666666667,51.86666666666667,16.166666666666668,7.303333333333333,35.56933333333333,89.90383333333332
Cameroon,Ngaoundere,2025,5,24.845161290322583,2.216845878136201,101774.19354838709,0.0067741935483870966,69.83870967741936,21.129032258064516,5.47741935483871,22.379032258064516,53.72161290322581
Cameroon,Ngaoundere,2025,6,23.016666666666666,1.9287037037037038,101890.0,0.24400000000000002,80.23333333333333,31.933333333333334,4.72,15.897666666666668,28.7305
Cameroon,Ngaoundere,2025,7,21.41290322580645,1.4202508960573477,102058.06451612903,0.533225806451613,88.7741935483871,51.25806451612903,3.7516129032258063,5.323225806451613,5.7827419354838705
Cameroon,Ngaoundere,2025,8,20.61,1.4944444444444445,102065.0,0.3705,92.6,55.0,3.55,9.12975,10.6375
Cameroon,Yaounde,2024,5,29.79375,1.7170138888888888,101406.25,0.31625,61.25,66.25,6.3125,3.8000000000000003,5.55625
Canada,Ottawa,2024,5,17.41176470588235,3.488562091503268,101270.58823529411,0.04647058823529412,69.52941176470588,66.17647058823529,4.470588235294118,3.829411764705882,4.170588235294118
Canada,Ottawa,2024,6,19.173333333333336,3.6435185185185186,101256.66666666667,0.246,74.26666666666667,65.2,4.566666666666666,4.680000000000001,5.12
Canada,Ottawa,2024,7,19.87241379310345,2.796934865900383,101510.3448275862,0.0203448275862069,86.48275862068965,50.89655172413793,5.137931034482759,3.8517241379310345,4.0344827586206895
Canada,Ottawa,2024,8,16.990322580645163,2.89247311827957,101606.45161290323,0.5019354838709678,91.74193548387096,49.38709677419355,4.451612903225806,3.7096774193548385,3.980645161290323
Canada,Ottawa,2024,9,13.283333333333333,2.5759259259259264,101866.66666666667,0.2846666666666666,96.96666666666667,44.166666666666664,2.5,11.572000000000001,17.099333333333334
Canada,Ottawa,2024,10,7.29,2.690740740740741,101816.66666666667,0.0033333333333333335,85.9,47.93333333333333,0.3,10.723833333333333,15.4845
Canada,Ottawa,2024,11,2.3586206896551727,3.7289272030651346,101420.68965517242,0.0,85.3103448275862,67.6896551724138,0.0,5.243793103448276,6.513275862068965
Canada,Ottawa,2024,12,-4.919354838709677,2.967741935483871,101887.09677419355,0.40838709677419355,88.25806451612904,72.12903225806451,0.0,12.430806451612904,12.96790322580645
Canada,Ottawa,2025,1,-9.953333333333335,3.9222222222222225,101220.0,0.042333333333333334,77.9,68.4,0.0,11.8955,12.401166666666667
Canada,Ottawa,2025,2,-11.153571428571428,3.64781746031746,101775.0,0.24535714285714286,79.42857142857143,56.964285714285715,0.0,9.904107142857143,10.61107142857143
Canada,Ottawa,2025,3,-3.454838709677419,3.348566308243728,100977.41935483871,0.13838709677419356,79.41935483870968,65.16129032258064,0.0,15.826451612903226,17.055806451612902
Canada,Ottawa,2025,4,2.1766666666666667,3.3796296296296293,101586.66666666667,0.48466666666666663,79.63333333333334,60.06666666666667,0.0,13.4495,15.034333333333334
Canada,Ottawa,2025,5,9.635483870967741,2.8629032258064515,101422.58064516129,0.19774193548387095,89.41935483870968,66.06451612903226,0.0,7.7700000000000005,8.193709677419355
Canada,Ottawa,2025,6,15.216666666666667,3.0361111111111114,101333.33333333333,0.19633333333333336,89.63333333333334,51.6,0.0,12.321,12.758833333333333
Canada,Ottawa,2025,7,18.429032258064513,1.9982078853046594,101432.25806451614,0.0,94.09677419354838,42.774193548387096,0.0,14.477741935483872,14.692580645161291
Canada,Ottawa,2025,8,15.893548387096773,2.2849462365591395,101841.93548387097,0.05258064516129032,85.74193548387096,38.70967741935484,0.0,13.624354838709678,13.785483870967743
Canada,Ottawa,2025,9,12.353333333333333,1.949074074074074,101820.0,0.0,85.2,34.833333333333336,0.0,12.593333333333334,12.741333333333333
Canada,Ottawa,2025,10,7.6,2.4874551971326166,101909.67741935483,0.07419354838709677,80.06451612903226,44.354838709677416,0.0,5.895161290322581,5.97258064516129
Canada,Ottawa,2025,11,-0.36999999999999994,3.5129629629629635,101096.66666666667,0.042333333333333334,86.1,74.5,0.0,4.373333333333333,4.506666666666666
Canada,Ottawa,2025,12,-9.154838709677419,4.10931899641577,101319.35483870968,0.09774193548387097,78.03225806451613,68.54838709677419,0.0,5.459677419354839,5.769354838709678
Canada,Ottawa,2026,1,-11.283333333333333,3.713888888888889,101313.33333333333,0.07133333333333333,77.7,71.66666666666667,0.0,5.73,5.946666666666667
Canada,Ottawa,2026,2,-12.800000000000002,1.9305555555555556,101816.66666666667,0.006666666666666667,77.16666666666667,47.5,0.0,10.166666666666666,10.383333333333333
Cape Verde,Praia,2024,5,27.294117647058822,9.251633986928104,101482.35294117648,0.0,53.35294117647059,33.8235294117647,6.0588235294117645,4.9941176470588236,21.435294117647057
Cape Verde,Praia,2024,6,27.476666666666667,7.947222222222223,101476.66666666667,0.0003333333333333333,57.266666666666666,30.566666666666666,6.1,6.73,35.63333333333333
Cape Verde,Praia,2024,7,27.179310344827588,5.190613026819923,101437.93103448275,0.011724137931034483,70.06896551724138,53.37931034482759,6.586206896551724,10.020689655172415,53.11379310344827
Cape Verde,Praia,2024,8,28.338709677419356,4.520609318996415,101264.51612903226,0.016451612903225808,69.51612903225806,52.483870967741936,6.580645161290323,7.199999999999999,27.567741935483873
Cape Verde,Praia,2024,9,28.126666666666665,5.286111111111111,101253.33333333333,0.13366666666666666,75.36666666666666,64.56666666666666,6.333333333333333,21.302333333333333,61.92216666666666
Cape Verde,Praia,2024,10,26.458064516129035,4.24910394265233,101335.48387096774,0.000967741935483871,80.87096774193549,38.645161290322584,2.4838709677419355,31.700645161290325,108.82177419354838
Cape Verde,Praia,2024,11,24.310000000000002,5.023148148148149,101310.0,0.0,70.7,29.1,0.6566666666666666,28.853833333333334,80.11733333333333
Cape Verde,Praia,2024,12,24.783870967741933,5.844982078853047,101548.3870967742,0.0016129032258064516,64.58064516129032,33.064516129032256,1.7193548387096775,57.976612903225806,172.11564516129033
Cape Verde,Praia,2025,1,23.070967741935487,7.324372759856631,101564.51612903226,0.0006451612903225806,64.3225806451613,28.225806451612904,1.9709677419354839,49.108548387096775,146.03064516129032
Cape Verde,Praia,2025,2,21.392857142857142,7.948412698412699,101496.42857142857,0.0,63.82142857142857,24.107142857142858,2.232142857142857,57.29714285714285,225.92464285714286
Cape Verde,Praia,2025,3,20.719354838709677,7.169354838709677,101487.09677419355,0.0,72.19354838709677,47.58064516129032,1.0096774193548388,17.473548387096773,41.88161290322581
Cape Verde,Praia,2025,4,22.296666666666667,6.263888888888889,101313.33333333333,0.0003333333333333333,68.66666666666667,43.333333333333336,0.9600000000000001,29.476666666666667,103.27933333333334
Cape Verde,Praia,2025,5,23.051612903225806,6.062724014336918,101406.45161290323,0.0025806451612903226,68.12903225806451,35.483870967741936,0.7612903225806452,26.496774193548386,88.26887096774193
Cape Verde,Praia,2025,6,23.34333333333333,5.1194444444444445,101486.66666666667,0.0006666666666666666,74.4,40.833333333333336,0.7733333333333333,27.984333333333332,86.33333333333333
Cape Verde,Praia,2025,7,24.509677419354837,3.221326164874552,101429.03225806452,0.004193548387096774,77.90322580645162,54.83870967741935,0.4096774193548387,27.22483870967742,78.15354838709678
Cape Verde,Praia,2025,8,25.13225806451613,2.9139784946236564,101254.83870967742,0.01967741935483871,84.29032258064517,56.45161290322581,0.2,22.47451612903226,72.20967741935483
Cape Verde,Praia,2025,9,25.736666666666668,3.492592592592593,101270.0,0.036333333333333336,82.96666666666667,44.266666666666666,0.08000000000000002,24.70966666666667,93.29116666666667
Cape Verde,Praia,2025,10,25.177419354838708,4.275985663082438,101325.80645161291,0.0022580645161290325,81.90322580645162,36.29032258064516,0.0,15.327419354838709,48.917741935483875
Cape Verde,Praia,2025,11,23.959999999999997,4.531481481481482,101316.66666666667,0.04,79.7,40.833333333333336,0.0,13.943333333333333,40.56666666666667
Cape Verde,Praia,2025,12,21.548387096774192,6.655913978494624,101422.58064516129,0.02064516129032258,72.16129032258064,42.70967741935484,0.0,16.559677419354838,46.45
Cape Verde,Praia,2026,1,20.666666666666668,7.132407407407408,101490.0,0.0006666666666666666,67.93333333333334,30.833333333333332,0.0,23.566666666666666,64.57333333333334
Cape Verde,Praia,2026,2,19.01666666666667,5.569444444444444,101450.0,0.0,74.83333333333333,29.166666666666668,0.0,22.46666666666667,90.28333333333332
Central African Republic,Bangui,2024,5,32.62352941176471,2.4607843137254903,100976.4705882353,0.06823529411764706,56.411764705882355,42.294117647058826,7.529411764705882,0.5235294117647059,0.7352941176470589
Central African Republic,Bangui,2024,6,32.2,1.8851851851851853,100973.33333333333,0.008333333333333333,55.63333333333333,47.733333333333334,7.8,1.16,1.6666666666666667
Central African Republic,Bangui,2024,7,31.50714285714286,1.6924603174603177,101071.42857142857,0.08821428571428572,56.57142857142857,60.5,7.285714285714286,0.725,0.7571428571428571
Central African Republic,Bangui,2024,8,30.729032258064517,1.7222222222222223,101061.29032258065,0.1870967741935484,56.41935483870968,54.806451612903224,7.032258064516129,0.7451612903225806,0.8903225806451613
Central African Republic,Bangui,2024,9,29.623333333333335,1.9101851851851852,101263.33333333333,0.5196666666666667,66.96666666666667,64.43333333333334,6.333333333333333,13.16,18.990833333333335
Central African Republic,Bangui,2024,10,27.006451612903227,1.3378136200716846,101325.80645161291,0.5732258064516129,77.2258064516129,63.096774193548384,6.503225806451613,13.540806451612903,20.135161290322582
Central African Republic,Bangui,2024,11,28.81,1.6564814814814814,101200.0,0.018000000000000002,56.96666666666667,26.6,5.786666666666666,37.32066666666666,55.278
Central African Republic,Bangui,2024,12,35.08709677419355,2.721326164874552,101000.0,0.0,19.516129032258064,6.483870967741935,7.509677419354839,60.130967741935486,103.88645161290323
Central African Republic,Bangui,2025,1,33.067741935483866,2.6738351254480284,101148.3870967742,0.0,34.45161290322581,12.419354838709678,7.406451612903226,65.07225806451613,102.90774193548387
Central African Republic,Bangui,2025,2,31.785714285714285,2.109126984126984,101150.0,0.0,51.857142857142854,17.857142857142858,8.714285714285714,79.75482142857143,121.78285714285714
Central African Republic,Bangui,2025,3,30.970967741935485,2.306451612903226,101212.90322580645,0.0,60.87096774193548,25.0,7.538709677419354,50.95258064516129,63.95629032258064
Central African Republic,Bangui,2025,4,28.683333333333334,2.0444444444444447,101226.66666666667,0.008333333333333333,70.4,29.0,6.486666666666666,29.846666666666668,38.19016666666666
Central African Republic,Bangui,2025,5,27.76451612903226,2.057347670250896,101461.29032258065,0.08967741935483871,74.7741935483871,36.29032258064516,5.72258064516129,26.371451612903225,33.50887096774194
Central African Republic,Bangui,2025,6,27.02,1.5296296296296297,101550.0,0.018000000000000002,77.1,33.333333333333336,5.473333333333333,32.06666666666667,37.17883333333334
Central African Republic,Bangui,2025,7,25.338709677419356,1.300179211469534,101687.09677419355,0.33096774193548384,86.38709677419355,54.16129032258065,3.832258064516129,22.510322580645163,22.91016129032258
Central African Republic,Bangui,2025,8,25.238709677419354,1.3127240143369174,101574.19354838709,0.25612903225806455,85.54838709677419,49.193548387096776,3.0354838709677416,29.38516129032258,30.399677419354838
Central African Republic,Bangui,2025,9,25.476666666666667,1.2407407407407407,101526.66666666667,0.09466666666666668,83.76666666666667,40.0,3.246666666666667,16.483,18.38266666666667
Central African Republic,Bangui,2025,10,24.635483870967743,1.081541218637993,101458.06451612903,0.33903225806451615,88.70967741935483,46.774193548387096,2.6903225806451614,9.350000000000001,12.956451612903225
Central African Republic,Bangui,2025,11,25.03666666666667,1.2638888888888888,101373.33333333333,0.0,86.23333333333333,31.666666666666668,2.496666666666667,19.30666666666667,23.586666666666666
Central African Republic,Bangui,2025,12,23.883870967741935,1.4946236559139785,101261.29032258065,0.0029032258064516127,85.3225806451613,13.290322580645162,1.603225806451613,28.088709677419356,33.41451612903226
Central African Republic,Bangui,2026,1,24.063333333333333,1.4592592592592593,101253.33333333333,0.0,85.06666666666666,12.533333333333333,1.5933333333333333,37.10666666666667,44.833333333333336
Central African Republic,Bangui,2026,2,23.53333333333333,1.3148148148148149,101266.66666666667,0.01,92.33333333333333,12.5,1.6499999999999997,26.616666666666664,31.833333333333332
Chad,N'djamena,2024,5,41.63529411764706,3.8316993464052285,100617.64705882352,0.0,19.352941176470587,16.705882352941178,9.941176470588236,25.50588235294118,105.46470588235294
Chad,N'djamena,2024,6,37.78666666666666,3.675925925925926,100763.33333333333,0.010000000000000002,35.5,20.2,9.2,16.76,67.04
Chad,N'djamena,2024,7,31.655172413793103,3.6293103448275863,101024.13793103448,0.16482758620689655,57.724137931034484,42.62068965517241,7.793103448275862,4.651724137931034,10.186206896551726
Chad,N'djamena,2024,8,28.87741935483871,4.758064516129032,101045.16129032258,0.33774193548387094,71.19354838709677,65.58064516129032,6.419354838709677,2.893548387096774,3.6903225806451614
Chad,N'djamena,2024,9,30.08,3.375925925925926,101223.33333333333,0.3043333333333333,71.6,38.8,7.233333333333333,16.516333333333332,34.36816666666667
Chad,N'djamena,2024,10,31.43548387096774,4.006272401433692,101261.29032258065,0.0,48.67741935483871,9.096774193548388,6.725806451612903,32.58387096774194,90.87080645161289
Chad,N'djamena,2024,11,28.293333333333333,6.418518518518519,101423.33333333333,0.0,21.133333333333333,1.2,5.13,58.04683333333333,220.5755
Chad,N'djamena,2024,12,28.280645161290323,5.323476702508961,101448.3870967742,0.0,17.29032258064516,0.0967741935483871,7.209677419354839,115.06403225806451,488.23887096774195
Chad,N'djamena,2025,1,29.519354838709678,5.773297491039426,101370.96774193548,0.0,16.032258064516128,0.0,7.696774193548387,112.5933870967742,468.3424193548387
Chad,N'djamena,2025,2,31.075,5.466269841269842,101153.57142857143,0.0,12.035714285714286,0.10714285714285714,8.296428571428573,139.0275,581.1182142857143
Chad,N'djamena,2025,3,35.34193548387096,6.545698924731183,101061.29032258065,0.0,9.935483870967742,0.0,7.651612903225806,83.37532258064518,392.2179032258065
Chad,N'djamena,2025,4,36.236666666666665,5.90925925925926,100943.33333333333,0.0,15.766666666666667,0.0,6.766666666666667,65.342,303.2026666666667
Chad,N'djamena,2025,5,35.251612903225805,4.636200716845878,101048.3870967742,0.0,32.354838709677416,0.7419354838709677,5.935483870967742,57.439516129032256,220.8243548387097
Chad,N'djamena,2025,6,32.1,4.066666666666666,101176.66666666667,0.0,50.7,4.733333333333333,5.903333333333333,37.986666666666665,114.91583333333332
Chad,N'djamena,2025,7,27.56451612903226,4.157706093189964,101358.06451612903,0.028709677419354835,77.0,24.193548387096776,3.7161290322580647,18.81032258064516,36.1108064516129
Chad,N'djamena,2025,8,26.112903225806452,4.039426523297491,101277.41935483871,0.1267741935483871,86.64516129032258,29.032258064516128,3.5161290322580645,17.592903225806452,34.78596774193549
Chad,N'djamena,2025,9,27.15,3.3342592592592597,101250.0,0.003333333333333333,87.56666666666666,21.666666666666668,3.27,18.580499999999997,37.38816666666666
Chad,N'djamena,2025,10,28.258064516129032,3.6012544802867383,101180.64516129032,0.0,56.774193548387096,4.161290322580645,2.4516129032258065,17.891935483870967,39.77903225806452
Chad,N'djamena,2025,11,25.723333333333336,5.433333333333334,101263.33333333333,0.0,26.633333333333333,0.0,1.5599999999999998,21.263333333333332,65.61
Chad,N'djamena,2025,12,21.16774193548387,4.567204301075269,101187.09677419355,0.0,34.0,0.03225806451612903,1.2064516129032257,56.22741935483871,204.98870967741934
Chad,N'djamena,2026,1,20.41,4.625925925925926,101223.33333333333,0.0,25.133333333333333,0.0,1.2533333333333334,62.8,222.05333333333334
Chad,N'djamena,2026,2,20.633333333333333,4.370370370370371,101066.66666666667,0.0,23.166666666666668,0.0,1.3499999999999999,39.083333333333336,174.06666666666663
Chile,Santiago,2024,5,6.882352941176471,2.1797385620915035,101941.17647058824,0.13529411764705881,85.23529411764706,47.05882352941177,4.0588235294117645,575.5058823529412,685.3000000000001
Chile,Santiago,2024,6,7.8133333333333335,1.887037037037037,101776.66666666667,0.3436666666666667,86.1,56.43333333333333,4.133333333333334,626.9466666666667,746.3366666666666
Chile,Santiago,2024,7,4.231034482758621,1.3333333333333333,101937.93103448275,0.0,73.24137931034483,27.75862068965517,3.586206896551724,764.893103448276,897.8517241379311
Chile,Santiago,2024,8,5.583870967741936,1.5869175627240142,102064.51612903226,0.05806451612903226,77.51612903225806,48.483870967741936,3.4193548387096775,393.19354838709677,477.14516129032256
Chile,Santiago,2024,9,7.716666666666667,1.471296296296296,101780.0,0.006,82.66666666666667,19.166666666666668,3.1666666666666665,113.83883333333333,150.73633333333333
Chile,Santiago,2024,10,10.893333333333334,1.074074074074074,101590.0,0.173,81.5,28.866666666666667,0.3,61.70366666666666,89.04666666666667
Chile,Santiago,2024,11,12.817241379310344,1.003831417624521,101579.31034482758,0.0,65.93103448275862,11.03448275862069,0.020689655172413793,42.403275862068966,51.52568965517242
Chile,Santiago,2024,12,17.94516129032258,1.167562724014337,101432.25806451614,0.0,46.354838709677416,10.451612903225806,0.08064516129032258,45.24145161290322,46.72145161290322
Chile,Santiago,2025,1,16.19,1.0435185185185185,101396.66666666667,0.0,62.86666666666667,5.8,0.03666666666666667,50.1905,51.306666666666665
Chile,Santiago,2025,2,15.742857142857144,1.003968253968254,101260.71428571429,0.0,62.5,2.6785714285714284,0.0,53.947321428571435,55.354642857142856
Chile,Santiago,2025,3,13.66451612903226,1.039426523297491,101435.48387096774,0.0,75.51612903225806,12.903225806451612,0.0,84.18693548387097,85.78032258064516
Chile,Santiago,2025,4,10.333333333333334,1.0194444444444444,101560.0,0.0,78.9,28.333333333333332,0.0,120.25,121.08866666666667
Chile,Santiago,2025,5,8.625806451612902,1.0519713261648747,101703.2258064516,0.07419354838709677,88.06451612903226,33.225806451612904,0.0,131.60661290322582,133.09854838709677
Chile,Santiago,2025,6,4.536666666666666,1.2592592592592593,101906.66666666667,0.23166666666666663,91.53333333333333,31.166666666666668,0.0,130.58533333333332,132.47233333333332
Chile,Santiago,2025,7,5.490322580645161,1.2069892473118278,101774.19354838709,0.0012903225806451613,90.12903225806451,30.161290322580644,0.0,140.45677419354837,141.82338709677418
Chile,Santiago,2025,8,6.919354838709677,1.3557347670250897,101874.19354838709,0.20064516129032256,91.96774193548387,35.483870967741936,0.0,95.54951612903226,97.01758064516129
Chile,Santiago,2025,9,8.436666666666666,1.123148148148148,101803.33333333333,0.015333333333333334,86.96666666666667,28.333333333333332,0.0,90.66183333333333,92.50633333333333
Chile,Santiago,2025,10,11.493548387096775,1.0555555555555556,101654.83870967742,0.01129032258064516,76.0,16.129032258064516,0.0,42.9241935483871,43.95967741935484
Chile,Santiago,2025,11,13.113333333333333,1.0203703703703704,101510.0,0.0,75.16666666666667,25.833333333333332,0.0,29.396666666666665,31.0
Chile,Santiago,2025,12,16.24838709677419,1.0546594982078852,101403.2258064516,0.0016129032258064516,68.03225806451613,16.129032258064516,0.0,30.453225806451613,31.81451612903226
Chile,Santiago,2026,1,17.706666666666667,1.099074074074074,101320.0,0.005,67.56666666666666,10.833333333333334,0.0,26.603333333333335,27.90666666666667
Chile,Santiago,2026,2,17.233333333333334,1.3842592592592593,101550.0,0.0,83.33333333333333,8.333333333333334,0.0,18.683333333333334,19.666666666666668
China,Beijing,2024,5,21.705882352941178,3.241830065359477,100905.88235294117,0.01,57.88235294117647,11.764705882352942,1.411764705882353,114.59411764705882,144.21176470588236
China,Beijing,2024,6,27.386206896551727,2.85823754789272,100451.72413793103,0.08241379310344826,49.93103448275862,3.9310344827586206,1.0,87.05862068965517,113.34482758620689
China,Beijing,2024,7,27.5,2.981150793650794,100121.42857142857,0.3846428571428571,72.89285714285714,25.392857142857142,1.0,87.16071428571429,105.01785714285714
China,Beijing,2024,8,26.706451612903226,1.918458781362007,100500.0,0.3129032258064516,77.58064516129032,22.387096774193548,1.0,142.6516129032258,170.86774193548385
China,Beijing,2024,9,22.066666666666666,2.085185185185185,101446.66666666667,0.008,66.36666666666666,0.0,3.066666666666667,98.54883333333333,140.5811666666667
China,Beijing,2024,10,18.06451612903226,2.3539426523297493,102038.70967741935,0.005483870967741936,44.74193548387097,12.064516129032258,1.4774193548387096,137.02532258064517,203.41645161290322
China,Beijing,2024,11,11.786666666666667,2.4518518518518517,102293.33333333333,0.0013333333333333333,42.06666666666667,4.2,0.27666666666666667,226.64966666666666,279.1588333333333
China,Beijing,2024,12,2.293548387096774,2.7240143369175627,102716.12903225806,0.0003225806451612903,24.516129032258064,8.838709677419354,0.0,219.72032258064516,234.15032258064517
China,Beijing,2025,1,0.8161290322580644,2.0806451612903225,102635.48387096774,0.0003225806451612903,28.741935483870968,1.3225806451612903,0.03225806451612903,214.77306451612904,229.0598387096774
China,Beijing,2025,2,3.6785714285714284,2.967261904761905,102500.0,0.0014285714285714286,17.607142857142858,0.8928571428571429,0.0035714285714285718,145.43642857142856,165.33714285714285
China,Beijing,2025,3,14.683870967741935,3.227598566308244,101700.0,0.0067741935483870966,23.677419354838708,1.6129032258064515,0.27419354838709675,164.22629032258067,223.76645161290324
China,Beijing,2025,4,22.083333333333332,4.656481481481482,100713.33333333333,0.07666666666666666,25.4,0.0,0.8033333333333333,108.31750000000001,179.0985
China,Beijing,2025,5,25.693548387096776,3.906810035842294,100687.09677419355,0.05903225806451613,40.38709677419355,8.870967741935484,1.4870967741935484,113.07677419354839,151.9267741935484
China,Beijing,2025,6,31.779999999999998,3.7925925925925927,100236.66666666667,0.024333333333333332,40.03333333333333,4.166666666666667,1.9033333333333333,99.11066666666667,137.30083333333332
China,Beijing,2025,7,31.861290322580647,2.67831541218638,100316.12903225806,0.08225806451612902,61.935483870967744,12.903225806451612,2.1548387096774193,100.87870967741935,102.99725806451613
China,Beijing,2025,8,30.164516129032258,2.598566308243728,100580.64516129032,0.1938709677419355,65.74193548387096,13.709677419354838,1.7096774193548387,143.6674193548387,154.21838709677417
China,Beijing,2025,9,27.706666666666667,3.0685185185185184,101196.66666666667,0.005666666666666667,47.43333333333333,0.8333333333333334,1.51,172.147,179.33333333333334
China,Beijing,2025,10,16.929032258064513,2.341397849462366,102245.16129032258,0.11064516129032259,52.32258064516129,9.67741935483871,0.970967741935484,107.33387096774193,112.68548387096774
China,Beijing,2025,11,13.2,3.1453703703703706,102140.0,0.049,27.166666666666668,3.3333333333333335,0.6333333333333333,118.24333333333334,134.29333333333335
China,Beijing,2025,12,4.635483870967741,2.698924731182796,102438.70967741935,0.018709677419354837,28.70967741935484,3.225806451612903,0.4483870967741936,160.44354838709677,164.60806451612905
China,Beijing,2026,1,2.796666666666667,2.3870370370370373,102553.33333333333,0.0003333333333333333,26.033333333333335,1.6666666666666667,0.5766666666666667,128.18333333333334,133.99333333333334
China,Beijing,2026,2,5.883333333333333,3.0555555555555554,102500.0,0.0,17.5,0.0,0.7833333333333333,107.93333333333334,114.03333333333335
China,Beijing Shi,2024,7,24.3,1.3055555555555556,100600.0,0.0,75.0,46.0,1.0,54.9,58.2
Colombia,Bogota,2024,6,13.5,1.3055555555555556,101900.0,0.02,80.0,69.0,3.0,13.6,15.7
Comoros,Moroni,2024,5,25.8,7.426470588235294,101488.23529411765,0.10470588235294118,77.94117647058823,60.8235294117647,6.705882352941177,1.8941176470588237,5.888235294117647
Comoros,Moroni,2024,6,25.43103448275862,6.018199233716475,101617.24137931035,0.054137931034482764,75.03448275862068,66.0,6.931034482758621,2.1655172413793102,5.848275862068966
Comoros,Moroni,2024,7,25.364285714285717,5.894841269841271,101603.57142857143,0.07357142857142858,69.03571428571429,56.142857142857146,7.0,3.5714285714285716,7.164285714285714
Comoros,Moroni,2024,8,25.09032258064516,5.661290322580645,101651.6129032258,0.08548387096774193,70.80645161290323,63.32258064516129,6.838709677419355,4.219354838709678,8.274193548387096
Comoros,Moroni,2024,9,25.136666666666667,4.113888888888889,101633.33333333333,0.1953333333333333,75.66666666666667,74.7,6.6,10.773666666666665,19.329666666666665
Comoros,Moroni,2024,10,26.4,4.137992831541219,101580.64516129032,0.18451612903225806,74.45161290322581,67.2258064516129,10.516129032258064,13.03951612903226,23.136935483870968
Comoros,Moroni,2024,11,26.373333333333335,2.780555555555556,101380.0,0.528,76.66666666666667,77.03333333333333,10.92,11.1,16.921333333333333
Comoros,Moroni,2024,12,26.44516129032258,3.052867383512545,101303.2258064516,0.5058064516129032,75.87096774193549,74.09677419354838,9.896774193548387,12.42483870967742,18.171774193548387
Comoros,Moroni,2025,1,26.58709677419355,5.342293906810036,101141.93548387097,0.5529032258064517,79.16129032258064,67.70967741935483,11.003225806451614,15.736935483870969,22.37306451612903
Comoros,Moroni,2025,2,27.589285714285715,6.030753968253968,101125.0,0.22785714285714284,75.64285714285714,57.714285714285715,11.885714285714286,17.793035714285715,26.032142857142855
Comoros,Moroni,2025,3,27.9,3.670250896057348,101212.90322580645,0.7403225806451613,78.64516129032258,68.61290322580645,11.97741935483871,9.232096774193549,13.021612903225806
Comoros,Moroni,2025,4,27.863333333333333,3.3092592592592593,101360.0,0.6246666666666667,76.26666666666667,74.9,10.67,5.4945,7.677499999999999
Comoros,Moroni,2025,5,27.661290322580644,5.518817204301076,101574.19354838709,0.3758064516129032,73.7741935483871,67.96774193548387,8.564516129032258,8.468225806451612,12.693387096774194
Comoros,Moroni,2025,6,26.5,5.876851851851852,101833.33333333333,0.08,66.83333333333333,51.5,7.89,10.384666666666668,15.231666666666666
Comoros,Moroni,2025,7,25.251612903225805,6.562724014336918,101977.41935483871,0.03806451612903226,67.35483870967742,62.67741935483871,7.645161290322581,11.082096774193548,16.596290322580646
Comoros,Moroni,2025,8,25.1,5.482974910394265,101909.67741935483,0.05096774193548387,66.3225806451613,41.0,9.35483870967742,11.225322580645162,16.453064516129032
Comoros,Moroni,2025,9,25.563333333333333,4.354629629629629,101843.33333333333,0.066,70.4,53.1,10.153333333333334,13.203166666666668,18.276
Comoros,Moroni,2025,10,25.806451612903224,3.810035842293907,101667.74193548386,0.1638709677419355,72.12903225806451,63.225806451612904,9.696774193548388,7.701612903225806,10.911290322580646
Comoros,Moroni,2025,11,25.736666666666668,2.7398148148148147,101603.33333333333,0.29233333333333333,75.2,64.96666666666667,9.413333333333332,5.776666666666667,7.926666666666667
Comoros,Moroni,2025,12,25.60967741935484,3.088709677419355,101370.96774193548,0.2967741935483871,73.87096774193549,63.45161290322581,9.064516129032258,5.856451612903226,8.156451612903226
Comoros,Moroni,2026,1,26.636666666666667,5.422222222222222,101353.33333333333,0.36200000000000004,75.7,51.2,7.166666666666667,10.2,14.453333333333335
Comoros,Moroni,2026,2,27.7,4.87037037037037,101416.66666666667,0.005,75.0,44.166666666666664,8.200000000000001,10.833333333333334,15.116666666666667
Congo,Brazzaville,2024,5,31.68823529411765,2.503267973856209,101052.94117647059,0.00823529411764706,58.1764705882353,30.823529411764707,9.058823529411764,11.482352941176472,25.91176470588235
Congo,Brazzaville,2024,6,31.75172413793103,2.1590038314176248,101100.0,0.0003448275862068966,48.275862068965516,35.310344827586206,9.620689655172415,18.42758620689655,30.29310344827586
Congo,Brazzaville,2024,7,30.620689655172413,2.528735632183908,101300.0,0.0,47.793103448275865,36.275862068965516,9.517241379310345,13.513793103448275,22.734482758620693
Congo,Brazzaville,2024,8,31.89032258064516,3.0725806451612905,101232.25806451614,0.0,42.29032258064516,21.774193548387096,9.64516129032258,9.838709677419354,18.387096774193548
Congo,Brazzaville,2024,9,28.716666666666665,2.433333333333333,101413.33333333333,0.016,62.06666666666667,55.833333333333336,8.933333333333334,33.553000000000004,49.675333333333334
Congo,Brazzaville,2024,10,28.06451612903226,2.246415770609319,101429.03225806452,0.35064516129032264,69.06451612903226,73.03225806451613,6.019354838709678,18.88193548387097,27.081612903225807
Congo,Brazzaville,2024,11,27.113333333333333,1.347222222222222,101333.33333333333,0.4613333333333333,76.16666666666667,69.33333333333333,5.52,18.407500000000002,22.163
Congo,Brazzaville,2024,12,29.270967741935483,1.3413978494623657,101212.90322580645,0.3754838709677419,67.90322580645162,53.806451612903224,8.180645161290322,29.504516129032258,30.871129032258064
Congo,Brazzaville,2025,1,28.335483870967742,1.8154121863799284,101319.35483870968,0.12741935483870967,70.03225806451613,50.41935483870968,7.438709677419355,23.44725806451613,25.088387096774195
Congo,Brazzaville,2025,2,27.582142857142856,1.5109126984126984,101335.71428571429,0.046785714285714285,74.67857142857143,48.785714285714285,8.739285714285714,34.26464285714285,37.56821428571429
Congo,Brazzaville,2025,3,27.641935483870967,1.7750896057347672,101387.09677419355,0.6612903225806451,75.03225806451613,51.61290322580645,7.512903225806451,31.14564516129032,33.0433870967742
Congo,Brazzaville,2025,4,26.970000000000002,1.4129629629629632,101390.0,0.13066666666666665,79.43333333333334,53.3,6.296666666666667,30.734666666666666,31.295833333333334
Congo,Brazzaville,2025,5,25.97741935483871,1.2948028673835126,101561.29032258065,0.10870967741935485,83.16129032258064,51.61290322580645,4.9,36.63596774193548,37.005967741935486
Congo,Brazzaville,2025,6,25.220000000000002,1.849074074074074,101663.33333333333,0.0,79.96666666666667,58.3,3.4166666666666665,42.22933333333334,43.46266666666667
Congo,Brazzaville,2025,7,22.6,2.318100358422939,101906.45161290323,0.0,78.61290322580645,66.64516129032258,2.193548387096774,42.215806451612906,43.74951612903225
Congo,Brazzaville,2025,8,21.903225806451612,2.638888888888889,101864.51612903226,0.0,75.80645161290323,52.41935483870968,1.8870967741935485,44.847580645161294,47.04370967741936
Congo,Brazzaville,2025,9,24.273333333333333,2.75,101736.66666666667,0.029,74.33333333333333,51.2,2.1166666666666667,34.8605,36.064499999999995
Congo,Brazzaville,2025,10,25.070967741935487,2.0689964157706093,101554.83870967742,0.11774193548387096,77.48387096774194,54.83870967741935,1.967741935483871,19.156451612903226,19.70483870967742
Congo,Brazzaville,2025,11,24.436666666666667,1.2314814814814814,101493.33333333333,0.391,87.23333333333333,46.666666666666664,1.8599999999999999,12.896666666666667,13.236666666666668
Congo,Brazzaville,2025,12,24.532258064516128,1.2338709677419355,101367.74193548386,0.043548387096774194,87.3225806451613,41.54838709677419,1.6096774193548387,20.301612903225806,20.924193548387095
Congo,Brazzaville,2026,1,24.086666666666666,1.6027777777777779,101386.66666666667,0.026333333333333334,89.66666666666667,48.766666666666666,1.54,18.02,18.65666666666667
Congo,Brazzaville,2026,2,23.366666666666664,1.3981481481481481,101416.66666666667,0.04666666666666667,91.33333333333333,33.333333333333336,1.7,19.283333333333335,20.316666666666666
Costa Rica,San Ignacio,2024,5,23.0,1.0,101900.0,0.0,83.0,75.0,6.0,25.4,27.9
Costa Rica,San Ignacio,2024,6,22.024137931034485,2.092911877394636,101720.68965517242,0.13103448275862067,83.06896551724138,53.41379310344828,4.655172413793103,26.268965517241377,27.886206896551727
Costa Rica,San Ignacio,2024,7,19.02857142857143,2.2113095238095237,101614.28571428571,0.11071428571428572,91.0,59.67857142857143,4.321428571428571,12.567857142857141,13.596428571428572
Costa Rica,San Ignacio,2024,8,18.448387096774194,2.511648745519713,101641.93548387097,0.018064516129032256,87.3225806451613,49.32258064516129,3.967741935483871,9.983870967741936,10.832258064516129
Costa Rica,San Ignacio,2024,9,20.873333333333335,1.6842592592592593,101490.0,0.153,88.9,36.666666666666664,2.6333333333333333,13.122000000000002,17.69366666666667
Costa Rica,San Ignacio,2024,10,15.623333333333333,1.3333333333333333,101326.66666666667,0.22166666666666668,96.13333333333334,68.13333333333334,0.3,9.866666666666667,14.232666666666667
Costa Rica,San Ignacio,2024,11,15.058620689655172,1.2385057471264367,101268.96551724138,0.47758620689655173,98.13793103448276,90.03448275862068,0.0,9.243620689655172,11.15103448275862
Costa Rica,San Ignacio,2024,12,13.62258064516129,2.275089605734767,101425.80645161291,0.13612903225806453,94.6774193548387,58.87096774193548,0.0,6.546612903225806,7.465645161290323
Costa Rica,San Ignacio,2025,1,18.886666666666667,2.5203703703703706,101496.66666666667,0.007333333333333334,77.66666666666667,25.9,0.0,6.697,7.813166666666667
Costa Rica,San Ignacio,2025,2,21.035714285714285,2.503968253968254,101442.85714285714,0.004285714285714286,69.67857142857143,25.892857142857142,0.0,9.5275,11.998571428571427
Costa Rica,San Ignacio,2025,3,20.638709677419357,2.228494623655914,101516.12903225806,0.000967741935483871,71.41935483870968,20.967741935483872,0.0,13.045483870967741,16.232258064516127
Costa Rica,San Ignacio,2025,4,21.346666666666668,2.1175925925925925,101436.66666666667,0.03733333333333333,72.6,37.9,0.0,10.205833333333334,12.314833333333333
Costa Rica,San Ignacio,2025,5,21.396666666666665,1.4898148148148147,101500.0,0.04566666666666667,87.36666666666666,32.5,0.0,10.760833333333332,12.062000000000001
Costa Rica,San Ignacio,2025,6,20.733333333333334,1.3898148148148148,101540.0,0.09533333333333333,90.5,55.0,0.0,12.438166666666666,13.369333333333334
Costa Rica,San Ignacio,2025,7,21.66774193548387,1.896953405017921,101567.74193548386,0.38838709677419353,80.58064516129032,34.67741935483871,0.0,10.78967741935484,13.827258064516128
Costa Rica,San Ignacio,2025,8,20.645,1.7402777777777778,101635.0,0.014000000000000002,85.7,38.75,0.0,12.62625,17.972749999999998
Costa Rica,San Jose,2025,8,21.80909090909091,1.6237373737373737,101572.72727272728,0.035454545454545454,81.54545454545455,34.09090909090909,0.0,12.680909090909092,15.842727272727274
Costa Rica,San Jose,2025,9,20.45,1.3842592592592593,101646.66666666667,0.028666666666666667,92.46666666666667,45.333333333333336,0.0,15.6765,16.956333333333333
Costa Rica,San Jose,2025,10,19.951612903225808,1.131720430107527,101577.41935483871,0.16483870967741937,93.61290322580645,50.0,0.0,9.111290322580645,9.26290322580645
Costa Rica,San Jose,2025,11,21.186666666666667,1.9296296296296298,101570.0,0.1683333333333333,81.73333333333333,36.666666666666664,0.0,6.293333333333334,6.6433333333333335
Costa Rica,San Jose,2025,12,20.725806451612904,2.1827956989247315,101606.45161290323,0.0016129032258064516,78.38709677419355,35.483870967741936,0.0,8.70483870967742,9.269354838709678
Costa Rica,San Jose,2026,1,20.613793103448273,2.478927203065134,101675.86206896552,0.016206896551724137,70.75862068965517,18.96551724137931,0.0,7.156896551724138,7.636206896551724
Costa Rica,San Jose,2026,2,19.95,2.9629629629629632,101916.66666666667,0.3416666666666666,73.16666666666667,41.666666666666664,0.0,5.416666666666667,5.816666666666666
Costa Rica,San Juan,2024,5,23.75,3.026041666666667,101818.75,0.19875,74.75,34.375,5.25,19.8,21.85
Cote d'Ivoire,Yamoussoukro,2025,8,22.436363636363637,1.926767676767677,101581.81818181818,0.028181818181818183,89.27272727272727,82.36363636363636,0.7636363636363637,8.661363636363637,10.746818181818183
Cote d'Ivoire,Yamoussoukro,2025,9,22.78666666666667,1.5944444444444446,101510.0,0.09466666666666666,92.6,83.43333333333334,0.5766666666666667,8.053,10.231333333333334
Cote d'Ivoire,Yamoussoukro,2025,10,23.14516129032258,1.2912186379928317,101377.41935483871,0.039999999999999994,94.80645161290323,79.90322580645162,0.4741935483870968,5.22741935483871,7.15
Cote d'Ivoire,Yamoussoukro,2025,11,22.633333333333333,1.1962962962962962,101276.66666666667,0.013333333333333334,92.8,54.166666666666664,0.26666666666666666,9.193333333333333,13.42
Cote d'Ivoire,Yamoussoukro,2025,12,22.80322580645161,1.1586021505376343,101177.41935483871,0.008387096774193548,91.16129032258064,51.25806451612903,0.10645161290322581,12.885483870967741,23.256451612903227
Cote d'Ivoire,Yamoussoukro,2026,1,22.57,1.1638888888888888,101206.66666666667,0.001,86.7,40.333333333333336,0.11333333333333334,14.796666666666665,23.160000000000004
Cote d'Ivoire,Yamoussoukro,2026,2,22.766666666666666,1.2824074074074074,101183.33333333333,0.0,88.16666666666667,30.0,0.15,13.316666666666668,21.033333333333335
Croatia,Zagreb,2024,5,22.058823529411764,2.7107843137254903,101164.70588235294,0.3758823529411765,61.05882352941177,39.705882352941174,5.235294117647059,4.411764705882353,5.629411764705883
Croatia,Zagreb,2024,6,26.96896551724138,2.7835249042145596,101265.5172413793,0.02413793103448276,51.13793103448276,21.724137931034484,6.655172413793103,3.903448275862069,5.782758620689655
Croatia,Zagreb,2024,7,31.289285714285715,2.139880952380952,101339.28571428571,0.015357142857142857,40.25,13.607142857142858,7.785714285714286,5.560714285714285,7.332142857142857
Croatia,Zagreb,2024,8,32.274193548387096,1.6290322580645162,101341.93548387097,0.01096774193548387,38.67741935483871,13.03225806451613,7.935483870967742,7.138709677419355,8.135483870967741
Croatia,Zagreb,2024,9,21.783333333333335,2.6064814814814814,101423.33333333333,0.5203333333333334,61.233333333333334,25.0,5.466666666666667,12.349166666666667,16.396
Croatia,Zagreb,2024,10,15.922580645161291,1.9292114695340503,102045.16129032258,0.07387096774193548,72.70967741935483,36.806451612903224,2.1870967741935483,27.899193548387096,33.31193548387097
Croatia,Zagreb,2024,11,7.403333333333333,1.9129629629629628,102370.0,0.19833333333333333,76.6,44.63333333333333,0.85,49.925333333333334,54.6305
Croatia,Zagreb,2024,12,4.429032258064517,2.206989247311828,102338.70967741935,0.005806451612903225,77.64516129032258,45.74193548387097,0.7225806451612904,51.68661290322581,56.18032258064516
Croatia,Zagreb,2025,1,5.425806451612903,2.7473118279569895,102196.7741935484,0.05483870967741936,78.96774193548387,56.193548387096776,0.9419354838709677,43.105000000000004,47.336129032258064
Croatia,Zagreb,2025,2,3.935714285714286,1.60515873015873,102735.71428571429,0.09357142857142856,71.92857142857143,45.0,1.2321428571428572,47.20142857142857,50.92785714285714
Croatia,Zagreb,2025,3,10.438709677419356,2.3440860215053765,101664.51612903226,0.12290322580645162,66.19354838709677,30.64516129032258,1.8516129032258064,31.611129032258066,35.758709677419354
Croatia,Zagreb,2025,4,15.26,2.696296296296296,101683.33333333333,0.059666666666666666,60.43333333333333,14.633333333333333,3.14,19.99233333333333,24.549500000000002
Croatia,Zagreb,2025,5,17.506451612903227,2.183691756272401,101551.6129032258,0.20935483870967742,61.0,27.419354838709676,3.6193548387096777,16.429193548387097,20.02774193548387
Croatia,Zagreb,2025,6,25.723333333333336,2.696296296296296,101930.0,0.0033333333333333335,49.03333333333333,3.3333333333333335,5.5633333333333335,13.122666666666667,18.13
Croatia,Zagreb,2025,7,24.561290322580643,2.0286738351254483,101361.29032258065,0.15677419354838712,56.87096774193548,13.709677419354838,4.367741935483871,11.481935483870968,14.406129032258066
Croatia,Zagreb,2025,8,22.89032258064516,1.764336917562724,101658.06451612903,0.04709677419354839,60.774193548387096,6.451612903225806,3.07741935483871,15.41467741935484,19.771129032258063
Croatia,Zagreb,2025,9,18.123333333333335,1.575925925925926,101863.33333333333,0.09233333333333334,78.63333333333334,19.166666666666668,1.7566666666666668,17.540166666666668,21.018833333333337
Croatia,Zagreb,2025,10,9.832258064516129,1.8951612903225807,101835.48387096774,0.11419354838709678,88.2258064516129,18.06451612903226,0.6161290322580646,14.675806451612903,17.14032258064516
Croatia,Zagreb,2025,11,4.253333333333333,1.7425925925925927,101683.33333333333,0.016666666666666666,88.93333333333334,44.5,0.16999999999999998,20.39333333333333,23.98
Croatia,Zagreb,2025,12,1.2129032258064516,1.2473118279569895,102212.90322580645,0.05870967741935484,93.45161290322581,75.0,0.0,40.15967741935484,46.08870967741935
Croatia,Zagreb,2026,1,-0.5233333333333333,1.623148148148148,101156.66666666667,0.03933333333333333,88.76666666666667,54.0,0.02666666666666667,33.45333333333333,38.50333333333333
Croatia,Zagreb,2026,2,3.4166666666666665,1.6018518518518519,100366.66666666667,0.04,90.0,95.83333333333333,0.03333333333333333,29.116666666666664,32.35
Cuba,Havana,2024,5,28.823529411764707,2.7254901960784315,101541.17647058824,0.0011764705882352942,70.58823529411765,20.58823529411765,6.764705882352941,15.299999999999997,21.96470588235294
Cuba,Havana,2024,6,27.73,3.125,101460.0,0.316,81.6,47.2,6.7,10.366666666666667,13.84
Cuba,Havana,2024,7,26.882758620689657,2.7509578544061304,101696.55172413793,0.0027586206896551726,87.65517241379311,26.413793103448278,6.827586206896552,4.993103448275862,10.113793103448277
Cuba,Havana,2024,8,25.683870967741935,2.281362007168459,101541.93548387097,0.12258064516129032,91.45161290322581,35.32258064516129,6.645161290322581,8.05483870967742,10.812903225806451
Cuba,Havana,2024,9,24.773333333333333,2.560185185185185,101180.0,0.02333333333333333,97.3,30.833333333333332,3.9,10.554,16.31416666666667
Cuba,Havana,2024,10,25.366666666666667,5.303703703703704,101326.66666666667,0.0026666666666666666,90.66666666666667,51.733333333333334,0.3,10.871833333333333,19.135166666666667
Cuba,Havana,2024,11,23.586206896551722,5.686781609195403,101341.37931034483,0.11275862068965517,86.89655172413794,40.827586206896555,0.0,10.002758620689654,15.036034482758621
Cuba,Havana,2024,12,21.958064516129035,5.647849462365592,101829.03225806452,0.0,85.3225806451613,55.096774193548384,0.0,9.596129032258066,13.093225806451612
Cuba,Havana,2025,1,18.55666666666667,5.243518518518519,101916.66666666667,0.0,90.23333333333333,46.03333333333333,0.0,12.715666666666667,17.186500000000002
Cuba,Havana,2025,2,19.42142857142857,4.597222222222222,101807.14285714286,0.0,97.75,30.714285714285715,0.0,11.991964285714285,15.91
Cuba,Havana,2025,3,18.758064516129032,4.666666666666667,101612.90322580645,0.0,93.90322580645162,21.774193548387096,0.0,14.143548387096773,18.63725806451613
Cuba,Havana,2025,4,20.273333333333333,5.713888888888889,101706.66666666667,0.0,93.66666666666667,15.0,0.0,12.234666666666667,17.032333333333334
Cuba,Havana,2025,5,23.58,3.8583333333333334,101543.33333333333,0.0,94.26666666666667,21.666666666666668,0.0,10.7485,13.683833333333332
Cuba,Havana,2025,6,23.88,4.501851851851852,101700.0,0.0,96.5,30.0,0.0,14.177166666666666,25.930833333333332
Cuba,Havana,2025,7,24.35483870967742,3.5824372759856633,101738.70967741935,0.03967741935483871,98.25806451612904,28.225806451612904,0.0,14.823870967741936,27.475483870967743
Cuba,Havana,2025,8,24.225806451612904,3.078853046594982,101600.0,0.0,98.64516129032258,28.225806451612904,0.0,12.126451612903226,20.785645161290322
Cuba,Havana,2025,9,24.046666666666667,3.111111111111111,101400.0,0.0,98.13333333333334,35.833333333333336,0.0,9.968833333333333,12.013166666666667
Cuba,Havana,2025,10,23.174193548387095,3.841397849462366,101241.93548387097,0.08129032258064516,98.48387096774194,37.096774193548384,0.0,6.379032258064516,7.833870967741936
Cuba,Havana,2025,11,20.973333333333336,4.962037037037037,101730.0,0.010666666666666666,91.53333333333333,42.5,0.0,6.596666666666667,8.386666666666667
Cuba,Havana,2025,12,20.26451612903226,4.387096774193548,101777.41935483871,0.0,94.48387096774194,36.29032258064516,0.0,7.333870967741936,9.240322580645161
Cuba,Havana,2026,1,17.96333333333333,4.541666666666667,101876.66666666667,0.0,90.9,41.666666666666664,0.0,7.180000000000001,9.19
Cuba,Havana,2026,2,14.083333333333334,6.231481481481481,102283.33333333333,0.0,75.83333333333333,45.833333333333336,0.0,7.766666666666667,10.566666666666666
Cyprus,Nicosia,2024,5,27.058823529411764,7.256535947712418,101041.17647058824,0.0,52.76470588235294,23.529411764705884,6.588235294117647,10.25294117647059,31.529411764705884
Cyprus,Nicosia,2024,6,36.31666666666667,5.337962962962963,100593.33333333333,0.0,29.966666666666665,19.166666666666668,8.066666666666666,12.746666666666666,31.656666666666663
Cyprus,Nicosia,2024,7,36.089285714285715,4.776785714285714,100307.14285714286,0.01,33.214285714285715,23.75,8.428571428571429,9.257142857142856,15.860714285714284
Cyprus,Nicosia,2024,8,35.53225806451613,4.298387096774194,100554.83870967742,0.0003225806451612903,35.67741935483871,23.451612903225808,8.0,12.09032258064516,18.996774193548386
Cyprus,Nicosia,2024,9,32.31666666666667,3.8981481481481484,100956.66666666667,0.002333333333333333,40.1,35.833333333333336,7.5,13.253000000000002,21.9725
Cyprus,Nicosia,2024,10,26.47741935483871,2.9103942652329753,101548.3870967742,0.0,42.45161290322581,23.096774193548388,5.22258064516129,12.884354838709678,23.101129032258065
Cyprus,Nicosia,2024,11,20.366666666666667,3.650925925925926,101823.33333333333,0.050333333333333334,54.43333333333333,38.266666666666666,2.5966666666666667,17.908,33.004
Cyprus,Nicosia,2024,12,17.135483870967743,3.5869175627240146,101887.09677419355,0.0732258064516129,59.70967741935484,50.806451612903224,2.0451612903225804,16.912580645161288,28.698870967741936
Cyprus,Nicosia,2025,1,17.574193548387097,3.275089605734767,102174.19354838709,0.014838709677419355,56.516129032258064,41.935483870967744,2.4000000000000004,20.248548387096776,32.23177419354839
Cyprus,Nicosia,2025,2,13.864285714285714,4.2817460317460325,101935.71428571429,0.11785714285714285,50.285714285714285,58.92857142857143,3.1750000000000003,12.124107142857143,16.299821428571427
Cyprus,Nicosia,2025,3,21.364516129032257,3.8189964157706098,101687.09677419355,0.02870967741935484,41.483870967741936,35.483870967741936,5.361290322580645,18.476129032258065,35.281290322580645
Cyprus,Nicosia,2025,4,22.15666666666667,3.7990740740740745,101266.66666666667,0.096,44.7,44.166666666666664,6.543333333333334,13.400166666666667,25.345000000000002
Cyprus,Nicosia,2025,5,27.419354838709676,2.8682795698924735,101154.83870967742,0.03838709677419355,39.70967741935484,31.451612903225808,7.793548387096774,16.81709677419355,35.77661290322581
Cyprus,Nicosia,2025,6,32.61333333333333,2.711111111111111,100920.0,0.0003333333333333333,33.4,11.666666666666666,9.370000000000001,16.761,24.154833333333332
Cyprus,Nicosia,2025,7,34.49677419354839,2.6129032258064515,100590.32258064517,0.0,37.645161290322584,13.709677419354838,8.95483870967742,18.768548387096775,28.549677419354836
Cyprus,Nicosia,2025,8,33.39032258064516,2.0752688172043015,100783.87096774194,0.0,42.70967741935484,15.32258064516129,7.538709677419354,21.01241935483871,34.82774193548387
Cyprus,Nicosia,2025,9,29.873333333333335,2.2555555555555555,101130.0,0.0,48.766666666666666,24.166666666666668,5.016666666666667,18.102166666666665,28.897499999999997
Cyprus,Nicosia,2025,10,24.596774193548388,2.663082437275986,101603.2258064516,0.0025806451612903226,54.87096774193548,26.612903225806452,3.0548387096774197,6.75,14.191935483870967
Cyprus,Nicosia,2025,11,21.543333333333333,2.6731481481481483,101856.66666666667,0.0023333333333333335,59.86666666666667,19.166666666666668,1.37,11.466666666666667,18.953333333333333
Cyprus,Nicosia,2025,12,14.399999999999999,3.559139784946237,101648.3870967742,0.12870967741935482,75.80645161290323,47.58064516129032,0.7354838709677419,9.10483870967742,13.08548387096774
Cyprus,Nicosia,2026,1,11.656666666666666,3.835185185185185,101766.66666666667,0.052333333333333336,79.26666666666667,45.0,0.76,10.093333333333334,17.696666666666665
Cyprus,Nicosia,2026,2,14.466666666666667,4.37037037037037,101366.66666666667,0.0,81.16666666666667,37.5,1.1,12.716666666666667,24.083333333333332
Czech Republic,Prague,2024,5,18.88235294117647,3.8071895424836604,101223.5294117647,0.12823529411764706,63.23529411764706,55.88235294117647,4.588235294117647,2.8529411764705883,3.629411764705882
Czech Republic,Prague,2024,6,22.986206896551725,3.7854406130268203,101317.24137931035,0.04517241379310345,52.41379310344828,32.0,5.862068965517241,3.293103448275862,4.162068965517242
Czech Republic,Prague,2024,7,25.044444444444448,3.3055555555555554,101507.4074074074,0.43222222222222223,49.0,31.25925925925926,6.222222222222222,4.218518518518518,5.0
Czech Republic,Prague,2024,8,25.94516129032258,2.907706093189964,101535.48387096774,0.04225806451612903,52.806451612903224,32.87096774193548,6.548387096774194,7.274193548387097,8.503225806451614
Czech Republic,Prague,2024,9,19.066666666666666,4.649074074074075,101500.0,0.11166666666666668,63.6,40.0,5.1,13.781833333333333,18.849
Czech Republic,Prague,2024,10,12.490322580645161,3.3476702508960576,101890.32258064517,0.037096774193548385,75.19354838709677,47.45161290322581,1.7258064516129032,23.799354838709675,29.52241935483871
Czech Republic,Prague,2024,11,5.113333333333333,3.4759259259259263,102166.66666666667,0.0016666666666666668,75.26666666666667,50.46666666666667,0.5633333333333332,32.99783333333333,38.19016666666666
Czech Republic,Prague,2024,12,3.5161290322580645,3.652329749103943,102248.3870967742,0.02,75.2258064516129,57.774193548387096,0.47419354838709676,24.599032258064515,28.38258064516129
Czech Republic,Prague,2025,1,2.2161290322580647,3.6657706093189963,101735.48387096774,0.07161290322580646,82.38709677419355,49.58064516129032,0.5709677419354838,25.607580645161292,28.94951612903226
Czech Republic,Prague,2025,2,0.6392857142857142,2.6190476190476195,102600.0,0.0035714285714285718,74.25,41.07142857142857,1.1321428571428571,38.73767857142857,42.68214285714286
Czech Republic,Prague,2025,3,7.061290322580645,2.695340501792115,101658.06451612903,0.07645161290322582,64.29032258064517,33.064516129032256,1.7774193548387098,34.90532258064516,39.09467741935484
Czech Republic,Prague,2025,4,12.143333333333334,3.8092592592592593,101746.66666666667,0.052333333333333336,64.83333333333333,37.833333333333336,2.77,22.021166666666666,27.18883333333333
Czech Republic,Prague,2025,5,13.94516129032258,3.957885304659498,101612.90322580645,0.12806451612903227,59.903225806451616,38.70967741935484,3.332258064516129,13.552741935483871,16.274032258064516
Czech Republic,Prague,2025,6,20.14,3.925925925925926,101936.66666666667,0.07833333333333334,60.36666666666667,32.5,4.4399999999999995,11.7475,15.009666666666666
Czech Republic,Prague,2025,7,20.54516129032258,3.6397849462365595,101403.2258064516,0.06999999999999999,63.67741935483871,41.935483870967744,3.364516129032258,12.126451612903226,15.307258064516128
Czech Republic,Prague,2025,8,19.4,2.971326164874552,101683.87096774194,0.04903225806451613,62.193548387096776,16.129032258064516,2.7451612903225806,14.835806451612903,20.934838709677418
Czech Republic,Prague,2025,9,14.58,3.723148148148148,101850.0,0.11833333333333335,81.16666666666667,35.833333333333336,1.2466666666666666,14.4025,19.044833333333333
Czech Republic,Prague,2025,10,8.425806451612903,3.921146953405018,101596.7741935484,0.04258064516129032,84.7741935483871,47.58064516129032,0.33548387096774196,10.649999999999999,12.38225806451613
Czech Republic,Prague,2025,11,2.4433333333333334,2.503703703703704,101503.33333333333,0.06199999999999999,93.36666666666666,55.666666666666664,0.08666666666666667,17.196666666666665,19.696666666666665
Czech Republic,Prague,2025,12,1.0806451612903225,2.53584229390681,102054.83870967742,0.00870967741935484,93.25806451612904,54.03225806451613,0.0,20.979032258064517,23.38225806451613
Czech Republic,Prague,2026,1,-2.8466666666666667,3.065740740740741,100856.66666666667,0.13666666666666666,89.56666666666666,67.83333333333333,0.0,21.65,23.926666666666666
Czech Republic,Prague,2026,2,-0.5333333333333333,2.7685185185185186,100316.66666666667,0.01,89.5,100.0,0.0,23.366666666666664,25.733333333333334
Democratic Republic of Congo,Kinshasa,2024,5,31.664705882352937,2.4869281045751634,101052.94117647059,0.006470588235294118,58.23529411764706,30.58823529411765,8.882352941176471,11.482352941176472,25.91176470588235
Democratic Republic of Congo,Kinshasa,2024,6,31.46206896551724,2.238505747126437,101106.89655172414,0.0003448275862068966,49.48275862068966,39.06896551724138,9.586206896551724,18.42758620689655,30.29310344827586
Democratic Republic of Congo,Kinshasa,2024,7,30.74285714285714,2.4920634920634916,101289.28571428571,0.0,47.357142857142854,35.892857142857146,9.607142857142858,13.692857142857141,22.928571428571427
Democratic Republic of Congo,Kinshasa,2024,8,31.916129032258063,3.060035842293907,101229.03225806452,0.0,42.096774193548384,21.64516129032258,9.64516129032258,9.838709677419354,18.387096774193548
Democratic Republic of Congo,Kinshasa,2024,9,28.716666666666665,2.4444444444444446,101413.33333333333,0.02033333333333333,62.06666666666667,55.833333333333336,8.866666666666667,33.553000000000004,49.675333333333334
Democratic Republic of Congo,Kinshasa,2024,10,27.86774193548387,2.242831541218638,101445.16129032258,0.3261290322580645,69.7741935483871,74.74193548387096,5.983870967741935,18.88193548387097,27.081612903225807
Democratic Republic of Congo,Kinshasa,2024,11,26.9,1.3518518518518519,101343.33333333333,0.5116666666666666,76.9,68.56666666666666,5.526666666666667,18.47533333333333,22.237000000000002
Democratic Republic of Congo,Kinshasa,2024,12,29.032258064516128,1.3369175627240142,101225.80645161291,0.3303225806451613,69.16129032258064,55.58064516129032,8.061290322580644,29.325483870967744,30.662258064516127
Democratic Republic of Congo,Kinshasa,2025,1,27.719354838709677,1.817204301075269,101354.83870967742,0.10129032258064516,72.06451612903226,50.74193548387097,7.119354838709677,23.26225806451613,24.891451612903225
Democratic Republic of Congo,Kinshasa,2025,2,27.788888888888888,1.448559670781893,101322.22222222222,0.044444444444444446,73.81481481481481,44.666666666666664,8.6,35.218518518518515,38.63759259259259
Democratic Republic of Congo,Kinshasa,2025,3,27.75161290322581,1.75,101383.87096774194,0.5925806451612905,74.87096774193549,53.03225806451613,7.538709677419354,31.10983870967742,33.00758064516129
Democratic Republic of Congo,Kinshasa,2025,4,26.91,1.3601851851851852,101393.33333333333,0.20133333333333334,79.66666666666667,54.46666666666667,6.3533333333333335,30.568166666666666,31.12933333333333
Democratic Republic of Congo,Kinshasa,2025,5,25.97741935483871,1.2858422939068102,101561.29032258065,0.10419354838709677,83.16129032258064,51.61290322580645,4.848387096774194,36.63596774193548,37.005967741935486
Democratic Republic of Congo,Kinshasa,2025,6,24.990000000000002,1.8722222222222225,101673.33333333333,0.0,80.83333333333333,59.13333333333333,3.3133333333333335,42.51916666666667,43.74633333333333
Democratic Republic of Congo,Kinshasa,2025,7,22.787096774193547,2.274193548387097,101906.45161290323,0.0,77.54838709677419,66.61290322580645,2.235483870967742,42.311290322580646,43.845
Democratic Republic of Congo,Kinshasa,2025,8,21.932258064516127,2.6039426523297493,101864.51612903226,0.0,75.64516129032258,52.41935483870968,1.9258064516129034,44.877419354838715,47.07951612903226
Democratic Republic of Congo,Kinshasa,2025,9,24.273333333333333,2.746296296296296,101736.66666666667,0.025,74.33333333333333,51.2,2.1166666666666667,34.94683333333333,36.16316666666667
Democratic Republic of Congo,Kinshasa,2025,10,25.067741935483873,2.0295698924731185,101558.06451612903,0.1296774193548387,77.61290322580645,56.45161290322581,2.2161290322580647,18.80806451612903,19.38225806451613
Democratic Republic of Congo,Kinshasa,2025,11,24.353333333333335,1.1935185185185186,101490.0,0.3313333333333333,87.36666666666666,45.0,1.7866666666666666,12.85,13.166666666666666
Democratic Republic of Congo,Kinshasa,2025,12,24.538709677419355,1.2060931899641578,101367.74193548386,0.04161290322580645,87.3225806451613,41.45161290322581,1.6,20.301612903225806,20.924193548387095
Democratic Republic of Congo,Kinshasa,2026,1,24.18,1.5555555555555558,101383.33333333333,0.036000000000000004,89.33333333333333,49.5,1.5333333333333334,18.02,18.65666666666667
Democratic Republic of Congo,Kinshasa,2026,2,23.333333333333332,1.3842592592592593,101416.66666666667,0.043333333333333335,91.33333333333333,33.333333333333336,1.7333333333333332,19.283333333333335,20.316666666666666
Denmark,Copenhagen,2024,5,18.58823529411765,6.148692810457517,101447.05882352941,0.05529411764705883,62.76470588235294,22.764705882352942,4.529411764705882,4.6000000000000005,5.082352941176471
Denmark,Copenhagen,2024,6,18.417241379310347,6.109195402298851,101144.8275862069,0.14965517241379309,63.689655172413794,64.65517241379311,4.068965517241379,2.527586206896552,3.182758620689655
Denmark,Copenhagen,2024,7,19.282758620689656,4.799808429118775,101251.72413793103,0.2424137931034483,66.86206896551724,56.03448275862069,4.793103448275862,2.7482758620689656,3.782758620689655
Denmark,Copenhagen,2024,8,20.983870967741936,5.168458781362007,101387.09677419355,0.14322580645161292,60.0,41.354838709677416,5.225806451612903,3.690322580645161,5.138709677419355
Denmark,Copenhagen,2024,9,18.563333333333333,5.446296296296296,101590.0,0.15666666666666668,65.26666666666667,39.166666666666664,4.533333333333333,12.984833333333334,20.309666666666665
Denmark,Copenhagen,2024,10,12.341935483870968,5.709677419354839,101606.45161290323,0.06387096774193549,81.6774193548387,47.903225806451616,1.4258064516129034,14.334516129032258,20.540967741935482
Denmark,Copenhagen,2024,11,7.0600000000000005,5.397222222222223,101670.0,0.04666666666666666,83.26666666666667,62.666666666666664,0.29,15.977833333333333,23.106499999999997
Denmark,Copenhagen,2024,12,5.741935483870968,6.090501792114696,101648.3870967742,0.05677419354838709,86.87096774193549,73.48387096774194,0.16129032258064516,11.971290322580646,17.903225806451612
Denmark,Copenhagen,2025,1,3.541935483870968,6.299283154121864,101029.03225806452,0.10516129032258065,87.64516129032258,63.225806451612904,0.2967741935483871,14.274838709677418,20.338064516129034
Denmark,Copenhagen,2025,2,2.292857142857143,4.82936507936508,102732.14285714286,0.0071428571428571435,83.07142857142857,60.535714285714285,0.6107142857142858,20.105535714285715,24.565357142857142
Denmark,Copenhagen,2025,3,6.748387096774193,5.126344086021506,101638.70967741935,0.013225806451612905,74.25806451612904,38.70967741935484,1.4483870967741934,25.231612903225805,30.405645161290323
Denmark,Copenhagen,2025,4,10.770000000000001,4.000925925925926,101906.66666666667,0.006333333333333334,69.86666666666666,34.166666666666664,2.0733333333333333,16.896666666666665,21.811500000000002
Denmark,Copenhagen,2025,5,13.138709677419355,4.979390681003585,101406.45161290323,0.06387096774193549,65.2258064516129,41.12903225806452,2.6903225806451614,9.751290322580646,14.292741935483871
Denmark,Copenhagen,2025,6,17.146666666666665,6.546296296296296,101453.33333333333,0.12266666666666667,68.03333333333333,38.333333333333336,3.6666666666666665,9.774166666666668,15.774333333333335
Denmark,Copenhagen,2025,7,19.69677419354839,4.53584229390681,101096.7741935484,0.1635483870967742,73.25806451612904,50.806451612903224,2.980645161290323,10.903064516129032,14.680645161290323
Denmark,Copenhagen,2025,8,18.316129032258065,4.585125448028673,101387.09677419355,0.04225806451612903,71.0,33.87096774193548,2.1870967741935483,11.475967741935484,18.458225806451615
Denmark,Copenhagen,2025,9,16.26,5.815740740740741,101656.66666666667,0.20199999999999999,80.66666666666667,33.333333333333336,0.8633333333333334,11.826666666666666,16.843666666666667
Denmark,Copenhagen,2025,10,10.506451612903225,6.251792114695341,101012.90322580645,0.18870967741935485,86.03225806451613,59.193548387096776,0.22258064516129034,6.508064516129032,9.679032258064517
Denmark,Copenhagen,2025,11,6.1433333333333335,5.44537037037037,101076.66666666667,0.029333333333333333,89.03333333333333,64.16666666666667,0.03333333333333333,9.963333333333333,12.860000000000001
Denmark,Copenhagen,2025,12,5.267741935483871,5.490143369175628,101758.06451612903,0.01161290322580645,87.74193548387096,70.96774193548387,0.0,8.937096774193549,12.462903225806452
Denmark,Copenhagen,2026,1,-0.19666666666666666,7.339814814814815,100903.33333333333,0.06566666666666666,83.6,68.16666666666667,0.0,7.753333333333333,10.026666666666667
Denmark,Copenhagen,2026,2,-2.933333333333333,10.699074074074074,101266.66666666667,0.24666666666666667,75.33333333333333,50.0,0.0,4.916666666666667,6.433333333333334
Djibouti,Djibouti,2024,5,34.38235294117647,4.7516339869281055,100441.17647058824,0.0,55.11764705882353,9.588235294117647,7.647058823529412,24.305882352941175,61.02352941176471
Djibouti,Djibouti,2024,6,36.241379310344826,4.438697318007663,100144.8275862069,0.003793103448275862,49.55172413793103,14.10344827586207,8.310344827586206,28.513793103448275,83.78275862068965
Djibouti,Djibouti,2024,7,37.875,5.433531746031747,100053.57142857143,0.009285714285714286,40.82142857142857,27.357142857142858,8.642857142857142,15.703571428571427,57.510714285714286
Djibouti,Djibouti,2024,8,35.86129032258064,5.46057347670251,100335.48387096774,0.31,48.67741935483871,39.354838709677416,7.967741935483871,4.032258064516129,10.551612903225807
Djibouti,Djibouti,2024,9,36.18,4.367592592592592,100443.33333333333,0.006,47.6,17.466666666666665,8.033333333333333,40.82899999999999,128.135
Djibouti,Djibouti,2024,10,32.483870967741936,4.337813620071684,100951.6129032258,0.0022580645161290325,58.0,17.096774193548388,9.46774193548387,26.99209677419355,85.67887096774194
Djibouti,Djibouti,2024,11,29.57,5.075925925925926,101346.66666666667,0.026666666666666665,59.36666666666667,23.4,8.09,30.118,68.72749999999999
Djibouti,Djibouti,2024,12,27.951612903225808,5.338709677419355,101503.2258064516,0.0025806451612903226,57.61290322580645,15.516129032258064,7.483870967741935,49.25177419354839,188.39564516129033
Djibouti,Djibouti,2025,1,26.677419354838708,5.381720430107527,101532.25806451614,0.005806451612903225,60.54838709677419,31.387096774193548,7.809677419354839,39.21403225806451,125.19725806451612
Djibouti,Djibouti,2025,2,27.482142857142858,5.095238095238095,101428.57142857143,0.0060714285714285705,61.92857142857143,17.571428571428573,9.935714285714285,37.066071428571426,91.30410714285713
Djibouti,Djibouti,2025,3,28.641935483870967,5.381720430107527,101329.03225806452,0.01161290322580645,63.67741935483871,37.70967741935484,10.858064516129033,39.15435483870968,110.02129032258064
Djibouti,Djibouti,2025,4,30.77,4.9037037037037035,101133.33333333333,0.001,58.86666666666667,19.6,11.973333333333333,26.775666666666666,59.58233333333333
Djibouti,Djibouti,2025,5,33.02258064516129,3.2284946236559144,100764.51612903226,0.001935483870967742,51.354838709677416,9.129032258064516,10.66451612903226,32.17209677419355,116.90209677419355
Djibouti,Djibouti,2025,6,36.28666666666666,3.160185185185185,100523.33333333333,0.0,43.3,6.033333333333333,10.153333333333334,25.887666666666668,80.66616666666667
Djibouti,Djibouti,2025,7,39.987096774193546,5.554659498207886,100445.16129032258,0.0,34.774193548387096,24.35483870967742,9.33548387096774,42.35306451612903,133.39693548387098
Djibouti,Djibouti,2025,8,35.541935483870965,4.747311827956989,100632.25806451614,0.04935483870967742,48.903225806451616,33.903225806451616,9.174193548387096,46.954193548387096,133.62370967741936
Djibouti,Djibouti,2025,9,34.016666666666666,2.6009259259259263,100726.66666666667,0.0,52.03333333333333,11.266666666666667,8.816666666666666,41.3745,112.98150000000001
Djibouti,Djibouti,2025,10,30.90967741935484,3.2571684587813623,101167.74193548386,0.0,56.54838709677419,7.741935483870968,7.396774193548388,18.049999999999997,41.29838709677419
Djibouti,Djibouti,2025,11,27.696666666666665,5.022222222222223,101626.66666666667,0.015333333333333332,57.96666666666667,26.7,5.776666666666667,20.959999999999997,51.74
Djibouti,Djibouti,2025,12,25.606451612903225,5.07168458781362,101580.64516129032,0.046129032258064515,63.54838709677419,49.41935483870968,4.870967741935484,18.20483870967742,37.88870967741936
Djibouti,Djibouti,2026,1,24.98,5.475925925925926,101833.33333333333,0.018000000000000002,62.43333333333333,59.166666666666664,4.736666666666666,23.116666666666667,60.29666666666666
Djibouti,Djibouti,2026,2,25.150000000000002,5.976851851851852,101800.0,0.015,62.333333333333336,56.333333333333336,5.366666666666667,15.333333333333334,25.616666666666664
Dominica,Roseau,2024,5,30.352941176470587,2.5065359477124183,101464.70588235294,0.15941176470588236,67.0,47.35294117647059,5.705882352941177,1.4411764705882353,4.235294117647059
Dominica,Roseau,2024,6,30.013333333333332,3.017592592592593,101453.33333333333,0.20299999999999999,68.53333333333333,49.733333333333334,6.066666666666666,1.7566666666666668,5.006666666666666
Dominica,Roseau,2024,7,28.710714285714285,2.8501984126984126,101485.71428571429,0.1457142857142857,76.21428571428571,61.67857142857143,6.071428571428571,1.9607142857142856,5.010714285714286
Dominica,Roseau,2024,8,28.216129032258067,3.75,101474.19354838709,0.20903225806451614,81.38709677419355,55.58064516129032,6.064516129032258,1.596774193548387,3.7709677419354835
Dominica,Roseau,2024,9,27.216666666666665,2.8898148148148146,101206.66666666667,0.12933333333333333,88.4,50.733333333333334,5.2,9.852833333333333,18.75026666666667
Dominica,Roseau,2024,10,27.799999999999997,3.8270609318996414,101148.3870967742,0.07225806451612904,76.87096774193549,54.03225806451613,0.4838709677419355,18.04048387096774,36.95822580645161
Dominica,Roseau,2024,11,27.2551724137931,4.015325670498084,101072.41379310345,0.1417241379310345,78.37931034482759,59.0,0.0,12.407758620689656,20.713620689655173
Dominica,Roseau,2024,12,25.05483870967742,4.739247311827958,101383.87096774194,0.13838709677419356,85.0,58.12903225806452,0.022580645161290325,15.975645161290323,24.10967741935484
Dominica,Roseau,2025,1,24.603333333333335,5.666666666666667,101536.66666666667,0.074,83.4,54.666666666666664,0.020000000000000004,12.462833333333332,20.029333333333334
Dominica,Roseau,2025,2,24.775000000000002,7.0228174603174605,101542.85714285714,0.1382142857142857,79.25,68.32142857142857,0.0,16.967142857142857,27.730178571428574
Dominica,Roseau,2025,3,25.312903225806455,4.952508960573477,101438.70967741935,0.10451612903225807,75.35483870967742,65.64516129032258,0.0,14.78209677419355,25.24951612903226
Dominica,Roseau,2025,4,25.483333333333334,5.261111111111111,101376.66666666667,0.10666666666666667,77.03333333333333,70.63333333333334,0.0,13.073333333333332,20.948166666666665
Dominica,Roseau,2025,5,26.338709677419356,4.954301075268818,101432.25806451614,0.19096774193548388,79.90322580645162,69.3225806451613,0.0,16.309838709677418,34.34435483870968
Dominica,Roseau,2025,6,26.476666666666667,6.628703703703704,101616.66666666667,0.10466666666666667,78.2,71.23333333333333,0.0,22.557666666666666,55.09916666666666
Dominica,Roseau,2025,7,26.751612903225805,5.558243727598567,101564.51612903226,0.0967741935483871,77.83870967741936,72.6774193548387,0.0,15.372903225806452,39.54822580645161
Dominica,Roseau,2025,8,27.312903225806455,4.692652329749104,101396.7741935484,0.13870967741935483,78.03225806451613,75.25806451612904,0.0,13.70790322580645,37.053709677419356
Dominica,Roseau,2025,9,27.56,4.064814814814815,101273.33333333333,0.09033333333333333,77.06666666666666,70.66666666666667,0.0,9.894499999999999,20.78966666666667
Dominica,Roseau,2025,10,27.416129032258063,4.655017921146954,101119.35483870968,0.18870967741935482,78.09677419354838,65.7741935483871,0.0,5.898387096774194,9.833870967741936
Dominica,Roseau,2025,11,26.373333333333335,5.073148148148149,101260.0,0.173,77.1,67.13333333333334,0.0,6.85,10.996666666666666
Dominica,Roseau,2025,12,25.37741935483871,5.317204301075269,101303.2258064516,0.10161290322580645,75.29032258064517,56.25806451612903,0.0,7.937096774193549,12.246774193548386
Dominica,Roseau,2026,1,25.103333333333335,5.112037037037037,101363.33333333333,0.16766666666666669,76.83333333333333,64.63333333333334,0.0,7.006666666666666,10.813333333333333
Dominica,Roseau,2026,2,25.21666666666667,4.486111111111112,101516.66666666667,0.03166666666666667,74.83333333333333,76.33333333333333,0.0,9.316666666666666,14.033333333333333
Dominican Republic,Santo Domingo,2024,5,27.823529411764707,3.0669934640522873,101541.17647058824,0.08,85.11764705882354,63.23529411764706,6.176470588235294,9.41764705882353,12.576470588235296
Dominican Republic,Santo Domingo,2024,6,28.836666666666666,2.6527777777777777,101513.33333333333,0.08566666666666668,82.83333333333333,60.63333333333333,6.366666666666666,7.963333333333334,11.646666666666667
Dominican Republic,Santo Domingo,2024,7,26.814285714285713,2.873015873015873,101653.57142857143,0.25357142857142856,88.42857142857143,52.75,6.321428571428571,3.9892857142857143,7.439285714285715
Dominican Republic,Santo Domingo,2024,8,26.345161290322583,2.4937275985663083,101522.58064516129,0.04064516129032258,89.45161290322581,46.483870967741936,6.483870967741935,8.803225806451612,12.687096774193549
Dominican Republic,Santo Domingo,2024,9,25.323333333333334,2.0425925925925927,101223.33333333333,0.023,96.3,47.36666666666667,4.2,15.731333333333334,25.2465
Dominican Republic,Santo Domingo,2024,10,25.37,2.217592592592593,101186.66666666667,0.5850000000000001,94.43333333333334,47.7,0.3,16.323166666666665,26.936
Dominican Republic,Santo Domingo,2024,11,23.513793103448275,2.39272030651341,101106.89655172414,0.04068965517241379,97.13793103448276,57.310344827586206,0.0,14.72344827586207,18.723275862068967
Dominican Republic,Santo Domingo,2024,12,22.612903225806452,3.120967741935484,101429.03225806452,0.0,97.61290322580645,43.38709677419355,0.0,12.162258064516129,15.778709677419354
Dominican Republic,Santo Domingo,2025,1,21.53666666666667,3.269444444444445,101623.33333333333,0.049666666666666665,96.33333333333333,46.86666666666667,0.0,14.5225,19.276999999999997
Dominican Republic,Santo Domingo,2025,2,21.432142857142857,3.088293650793651,101617.85714285714,0.0,97.60714285714286,45.17857142857143,0.0,15.771249999999998,21.34107142857143
Dominican Republic,Santo Domingo,2025,3,21.84193548387097,2.625448028673835,101461.29032258065,0.5309677419354839,97.70967741935483,39.516129032258064,0.0,19.001290322580644,24.610967741935486
Dominican Republic,Santo Domingo,2025,4,22.546666666666667,3.310185185185185,101453.33333333333,0.12733333333333335,95.76666666666667,43.333333333333336,0.0,13.011666666666667,16.939833333333333
Dominican Republic,Santo Domingo,2025,5,23.351612903225806,2.7186379928315416,101512.90322580645,0.7674193548387096,97.70967741935483,46.774193548387096,0.0,13.958548387096773,19.526451612903227
Dominican Republic,Santo Domingo,2025,6,23.970000000000002,2.3509259259259263,101696.66666666667,0.12200000000000001,95.7,61.666666666666664,0.0,21.614166666666666,40.02166666666667
Dominican Republic,Santo Domingo,2025,7,24.270967741935483,2.3548387096774195,101664.51612903226,0.0,94.74193548387096,50.0,0.0,19.645806451612902,37.686290322580646
Dominican Republic,Santo Domingo,2025,8,25.08709677419355,2.4838709677419355,101483.87096774194,0.0,93.51612903225806,46.774193548387096,0.0,17.759999999999998,28.078225806451613
Dominican Republic,Santo Domingo,2025,9,25.14333333333333,1.7583333333333333,101333.33333333333,0.0,93.96666666666667,55.833333333333336,0.0,17.773000000000003,23.653166666666667
Dominican Republic,Santo Domingo,2025,10,24.65806451612903,1.9686379928315412,101158.06451612903,0.14387096774193547,96.2258064516129,56.45161290322581,0.0,10.769354838709678,12.511290322580646
Dominican Republic,Santo Domingo,2025,11,23.476666666666667,2.557407407407408,101453.33333333333,0.0,97.06666666666666,45.0,0.0,8.003333333333334,9.376666666666667
Dominican Republic,Santo Domingo,2025,12,22.393548387096775,2.7365591397849465,101532.25806451614,0.0,96.0,41.12903225806452,0.0,9.88225806451613,11.44032258064516
Dominican Republic,Santo Domingo,2026,1,21.813333333333333,2.687037037037037,101576.66666666667,0.0,96.0,45.833333333333336,0.0,8.873333333333333,10.403333333333334
Dominican Republic,Santo Domingo,2026,2,22.349999999999998,4.365740740740741,101683.33333333333,0.0,94.16666666666667,62.5,0.0,6.716666666666666,8.433333333333334
Ecuador,Quito,2024,5,15.229411764705882,1.5147058823529411,101711.76470588235,0.04058823529411765,67.94117647058823,30.352941176470587,5.117647058823529,36.86470588235294,40.64705882352941
Ecuador,Quito,2024,6,13.266666666666667,1.5583333333333333,101850.0,0.022000000000000002,69.23333333333333,34.733333333333334,4.966666666666667,27.89333333333333,31.456666666666667
Ecuador,Quito,2024,7,10.703448275862069,2.0114942528735633,101879.31034482758,0.0006896551724137932,72.20689655172414,14.689655172413794,4.551724137931035,14.320689655172414,17.158620689655173
Ecuador,Quito,2024,8,9.574193548387097,1.8198924731182797,101945.16129032258,0.0,69.0,11.64516129032258,4.258064516129032,16.770967741935483,19.93548387096774
Ecuador,Quito,2024,9,10.35,1.9435185185185186,101736.66666666667,0.01633333333333333,65.1,16.3,2.9,11.919666666666668,16.87333333333333
Ecuador,Quito,2024,10,10.76,1.1944444444444444,101636.66666666667,0.07,82.26666666666667,44.96666666666667,0.3,9.052666666666665,13.054833333333333
Ecuador,Quito,2024,11,10.386206896551723,1.07088122605364,101575.86206896552,0.060689655172413794,89.34482758620689,51.89655172413793,0.0,12.312068965517241,14.659655172413792
Ecuador,Quito,2024,12,10.316129032258065,1.0573476702508962,101619.35483870968,0.07838709677419356,91.58064516129032,59.774193548387096,0.0,10.479354838709678,10.59274193548387
Ecuador,Quito,2025,1,9.843333333333334,1.1111111111111112,101666.66666666667,0.082,88.03333333333333,56.2,0.0,11.624166666666667,11.722833333333334
Ecuador,Quito,2025,2,10.235714285714286,1.0436507936507937,101567.85714285714,0.14214285714285715,91.71428571428571,64.21428571428571,0.0,10.465714285714286,10.59125
Ecuador,Quito,2025,3,9.873333333333333,1.097222222222222,101640.0,0.1553333333333333,90.63333333333334,54.96666666666667,0.0,9.422666666666666,9.6015
Ecuador,Quito,2025,4,10.013333333333332,1.2092592592592593,101616.66666666667,0.044000000000000004,89.16666666666667,55.3,0.0,8.713500000000002,8.941666666666666
Ecuador,Quito,2025,5,9.896666666666667,1.3638888888888887,101723.33333333333,0.035333333333333335,87.26666666666667,44.766666666666666,0.0,5.062833333333333,5.106
Ecuador,Quito,2025,6,9.346666666666666,1.5583333333333333,101770.0,0.010666666666666666,83.6,31.766666666666666,0.0,6.438,6.549
Ecuador,Quito,2025,7,9.041935483870969,1.6630824372759858,101819.35483870968,0.01741935483870968,78.0,26.483870967741936,0.0,4.332580645161291,4.4638709677419355
Ecuador,Quito,2025,8,9.264516129032257,1.4838709677419355,101793.54838709677,0.0006451612903225806,79.74193548387096,22.451612903225808,0.0,6.719677419354839,6.880806451612903
Ecuador,Quito,2025,9,10.146666666666667,1.4194444444444445,101730.0,0.008,76.26666666666667,25.5,0.0,7.510166666666667,7.692333333333334
Ecuador,Quito,2025,10,10.351612903225806,1.0663082437275986,101635.48387096774,0.10806451612903226,86.87096774193549,48.12903225806452,0.0,7.159677419354839,7.20483870967742
Ecuador,Quito,2025,11,10.626666666666667,1.0194444444444444,101583.33333333333,0.277,92.03333333333333,59.233333333333334,0.0,8.606666666666666,8.646666666666667
Ecuador,Quito,2025,12,10.790322580645162,1.0546594982078852,101541.93548387097,0.08387096774193549,87.80645161290323,56.67741935483871,0.0,11.28225806451613,11.308064516129033
Ecuador,Quito,2026,1,10.886666666666667,1.0101851851851853,101583.33333333333,0.31833333333333336,92.7,65.73333333333333,0.0,8.49,8.493333333333334
Ecuador,Quito,2026,2,10.950000000000001,1.0,101750.0,0.16833333333333333,92.66666666666667,72.16666666666667,0.0,11.700000000000001,11.766666666666666
Egypt,Cairo,2024,5,33.588235294117645,4.707516339869281,101235.29411764706,0.0,22.11764705882353,4.411764705882353,7.705882352941177,18.029411764705884,69.13529411764705
Egypt,Cairo,2024,6,37.84666666666667,5.474074074074074,100683.33333333333,0.0,21.433333333333334,2.5,9.5,15.0,42.913333333333334
Egypt,Cairo,2024,7,37.5,4.376984126984127,100471.42857142857,0.0,25.107142857142858,6.25,9.285714285714286,13.710714285714285,29.935714285714287
Egypt,Cairo,2024,8,36.806451612903224,4.318996415770609,100706.45161290323,0.0,25.419354838709676,3.0,9.193548387096774,13.899999999999999,24.961290322580645
Egypt,Cairo,2024,9,32.70666666666667,4.1648148148148145,101110.0,0.0,37.766666666666666,30.833333333333332,8.066666666666666,30.8165,55.92866666666667
Egypt,Cairo,2024,10,27.903225806451612,4.407706093189964,101470.96774193548,0.0,38.61290322580645,10.580645161290322,5.974193548387096,30.46532258064516,51.66870967741936
Egypt,Cairo,2024,11,22.006666666666668,4.190740740740741,101883.33333333333,0.007,53.4,29.766666666666666,3.283333333333333,48.11233333333334,79.43900000000001
Egypt,Cairo,2024,12,19.596774193548388,4.549283154121864,101961.29032258065,0.0,46.29032258064516,24.64516129032258,3.2870967741935484,43.707741935483874,87.83322580645161
Egypt,Cairo,2025,1,19.35483870967742,3.835125448028674,102067.74193548386,0.0,49.16129032258065,31.451612903225808,3.693548387096774,61.93322580645162,83.32758064516129
Egypt,Cairo,2025,2,16.87857142857143,4.9186507936507935,102017.85714285714,0.002142857142857143,45.357142857142854,46.42857142857143,4.7250000000000005,38.394107142857145,57.71339285714286
Egypt,Cairo,2025,3,22.812903225806455,4.114695340501792,101683.87096774194,0.0,37.58064516129032,24.193548387096776,6.422580645161291,51.6508064516129,86.45467741935484
Egypt,Cairo,2025,4,24.17,4.640740740740741,101366.66666666667,0.0,35.8,23.333333333333332,7.34,42.254,101.00383333333333
Egypt,Cairo,2025,5,28.43548387096774,4.532258064516129,101322.58064516129,0.0,31.838709677419356,12.903225806451612,8.061290322580644,37.44161290322581,76.74516129032257
Egypt,Cairo,2025,6,29.103333333333335,3.537037037037037,101093.33333333333,0.0,43.333333333333336,7.5,9.51,39.54683333333333,64.6205
Egypt,Cairo,2025,7,32.44193548387097,2.7150537634408605,100793.54838709677,0.0,38.645161290322584,5.645161290322581,8.687096774193549,46.906451612903226,74.36999999999999
Egypt,Cairo,2025,8,31.03548387096774,3.4874551971326166,100964.51612903226,0.0,45.806451612903224,25.806451612903224,7.6,36.445,60.95451612903226
Egypt,Cairo,2025,9,27.683333333333334,3.675,101256.66666666667,0.0,54.3,41.666666666666664,5.58,41.548,68.721
Egypt,Cairo,2025,10,25.032258064516128,4.141577060931899,101616.12903225806,0.0,54.645161290322584,26.612903225806452,3.4129032258064513,23.77258064516129,39.269354838709674
Egypt,Cairo,2025,11,21.990000000000002,3.4490740740740744,101793.33333333333,0.0006666666666666666,61.333333333333336,23.333333333333332,1.7,27.376666666666665,47.74
Egypt,Cairo,2025,12,16.164516129032258,3.6899641577060938,101783.87096774194,0.0012903225806451613,59.45161290322581,13.709677419354838,1.0580645161290323,25.740322580645163,46.08870967741935
Egypt,Cairo,2026,1,14.729999999999999,3.7333333333333334,101883.33333333333,0.0,52.0,11.666666666666666,1.1733333333333333,37.35333333333333,87.52666666666667
Egypt,Cairo,2026,2,17.916666666666668,3.3194444444444446,101633.33333333333,0.0,42.333333333333336,0.0,1.5833333333333333,39.0,125.51666666666667
El Salvador,San Salvador,2024,5,26.764705882352942,1.5245098039215688,101352.94117647059,0.049999999999999996,85.88235294117646,29.41176470588235,6.352941176470588,26.288235294117644,34.82941176470588
El Salvador,San Salvador,2024,6,24.127586206896552,1.725095785440613,101303.44827586207,1.7241379310344827,93.6896551724138,51.37931034482759,5.206896551724138,19.83103448275862,24.413793103448278
El Salvador,San Salvador,2024,7,23.039285714285715,1.4950396825396826,101242.85714285714,0.05071428571428572,95.57142857142857,36.785714285714285,5.214285714285714,14.164285714285715,20.060714285714287
El Salvador,San Salvador,2024,8,21.187096774193545,1.1935483870967742,101354.83870967742,0.09387096774193548,96.58064516129032,57.064516129032256,4.967741935483871,15.470967741935485,21.793548387096774
El Salvador,San Salvador,2024,9,23.57,1.0620370370370371,100983.33333333333,0.13433333333333333,98.36666666666666,56.266666666666666,3.0,19.8725,27.56383333333333
El Salvador,San Salvador,2024,10,20.916666666666668,1.2268518518518519,101156.66666666667,0.24166666666666667,96.33333333333333,62.166666666666664,0.3,15.342666666666666,22.280166666666666
El Salvador,San Salvador,2024,11,19.93448275862069,1.3084291187739463,101110.3448275862,0.07172413793103448,95.48275862068965,65.41379310344827,0.0,19.45051724137931,23.67362068965517
El Salvador,San Salvador,2024,12,19.274193548387096,1.7706093189964158,101319.35483870968,0.0006451612903225806,91.38709677419355,26.129032258064516,0.0,9.72741935483871,10.222741935483873
El Salvador,San Salvador,2025,1,23.52,1.6157407407407407,101200.0,0.0,77.2,6.966666666666667,0.0,11.766,12.216166666666668
El Salvador,San Salvador,2025,2,24.428571428571427,1.425595238095238,101114.28571428571,0.0032142857142857142,81.53571428571429,25.892857142857142,0.0,13.498392857142857,14.410178571428572
El Salvador,San Salvador,2025,3,25.038709677419355,1.21326164874552,101077.41935483871,0.008387096774193548,80.25806451612904,30.193548387096776,0.0,23.799354838709675,25.29725806451613
El Salvador,San Salvador,2025,4,25.876666666666665,1.3435185185185186,101053.33333333333,0.20433333333333334,75.6,29.866666666666667,0.0,21.990333333333336,23.599833333333333
El Salvador,San Salvador,2025,5,25.913333333333334,1.0666666666666667,101020.0,0.17566666666666667,89.4,35.766666666666666,0.0,31.610333333333337,33.7625
El Salvador,San Salvador,2025,6,24.09,1.1101851851851852,101143.33333333333,0.4136666666666667,94.8,44.233333333333334,0.0,30.660666666666668,33.145833333333336
El Salvador,San Salvador,2025,7,24.370967741935484,1.3109318996415769,101196.7741935484,0.1938709677419355,91.09677419354838,34.354838709677416,0.0,30.501129032258063,36.65387096774194
El Salvador,San Salvador,2025,8,24.812903225806455,1.1801075268817205,101212.90322580645,0.5038709677419355,91.74193548387096,37.67741935483871,0.0,34.87548387096775,41.123709677419356
El Salvador,San Salvador,2025,9,24.983333333333334,1.1046296296296296,101160.0,0.776,92.66666666666667,41.233333333333334,0.0,30.9845,31.866333333333333
El Salvador,San Salvador,2025,10,24.393548387096775,1.103942652329749,101070.96774193548,0.48225806451612907,94.7741935483871,38.70967741935484,0.0,17.546774193548387,17.653225806451612
El Salvador,San Salvador,2025,11,24.759999999999998,1.501851851851852,101166.66666666667,0.0023333333333333335,80.96666666666667,14.166666666666666,0.0,14.993333333333334,15.113333333333335
El Salvador,San Salvador,2025,12,24.641935483870967,1.386200716845878,101187.09677419355,0.06774193548387097,85.19354838709677,23.387096774193548,0.0,15.675806451612903,15.80483870967742
El Salvador,San Salvador,2026,1,23.73448275862069,1.5852490421455938,101303.44827586207,0.0,72.06896551724138,9.96551724137931,0.0,14.056896551724137,14.174137931034483
El Salvador,San Salvador,2026,2,24.383333333333336,2.4166666666666665,101566.66666666667,0.0,46.333333333333336,0.0,0.0,7.583333333333333,7.733333333333333
Equatorial Guinea,Malabo,2024,5,30.076470588235296,3.0065359477124183,101076.4705882353,0.06823529411764706,82.82352941176471,53.705882352941174,6.176470588235294,1.2647058823529411,1.7117647058823529
Equatorial Guinea,Malabo,2024,6,28.746666666666666,3.1398148148148146,101210.0,0.9133333333333334,82.86666666666666,61.2,5.966666666666667,2.506666666666667,3.1300000000000003
Equatorial Guinea,Malabo,2024,7,26.486206896551725,3.7394636015325675,101413.79310344828,0.5689655172413793,87.86206896551724,68.65517241379311,5.689655172413793,2.4172413793103447,3.317241379310345
Equatorial Guinea,Malabo,2024,8,25.251612903225805,3.2948028673835124,101425.80645161291,0.545483870967742,84.93548387096774,73.6774193548387,5.516129032258065,2.070967741935484,3.706451612903226
Equatorial Guinea,Malabo,2024,9,26.883333333333333,2.848148148148148,101423.33333333333,0.2986666666666667,87.5,65.2,5.833333333333333,3.9948333333333332,6.267166666666666
Equatorial Guinea,Malabo,2024,10,25.74516129032258,1.9991039426523298,101483.87096774194,0.6583870967741936,82.61290322580645,73.80645161290323,4.535483870967742,5.538064516129032,8.95758064516129
Equatorial Guinea,Malabo,2024,11,27.403333333333332,1.675,101296.66666666667,0.18766666666666668,78.83333333333333,63.333333333333336,4.696666666666667,12.962333333333333,21.601833333333335
Equatorial Guinea,Malabo,2024,12,27.822580645161292,2.085125448028674,101258.06451612903,0.02935483870967742,72.83870967741936,51.645161290322584,6.819354838709677,31.635,66.32548387096774
Equatorial Guinea,Malabo,2025,1,28.687096774193545,1.974014336917563,101283.87096774194,0.023548387096774193,72.41935483870968,56.12903225806452,6.161290322580645,29.779032258064515,61.969032258064516
Equatorial Guinea,Malabo,2025,2,31.0,1.7748015873015872,101142.85714285714,0.05678571428571429,72.14285714285714,42.464285714285715,7.007142857142857,28.430535714285718,64.98785714285715
Equatorial Guinea,Malabo,2025,3,29.361290322580647,1.8566308243727598,101212.90322580645,0.1932258064516129,77.7741935483871,63.483870967741936,5.712903225806452,16.309838709677418,35.931774193548385
Equatorial Guinea,Malabo,2025,4,29.136666666666667,1.3796296296296295,101173.33333333333,0.06933333333333333,82.8,60.43333333333333,5.08,12.3395,26.12816666666667
Equatorial Guinea,Malabo,2025,5,28.703225806451613,1.6451612903225807,101380.64516129032,0.18387096774193548,87.16129032258064,59.16129032258065,3.6838709677419357,10.545,18.971451612903227
Equatorial Guinea,Malabo,2025,6,27.563333333333333,1.712962962962963,101520.0,0.39966666666666667,87.66666666666667,59.4,3.716666666666667,9.219166666666666,12.5245
Equatorial Guinea,Malabo,2025,7,25.938709677419357,2.434587813620072,101667.74193548386,1.3229032258064515,93.38709677419355,70.12903225806451,1.4774193548387096,13.218548387096773,16.03532258064516
Equatorial Guinea,Malabo,2025,8,25.870967741935484,2.489247311827957,101600.0,0.2309677419354839,90.6774193548387,72.58064516129032,2.0903225806451613,15.41467741935484,19.424999999999997
Equatorial Guinea,Malabo,2025,9,25.466666666666665,2.5222222222222226,101506.66666666667,1.1026666666666667,95.3,70.0,1.4833333333333334,9.630166666666666,11.911499999999998
Equatorial Guinea,Malabo,2025,10,25.490322580645163,1.6666666666666667,101393.54838709677,0.23419354838709677,95.25806451612904,57.25806451612903,1.6838709677419357,5.314516129032258,6.872580645161291
Equatorial Guinea,Malabo,2025,11,26.173333333333336,1.562962962962963,101283.33333333333,0.18233333333333332,96.33333333333333,50.833333333333336,1.1333333333333333,10.036666666666667,12.223333333333333
Equatorial Guinea,Malabo,2025,12,25.97741935483871,1.6254480286738353,101154.83870967742,0.13516129032258065,94.16129032258064,50.903225806451616,0.7903225806451613,12.901612903225805,17.82741935483871
Equatorial Guinea,Malabo,2026,1,25.46333333333333,1.8740740740740742,101160.0,0.04066666666666666,95.36666666666666,47.5,0.74,15.643333333333334,26.396666666666665
Equatorial Guinea,Malabo,2026,2,25.3,1.787037037037037,101200.0,0.07166666666666667,93.83333333333333,51.5,0.7166666666666667,18.316666666666666,32.15
Eritrea,Asmara,2024,5,23.341176470588238,4.338235294117647,101200.0,0.05176470588235295,37.411764705882355,25.529411764705884,5.588235294117647,20.658823529411762,79.83529411764707
Eritrea,Asmara,2024,6,25.8,5.030555555555556,100976.66666666667,0.099,29.633333333333333,30.9,6.5,19.246666666666666,64.30333333333333
Eritrea,Asmara,2024,7,22.63103448275862,3.467432950191571,101041.37931034483,0.49689655172413794,49.827586206896555,72.82758620689656,5.172413793103448,6.76551724137931,24.448275862068964
Eritrea,Asmara,2024,8,20.312903225806455,3.077060931899642,101161.29032258065,0.7787096774193548,63.83870967741935,76.80645161290323,4.548387096774194,5.519354838709678,14.061290322580646
Eritrea,Asmara,2024,9,23.816666666666666,4.886111111111111,101186.66666666667,0.08533333333333333,37.7,29.033333333333335,5.833333333333333,22.4985,91.78166666666667
Eritrea,Asmara,2024,10,22.12258064516129,4.557347670250896,101380.64516129032,0.14580645161290323,40.32258064516129,28.580645161290324,9.038709677419355,27.791774193548385,87.14096774193548
Eritrea,Asmara,2024,11,19.736666666666668,2.289814814814815,101550.0,0.089,61.4,42.93333333333333,7.71,29.945333333333334,59.354166666666664
Eritrea,Asmara,2024,12,17.700000000000003,2.121863799283154,101558.06451612903,0.005161290322580645,53.12903225806452,23.806451612903224,7.712903225806452,22.331290322580646,61.90935483870968
Eritrea,Asmara,2025,1,18.306451612903224,1.9381720430107527,101445.16129032258,0.005483870967741936,45.0,27.548387096774192,8.3,13.188709677419356,32.458548387096776
Eritrea,Asmara,2025,2,19.482142857142858,2.134920634920635,101360.71428571429,0.04392857142857143,49.035714285714285,29.571428571428573,9.785714285714286,17.198392857142856,46.38875
Eritrea,Asmara,2025,3,21.229032258064517,1.6218637992831542,101306.45161290323,0.06161290322580645,40.774193548387096,27.451612903225808,12.306451612903226,21.782258064516128,64.80967741935484
Eritrea,Asmara,2025,4,22.90666666666667,3.2796296296296297,101260.0,0.006333333333333333,35.03333333333333,8.866666666666667,13.56,23.642999999999997,83.00333333333333
Eritrea,Asmara,2025,5,23.970967741935485,3.621863799283154,101312.90322580645,0.027741935483870966,30.225806451612904,14.903225806451612,12.187096774193549,31.80806451612903,121.67032258064516
Eritrea,Asmara,2025,6,25.64333333333333,4.307407407407408,101280.0,0.004333333333333333,19.333333333333332,7.933333333333334,11.270000000000001,24.296666666666667,96.72416666666666
Eritrea,Asmara,2025,7,22.629032258064516,2.53494623655914,101341.93548387097,0.15096774193548387,44.87096774193548,57.193548387096776,10.693548387096774,25.046612903225807,90.85887096774194
Eritrea,Asmara,2025,8,20.95483870967742,2.74910394265233,101319.35483870968,0.25548387096774194,57.96774193548387,70.35483870967742,7.483870967741935,20.17096774193548,63.48483870967742
Eritrea,Asmara,2025,9,23.17,3.6879629629629633,101410.0,0.036333333333333336,40.86666666666667,26.233333333333334,8.616666666666667,29.42,90.88116666666666
Eritrea,Asmara,2025,10,20.85483870967742,3.4686379928315416,101593.54838709677,0.05709677419354839,42.58064516129032,17.870967741935484,6.764516129032257,21.71451612903226,45.78225806451613
Eritrea,Asmara,2025,11,20.966666666666665,2.1037037037037036,101746.66666666667,0.0023333333333333335,52.266666666666666,13.4,5.6899999999999995,18.529999999999998,33.63666666666667
Eritrea,Asmara,2025,12,19.990322580645163,1.57168458781362,101616.12903225806,0.0016129032258064516,48.25806451612903,12.709677419354838,4.84516129032258,10.856451612903227,22.879032258064516
Eritrea,Asmara,2026,1,17.513333333333332,1.8527777777777779,101783.33333333333,0.0033333333333333335,51.03333333333333,22.966666666666665,5.193333333333333,14.763333333333332,36.15
Eritrea,Asmara,2026,2,17.05,1.462962962962963,101700.0,0.0033333333333333335,51.5,17.0,5.183333333333333,16.599999999999998,49.65
Estonia,Tallinn,2024,5,21.529411764705884,4.6683006535947715,101988.23529411765,0.1252941176470588,43.1764705882353,10.235294117647058,4.352941176470588,7.888235294117647,8.282352941176471
Estonia,Tallinn,2024,6,19.366666666666667,4.787037037037037,101110.0,0.05,57.03333333333333,33.03333333333333,4.433333333333334,4.156666666666667,4.736666666666666
Estonia,Tallinn,2024,7,20.785714285714285,4.729166666666667,101092.85714285714,0.22321428571428573,64.5,55.785714285714285,4.714285714285714,3.6214285714285714,3.9285714285714284
Estonia,Tallinn,2024,8,20.80322580645161,4.945340501792115,101206.45161290323,0.1270967741935484,64.25806451612904,43.903225806451616,5.096774193548387,4.070967741935484,4.690322580645161
Estonia,Tallinn,2024,9,18.720000000000002,4.100925925925926,101796.66666666667,0.092,65.86666666666666,34.166666666666664,4.633333333333334,10.479166666666666,13.966666666666667
Estonia,Tallinn,2024,10,10.567741935483872,5.771505376344087,101564.51612903226,0.050967741935483875,72.54838709677419,49.74193548387097,1.2967741935483872,9.065,13.254354838709677
Estonia,Tallinn,2024,11,5.0233333333333325,6.773148148148149,100926.66666666667,0.11066666666666666,83.63333333333334,75.53333333333333,0.24000000000000002,8.368166666666665,11.963333333333333
Estonia,Tallinn,2024,12,2.0064516129032257,6.455197132616488,101161.29032258065,0.06999999999999999,83.45161290322581,79.74193548387096,0.1032258064516129,9.458870967741936,13.493064516129033
Estonia,Tallinn,2025,1,1.335483870967742,5.823476702508961,100677.41935483871,0.16580645161290325,85.93548387096774,83.70967741935483,0.1806451612903226,11.273064516129033,14.985000000000001
Estonia,Tallinn,2025,2,-1.457142857142857,4.020833333333334,102639.28571428571,0.011428571428571429,79.35714285714286,68.75,0.5,17.555178571428574,21.05035714285714
Estonia,Tallinn,2025,3,4.609677419354839,5.163082437275986,101129.03225806452,0.027741935483870966,69.03225806451613,51.935483870967744,1.2645161290322582,11.338709677419354,14.859677419354838
Estonia,Tallinn,2025,4,7.666666666666667,4.5851851851851855,101520.0,0.09433333333333334,63.46666666666667,39.166666666666664,2.0166666666666666,9.755666666666666,12.925333333333333
Estonia,Tallinn,2025,5,11.380645161290323,4.672043010752689,101096.7741935484,0.01838709677419355,55.87096774193548,32.25806451612903,2.9645161290322584,7.674516129032258,10.712096774193547
Estonia,Tallinn,2025,6,15.996666666666666,5.17037037037037,100790.0,0.197,64.86666666666666,43.733333333333334,3.1199999999999997,6.8635,9.792666666666667
Estonia,Tallinn,2025,7,21.780645161290323,4.336917562724015,101012.90322580645,0.17419354838709677,68.83870967741936,29.677419354838708,3.7129032258064516,12.162258064516129,15.14016129032258
Estonia,Tallinn,2025,8,17.22258064516129,4.198028673835125,101016.12903225806,0.1593548387096774,70.41935483870968,46.774193548387096,2.416129032258065,8.211612903225806,11.398387096774194
Estonia,Tallinn,2025,9,14.943333333333333,4.855555555555555,101863.33333333333,0.113,80.83333333333333,51.666666666666664,1.3333333333333333,9.944166666666666,13.461833333333335
Estonia,Tallinn,2025,10,7.109677419354839,5.163082437275986,100958.06451612903,0.14677419354838708,90.6774193548387,60.806451612903224,0.27741935483870966,6.801612903225807,8.917741935483871
Estonia,Tallinn,2025,11,3.8133333333333335,5.023148148148149,100966.66666666667,0.073,91.56666666666666,71.16666666666667,0.020000000000000004,7.126666666666667,9.086666666666668
Estonia,Tallinn,2025,12,2.574193548387097,5.870071684587814,101358.06451612903,0.034193548387096775,88.48387096774194,79.03225806451613,0.0,6.617741935483871,8.682258064516128
Estonia,Tallinn,2026,1,-8.263333333333334,4.781481481481482,101626.66666666667,0.04066666666666666,88.46666666666667,77.83333333333333,0.0,8.593333333333334,10.066666666666666
Estonia,Tallinn,2026,2,-12.133333333333333,3.865740740740741,102450.0,0.01,86.0,66.66666666666667,0.0,7.1000000000000005,8.216666666666667
Estonie,Tallinn,2024,7,23.3,4.694444444444445,101200.0,0.0,61.0,25.0,6.0,17.6,19.0
Ethiopia,Addis Ababa,2024,5,24.41764705882353,5.132352941176471,102017.64705882352,0.03352941176470588,38.35294117647059,60.64705882352941,5.882352941176471,23.647058823529413,96.49411764705883
Ethiopia,Addis Ababa,2024,6,22.349999999999998,6.600198412698413,101910.71428571429,0.5478571428571428,48.142857142857146,60.142857142857146,5.392857142857143,22.771428571428572,101.70714285714287
Ethiopia,Addis Ababa,2024,7,19.42142857142857,2.5297619047619047,101660.71428571429,0.8496428571428571,66.53571428571429,73.10714285714286,4.25,12.285714285714286,72.10357142857143
Ethiopia,Addis Ababa,2024,8,18.5258064516129,3.0304659498207887,101877.41935483871,1.0206451612903227,73.74193548387096,73.64516129032258,3.967741935483871,4.516129032258065,30.874193548387098
Ethiopia,Addis Ababa,2024,9,20.57,3.4444444444444446,102350.0,0.7213333333333334,60.36666666666667,68.66666666666667,4.266666666666667,29.468666666666664,78.863
Ethiopia,Addis Ababa,2024,10,19.661290322580644,2.992831541218638,101980.64516129032,0.2854838709677419,59.67741935483871,69.25806451612904,9.358064516129033,26.90258064516129,69.19596774193548
Ethiopia,Addis Ababa,2024,11,19.526666666666664,2.9194444444444447,102286.66666666667,0.058,45.833333333333336,38.36666666666667,9.79,25.8075,50.949
Ethiopia,Addis Ababa,2024,12,21.403225806451612,3.4516129032258065,101919.35483870968,0.0,28.161290322580644,7.967741935483871,10.419354838709678,26.383387096774193,69.8225806451613
Ethiopia,Addis Ababa,2025,1,21.20967741935484,3.5474910394265233,102219.35483870968,0.001935483870967742,33.45161290322581,25.35483870967742,10.587096774193547,27.326290322580647,62.07048387096774
Ethiopia,Addis Ababa,2025,2,23.042857142857144,4.320436507936508,102296.42857142857,0.0,28.5,14.428571428571429,13.228571428571428,23.204285714285714,61.135892857142856
Ethiopia,Addis Ababa,2025,3,22.174193548387095,3.620071684587814,102319.35483870968,0.0732258064516129,42.903225806451616,48.74193548387097,12.906451612903227,27.86935483870968,55.42241935483871
Ethiopia,Addis Ababa,2025,4,23.0,2.848148148148148,102416.66666666667,0.022333333333333334,34.0,33.56666666666667,12.806666666666667,27.836333333333336,80.068
Ethiopia,Addis Ababa,2025,5,21.838709677419356,2.600358422939068,102432.25806451614,0.060000000000000005,48.16129032258065,44.193548387096776,11.241935483870968,43.74354838709677,119.57564516129031
Ethiopia,Addis Ababa,2025,6,20.596666666666668,2.6129629629629627,102573.33333333333,0.024,56.0,41.13333333333333,10.973333333333333,55.58016666666666,130.23383333333334
Ethiopia,Addis Ababa,2025,7,17.94516129032258,1.7544802867383513,102619.35483870968,0.5896774193548387,71.3225806451613,65.54838709677419,8.864516129032259,25.667258064516126,56.651774193548384
Ethiopia,Addis Ababa,2025,8,16.64516129032258,1.703405017921147,102609.67741935483,0.5929032258064516,77.58064516129032,74.19354838709677,8.387096774193548,19.45483870967742,28.92564516129032
Ethiopia,Addis Ababa,2025,9,18.029999999999998,1.8935185185185186,102533.33333333333,0.36833333333333335,71.63333333333334,67.3,10.25,35.526500000000006,68.84366666666666
Ethiopia,Addis Ababa,2025,10,18.896774193548385,2.7150537634408605,102554.83870967742,0.10096774193548388,51.903225806451616,41.54838709677419,9.05483870967742,25.259677419354837,47.75645161290323
Ethiopia,Addis Ababa,2025,11,18.183333333333334,2.8324074074074077,102786.66666666667,0.001,44.4,10.333333333333334,6.873333333333333,25.58,40.10666666666667
Ethiopia,Addis Ababa,2025,12,17.032258064516128,2.6550179211469533,102619.35483870968,0.014838709677419355,55.32258064516129,33.32258064516129,5.941935483870967,30.06935483870968,43.92741935483871
Ethiopia,Addis Ababa,2026,1,16.163333333333334,2.2722222222222226,102613.33333333333,0.0013333333333333333,47.233333333333334,17.2,6.533333333333333,26.636666666666667,43.86666666666667
Ethiopia,Addis Ababa,2026,2,17.216666666666665,1.9351851851851853,102233.33333333333,0.0,41.166666666666664,16.0,5.466666666666666,27.666666666666668,47.800000000000004
Ethiopia,Addis Abeba,2024,6,19.8,1.0,101100.0,0.34,59.0,82.0,4.0,7.1,59.1
Fiji Islands,Suva,2024,5,24.0,4.472222222222222,101256.25,0.179375,97.8125,65.625,1.0,1.875,3.65
Fiji Islands,Suva,2024,6,22.573333333333334,1.9592592592592593,101496.66666666667,0.155,93.3,56.733333333333334,1.0,1.9733333333333334,5.35
Fiji Islands,Suva,2024,7,22.63448275862069,3.1331417624521074,101479.31034482758,0.10172413793103448,85.82758620689656,64.51724137931035,1.0,2.413793103448276,7.755172413793104
Fiji Islands,Suva,2024,8,21.625806451612902,3.0851254480286743,101712.90322580645,1.040967741935484,85.19354838709677,63.0,1.0,1.929032258064516,5.964516129032258
Fiji Islands,Suva,2024,9,22.74516129032258,2.968637992831541,101522.58064516129,0.1503225806451613,91.12903225806451,54.83870967741935,1.0,11.815483870967743,21.516129032258064
Fiji Islands,Suva,2024,10,23.725806451612904,3.193548387096774,101374.19354838709,0.36096774193548387,92.48387096774194,68.38709677419355,0.2903225806451613,9.041129032258064,15.659354838709678
Fiji Islands,Suva,2024,11,24.833333333333332,3.585185185185185,101276.66666666667,0.30866666666666664,92.86666666666666,72.86666666666666,0.03333333333333333,7.794666666666667,12.697166666666668
Fiji Islands,Suva,2024,12,25.306451612903224,2.5896057347670247,101006.45161290323,0.08290322580645162,93.51612903225806,59.70967741935484,0.0,6.904677419354839,9.942258064516128
Fiji Islands,Suva,2025,1,25.493548387096773,2.509856630824373,100970.96774193548,0.6296774193548387,95.29032258064517,62.903225806451616,0.03225806451612903,5.353064516129032,7.382096774193548
Fiji Islands,Suva,2025,2,26.092857142857145,2.6875,100892.85714285714,0.41964285714285715,95.0,67.85714285714286,0.0,6.29,8.569464285714286
Fiji Islands,Suva,2025,3,25.73225806451613,2.5797491039426523,101109.67741935483,0.45612903225806456,95.09677419354838,70.16129032258064,0.0,5.597741935483871,7.990806451612904
Fiji Islands,Suva,2025,4,25.723333333333336,2.721296296296296,101120.0,0.6579999999999999,96.33333333333333,60.4,0.0,5.451333333333333,7.8625
Fiji Islands,Suva,2025,5,24.870967741935484,4.118279569892473,101261.29032258065,0.22451612903225807,91.3225806451613,60.483870967741936,0.0,6.928548387096774,10.49725806451613
Fiji Islands,Suva,2025,6,23.75,4.212962962962964,101443.33333333333,0.15933333333333335,88.8,54.166666666666664,0.0,9.3425,14.232666666666667
Fiji Islands,Suva,2025,7,23.041935483870965,3.8870967741935485,101419.35483870968,0.056129032258064517,87.41935483870968,62.096774193548384,0.0,8.665161290322581,13.16483870967742
Fiji Islands,Suva,2025,8,23.519354838709678,3.5448028673835124,101400.0,0.13032258064516128,86.93548387096774,62.096774193548384,0.0,8.86209677419355,12.800806451612903
Fiji Islands,Suva,2025,9,23.116666666666667,4.389814814814815,101560.0,0.05633333333333333,80.1,59.166666666666664,0.0,10.83,16.092833333333335
Fiji Islands,Suva,2025,10,24.5258064516129,4.17741935483871,101416.12903225806,0.21774193548387097,86.38709677419355,62.903225806451616,0.0,6.175806451612903,8.672580645161291
Fiji Islands,Suva,2025,11,25.37,2.6722222222222225,100936.66666666667,0.47833333333333333,91.66666666666667,66.66666666666667,0.0033333333333333335,3.603333333333333,4.59
Fiji Islands,Suva,2025,12,26.438709677419357,2.6335125448028673,100777.41935483871,0.30838709677419357,86.80645161290323,66.51612903225806,0.0,3.8048387096774197,5.043548387096774
Fiji Islands,Suva,2026,1,27.703333333333333,3.564814814814815,100580.0,0.4906666666666667,85.4,68.33333333333333,0.006666666666666667,3.24,4.023333333333333
Fiji Islands,Suva,2026,2,28.133333333333336,2.402777777777778,100750.0,0.9666666666666667,86.66666666666667,75.0,0.0,3.25,3.8666666666666667
Finland,Helsinki,2024,5,22.764705882352942,4.84967320261438,101994.11764705883,0.03294117647058824,37.529411764705884,4.411764705882353,5.0588235294117645,11.094117647058825,13.9
Finland,Helsinki,2024,6,20.45,5.787962962962964,101006.66666666667,0.018000000000000002,53.0,20.6,4.7,3.14,4.3100000000000005
Finland,Helsinki,2024,7,21.158620689655173,4.792145593869732,101044.8275862069,0.15137931034482757,64.34482758620689,42.13793103448276,4.931034482758621,3.6724137931034484,4.744827586206896
Finland,Helsinki,2024,8,21.125806451612902,4.598566308243728,101125.80645161291,0.0735483870967742,61.38709677419355,45.935483870967744,4.903225806451613,3.206451612903226,4.783870967741936
Finland,Helsinki,2024,9,17.64,4.291666666666667,101800.0,0.13033333333333333,70.2,36.666666666666664,4.6,10.432500000000001,15.143166666666668
Finland,Helsinki,2024,10,10.025806451612903,5.228494623655914,101496.7741935484,0.06225806451612903,78.29032258064517,48.935483870967744,1.2935483870967743,7.61483870967742,13.236451612903226
Finland,Helsinki,2024,11,4.09,5.985185185185186,100793.33333333333,0.09766666666666667,87.1,60.3,0.24666666666666667,7.7885,12.943833333333334
Finland,Helsinki,2024,12,0.9419354838709677,5.661290322580645,101064.51612903226,0.10935483870967742,88.70967741935483,67.16129032258064,0.0967741935483871,7.829677419354839,13.081290322580644
Finland,Helsinki,2025,1,-0.08709677419354832,5.282258064516129,100609.67741935483,0.18774193548387097,89.6774193548387,56.12903225806452,0.1774193548387097,8.963548387096774,13.218548387096773
Finland,Helsinki,2025,2,-2.039285714285714,4.107142857142857,102614.28571428571,0.007857142857142858,85.42857142857143,63.75,0.4321428571428571,15.625892857142857,20.171607142857145
Finland,Helsinki,2025,3,4.129032258064516,4.737455197132617,101032.25806451614,0.0035483870967741938,68.48387096774194,37.096774193548384,1.2999999999999998,8.921774193548387,13.170806451612904
Finland,Helsinki,2025,4,7.676666666666667,4.412037037037037,101493.33333333333,0.05466666666666666,59.46666666666667,32.5,1.88,8.7875,12.839
Finland,Helsinki,2025,5,12.141935483870967,4.100358422939069,101051.6129032258,0.01129032258064516,52.225806451612904,31.451612903225808,2.7870967741935484,6.63016129032258,9.93032258064516
Finland,Helsinki,2025,6,16.09,4.884259259259259,100726.66666666667,0.3313333333333333,66.03333333333333,42.06666666666667,2.8400000000000003,6.882000000000001,9.891333333333334
Finland,Helsinki,2025,7,22.73548387096774,4.235663082437276,101041.93548387097,0.07612903225806451,63.70967741935484,28.225806451612904,3.661290322580645,11.51774193548387,14.752258064516129
Finland,Helsinki,2025,8,17.093548387096774,4.101254480286738,100967.74193548386,0.07258064516129033,73.19354838709677,34.67741935483871,2.4741935483870967,7.8714516129032255,11.73258064516129
Finland,Helsinki,2025,9,14.353333333333333,4.800925925925926,101833.33333333333,0.07233333333333333,85.93333333333334,46.666666666666664,1.2566666666666668,8.631833333333333,12.715
Finland,Helsinki,2025,10,7.232258064516128,5.008960573476703,100932.25806451614,0.045806451612903226,89.93548387096774,58.87096774193548,0.25483870967741934,5.533870967741936,8.053225806451612
Finland,Helsinki,2025,11,3.42,4.8314814814814815,100836.66666666667,0.11200000000000002,92.96666666666667,59.166666666666664,0.020000000000000004,5.383333333333334,7.8
Finland,Helsinki,2025,12,1.7354838709677418,5.209677419354839,101267.74193548386,0.05322580645161291,88.38709677419355,60.806451612903224,0.0,5.233870967741935,7.230645161290322
Finland,Helsinki,2026,1,-9.68,4.474074074074074,101706.66666666667,0.04133333333333333,88.26666666666667,57.833333333333336,0.0,5.666666666666667,6.913333333333333
Finland,Helsinki,2026,2,-17.983333333333334,2.930555555555556,102566.66666666667,0.0016666666666666668,85.33333333333333,41.666666666666664,0.0,6.516666666666667,8.283333333333333
France,Paris,2024,5,17.423529411764704,3.3496732026143796,101229.41176470589,0.38,68.76470588235294,55.05882352941177,3.9411764705882355,2.6,3.3588235294117648
France,Paris,2024,6,21.113333333333333,4.062037037037038,101466.66666666667,0.182,56.733333333333334,50.9,4.933333333333334,3.506666666666667,4.680000000000001
France,Paris,2024,7,24.268965517241377,3.4875478927203067,101496.55172413793,0.13034482758620689,49.310344827586206,38.41379310344828,6.0,4.379310344827586,5.517241379310345
France,Paris,2024,8,25.80322580645161,3.6980286738351253,101525.80645161291,0.147741935483871,49.193548387096776,35.354838709677416,6.580645161290323,6.380645161290323,8.816129032258065
France,Paris,2024,9,18.116666666666667,4.664814814814815,101490.0,0.016666666666666666,72.53333333333333,57.5,4.933333333333334,13.893666666666666,19.363
France,Paris,2024,10,14.003225806451614,2.8897849462365595,101603.2258064516,0.162258064516129,87.45161290322581,54.29032258064516,1.4193548387096775,26.449032258064516,34.02806451612903
France,Paris,2024,11,8.963333333333333,3.2064814814814815,102150.0,0.07166666666666667,87.53333333333333,55.266666666666666,0.3766666666666667,40.552,48.439166666666665
France,Paris,2024,12,6.548387096774194,3.5376344086021505,102464.51612903226,0.08774193548387098,85.19354838709677,68.2258064516129,0.3645161290322581,30.405645161290323,38.18161290322581
France,Paris,2025,1,4.6,3.661290322580645,101648.3870967742,0.12290322580645162,88.90322580645162,66.3225806451613,0.45806451612903226,36.35548387096774,45.020645161290325
France,Paris,2025,2,5.514285714285714,3.1349206349206353,102267.85714285714,0.05607142857142857,85.64285714285714,50.0,0.8142857142857143,37.33696428571428,43.63357142857143
France,Paris,2025,3,9.348387096774195,3.2419354838709675,101664.51612903226,0.019032258064516132,73.03225806451613,29.838709677419356,1.435483870967742,34.535322580645165,40.586612903225806
France,Paris,2025,4,13.853333333333333,3.551851851851852,101643.33333333333,0.006666666666666667,62.13333333333333,21.666666666666668,2.05,27.410833333333336,33.6145
France,Paris,2025,5,16.493333333333332,3.614814814814815,101783.33333333333,0.059333333333333335,63.56666666666667,30.0,2.5833333333333335,18.173166666666663,23.5875
France,Paris,2025,6,21.403333333333332,3.273148148148148,101896.66666666667,0.019666666666666666,63.166666666666664,39.56666666666667,3.4099999999999997,14.682833333333333,21.564833333333336
France,Paris,2025,7,21.070967741935487,2.992831541218638,101641.93548387097,0.30806451612903224,67.87096774193549,43.935483870967744,2.606451612903226,15.766774193548386,23.70387096774194
France,Paris,2025,8,19.825806451612905,3.1093189964157704,101706.45161290323,0.038387096774193545,68.87096774193549,29.032258064516128,1.7258064516129032,18.046451612903226,26.926451612903225
France,Paris,2025,9,14.806666666666667,3.9824074074074076,101746.66666666667,0.134,83.53333333333333,36.666666666666664,0.6733333333333333,15.979333333333333,23.358999999999998
France,Paris,2025,10,11.345161290322581,3.7231182795698925,101658.06451612903,0.07741935483870968,87.35483870967742,41.12903225806452,0.14838709677419354,13.80483870967742,17.13064516129032
France,Paris,2025,11,7.9,3.2796296296296297,101303.33333333333,0.012333333333333333,91.36666666666666,58.333333333333336,0.03666666666666667,11.543333333333333,14.79
France,Paris,2025,12,6.190322580645161,3.341397849462366,101690.32258064517,0.11032258064516129,90.74193548387096,59.67741935483871,0.0,14.466129032258063,17.84032258064516
France,Paris,2026,1,4.086666666666667,3.613888888888889,100583.33333333333,0.12333333333333332,90.9,61.666666666666664,0.0,11.483333333333333,14.536666666666667
France,Paris,2026,2,6.1499999999999995,3.300925925925926,99283.33333333333,0.17666666666666667,95.5,58.333333333333336,0.0,9.3,12.033333333333333
Gabon,Libreville,2024,5,29.823529411764707,3.4836601307189543,101011.76470588235,0.21470588235294116,78.0,44.11764705882353,6.176470588235294,18.48235294117647,24.188235294117646
Gabon,Libreville,2024,6,28.113793103448273,3.6743295019157087,101141.37931034483,0.023448275862068966,72.48275862068965,42.37931034482759,6.724137931034483,11.117241379310345,17.175862068965518
Gabon,Libreville,2024,7,27.017241379310345,3.706896551724138,101375.86206896552,0.007586206896551724,71.93103448275862,58.310344827586206,6.448275862068965,6.903448275862068,11.634482758620688
Gabon,Libreville,2024,8,27.203225806451613,4.324372759856631,101358.06451612903,0.013870967741935483,69.80645161290323,46.96774193548387,6.548387096774194,6.109677419354839,10.380645161290323
Gabon,Libreville,2024,9,27.83,2.886111111111111,101316.66666666667,0.21966666666666665,79.26666666666667,63.93333333333333,6.033333333333333,10.710333333333333,15.840499999999999
Gabon,Libreville,2024,10,26.12258064516129,2.5367383512544808,101412.90322580645,0.5609677419354839,87.06451612903226,71.35483870967742,5.074193548387097,12.496451612903225,18.291129032258063
Gabon,Libreville,2024,11,26.816666666666666,2.4314814814814816,101250.0,0.25266666666666665,88.33333333333333,57.63333333333333,3.7066666666666666,10.841000000000001,13.517333333333333
Gabon,Libreville,2024,12,28.98709677419355,2.228494623655914,101164.51612903226,0.3141935483870968,76.74193548387096,48.806451612903224,7.264516129032257,12.53225806451613,14.889516129032257
Gabon,Libreville,2025,1,28.929032258064513,2.0842293906810037,101164.51612903226,0.20129032258064516,80.41935483870968,40.225806451612904,6.893548387096774,16.178548387096775,20.266451612903225
Gabon,Libreville,2025,2,29.3,2.041666666666667,101060.71428571429,0.43071428571428566,81.46428571428571,41.07142857142857,7.7821428571428575,18.84357142857143,24.90892857142857
Gabon,Libreville,2025,3,29.23548387096774,2.2455197132616487,101148.3870967742,0.14193548387096774,79.06451612903226,37.45161290322581,5.612903225806452,19.604032258064517,26.27
Gabon,Libreville,2025,4,28.69,2.2351851851851854,101143.33333333333,0.098,80.56666666666666,37.4,4.663333333333333,16.933666666666667,21.256500000000003
Gabon,Libreville,2025,5,27.296774193548387,2.144265232974911,101303.2258064516,0.49193548387096775,87.3225806451613,42.0,3.541935483870968,17.03790322580645,18.846129032258066
Gabon,Libreville,2025,6,26.57,2.8972222222222226,101463.33333333333,0.09966666666666667,85.8,54.166666666666664,3.2333333333333334,21.102333333333334,23.501166666666666
Gabon,Libreville,2025,7,24.483870967741936,3.21236559139785,101654.83870967742,0.01903225806451613,82.35483870967742,47.193548387096776,1.567741935483871,26.99806451612903,30.72790322580645
Gabon,Libreville,2025,8,23.97741935483871,3.161290322580645,101619.35483870968,0.02645161290322581,84.0,56.516129032258064,1.6903225806451612,23.942580645161293,27.523225806451613
Gabon,Libreville,2025,9,24.84333333333333,2.6814814814814816,101473.33333333333,0.10733333333333332,89.16666666666667,68.9,1.4033333333333333,18.320833333333333,21.32133333333333
Gabon,Libreville,2025,10,25.74516129032258,2.4802867383512543,101351.6129032258,0.3783870967741936,87.06451612903226,60.483870967741936,1.4064516129032258,9.008064516129032,10.540322580645162
Gabon,Libreville,2025,11,25.95,2.3296296296296295,101243.33333333333,0.23666666666666666,88.83333333333333,58.333333333333336,0.9433333333333334,8.166666666666666,8.833333333333334
Gabon,Libreville,2025,12,26.177419354838708,2.8189964157706098,101112.90322580645,0.13741935483870968,89.54838709677419,45.96774193548387,0.8516129032258065,11.30483870967742,12.108064516129033
Gabon,Libreville,2026,1,26.053333333333335,2.6101851851851854,101116.66666666667,0.15633333333333332,90.93333333333334,48.266666666666666,0.8233333333333334,11.870000000000001,13.193333333333333
Gabon,Libreville,2026,2,25.183333333333334,2.625,101100.0,0.4366666666666666,90.66666666666667,41.666666666666664,0.9500000000000001,10.450000000000001,12.033333333333333
Gambia,Banjul,2024,5,32.8235294117647,3.5049019607843137,101141.17647058824,0.0,47.8235294117647,2.9411764705882355,6.647058823529412,23.77058823529412,90.7764705882353
Gambia,Banjul,2024,6,31.53103448275862,3.373563218390805,101213.79310344828,0.0003448275862068966,56.172413793103445,31.275862068965516,6.896551724137931,17.99310344827586,89.2
Gambia,Banjul,2024,7,29.0,3.35218253968254,101339.28571428571,0.15071428571428572,75.64285714285714,60.42857142857143,6.25,6.139285714285714,27.678571428571427
Gambia,Banjul,2024,8,28.261290322580646,3.816308243727599,101225.80645161291,0.31483870967741934,78.64516129032258,64.51612903225806,6.129032258064516,3.0677419354838706,9.245161290322581
Gambia,Banjul,2024,9,27.553333333333335,3.216666666666667,101210.0,0.22566666666666668,83.8,67.8,6.3,13.939833333333333,38.771499999999996
Gambia,Banjul,2024,10,27.338709677419356,4.349462365591398,101293.54838709677,0.7632258064516129,81.54838709677419,46.16129032258065,2.735483870967742,35.2991935483871,106.2258064516129
Gambia,Banjul,2024,11,25.959999999999997,4.478703703703704,101196.66666666667,0.0,64.1,2.6333333333333333,1.05,39.38033333333333,98.19800000000001
Gambia,Banjul,2024,12,25.154838709677417,5.595878136200717,101383.87096774194,0.0,39.645161290322584,6.516129032258065,2.5903225806451613,87.18870967741935,265.9941935483871
Gambia,Banjul,2025,1,23.84193548387097,6.3557347670250905,101341.93548387097,0.0,31.677419354838708,1.4838709677419355,2.703225806451613,64.11145161290322,204.10870967741934
Gambia,Banjul,2025,2,22.707142857142856,6.025793650793651,101235.71428571429,0.0,38.42857142857143,0.35714285714285715,2.9499999999999997,69.99607142857143,206.4798214285714
Gambia,Banjul,2025,3,22.683870967741935,4.877240143369176,101193.54838709677,0.0,58.38709677419355,0.6129032258064516,1.5451612903225806,50.343870967741935,134.7516129032258
Gambia,Banjul,2025,4,23.666666666666668,4.101851851851852,101060.0,0.0,66.3,7.866666666666666,1.47,41.48316666666666,119.83066666666667
Gambia,Banjul,2025,5,24.26451612903226,2.9103942652329753,101219.35483870968,0.05580645161290323,77.80645161290323,13.709677419354838,1.0451612903225806,56.19822580645161,179.1516129032258
Gambia,Banjul,2025,6,26.003333333333334,4.026851851851852,101336.66666666667,0.001,83.03333333333333,41.9,1.1900000000000002,43.327,145.10166666666666
Gambia,Banjul,2025,7,25.9,5.335125448028673,101348.3870967742,0.28258064516129033,90.25806451612904,57.38709677419355,0.6161290322580646,20.338064516129034,56.86064516129032
Gambia,Banjul,2025,8,25.070967741935487,4.235663082437276,101196.7741935484,0.9232258064516129,98.03225806451613,60.45161290322581,0.3903225806451613,14.453870967741935,39.97193548387097
Gambia,Banjul,2025,9,24.456666666666667,3.903703703703704,101170.0,0.11933333333333333,99.6,60.833333333333336,0.21666666666666667,15.309166666666666,44.509
Gambia,Banjul,2025,10,25.05806451612903,4.080645161290323,101158.06451612903,0.11451612903225808,96.29032258064517,46.096774193548384,0.1064516129032258,17.088709677419356,45.46612903225807
Gambia,Banjul,2025,11,24.34333333333333,5.562037037037038,101126.66666666667,0.0,79.83333333333333,20.0,0.030000000000000002,15.593333333333334,41.05
Gambia,Banjul,2025,12,20.59032258064516,6.585125448028673,101170.96774193548,0.000967741935483871,53.516129032258064,0.0,0.0,21.198387096774194,78.70483870967742
Gambia,Banjul,2026,1,20.383333333333333,5.484259259259259,101200.0,0.0006666666666666666,51.833333333333336,0.0,0.0,22.77,73.24
Gambia,Banjul,2026,2,19.95,3.967592592592593,101233.33333333333,0.0,73.5,0.3333333333333333,0.0,20.016666666666666,47.800000000000004
Georgia,Tbilisi,2024,5,20.176470588235293,3.537581699346405,101617.64705882352,0.011176470588235295,58.64705882352941,39.470588235294116,4.705882352941177,4.711764705882352,10.852941176470589
Georgia,Tbilisi,2024,6,28.54137931034483,5.031609195402299,101172.41379310345,0.05586206896551724,44.10344827586207,21.310344827586206,6.896551724137931,2.903448275862069,4.5
Georgia,Tbilisi,2024,7,30.075,3.5714285714285716,100860.71428571429,0.04714285714285714,42.92857142857143,31.5,7.535714285714286,3.7142857142857144,8.314285714285715
Georgia,Tbilisi,2024,8,31.458064516129035,3.613799283154122,101048.3870967742,0.15870967741935485,35.774193548387096,16.06451612903226,7.161290322580645,6.341935483870968,17.138709677419353
Georgia,Tbilisi,2024,9,25.490000000000002,3.7277777777777783,101650.0,0.017666666666666667,46.2,30.366666666666667,6.5,30.81,92.34183333333334
Georgia,Tbilisi,2024,10,17.629032258064516,2.586917562724014,101922.58064516129,0.04516129032258064,54.645161290322584,26.258064516129032,3.551612903225806,14.716451612903224,20.773709677419355
Georgia,Tbilisi,2024,11,11.156666666666666,2.8305555555555557,102156.66666666667,0.07566666666666667,59.06666666666667,33.0,1.5633333333333332,20.3685,26.92983333333333
Georgia,Tbilisi,2024,12,6.935483870967742,2.6684587813620073,102245.16129032258,0.022258064516129033,60.935483870967744,31.870967741935484,1.0225806451612902,22.07467741935484,30.17290322580645
Georgia,Tbilisi,2025,1,8.706451612903225,2.793906810035842,102383.87096774194,0.0032258064516129032,51.61290322580645,24.225806451612904,1.3129032258064517,22.772903225806452,29.009193548387096
Georgia,Tbilisi,2025,2,6.057142857142857,2.581349206349206,102032.14285714286,0.05142857142857143,53.464285714285715,42.857142857142854,1.842857142857143,18.163035714285716,23.528035714285714
Georgia,Tbilisi,2025,3,14.983870967741936,2.746415770609319,101945.16129032258,0.06193548387096774,42.67741935483871,22.548387096774192,3.958064516129032,22.552096774193547,32.888225806451615
Georgia,Tbilisi,2025,4,16.113333333333333,2.899074074074074,101613.33333333333,0.06966666666666667,58.3,34.9,4.593333333333333,18.23483333333333,31.6905
Georgia,Tbilisi,2025,5,21.738709677419354,3.0654121863799286,101516.12903225806,0.03741935483870967,52.903225806451616,20.93548387096774,7.158064516129032,15.939838709677419,28.04241935483871
Georgia,Tbilisi,2025,6,25.456666666666667,3.9481481481481486,101420.0,0.019,44.9,10.766666666666667,8.76,10.834833333333334,13.887333333333334
Georgia,Tbilisi,2025,7,29.503225806451614,3.3001792114695343,101177.41935483871,0.09709677419354838,45.774193548387096,14.096774193548388,8.458064516129031,22.731129032258064,42.57983870967742
Georgia,Tbilisi,2025,8,29.716129032258067,3.4157706093189963,101432.25806451614,0.003870967741935484,43.903225806451616,16.483870967741936,7.45483870967742,18.225483870967743,29.98193548387097
Georgia,Tbilisi,2025,9,21.323333333333334,2.805555555555556,101720.0,0.04033333333333333,62.6,41.63333333333333,4.096666666666667,13.273666666666665,18.3885
Georgia,Tbilisi,2025,10,17.05483870967742,2.4516129032258065,101906.45161290323,0.011935483870967743,61.67741935483871,20.548387096774192,2.5999999999999996,10.41451612903226,15.37258064516129
Georgia,Tbilisi,2025,11,12.073333333333332,1.6027777777777779,102406.66666666667,0.0,59.86666666666667,13.333333333333334,1.3133333333333332,18.183333333333334,24.58
Georgia,Tbilisi,2025,12,5.409677419354838,2.1039426523297493,102022.58064516129,0.016774193548387096,75.38709677419355,34.645161290322584,0.6935483870967742,11.501612903225807,14.953225806451613
Georgia,Tbilisi,2026,1,3.1333333333333333,2.588888888888889,101876.66666666667,0.012666666666666666,70.66666666666667,21.233333333333334,0.7733333333333333,9.603333333333333,13.95
Georgia,Tbilisi,2026,2,5.666666666666667,3.1203703703703702,101650.0,0.0,72.66666666666667,33.333333333333336,1.1666666666666667,8.716666666666667,10.783333333333331
Germany,Berlin,2024,5,22.294117647058822,4.955882352941177,101141.17647058824,0.22176470588235295,51.470588235294116,14.705882352941176,5.294117647058823,2.9941176470588236,3.3588235294117648
Germany,Berlin,2024,6,22.483333333333334,4.383333333333334,101260.0,0.08033333333333334,51.56666666666667,25.933333333333334,5.7,3.2266666666666666,4.12
Germany,Berlin,2024,7,24.217241379310344,4.153256704980842,101396.55172413793,0.04275862068965517,50.03448275862069,31.586206896551722,5.931034482758621,3.410344827586207,4.203448275862069
Germany,Berlin,2024,8,26.10967741935484,4.283154121863799,101470.96774193548,0.01935483870967742,44.774193548387096,21.64516129032258,6.612903225806452,5.664516129032258,7.17741935483871
Germany,Berlin,2024,9,21.146666666666665,5.540740740740741,101480.0,0.079,56.3,20.0,5.5,13.701666666666666,19.812833333333334
Germany,Berlin,2024,10,13.248387096774193,4.103046594982079,101725.80645161291,0.03645161290322581,75.09677419354838,33.064516129032256,1.567741935483871,21.107903225806453,27.27258064516129
Germany,Berlin,2024,11,5.989999999999999,3.8333333333333335,101993.33333333333,0.14366666666666666,81.56666666666666,62.46666666666667,0.42,25.665666666666667,32.10366666666667
Germany,Berlin,2024,12,4.883870967741935,4.077956989247312,102012.90322580645,0.034516129032258064,81.90322580645162,60.774193548387096,0.27419354838709675,22.33725806451613,27.36806451612903
Germany,Berlin,2025,1,3.829032258064516,4.387992831541219,101445.16129032258,0.03580645161290323,80.48387096774194,42.806451612903224,0.45483870967741935,21.33467741935484,26.96225806451613
Germany,Berlin,2025,2,2.607142857142857,3.0992063492063493,102642.85714285714,0.008928571428571428,76.07142857142857,41.964285714285715,0.8571428571428571,34.37696428571429,40.495178571428575
Germany,Berlin,2025,3,8.067741935483872,3.206093189964158,101745.16129032258,0.019677419354838712,63.96774193548387,30.64516129032258,1.7935483870967743,36.26,43.01548387096774
Germany,Berlin,2025,4,13.483333333333333,3.587037037037037,101836.66666666667,0.03266666666666666,60.3,24.166666666666668,2.64,18.7775,24.98116666666667
Germany,Berlin,2025,5,15.261290322580646,4.237455197132617,101564.51612903226,0.0632258064516129,56.58064516129032,29.032258064516128,3.083870967741935,11.475967741935484,15.826451612903226
Germany,Berlin,2025,6,21.246666666666666,4.746296296296296,101716.66666666667,0.09566666666666666,54.666666666666664,24.166666666666668,4.04,12.388833333333334,17.279
Germany,Berlin,2025,7,20.932258064516127,3.78494623655914,101235.48387096774,0.2245161290322581,67.25806451612904,44.354838709677416,2.796774193548387,12.34725806451613,16.870806451612903
Germany,Berlin,2025,8,19.174193548387095,3.2132616487455197,101561.29032258065,0.10290322580645161,70.41935483870968,34.67741935483871,2.232258064516129,15.963709677419354,23.333870967741937
Germany,Berlin,2025,9,15.416666666666666,4.2972222222222225,101783.33333333333,0.07800000000000001,78.53333333333333,15.833333333333334,1.0666666666666667,14.609333333333332,19.625833333333333
Germany,Berlin,2025,10,9.45483870967742,4.584229390681004,101351.6129032258,0.04354838709677419,87.19354838709677,43.54838709677419,0.26129032258064516,9.73709677419355,12.582258064516129
Germany,Berlin,2025,11,4.093333333333333,2.968518518518519,101326.66666666667,0.033666666666666664,91.5,46.666666666666664,0.03666666666666667,13.573333333333332,16.4
Germany,Berlin,2025,12,2.167741935483871,3.261648745519713,101990.32258064517,0.034516129032258064,92.7741935483871,51.61290322580645,0.0,15.959677419354838,19.16290322580645
Germany,Berlin,2026,1,-3.2066666666666666,4.178703703703704,100860.0,0.01566666666666667,87.43333333333334,51.666666666666664,0.0,17.476666666666667,19.7
Germany,Berlin,2026,2,-5.566666666666666,5.199074074074074,100650.0,0.15333333333333335,81.16666666666667,87.5,0.0,18.349999999999998,21.1
Ghana,Accra,2024,5,30.358823529411765,5.375816993464053,101105.88235294117,0.10470588235294118,72.17647058823529,38.529411764705884,6.764705882352941,5.7176470588235295,9.888235294117647
Ghana,Accra,2024,6,29.02,5.650925925925927,101226.66666666667,0.23099999999999998,74.83333333333333,50.86666666666667,6.066666666666666,5.1433333333333335,9.05
Ghana,Accra,2024,7,27.055172413793105,6.044061302681993,101448.27586206897,0.047241379310344826,77.0,79.82758620689656,6.0344827586206895,5.413793103448276,9.582758620689654
Ghana,Accra,2024,8,26.651612903225807,6.430107526881721,101425.80645161291,0.03483870967741936,74.70967741935483,79.19354838709677,6.129032258064516,4.248387096774193,8.83548387096774
Ghana,Accra,2024,9,28.1,4.91388888888889,101426.66666666667,0.039,72.13333333333334,58.4,6.333333333333333,11.844666666666665,18.760166666666667
Ghana,Accra,2024,10,27.238709677419354,3.2249103942652333,101400.0,0.11032258064516129,81.6774193548387,54.70967741935484,4.835483870967742,11.893709677419354,19.06096774193548
Ghana,Accra,2024,11,28.323333333333334,2.3240740740740744,101233.33333333333,0.09966666666666665,80.66666666666667,20.166666666666668,3.4099999999999997,26.886666666666667,49.05583333333333
Ghana,Accra,2024,12,30.203225806451613,2.0080645161290325,101235.48387096774,0.000967741935483871,61.645161290322584,29.419354838709676,5.558064516129033,63.1983870967742,155.14338709677418
Ghana,Accra,2025,1,30.096774193548388,3.014336917562724,101203.2258064516,0.0035483870967741938,69.83870967741936,35.225806451612904,5.638709677419355,42.472419354838706,99.81645161290322
Ghana,Accra,2025,2,30.025000000000002,3.773809523809524,101085.71428571429,0.002142857142857143,72.28571428571429,37.5,6.035714285714286,34.09285714285714,80.11821428571429
Ghana,Accra,2025,3,29.219354838709677,4.491039426523297,101119.35483870968,0.00903225806451613,76.25806451612904,33.96774193548387,4.164516129032258,16.66790322580645,36.594193548387096
Ghana,Accra,2025,4,28.663333333333334,4.072222222222222,101103.33333333333,0.007333333333333333,80.26666666666667,35.0,3.7866666666666666,16.3355,32.04816666666667
Ghana,Accra,2025,5,28.19677419354839,3.448924731182796,101303.2258064516,0.1767741935483871,82.06451612903226,34.903225806451616,2.832258064516129,12.299516129032257,19.753225806451614
Ghana,Accra,2025,6,26.646666666666665,3.6009259259259263,101460.0,0.418,87.03333333333333,40.0,2.9099999999999997,12.351833333333333,15.237833333333333
Ghana,Accra,2025,7,25.006451612903227,4.173835125448028,101664.51612903226,0.05290322580645161,88.35483870967742,73.38709677419355,1.6129032258064515,23.69193548387097,29.66564516129032
Ghana,Accra,2025,8,24.041935483870965,3.947132616487455,101561.29032258065,0.022903225806451613,90.54838709677419,79.03225806451613,1.332258064516129,21.04225806451613,26.711612903225806
Ghana,Accra,2025,9,24.94333333333333,3.6092592592592596,101466.66666666667,0.037,89.6,72.03333333333333,1.2566666666666668,16.122333333333334,20.676333333333332
Ghana,Accra,2025,10,25.44516129032258,3.100358422939068,101306.45161290323,0.10612903225806451,90.12903225806451,38.483870967741936,1.0419354838709676,9.182258064516128,12.314516129032258
Ghana,Accra,2025,11,25.83,2.7962962962962963,101173.33333333333,0.009666666666666667,91.4,14.733333333333333,0.64,11.5,15.956666666666667
Ghana,Accra,2025,12,25.825806451612905,3.3154121863799286,101064.51612903226,0.032903225806451615,93.64516129032258,15.32258064516129,0.3,13.430645161290323,20.601612903225806
Ghana,Accra,2026,1,26.39333333333333,3.308333333333333,101083.33333333333,0.015000000000000001,91.03333333333333,25.333333333333332,0.29,15.066666666666666,26.423333333333336
Ghana,Accra,2026,2,27.2,3.5,101016.66666666667,0.005,88.16666666666667,29.166666666666668,0.25,13.649999999999999,23.46666666666667
Greece,Athens,2024,5,24.705882352941178,4.833333333333334,101341.17647058824,0.026470588235294117,44.529411764705884,22.058823529411764,6.176470588235294,10.935294117647059,19.329411764705885
Greece,Athens,2024,6,34.02068965517241,5.142720306513411,101051.72413793103,0.0003448275862068966,26.24137931034483,12.344827586206897,7.931034482758621,10.206896551724139,25.162068965517243
Greece,Athens,2024,7,34.91428571428572,6.215277777777778,100896.42857142857,0.045,26.714285714285715,9.75,8.178571428571429,6.817857142857143,8.635714285714286
Greece,Athens,2024,8,34.141935483870974,5.077060931899641,100967.74193548386,0.024193548387096774,30.548387096774192,14.096774193548388,8.0,10.709677419354838,13.303225806451612
Greece,Athens,2024,9,29.716666666666665,4.052777777777778,101206.66666666667,0.005666666666666666,36.13333333333333,29.166666666666668,7.033333333333333,17.018333333333334,26.476666666666667
Greece,Athens,2024,10,24.177419354838708,4.184587813620072,101948.3870967742,0.0,42.38709677419355,21.774193548387096,4.361290322580645,20.96467741935484,36.95822580645161
Greece,Athens,2024,11,17.15666666666667,3.973148148148148,102086.66666666667,0.004666666666666667,55.6,33.333333333333336,1.8099999999999998,25.0305,37.006166666666665
Greece,Athens,2024,12,14.764516129032257,3.771505376344086,101832.25806451614,0.02,60.12903225806452,41.58064516129032,1.5838709677419356,23.93064516129032,35.68709677419355
Greece,Athens,2025,1,15.14516129032258,2.6129032258064515,102206.45161290323,0.056451612903225805,64.3225806451613,30.612903225806452,1.967741935483871,33.520806451612906,48.3983870967742
Greece,Athens,2025,2,11.674999999999999,3.986111111111111,102517.85714285714,0.07,61.535714285714285,58.92857142857143,2.310714285714286,20.924821428571427,29.09125
Greece,Athens,2025,3,17.490322580645163,3.742831541218638,101780.64516129032,0.01741935483870968,51.29032258064516,24.193548387096776,4.093548387096774,31.32467741935484,49.138387096774196
Greece,Athens,2025,4,18.220000000000002,3.877777777777778,101493.33333333333,0.064,51.233333333333334,30.0,4.613333333333333,25.887666666666668,37.7215
Greece,Athens,2025,5,24.316129032258065,4.486559139784947,101274.19354838709,0.020000000000000004,38.96774193548387,23.387096774193548,6.083870967741936,20.39774193548387,37.751935483870966
Greece,Athens,2025,6,31.46206896551724,5.774904214559387,101479.31034482758,0.0,30.655172413793103,7.758620689655173,7.613793103448276,16.75844827586207,23.30362068965517
Greece,Athens,2025,7,34.61,4.803703703703704,100920.0,0.0,25.8,3.3333333333333335,7.15,18.839166666666664,29.791166666666665
Greece,Athens,2025,8,30.074193548387097,5.71236559139785,101193.54838709677,0.0,38.483870967741936,11.290322580645162,5.661290322580645,18.798387096774192,31.15758064516129
Greece,Athens,2025,9,26.936666666666667,4.466666666666667,101576.66666666667,0.0013333333333333333,42.2,15.0,3.3866666666666663,22.7125,36.311
Greece,Athens,2025,10,20.26774193548387,2.313620071684588,101590.32258064517,0.13870967741935483,59.225806451612904,30.64516129032258,1.474193548387097,13.556451612903226,21.688709677419357
Greece,Athens,2025,11,17.753333333333334,3.403703703703704,101733.33333333333,0.14666666666666667,70.53333333333333,43.333333333333336,0.6533333333333334,12.796666666666669,20.046666666666667
Greece,Athens,2025,12,11.54516129032258,2.3584229390681006,101819.35483870968,0.12645161290322582,76.03225806451613,33.064516129032256,0.3064516129032258,17.385483870967743,22.82741935483871
Greece,Athens,2026,1,9.796666666666665,3.890740740740741,101356.66666666667,0.151,73.23333333333333,36.666666666666664,0.3466666666666667,11.893333333333334,20.283333333333335
Greece,Athens,2026,2,10.533333333333333,3.9490740740740744,100750.0,0.15333333333333332,84.16666666666667,37.5,0.5,10.716666666666667,16.566666666666666
Grenada,Saint George's,2024,5,30.099999999999998,6.928104575163399,101423.5294117647,0.04352941176470588,73.52941176470588,32.35294117647059,6.0,2.5411764705882356,10.188235294117646
Grenada,Saint George's,2024,6,29.75,6.136904761904762,101407.14285714286,0.2167857142857143,76.92857142857143,34.714285714285715,6.25,1.9857142857142858,6.528571428571429
Grenada,Saint George's,2024,7,28.420689655172417,5.634099616858237,101448.27586206897,0.33999999999999997,80.62068965517241,49.13793103448276,6.206896551724138,1.6965517241379309,5.296551724137931
Grenada,Saint George's,2024,8,28.580645161290324,4.060931899641577,101370.96774193548,0.4774193548387096,79.58064516129032,44.903225806451616,6.290322580645161,1.3806451612903226,3.9096774193548387
Grenada,Saint George's,2024,9,28.826666666666664,4.166666666666667,101133.33333333333,0.13666666666666666,82.63333333333334,30.666666666666668,5.266666666666667,12.041333333333334,22.682166666666667
Grenada,Saint George's,2024,10,27.654838709677417,4.590501792114696,101048.3870967742,0.09096774193548386,85.61290322580645,32.25806451612903,0.4838709677419355,17.569032258064517,34.875483870967734
Grenada,Saint George's,2024,11,27.417241379310347,4.994252873563219,100941.37931034483,0.21827586206896551,85.96551724137932,38.55172413793103,0.006896551724137932,11.871896551724136,20.822068965517243
Grenada,Saint George's,2024,12,25.9,5.10931899641577,101190.32258064517,0.14193548387096774,83.83870967741936,46.41935483870968,0.025806451612903226,18.34483870967742,27.845483870967744
Grenada,Saint George's,2025,1,25.583333333333332,5.770370370370371,101323.33333333333,0.12366666666666666,82.56666666666666,31.9,0.02333333333333333,14.208,23.001666666666665
Grenada,Saint George's,2025,2,25.52857142857143,6.375,101300.0,0.08535714285714287,83.71428571428571,32.285714285714285,0.0,18.94267857142857,30.881785714285712
Grenada,Saint George's,2025,3,25.896774193548385,7.098566308243728,101277.41935483871,0.0967741935483871,83.35483870967742,36.16129032258065,0.0,17.46225806451613,30.643354838709676
Grenada,Saint George's,2025,4,26.386666666666667,6.983333333333333,101206.66666666667,0.117,82.73333333333333,39.56666666666667,0.0,18.559833333333334,33.933099999999996
Grenada,Saint George's,2025,5,27.251612903225805,6.9767025089605745,101274.19354838709,0.18838709677419355,82.93548387096774,43.064516129032256,0.0,22.053806451612903,44.19974193548387
Grenada,Saint George's,2025,6,26.896666666666665,7.335185185185185,101400.0,0.23066666666666666,82.4,52.733333333333334,0.0,24.204766666666668,58.977066666666666
Grenada,Saint George's,2025,7,26.761290322580646,5.296594982078854,101409.67741935483,0.15225806451612903,86.09677419354838,40.806451612903224,0.0,13.433387096774194,30.942741935483873
Grenada,Saint George's,2025,8,28.029032258064515,5.060931899641577,101287.09677419355,0.06677419354838711,82.51612903225806,29.258064516129032,0.0,13.206612903225805,33.711774193548386
Grenada,Saint George's,2025,9,27.64,5.05,101180.0,0.07633333333333334,83.9,38.1,0.0,9.383333333333333,18.752833333333335
Grenada,Saint George's,2025,10,27.961290322580645,5.132616487455198,101048.3870967742,0.17290322580645162,83.6774193548387,33.0,0.0,6.101612903225806,9.527419354838708
Grenada,Saint George's,2025,11,26.853333333333335,5.477777777777778,101120.0,0.15,84.5,40.333333333333336,0.0,7.816666666666666,12.813333333333333
Grenada,Saint George's,2025,12,25.700000000000003,5.767025089605736,101167.74193548386,0.17290322580645162,83.38709677419355,42.516129032258064,0.0,8.666129032258064,13.462903225806452
Grenada,Saint George's,2026,1,25.763333333333332,5.333333333333333,101246.66666666667,0.08166666666666668,84.1,35.86666666666667,0.0,7.796666666666667,12.176666666666668
Grenada,Saint George's,2026,2,26.016666666666666,5.976851851851852,101400.0,0.12666666666666668,82.5,34.166666666666664,0.0,10.566666666666668,16.3
Guatemala,Guatemala City,2024,5,21.529411764705884,3.566993464052288,102129.41176470589,0.057058823529411766,82.58823529411765,57.35294117647059,5.411764705882353,99.31176470588235,143.15882352941176
Guatemala,Guatemala City,2024,6,19.448275862068964,2.3132183908045976,101865.5172413793,0.48310344827586205,88.65517241379311,75.10344827586206,4.551724137931035,97.34137931034483,127.5551724137931
Guatemala,Guatemala City,2024,7,17.392857142857142,2.802579365079365,101914.28571428571,0.03392857142857143,93.92857142857143,70.0,4.071428571428571,46.675000000000004,72.64642857142857
Guatemala,Guatemala City,2024,8,17.161290322580644,3.068100358422939,101954.83870967742,0.0,94.12903225806451,61.54838709677419,3.7419354838709675,45.20967741935484,67.45161290322581
Guatemala,Guatemala City,2024,9,17.90666666666667,1.4472222222222224,101760.0,0.05733333333333333,95.53333333333333,58.333333333333336,2.533333333333333,19.347666666666665,27.156833333333335
Guatemala,Guatemala City,2024,10,16.326666666666668,1.4768518518518519,101723.33333333333,0.050333333333333334,95.7,72.9,0.3,12.777333333333333,18.537
Guatemala,Guatemala City,2024,11,16.317241379310346,1.5411877394636015,101803.44827586207,0.007241379310344827,91.93103448275862,62.275862068965516,0.0,17.511206896551723,19.897068965517242
Guatemala,Guatemala City,2024,12,15.106451612903227,2.0501792114695343,102045.16129032258,0.0032258064516129032,89.0,49.16129032258065,0.0,11.129838709677419,11.535645161290324
Guatemala,Guatemala City,2025,1,15.31,1.8601851851851852,102203.33333333333,0.0023333333333333335,89.33333333333333,54.166666666666664,0.0,14.214166666666667,14.584166666666667
Guatemala,Guatemala City,2025,2,16.342857142857145,1.638888888888889,102089.28571428571,0.004642857142857143,89.82142857142857,58.92857142857143,0.0,13.419107142857143,14.073214285714286
Guatemala,Guatemala City,2025,3,17.241935483870968,1.3888888888888888,102064.51612903226,0.0032258064516129032,87.12903225806451,50.806451612903224,0.0,28.19161290322581,29.23
Guatemala,Guatemala City,2025,4,17.073333333333334,1.4092592592592592,102076.66666666667,0.058666666666666666,87.43333333333334,59.166666666666664,0.0,25.332666666666668,26.985333333333333
Guatemala,Guatemala City,2025,5,19.13,1.150925925925926,101990.0,0.03066666666666667,89.46666666666667,63.333333333333336,0.0,42.26016666666667,45.960166666666666
Guatemala,Guatemala City,2025,6,17.936666666666667,1.1796296296296298,102046.66666666667,0.296,93.93333333333334,77.5,0.0,25.591666666666665,28.052166666666665
Guatemala,Guatemala City,2025,7,17.980645161290322,1.3987455197132617,102190.32258064517,0.06225806451612904,91.09677419354838,61.74193548387097,0.0,25.23161290322581,34.618870967741934
Guatemala,Guatemala City,2025,8,17.87741935483871,1.331541218637993,102200.0,0.19451612903225807,92.16129032258064,61.29032258064516,0.0,27.200967741935486,32.79870967741935
Guatemala,Guatemala City,2025,9,18.273333333333333,1.1342592592592593,102136.66666666667,0.23366666666666666,95.06666666666666,69.16666666666667,0.0,35.52316666666666,36.38366666666666
Guatemala,Guatemala City,2025,10,17.364516129032257,1.2365591397849462,101987.09677419355,0.1929032258064516,94.2258064516129,65.3225806451613,0.0,15.001612903225807,15.153225806451612
Guatemala,Guatemala City,2025,11,16.67,1.7370370370370372,102190.0,0.001,90.5,57.5,0.0,16.686666666666667,16.926666666666666
Guatemala,Guatemala City,2025,12,16.63225806451613,1.6388888888888888,102177.41935483871,0.03806451612903226,91.19354838709677,62.096774193548384,0.0,19.259677419354837,19.391935483870967
Guatemala,Guatemala City,2026,1,14.76551724137931,1.7806513409961686,102251.72413793103,0.0,85.37931034482759,40.6551724137931,0.0,27.49827586206897,27.76034482758621
Guatemala,Guatemala City,2026,2,11.683333333333332,2.3981481481481484,102583.33333333333,0.0,77.5,33.333333333333336,0.0,17.233333333333334,17.716666666666665
Guinea,Conakry,2024,5,30.529411764705884,3.477124183006536,101205.88235294117,0.021176470588235297,72.47058823529412,58.8235294117647,6.647058823529412,5.18235294117647,16.170588235294115
Guinea,Conakry,2024,6,29.196666666666665,3.585185185185185,101250.0,0.2906666666666667,75.46666666666667,57.46666666666667,6.266666666666667,2.006666666666667,10.986666666666668
Guinea,Conakry,2024,7,26.186206896551724,3.799808429118774,101482.75862068965,1.427241379310345,87.55172413793103,85.03448275862068,5.482758620689655,1.8724137931034481,7.458620689655172
Guinea,Conakry,2024,8,25.98709677419355,4.612007168458781,101409.67741935483,1.2006451612903226,87.09677419354838,85.19354838709677,5.580645161290323,1.435483870967742,7.106451612903226
Guinea,Conakry,2024,9,26.293333333333333,3.1712962962962967,101350.0,0.7433333333333334,89.06666666666666,79.06666666666666,5.633333333333334,7.7435,14.100666666666665
Guinea,Conakry,2024,10,26.10967741935484,2.888888888888889,101354.83870967742,0.2577419354838709,86.06451612903226,62.774193548387096,2.725806451612903,13.606451612903227,23.083225806451615
Guinea,Conakry,2024,11,26.766666666666666,2.321296296296296,101203.33333333333,0.022333333333333334,86.76666666666667,29.166666666666668,1.4333333333333333,40.391666666666666,65.675
Guinea,Conakry,2024,12,26.193548387096776,2.767025089605735,101319.35483870968,0.0003225806451612903,62.58064516129032,15.516129032258064,3.3193548387096774,72.38274193548386,160.90225806451613
Guinea,Conakry,2025,1,26.741935483870968,2.25,101177.41935483871,0.0,71.38709677419355,20.419354838709676,3.6967741935483875,65.88983870967742,141.63838709677418
Guinea,Conakry,2025,2,27.207142857142856,2.310515873015873,101053.57142857143,0.0,75.85714285714286,29.75,3.6285714285714286,73.82821428571428,189.67125000000001
Guinea,Conakry,2025,3,26.970967741935485,2.273297491039427,101103.2258064516,0.009677419354838712,75.90322580645162,38.483870967741936,1.7645161290322582,49.07274193548387,125.985
Guinea,Conakry,2025,4,27.033333333333335,2.948148148148148,101060.0,0.048666666666666664,76.53333333333333,40.5,1.4,42.476,100.72633333333333
Guinea,Conakry,2025,5,26.967741935483872,3.053763440860215,101203.2258064516,0.3064516129032258,84.3225806451613,61.096774193548384,0.964516129032258,30.978548387096776,71.01016129032259
Guinea,Conakry,2025,6,26.126666666666665,2.781481481481481,101310.0,0.4196666666666667,88.83333333333333,72.4,1.18,11.254166666666666,22.489833333333333
Guinea,Conakry,2025,7,24.929032258064513,3.984767025089606,101422.58064516129,1.540967741935484,93.70967741935483,83.12903225806451,0.4483870967741936,10.77774193548387,18.553709677419352
Guinea,Conakry,2025,8,24.91290322580645,4.347670250896057,101283.87096774194,1.5593548387096776,94.96774193548387,79.6774193548387,0.34516129032258064,8.80241935483871,12.508387096774193
Guinea,Conakry,2025,9,24.7448275862069,2.82183908045977,101224.13793103448,0.7451724137931034,95.10344827586206,80.86206896551724,0.2793103448275862,7.355344827586207,10.366379310344827
Guinea,Conakry,2025,10,25.345161290322583,2.596774193548387,101170.96774193548,0.08064516129032258,89.12903225806451,64.45161290322581,0.15806451612903227,7.949999999999999,11.991935483870968
Guinea,Conakry,2025,11,25.59333333333333,2.589814814814815,101066.66666666667,0.15133333333333335,91.5,52.96666666666667,0.04666666666666667,19.146666666666665,28.596666666666668
Guinea,Conakry,2025,12,25.97741935483871,3.1451612903225805,100958.06451612903,0.03870967741935484,88.83870967741936,29.483870967741936,0.0,31.511290322580646,67.0241935483871
Guinea,Conakry,2026,1,25.543333333333333,3.002777777777778,101013.33333333333,0.0006666666666666666,87.5,16.666666666666668,0.0,35.693333333333335,80.06666666666666
Guinea,Conakry,2026,2,25.55,5.75,101083.33333333333,0.0033333333333333335,81.5,16.333333333333332,0.0,30.3,67.21666666666667
Guinea-Bissau,Bissau,2024,5,34.35294117647059,3.3856209150326797,101147.05882352941,0.0,47.411764705882355,13.235294117647058,7.764705882352941,15.782352941176471,66.47647058823529
Guinea-Bissau,Bissau,2024,6,31.990000000000002,2.696296296296296,101236.66666666667,0.02333333333333333,58.56666666666667,40.766666666666666,7.333333333333333,6.846666666666667,25.64
Guinea-Bissau,Bissau,2024,7,28.882758620689657,2.7423371647509582,101379.31034482758,0.8303448275862069,75.79310344827586,70.65517241379311,6.0344827586206895,1.6206896551724137,2.8758620689655174
Guinea-Bissau,Bissau,2024,8,28.200000000000003,3.845878136200717,101283.87096774194,1.0438709677419356,79.6774193548387,73.54838709677419,5.967741935483871,1.738709677419355,2.7903225806451615
Guinea-Bissau,Bissau,2024,9,27.736666666666668,2.969444444444444,101236.66666666667,0.5446666666666666,85.1,66.1,5.966666666666667,9.182166666666665,20.079166666666666
Guinea-Bissau,Bissau,2024,10,26.76451612903226,2.588709677419355,101296.7741935484,0.23129032258064516,88.51612903225806,36.96774193548387,2.635483870967742,23.817258064516132,49.3233870967742
Guinea-Bissau,Bissau,2024,11,25.623333333333335,2.441666666666667,101200.0,0.0,85.1,10.133333333333333,1.2466666666666666,51.386833333333335,90.8905
Guinea-Bissau,Bissau,2024,12,26.083870967741937,4.375448028673835,101329.03225806452,0.0,39.32258064516129,7.129032258064516,2.9741935483870967,105.53354838709677,285.17451612903227
Guinea-Bissau,Bissau,2025,1,24.638709677419357,4.647849462365592,101309.67741935483,0.0,36.67741935483871,1.7741935483870968,3.0580645161290323,96.22387096774193,271.69935483870967
Guinea-Bissau,Bissau,2025,2,24.11785714285714,4.8730158730158735,101182.14285714286,0.0,39.535714285714285,0.07142857142857142,3.1392857142857147,100.47482142857143,269.76964285714286
Guinea-Bissau,Bissau,2025,3,23.770967741935483,3.2508960573476706,101196.7741935484,0.0,65.83870967741936,1.3548387096774193,1.6483870967741936,51.69854838709677,105.59919354838709
Guinea-Bissau,Bissau,2025,4,25.386666666666667,2.816666666666667,101096.66666666667,0.002,74.13333333333334,5.1,1.4066666666666667,48.26649999999999,123.96233333333333
Guinea-Bissau,Bissau,2025,5,25.519354838709678,3.1164874551971327,101267.74193548386,0.05451612903225806,81.06451612903226,4.612903225806452,1.1064516129032258,55.02854838709678,167.3593548387097
Guinea-Bissau,Bissau,2025,6,26.386666666666667,2.9490740740740744,101393.33333333333,0.07333333333333332,87.06666666666666,38.53333333333333,1.0966666666666667,31.036833333333334,69.40583333333333
Guinea-Bissau,Bissau,2025,7,25.280645161290323,3.863799283154122,101409.67741935483,1.8377419354838709,96.83870967741936,50.806451612903224,0.5612903225806452,11.279032258064515,20.373870967741937
Guinea-Bissau,Bissau,2025,8,25.141935483870967,4.009856630824372,101264.51612903226,0.6696774193548386,96.74193548387096,50.0,0.35161290322580646,9.554354838709678,15.736935483870967
Guinea-Bissau,Bissau,2025,9,24.63,2.8240740740740744,101236.66666666667,0.8426666666666667,97.06666666666666,51.36666666666667,0.26333333333333336,9.887333333333334,14.7755
Guinea-Bissau,Bissau,2025,10,24.990322580645163,2.707885304659498,101183.87096774194,0.12258064516129033,92.83870967741936,31.580645161290324,0.12580645161290321,14.037096774193548,22.753225806451614
Guinea-Bissau,Bissau,2025,11,24.136666666666667,2.973148148148148,101166.66666666667,0.04933333333333333,85.06666666666666,25.566666666666666,0.03666666666666667,20.18,37.93666666666666
Guinea-Bissau,Bissau,2025,12,20.335483870967742,4.380824372759857,101141.93548387097,0.004838709677419355,61.32258064516129,5.354838709677419,0.0,34.233870967741936,107.90483870967742
Guinea-Bissau,Bissau,2026,1,20.153333333333332,3.814814814814815,101186.66666666667,0.0,66.3,1.9333333333333333,0.0,43.376666666666665,128.6
Guinea-Bissau,Bissau,2026,2,21.216666666666665,3.4351851851851856,101150.0,0.0,79.83333333333333,8.833333333333334,0.0,27.25,53.48333333333333
Guyana,Georgetown,2024,5,28.11764705882353,3.4133986928104574,101370.58823529411,0.7588235294117647,85.0,69.11764705882354,5.647058823529412,1.6352941176470588,2.111764705882353
Guyana,Georgetown,2024,6,27.67,2.376851851851852,101370.0,0.5783333333333334,85.8,69.26666666666667,5.733333333333333,2.0366666666666666,2.51
Guyana,Georgetown,2024,7,26.637931034482758,2.254789272030651,101441.37931034483,0.7486206896551725,88.03448275862068,64.72413793103448,6.0344827586206895,3.279310344827586,4.0
Guyana,Georgetown,2024,8,26.94193548387097,2.045698924731183,101412.90322580645,0.37258064516129036,83.61290322580645,54.645161290322584,6.290322580645161,3.8193548387096774,7.174193548387097
Guyana,Georgetown,2024,9,26.02,2.3111111111111113,101156.66666666667,0.14766666666666667,90.96666666666667,42.6,5.4,16.278333333333332,28.279666666666667
Guyana,Georgetown,2024,10,25.2,2.7222222222222223,101013.33333333333,0.21933333333333332,92.46666666666667,42.7,0.4666666666666667,17.168,30.870333333333335
Guyana,Georgetown,2024,11,24.896551724137932,2.9923371647509582,100893.10344827586,0.37551724137931036,95.03448275862068,34.689655172413794,0.017241379310344827,12.560862068965516,20.89862068965517
Guyana,Georgetown,2024,12,23.648387096774194,2.347670250896057,101096.7741935484,0.6074193548387096,95.61290322580645,51.25806451612903,0.06451612903225806,17.968870967741935,26.544516129032257
Guyana,Georgetown,2025,1,22.506666666666668,2.4,101196.66666666667,0.584,97.8,43.333333333333336,0.03333333333333333,19.7025,29.279333333333334
Guyana,Georgetown,2025,2,23.192857142857143,2.548611111111111,101142.85714285714,0.41000000000000003,97.28571428571429,59.82142857142857,0.0,21.083392857142858,34.79982142857143
Guyana,Georgetown,2025,3,23.461290322580645,2.4740143369175627,101177.41935483871,0.28645161290322585,96.6774193548387,48.29032258064516,0.0,19.365322580645163,36.325645161290325
Guyana,Georgetown,2025,4,24.563333333333333,2.560185185185185,101103.33333333333,0.5056666666666667,96.03333333333333,64.1,0.0,15.694166666666666,28.687333333333335
Guyana,Georgetown,2025,5,24.358064516129033,2.229390681003584,101170.96774193548,0.9519354838709678,98.45161290322581,59.67741935483871,0.0,7.913225806451613,14.495645161290323
Guyana,Georgetown,2025,6,24.186666666666667,2.361111111111111,101256.66666666667,0.6586666666666667,98.3,63.333333333333336,0.0,8.1585,15.361166666666668
Guyana,Georgetown,2025,7,23.693548387096776,2.0707885304659497,101329.03225806452,0.6248387096774194,99.03225806451613,50.0,0.0,6.1527419354838715,11.475967741935484
Guyana,Georgetown,2025,8,24.26451612903226,2.0654121863799286,101238.70967741935,0.47419354838709676,96.29032258064517,36.645161290322584,0.0,8.205645161290322,14.233064516129033
Guyana,Georgetown,2025,9,24.313333333333333,2.6675925925925927,101150.0,0.11566666666666665,97.23333333333333,21.666666666666668,0.0,14.680833333333334,22.328
Guyana,Georgetown,2025,10,23.970967741935485,3.0833333333333335,101009.67741935483,0.1132258064516129,97.03225806451613,26.483870967741936,0.0,7.853225806451612,11.791935483870969
Guyana,Georgetown,2025,11,24.28666666666667,2.903703703703704,100990.0,0.5366666666666667,97.6,39.166666666666664,0.0,6.266666666666667,9.870000000000001
Guyana,Georgetown,2025,12,23.83225806451613,2.578853046594982,100977.41935483871,0.6003225806451613,97.80645161290323,44.58064516129032,0.0,6.982258064516128,10.566129032258065
Guyana,Georgetown,2026,1,23.85,2.325,101103.33333333333,0.329,97.33333333333333,50.4,0.0,7.613333333333333,11.456666666666667
Guyana,Georgetown,2026,2,23.683333333333334,2.351851851851852,101266.66666666667,0.05000000000000001,93.16666666666667,37.5,0.0,11.616666666666667,17.266666666666666
Haiti,Port-Au-Prince,2024,5,28.823529411764707,4.2026143790849675,101470.58823529411,0.15117647058823527,70.6470588235294,48.11764705882353,6.705882352941177,11.470588235294118,22.5
Haiti,Port-Au-Prince,2024,6,30.086666666666666,5.260185185185185,101326.66666666667,0.09966666666666665,69.83333333333333,45.766666666666666,7.266666666666667,8.360000000000001,16.743333333333332
Haiti,Port-Au-Prince,2024,7,28.36551724137931,3.5795019157088124,101627.58620689655,0.004137931034482759,71.89655172413794,24.517241379310345,7.068965517241379,5.917241379310345,12.979310344827587
Haiti,Port-Au-Prince,2024,8,28.070967741935487,2.6872759856630823,101500.0,0.0,74.51612903225806,18.419354838709676,7.0,6.951612903225806,15.429032258064517
Haiti,Port-Au-Prince,2024,9,25.096666666666668,1.8842592592592593,101243.33333333333,0.0,85.0,37.53333333333333,4.4,25.863,39.59983333333333
Haiti,Port-Au-Prince,2024,10,21.34333333333333,1.6055555555555556,101290.0,0.0,91.73333333333333,32.733333333333334,0.3,30.919666666666668,46.311666666666675
Haiti,Port-Au-Prince,2024,11,20.52758620689655,1.6522988505747127,101182.75862068965,0.0,90.13793103448276,57.241379310344826,0.0,34.69706896551724,38.90103448275862
Haiti,Port-Au-Prince,2024,12,19.183870967741935,1.842293906810036,101480.64516129032,0.0,93.06451612903226,43.03225806451613,0.0,27.075645161290325,28.47209677419355
Haiti,Port-Au-Prince,2025,1,17.773333333333333,1.7805555555555557,101650.0,0.0,91.73333333333333,40.3,0.0,30.925833333333333,33.64533333333333
Haiti,Port-Au-Prince,2025,2,17.053571428571427,2.0753968253968256,101617.85714285714,0.0,88.35714285714286,22.928571428571427,0.0,25.774464285714288,29.791607142857142
Haiti,Port-Au-Prince,2025,3,18.751612903225805,1.5483870967741935,101503.2258064516,0.0,89.3225806451613,24.838709677419356,0.0,35.502096774193554,38.80822580645162
Haiti,Port-Au-Prince,2025,4,19.603333333333335,1.8666666666666667,101510.0,0.0,91.73333333333333,34.43333333333333,0.0,28.557833333333335,31.752166666666668
Haiti,Port-Au-Prince,2025,5,20.60666666666667,1.6620370370370372,101516.66666666667,0.054000000000000006,92.06666666666666,30.733333333333334,0.0,29.760333333333335,34.79233333333333
Haiti,Port-Au-Prince,2025,6,20.61,1.8620370370370372,101636.66666666667,0.0,91.06666666666666,31.866666666666667,0.0,34.84166666666667,61.50633333333334
Haiti,Port-Au-Prince,2025,7,20.04516129032258,1.5905017921146953,101638.70967741935,0.0,90.7741935483871,23.64516129032258,0.0,34.05193548387096,55.87596774193548
Haiti,Port-Au-Prince,2025,8,21.04516129032258,1.3620071684587813,101454.83870967742,0.11258064516129034,90.83870967741936,31.096774193548388,0.0,36.815000000000005,52.814516129032256
Haiti,Port-Au-Prince,2025,9,21.646666666666665,1.4361111111111111,101323.33333333333,0.07966666666666668,90.43333333333334,48.766666666666666,0.0,40.46183333333333,43.38583333333334
Haiti,Port-Au-Prince,2025,10,21.87741935483871,1.6003584229390682,101106.45161290323,0.054838709677419356,88.70967741935483,50.806451612903224,0.0,23.711290322580645,24.45967741935484
Haiti,Port-Au-Prince,2025,11,19.166666666666668,1.4092592592592592,101426.66666666667,0.0,89.13333333333334,26.333333333333332,0.0,44.083333333333336,45.056666666666665
Haiti,Port-Au-Prince,2025,12,18.780645161290323,1.3163082437275986,101487.09677419355,0.0,85.54838709677419,27.0,0.0,52.84032258064516,53.84032258064516
Haiti,Port-Au-Prince,2026,1,18.636666666666667,1.3546296296296296,101520.0,0.0,86.1,24.7,0.0,48.60333333333333,49.41
Haiti,Port-Au-Prince,2026,2,19.233333333333334,1.7314814814814816,101633.33333333333,0.0,86.83333333333333,52.333333333333336,0.0,26.55,27.75
Honduras,Tegucigalpa,2024,5,24.58823529411765,1.6176470588235294,101888.23529411765,0.03294117647058824,71.76470588235294,45.529411764705884,6.0588235294117645,15.058823529411764,23.488235294117647
Honduras,Tegucigalpa,2024,6,21.853333333333335,1.5796296296296295,101733.33333333333,0.4043333333333333,86.93333333333334,65.16666666666667,5.1,7.296666666666667,12.663333333333332
Honduras,Tegucigalpa,2024,7,19.728571428571428,1.836309523809524,101807.14285714286,0.004285714285714286,91.57142857142857,68.92857142857143,4.285714285714286,2.2392857142857143,5.089285714285714
Honduras,Tegucigalpa,2024,8,19.16774193548387,1.5197132616487457,101793.54838709677,0.006774193548387097,93.48387096774194,65.03225806451613,3.967741935483871,2.774193548387097,5.596774193548387
Honduras,Tegucigalpa,2024,9,19.90666666666667,1.276851851851852,101606.66666666667,0.136,94.6,54.166666666666664,2.6,9.030166666666666,13.886833333333334
Honduras,Tegucigalpa,2024,10,16.773333333333333,1.6166666666666667,101436.66666666667,0.046,96.16666666666667,76.73333333333333,0.3,9.576833333333333,14.066166666666668
Honduras,Tegucigalpa,2024,11,15.910344827586206,1.777777777777778,101410.3448275862,0.15068965517241378,95.62068965517241,73.62068965517241,0.0,11.501896551724139,14.276896551724137
Honduras,Tegucigalpa,2024,12,15.85483870967742,2.717741935483871,101758.06451612903,0.008064516129032258,94.03225806451613,76.09677419354838,0.0,6.367580645161291,6.976290322580645
Honduras,Tegucigalpa,2025,1,17.153333333333332,2.2935185185185185,108606.66666666667,0.004333333333333333,90.1,58.56666666666667,0.0,8.3435,9.354833333333334
Honduras,Tegucigalpa,2025,2,17.985714285714288,1.9553571428571428,101907.14285714286,0.0064285714285714285,87.03571428571429,44.642857142857146,0.0,9.117857142857144,10.769642857142857
Honduras,Tegucigalpa,2025,3,19.36774193548387,1.6227598566308243,101838.70967741935,0.003870967741935484,80.2258064516129,43.54838709677419,0.0,14.823870967741936,16.67983870967742
Honduras,Tegucigalpa,2025,4,20.02,1.6944444444444444,101976.66666666667,0.010666666666666666,77.2,50.0,0.0,12.721833333333333,14.904833333333332
Honduras,Tegucigalpa,2025,5,21.23,1.3555555555555554,101890.0,0.024,81.76666666666667,44.233333333333334,0.0,18.093,22.613166666666665
Honduras,Tegucigalpa,2025,6,20.376666666666665,1.449074074074074,101856.66666666667,0.09266666666666667,89.2,60.833333333333336,0.0,12.321,18.7405
Honduras,Tegucigalpa,2025,7,20.216129032258067,1.7813620071684588,101974.19354838709,0.0035483870967741938,85.54838709677419,58.064516129032256,0.0,15.008870967741935,28.50790322580645
Honduras,Tegucigalpa,2025,8,19.94516129032258,1.5367383512544803,101967.74193548386,0.02741935483870968,86.09677419354838,47.70967741935484,0.0,18.016612903225806,29.092741935483872
Honduras,Tegucigalpa,2025,9,20.453333333333333,1.2157407407407408,101896.66666666667,0.23166666666666663,88.9,56.666666666666664,0.0,18.706666666666667,20.279666666666667
Honduras,Tegucigalpa,2025,10,19.683870967741935,1.3163082437275986,101774.19354838709,0.3732258064516129,93.80645161290323,64.3225806451613,0.0,11.646774193548387,11.843548387096773
Honduras,Tegucigalpa,2025,11,18.233333333333334,2.0027777777777778,101940.0,0.03233333333333333,90.96666666666667,62.63333333333333,0.0,9.370000000000001,9.606666666666666
Honduras,Tegucigalpa,2025,12,18.82903225806452,1.835125448028674,101964.51612903226,0.011290322580645162,87.83870967741936,59.67741935483871,0.0,9.175806451612903,9.398387096774194
Honduras,Tegucigalpa,2026,1,17.413793103448278,2.1618773946360155,102055.1724137931,0.003793103448275862,87.06896551724138,56.689655172413794,0.0,9.953448275862069,10.191379310344828
Honduras,Tegucigalpa,2026,2,14.083333333333334,2.935185185185185,102500.0,0.0,81.16666666666667,37.5,0.0,6.233333333333333,6.616666666666667
Hungary,Bogot,2025,8,18.6,6.305555555555555,101300.0,0.0,70.0,25.0,0.6,4.255,5.365
Hungary,Bogot,2025,9,21.45,4.173611111111112,101525.0,0.0,71.25,18.75,3.025,9.94375,11.88625
Hungary,Bogot,2025,12,0.7,4.791666666666667,102700.0,0.0,93.0,50.0,0.0,13.649999999999999,15.7
Hungary,Bogot,2026,1,-2.8272727272727276,1.4419191919191918,100700.0,0.0,91.27272727272727,51.81818181818182,0.02727272727272728,24.69545454545454,26.377272727272725
Hungary,Bogot,2026,2,2.55,2.4583333333333335,100300.0,0.01,90.5,100.0,0.05,21.35,22.75
Hungary,Budapest,2024,5,23.294117647058822,4.223856209150327,101276.4705882353,0.16294117647058823,50.76470588235294,42.64705882352941,5.411764705882353,5.017647058823529,5.788235294117648
Hungary,Budapest,2024,6,26.866666666666667,3.9129629629629634,101300.0,0.10066666666666667,49.0,38.3,6.266666666666667,4.916666666666667,5.886666666666667
Hungary,Budapest,2024,7,31.279310344827586,3.971264367816092,101320.68965517242,0.07206896551724137,35.0,17.517241379310345,7.551724137931035,4.9655172413793105,6.379310344827586
Hungary,Budapest,2024,8,31.351612903225806,3.0295698924731185,101341.93548387097,0.0003225806451612903,34.96774193548387,17.451612903225808,7.967741935483871,5.690322580645161,6.529032258064516
Hungary,Budapest,2024,9,21.946666666666665,4.207407407407407,101426.66666666667,0.15733333333333333,55.36666666666667,22.5,5.666666666666667,12.992166666666666,19.213833333333334
Hungary,Budapest,2024,10,14.577419354838709,3.059139784946237,102074.19354838709,0.0070967741935483875,66.2258064516129,26.548387096774192,2.235483870967742,25.595645161290324,32.005
Hungary,Budapest,2024,11,6.053333333333333,2.4592592592592597,102326.66666666667,0.12299999999999998,70.83333333333333,43.96666666666667,0.7766666666666667,43.63533333333333,49.56766666666667
Hungary,Budapest,2024,12,4.77741935483871,2.600358422939068,102280.64516129032,0.014838709677419355,74.25806451612904,52.806451612903224,0.5774193548387097,42.76483870967742,47.8791935483871
Hungary,Budapest,2025,1,4.135483870967741,3.059139784946237,102103.2258064516,0.018387096774193548,78.35483870967742,54.67741935483871,0.7935483870967742,43.361612903225804,49.078709677419354
Hungary,Budapest,2025,2,2.8249999999999997,2.193452380952381,102807.14285714286,0.0325,62.107142857142854,33.035714285714285,1.2249999999999999,42.635892857142856,48.85321428571429
Hungary,Budapest,2025,3,10.879999999999999,2.7703703703703706,101643.33333333333,0.11699999999999999,60.5,32.5,1.9533333333333334,29.40266666666667,35.415166666666664
Hungary,Budapest,2025,4,16.05,3.7574074074074075,101660.0,0.018333333333333333,52.1,23.966666666666665,3.35,18.0005,23.020166666666668
Hungary,Budapest,2025,5,16.25483870967742,3.303763440860215,101458.06451612903,0.08290322580645161,58.58064516129032,46.774193548387096,3.7451612903225806,12.084677419354838,15.211774193548386
Hungary,Budapest,2025,6,25.183333333333334,3.750925925925926,101896.66666666667,0.0,44.43333333333333,6.666666666666667,5.930000000000001,10.908833333333332,15.268666666666666
Hungary,Budapest,2025,7,24.532258064516128,3.394265232974911,101277.41935483871,0.023548387096774193,51.58064516129032,22.967741935483872,4.541935483870968,10.08548387096774,13.731774193548388
Hungary,Budapest,2025,8,23.861290322580647,2.6926523297491043,101612.90322580645,0.023548387096774193,48.45161290322581,14.516129032258064,3.4129032258064513,12.92016129032258,18.38064516129032
Hungary,Budapest,2025,9,19.1,2.838888888888889,101860.0,0.010666666666666666,69.33333333333333,16.666666666666668,1.9033333333333333,13.381333333333334,18.2125
Hungary,Budapest,2025,10,10.290322580645162,3.4784946236559144,101706.45161290323,0.017741935483870964,73.3225806451613,23.387096774193548,0.5838709677419355,11.614516129032259,14.21774193548387
Hungary,Budapest,2025,11,5.22,2.348148148148148,101620.0,0.209,90.9,53.666666666666664,0.14,21.32,25.046666666666667
Hungary,Budapest,2025,12,2.7838709677419353,2.1478494623655915,102187.09677419355,0.0,91.38709677419355,72.25806451612904,0.0,26.914516129032258,30.443548387096776
Hungary,Budapest,2026,1,-2.8266666666666667,2.2703703703703706,101150.0,0.058333333333333334,90.56666666666666,56.666666666666664,0.020000000000000004,23.17,26.523333333333333
Hungary,Budapest,2026,2,1.8833333333333335,2.5,100650.0,0.10666666666666667,90.83333333333333,100.0,0.06666666666666667,17.3,19.733333333333334
Iceland,Grindavik,2024,5,8.411764705882353,8.897058823529413,101035.29411764706,0.26294117647058823,76.23529411764706,82.3529411764706,2.235294117647059,0.8529411764705882,1.576470588235294
Iceland,Grindavik,2024,6,9.326315789473684,8.026315789473685,101242.1052631579,0.04368421052631579,73.57894736842105,72.0,2.1578947368421053,0.9894736842105264,1.9368421052631577
Iceland,Reykjavik,2024,6,9.8,6.888888888888889,100500.0,0.17,70.0,81.0,1.0,0.5,0.6
Iceland,Reykjavik,2025,8,13.0,3.6287878787878793,100200.0,0.13272727272727272,83.27272727272727,68.18181818181819,0.18181818181818182,6.794545454545456,9.569545454545455
Iceland,Reykjavik,2025,9,8.303448275862069,5.921455938697318,100013.79310344828,0.1920689655172414,78.65517241379311,50.86206896551724,0.027586206896551727,4.921724137931034,9.759655172413792
Iceland,Reykjavik,2025,10,5.006451612903225,4.732078853046596,100529.03225806452,0.22870967741935483,82.25806451612904,73.2258064516129,0.0,3.5016129032258063,6.117741935483871
Iceland,Reykjavik,2025,11,1.7733333333333332,4.036111111111111,100680.0,0.06833333333333333,73.63333333333334,32.0,0.0,3.35,5.4399999999999995
Iceland,Reykjavik,2025,12,4.129032258064516,7.17562724014337,99919.35483870968,0.2035483870967742,74.74193548387096,42.645161290322584,0.0,2.9693548387096773,6.327419354838709
Iceland,Reykjavik,2026,1,1.11,5.642592592592592,100450.0,0.019000000000000003,68.36666666666666,26.666666666666668,0.0,2.9566666666666666,4.633333333333334
Iceland,Reykjavik,2026,2,2.4833333333333334,4.810185185185185,100416.66666666667,0.008333333333333333,58.0,20.833333333333332,0.0,3.3000000000000003,5.566666666666666
Iceland,Vestmannaeyjar,2024,6,9.7,8.469444444444445,100150.0,0.134,86.8,55.0,2.7,0.85,1.22
Iceland,Vestmannaeyjar,2024,7,10.827586206896552,6.24712643678161,100503.44827586207,0.17172413793103447,90.13793103448276,78.55172413793103,3.0,1.5103448275862068,3.410344827586207
Iceland,Vestmannaeyjar,2024,8,9.841935483870968,7.215053763440861,99303.2258064516,0.2916129032258064,82.7741935483871,61.096774193548384,2.967741935483871,1.0612903225806452,2.596774193548387
Iceland,Vestmannaeyjar,2024,9,6.97,7.656481481481482,101293.33333333333,0.07266666666666667,86.26666666666667,58.5,2.3,4.5069,13.4581
Iceland,Vestmannaeyjar,2024,10,4.52258064516129,6.775089605734768,100154.83870967742,0.08225806451612902,83.51612903225806,57.483870967741936,0.6129032258064516,3.9802903225806454,13.190677419354838
Iceland,Vestmannaeyjar,2024,11,3.216666666666667,9.037962962962963,100870.0,0.255,76.56666666666666,59.0,0.03333333333333333,5.7839,20.118
Iceland,Vestmannaeyjar,2024,12,1.8806451612903226,10.232974910394265,100267.74193548386,0.1403225806451613,77.61290322580645,70.74193548387096,0.0,3.909225806451613,14.67725806451613
Iceland,Vestmannaeyjar,2025,1,1.7451612903225806,8.03405017921147,100200.0,0.40451612903225803,82.0,60.67741935483871,0.03225806451612903,3.559774193548387,11.378193548387097
Iceland,Vestmannaeyjar,2025,2,4.275,12.831349206349206,99610.71428571429,0.3671428571428571,84.92857142857143,72.32142857142857,0.03214285714285715,4.911678571428571,21.050107142857144
Iceland,Vestmannaeyjar,2025,3,3.4516129032258065,6.060931899641577,100422.58064516129,0.36129032258064514,84.45161290322581,67.74193548387096,0.12258064516129033,5.7703225806451615,14.301322580645161
Iceland,Vestmannaeyjar,2025,4,5.066666666666666,5.848148148148149,101336.66666666667,0.03233333333333333,76.13333333333334,58.666666666666664,0.48666666666666664,4.9408666666666665,10.15
Iceland,Vestmannaeyjar,2025,5,8.235483870967743,4.415770609318996,101212.90322580645,0.10516129032258063,78.87096774193549,65.7741935483871,0.8741935483870968,6.535290322580645,12.850645161290323
Iceland,Vestmannaeyjar,2025,6,8.066666666666666,5.640740740740741,100186.66666666667,0.07833333333333334,82.6,70.56666666666666,0.9266666666666666,4.542633333333333,9.493466666666668
Iceland,Vestmannaeyjar,2025,7,11.548387096774194,5.619175627240144,100632.25806451614,0.18645161290322582,89.09677419354838,83.83870967741936,0.7419354838709677,5.934870967741936,12.941774193548387
Iceland,Vestmannaeyjar,2025,8,10.745000000000001,5.680555555555555,100745.0,0.149,86.65,70.4,0.425,6.05,15.460399999999998
Inde,New Delhi,2024,7,31.2,1.8888888888888888,99600.0,0.0,71.0,75.0,9.0,34.6,63.5
India,New Delhi,2024,5,39.588235294117645,2.8562091503267975,99952.94117647059,0.0,20.764705882352942,7.352941176470588,1.5294117647058822,56.6764705882353,100.1470588235294
India,New Delhi,2024,6,38.199999999999996,3.9042145593869733,99806.89655172414,0.09758620689655173,32.37931034482759,36.172413793103445,2.0,39.699999999999996,81.35517241379311
India,New Delhi,2024,7,34.528571428571425,2.7668650793650795,99567.85714285714,0.25,60.42857142857143,59.107142857142854,8.392857142857142,60.875,76.82857142857142
India,New Delhi,2024,8,32.04193548387097,3.1926523297491043,100058.06451612903,0.20451612903225805,68.64516129032258,63.96774193548387,7.161290322580645,54.309677419354834,64.90967741935484
India,New Delhi,2024,9,31.013333333333332,2.5462962962962963,100383.33333333333,0.09266666666666666,71.26666666666667,70.5,7.2,60.81333333333334,99.16616666666667
India,New Delhi,2024,10,34.71612903225807,2.57347670250896,100893.54838709677,0.0,29.70967741935484,7.645161290322581,4.409677419354838,122.27903225806452,211.9741935483871
India,New Delhi,2024,11,28.95,1.9472222222222224,101370.0,0.0,31.566666666666666,0.8333333333333334,2.5566666666666666,195.56966666666668,250.86
India,New Delhi,2024,12,21.88064516129032,2.5152329749103943,101512.90322580645,0.0032258064516129032,31.64516129032258,11.0,0.4225806451612903,161.92274193548388,166.12403225806452
India,New Delhi,2025,1,20.73225806451613,2.702508960573477,101516.12903225806,0.000967741935483871,47.774193548387096,16.387096774193548,0.9129032258064517,198.36774193548385,202.2408064516129
India,New Delhi,2025,2,25.099999999999998,3.308531746031746,101407.14285714286,0.0,33.607142857142854,21.321428571428573,1.3214285714285714,120.66624999999999,162.24499999999998
India,New Delhi,2025,3,30.783870967741933,3.4722222222222223,101112.90322580645,0.0,23.06451612903226,19.35483870967742,3.138709677419355,129.7208064516129,512.9216129032258
India,New Delhi,2025,4,37.519999999999996,2.009259259259259,100686.66666666667,0.027666666666666666,18.366666666666667,14.166666666666666,5.716666666666667,146.02666666666667,560.1675
India,New Delhi,2025,5,35.99354838709677,3.2222222222222223,100319.35483870968,0.014516129032258063,38.354838709677416,37.096774193548384,5.696774193548387,151.4075806451613,670.1054838709678
India,New Delhi,2025,6,36.38666666666666,2.5462962962962963,100036.66666666667,0.025666666666666667,45.86666666666667,45.53333333333333,5.196666666666667,126.6325,483.707
India,New Delhi,2025,7,33.91935483870968,3.475806451612903,99887.09677419355,0.14935483870967742,58.67741935483871,66.2258064516129,4.348387096774194,71.3682258064516,114.22854838709678
India,New Delhi,2025,8,31.77741935483871,3.623655913978495,100367.74193548386,0.31225806451612903,69.83870967741936,72.96774193548387,6.367741935483871,83.16048387096774,197.89032258064518
India,New Delhi,2025,9,32.78666666666667,4.189814814814815,100630.0,0.109,58.333333333333336,49.86666666666667,7.0,76.238,122.02116666666667
India,New Delhi,2025,10,29.670967741935485,1.9838709677419355,101235.48387096774,0.01806451612903226,50.064516129032256,34.67741935483871,5.306451612903226,92.44999999999999,138.95967741935485
India,New Delhi,2025,11,25.13,2.687037037037037,101643.33333333333,0.0,37.233333333333334,2.5,4.263333333333334,119.92666666666668,142.60666666666665
India,New Delhi,2025,12,19.041935483870965,2.623655913978495,101832.25806451614,0.0,57.354838709677416,5.645161290322581,3.9096774193548387,133.49193548387098,134.73387096774192
India,New Delhi,2026,1,15.726666666666667,2.3824074074074075,102016.66666666667,0.043666666666666666,62.96666666666667,25.833333333333332,4.1066666666666665,140.50333333333336,143.38333333333333
India,New Delhi,2026,2,18.150000000000002,3.050925925925926,102183.33333333333,0.03333333333333333,63.666666666666664,16.666666666666668,4.8,121.60000000000001,124.10000000000001
Indonesia,Bali,2024,6,29.3,1.8055555555555556,100700.0,0.0,70.0,20.0,1.0,7.7,8.2
Indonesia,Jakarta,2024,5,28.823529411764707,3.212418300653595,100917.64705882352,0.42176470588235293,77.11764705882354,36.76470588235294,1.411764705882353,408.94705882352946,520.5529411764705
Indonesia,Jakarta,2024,6,28.14333333333333,2.5083333333333333,101056.66666666667,0.44933333333333336,79.23333333333333,41.833333333333336,1.0,322.4,416.3566666666667
Indonesia,Jakarta,2024,7,28.03448275862069,3.3113026819923372,100951.72413793103,0.09724137931034484,71.79310344827586,37.93103448275862,1.0,156.73103448275862,204.14827586206897
Indonesia,Jakarta,2024,8,28.738709677419354,2.8216845878136203,100958.06451612903,0.20838709677419354,68.58064516129032,41.774193548387096,1.0,136.1516129032258,175.5516129032258
Indonesia,Jakarta,2024,9,29.863333333333333,4.315740740740741,100806.66666666667,0.30666666666666664,66.76666666666667,35.0,4.233333333333333,121.11183333333334,175.24116666666666
Indonesia,Jakarta,2024,10,32.383870967741935,5.283154121863799,100712.90322580645,0.12870967741935485,57.61290322580645,27.193548387096776,3.6193548387096777,134.82322580645163,195.40774193548387
Indonesia,Jakarta,2024,11,31.44333333333333,4.020370370370371,100610.0,0.47533333333333333,63.666666666666664,46.4,2.1866666666666665,164.8165,195.27366666666666
Indonesia,Jakarta,2024,12,29.490322580645163,5.210573476702509,100619.35483870968,0.1993548387096774,69.25806451612904,52.54838709677419,0.4161290322580645,39.971935483870965,41.75032258064516
Indonesia,Jakarta,2025,1,28.774193548387096,4.766129032258065,100667.74193548386,0.36032258064516126,75.41935483870968,49.193548387096776,0.7064516129032258,50.314032258064515,51.74032258064516
Indonesia,Jakarta,2025,2,29.407142857142855,4.251984126984127,100735.71428571429,0.42678571428571427,73.14285714285714,43.75,0.39285714285714285,71.62803571428572,72.59267857142858
Indonesia,Jakarta,2025,3,29.906451612903226,4.56989247311828,100629.03225806452,0.3632258064516129,72.61290322580645,47.16129032258065,1.6903225806451612,101.07564516129031,101.76193548387097
Indonesia,Jakarta,2025,4,30.35666666666667,3.7990740740740745,100673.33333333333,0.47933333333333333,73.63333333333334,44.1,1.54,147.26000000000002,148.16033333333334
Indonesia,Jakarta,2025,5,31.15806451612903,3.433691756272401,100622.58064516129,0.397741935483871,69.41935483870968,48.45161290322581,2.0258064516129033,182.40403225806452,183.13806451612902
Indonesia,Jakarta,2025,6,30.5,3.315740740740741,100766.66666666667,0.5459999999999999,72.23333333333333,40.833333333333336,1.95,231.08350000000002,231.72483333333332
Indonesia,Jakarta,2025,7,30.89032258064516,3.1926523297491043,100709.67741935483,0.1003225806451613,67.7741935483871,31.451612903225808,2.7516129032258063,221.90451612903226,222.751935483871
Indonesia,Jakarta,2025,8,30.56451612903226,3.7114695340501793,100822.58064516129,0.2832258064516129,67.96774193548387,41.12903225806452,2.903225806451613,259.5490322580645,260.5158064516129
Indonesia,Jakarta,2025,9,30.91,3.8814814814814818,100770.0,0.21066666666666667,67.03333333333333,36.666666666666664,4.37,252.60399999999998,253.603
Indonesia,Jakarta,2025,10,31.848387096774193,3.8261648745519716,100696.7741935484,0.2161290322580645,65.96774193548387,40.32258064516129,5.27741935483871,139.6822580645161,140.22096774193548
Indonesia,Jakarta,2025,11,31.09,5.009259259259259,100676.66666666667,0.09166666666666666,68.43333333333334,48.333333333333336,6.25,89.99666666666667,90.46666666666667
Indonesia,Jakarta,2025,12,30.519354838709678,4.551075268817205,100693.54838709677,0.26870967741935486,72.58064516129032,47.58064516129032,6.787096774193548,71.4758064516129,72.01774193548388
Indonesia,Jakarta,2026,1,28.58,4.932407407407408,100926.66666666667,0.5046666666666667,76.33333333333333,55.0,6.66,49.28333333333333,49.68
Indonesia,Jakarta,2026,2,27.45,4.8842592592592595,101050.0,0.7366666666666667,82.0,58.333333333333336,8.733333333333333,51.9,52.1
Indonesia,Laos,2024,5,21.694117647058825,1.565359477124183,101211.76470588235,0.09058823529411765,93.29411764705883,63.88235294117647,1.3529411764705883,20.441176470588236,30.15294117647059
Indonesia,Laos,2024,6,20.610344827586207,1.5239463601532566,101344.8275862069,0.11655172413793104,92.03448275862068,66.6896551724138,1.0,16.606896551724137,26.586206896551722
Indonesia,Laos,2024,7,21.45862068965517,1.7375478927203067,101310.3448275862,0.09586206896551723,90.17241379310344,65.20689655172414,1.0,16.086206896551722,27.76206896551724
Indonesia,Laos,2024,8,21.364516129032257,1.8279569892473118,101338.70967741935,0.04129032258064516,88.29032258064517,43.935483870967744,1.0,18.080645161290324,31.1
Indonesia,Laos,2024,9,23.573333333333334,1.8305555555555555,101126.66666666667,0.04700000000000001,83.56666666666666,52.833333333333336,3.6666666666666665,18.012999999999998,28.6505
Indonesia,Laos,2024,10,28.161290322580644,2.671146953405018,100987.09677419355,0.24193548387096775,67.7741935483871,67.41935483870968,2.7419354838709675,16.411290322580644,26.061129032258062
Indonesia,Laos,2024,11,28.40666666666667,1.7055555555555557,100760.0,0.6376666666666666,72.53333333333333,68.3,1.8933333333333335,27.127166666666668,33.016333333333336
Indonesia,Laos,2024,12,24.809677419354838,1.32168458781362,100758.06451612903,1.4216129032258065,89.7741935483871,74.70967741935483,0.13548387096774195,24.634838709677418,26.365483870967743
Indonesia,Laos,2025,1,24.980645161290322,1.3548387096774193,100777.41935483871,2.2674193548387094,91.19354838709677,73.09677419354838,0.4225806451612903,24.21709677419355,24.754193548387097
Indonesia,Laos,2025,2,25.907142857142855,1.3075396825396826,100857.14285714286,1.1321428571428571,88.07142857142857,69.10714285714286,0.1285714285714286,25.179821428571426,26.25017857142857
Indonesia,Laos,2025,3,28.20967741935484,1.6720430107526882,100716.12903225806,0.8480645161290322,77.12903225806451,75.2258064516129,0.8548387096774194,33.05532258064516,33.89677419354839
Indonesia,Laos,2025,4,27.33,1.8703703703703705,100856.66666666667,0.9936666666666666,77.73333333333333,75.36666666666666,0.9666666666666667,24.19183333333333,27.18883333333333
Indonesia,Laos,2025,5,27.574193548387097,2.0053763440860215,100800.0,1.183548387096774,81.54838709677419,73.87096774193549,1.2064516129032257,32.51225806451613,34.153387096774196
Indonesia,Laos,2025,6,26.326666666666664,2.400925925925926,101036.66666666667,0.316,80.2,68.7,0.9600000000000001,21.688166666666667,25.5115
Indonesia,Laos,2025,7,25.97741935483871,2.773297491039427,101022.58064516129,0.13870967741935483,76.16129032258064,63.0,1.6709677419354838,20.093387096774194,24.049999999999997
Indonesia,Laos,2025,8,26.983870967741936,2.96236559139785,101038.70967741935,0.08967741935483871,68.96774193548387,65.19354838709677,2.2774193548387096,23.996290322580645,28.621290322580645
Indonesia,Laos,2025,9,27.883333333333333,2.8601851851851854,101010.0,0.185,68.3,63.13333333333333,3.7133333333333334,25.89333333333333,29.812666666666665
Indonesia,Laos,2025,10,29.183870967741935,2.4498207885304657,100870.96774193548,0.46064516129032257,66.38709677419355,67.58064516129032,4.77741935483871,18.879032258064516,20.49516129032258
Indonesia,Laos,2025,11,27.446666666666665,1.9787037037037039,100820.0,1.4146666666666665,79.06666666666666,75.46666666666667,4.319999999999999,24.90666666666667,26.183333333333334
Indonesia,Laos,2025,12,28.919354838709676,2.14336917562724,100687.09677419355,0.8425806451612904,71.3225806451613,76.90322580645162,5.458064516129032,30.679032258064513,32.24032258064516
Indonesia,Laos,2026,1,27.89333333333333,1.4222222222222223,100820.0,0.9993333333333333,76.76666666666667,73.6,5.306666666666667,35.44666666666667,36.11333333333334
Indonesia,Laos,2026,2,29.233333333333334,1.6203703703703705,100883.33333333333,0.7316666666666668,68.66666666666667,69.5,7.566666666666666,28.2,29.066666666666666
Indonesia,Surabaya,2024,6,27.7,3.5,100900.0,0.0,74.0,17.0,1.0,13.6,20.8
Iran,Chi Chi Khvar,2024,5,21.08823529411765,5.129084967320261,101135.29411764706,0.008823529411764706,35.11764705882353,17.352941176470587,5.588235294117647,8.01764705882353,27.023529411764706
Iran,Chi Chi Khvar,2024,6,28.46896551724138,5.509578544061302,100686.20689655172,0.0,22.75862068965517,10.413793103448276,7.068965517241379,8.60344827586207,18.686206896551724
Iran,Chi Chi Khvar,2024,7,31.810714285714287,5.813492063492063,100060.71428571429,0.0,15.642857142857142,14.178571428571429,7.857142857142857,12.046428571428573,35.725
Iran,Chi Chi Khvar,2024,8,32.87096774193548,5.725806451612903,100312.90322580645,0.0,12.709677419354838,5.580645161290323,8.064516129032258,12.09032258064516,28.858064516129033
Iran,Chi Chi Khvar,2024,9,25.873333333333335,5.69537037037037,100826.66666666667,0.0,17.766666666666666,6.166666666666667,6.7,23.048299999999998,98.41383333333333
Iran,Chi Chi Khvar,2024,10,16.85483870967742,4.983870967741935,101451.6129032258,0.008387096774193548,24.612903225806452,13.419354838709678,4.551612903225807,27.43370967741935,98.02612903225807
Iran,Chi Chi Khvar,2024,11,9.066666666666666,3.537037037037037,101820.0,0.098,46.166666666666664,34.7,2.8233333333333333,20.757,45.41133333333333
Iran,Chi Chi Khvar,2024,12,4.019354838709678,2.413082437275986,101951.6129032258,0.03935483870967742,42.45161290322581,26.322580645161292,1.474193548387097,12.836612903225806,28.10806451612903
Iran,Chi Chi Khvar,2025,1,2.7451612903225806,2.0806451612903225,102200.0,0.004516129032258065,46.16129032258065,30.225806451612904,1.8580645161290323,17.903225806451612,34.714354838709674
Iran,Chi Chi Khvar,2025,2,-0.8678571428571428,3.1329365079365084,101878.57142857143,0.016785714285714286,53.964285714285715,43.642857142857146,3.039285714285714,19.72232142857143,70.06875000000001
Iran,Chi Chi Khvar,2025,3,9.480645161290324,3.5376344086021505,101738.70967741935,0.1870967741935484,43.774193548387096,36.483870967741936,4.6,26.99209677419355,79.64548387096775
Iran,Chi Chi Khvar,2025,4,16.09,6.917592592592593,101293.33333333333,0.04000000000000001,32.4,17.9,7.993333333333334,38.7945,200.1515
Iran,Chi Chi Khvar,2025,5,22.203225806451613,5.138888888888889,101070.96774193548,0.008387096774193548,25.419354838709676,11.548387096774194,10.316129032258065,40.53290322580645,216.06806451612903
Iran,Chi Chi Khvar,2025,6,25.633333333333333,4.312037037037038,100740.0,0.0016666666666666668,16.666666666666668,4.166666666666667,11.686666666666667,28.823,142.9865
Iran,Chi Chi Khvar,2025,7,30.325806451612905,3.387992831541219,100393.54838709677,0.0,15.064516129032258,11.935483870967742,11.558064516129033,37.32822580645161,131.08145161290324
Iran,Chi Chi Khvar,2025,8,31.641935483870967,3.299283154121864,100654.83870967742,0.0,13.03225806451613,6.096774193548387,10.109677419354838,27.22483870967742,72.32903225806452
Iran,Chi Chi Khvar,2025,9,23.19,2.596296296296296,101086.66666666667,0.0003333333333333333,18.466666666666665,3.7,7.84,28.0715,104.51816666666667
Iran,Chi Chi Khvar,2025,10,18.551612903225806,3.96236559139785,101548.3870967742,0.0,21.806451612903224,6.580645161290323,5.077419354838709,17.175806451612903,48.27903225806452
Iran,Chi Chi Khvar,2025,11,10.4,1.4148148148148147,102276.66666666667,0.042666666666666665,30.6,14.166666666666666,2.6966666666666668,17.21333333333333,26.78666666666667
Iran,Chi Chi Khvar,2025,12,2.2708333333333335,2.0949074074074074,102095.83333333333,0.18583333333333332,62.541666666666664,41.291666666666664,1.4458333333333335,12.15,29.066666666666663
Iran,Chi Chi Khvar,2026,1,-5.140909090909091,1.3421717171717171,102609.09090909091,0.18136363636363637,83.81818181818181,37.72727272727273,2.1272727272727274,9.58181818181818,30.063636363636363
Iran,Chi Chi Khvar,2026,2,2.625,1.6805555555555556,102050.0,0.0075,82.75,91.75,2.15,17.525,70.725
Iran,Tehran,2024,5,27.11764705882353,5.148692810457517,101400.0,0.08058823529411764,23.0,37.470588235294116,6.411764705882353,12.011764705882353,25.041176470588233
Iran,Tehran,2024,6,33.00333333333334,4.148148148148148,101013.33333333333,0.0016666666666666668,15.833333333333334,29.9,7.666666666666667,16.94,44.763333333333335
Iran,Tehran,2024,7,36.38275862068965,3.7729885057471266,100486.20689655172,0.0,14.379310344827585,18.82758620689655,8.413793103448276,23.7,86.45862068965518
Iran,Tehran,2024,8,36.28064516129032,3.485663082437276,100767.74193548386,0.0,14.290322580645162,23.387096774193548,8.548387096774194,24.348387096774193,79.2290322580645
Iran,Tehran,2024,9,30.276666666666664,3.187037037037037,101536.66666666667,0.019666666666666666,20.633333333333333,26.666666666666668,6.966666666666667,33.07066666666667,91.75266666666667
Iran,Tehran,2024,10,22.432258064516127,3.131720430107527,101806.45161290323,0.0025806451612903226,24.258064516129032,22.258064516129032,4.72258064516129,46.3633870967742,112.50387096774193
Iran,Tehran,2024,11,15.336666666666668,2.3962962962962964,102070.0,0.04833333333333333,39.36666666666667,41.93333333333333,2.95,88.3745,119.39283333333333
Iran,Tehran,2024,12,8.796774193548387,1.9901433691756272,102135.48387096774,0.003225806451612903,38.70967741935484,27.741935483870968,1.3096774193548388,72.50806451612904,81.85951612903226
Iran,Tehran,2025,1,9.206451612903225,1.9014336917562724,102196.7741935484,0.025806451612903226,36.25806451612903,34.03225806451613,1.5612903225806452,75.52774193548387,84.90903225806453
Iran,Tehran,2025,2,7.739285714285714,2.736111111111111,108732.14285714286,0.04214285714285715,33.642857142857146,39.285714285714285,2.6142857142857143,57.706785714285715,74.25107142857144
Iran,Tehran,2025,3,15.899999999999999,3.0501792114695343,101935.48387096774,0.15096774193548387,28.580645161290324,40.32258064516129,4.651612903225806,53.196451612903225,82.3608064516129
Iran,Tehran,2025,4,23.886666666666667,3.9166666666666665,101696.66666666667,0.021666666666666667,20.3,51.666666666666664,7.673333333333333,58.053,191.44416666666666
Iran,Tehran,2025,5,29.79032258064516,3.971326164874552,101483.87096774194,0.005806451612903226,14.0,33.064516129032256,10.570967741935483,48.96532258064516,144.83112903225808
Iran,Tehran,2025,6,30.636666666666667,3.7842592592592594,101046.66666666667,0.0036666666666666666,16.3,12.7,11.513333333333332,39.98466666666666,102.59483333333333
Iran,Tehran,2025,7,34.53225806451613,3.3862007168458783,101067.74193548386,0.000967741935483871,15.225806451612904,24.193548387096776,11.245161290322581,43.105000000000004,113.22596774193549
Iran,Tehran,2025,8,33.71612903225807,3.4973118279569895,101509.67741935483,0.0,14.838709677419354,13.709677419354838,10.483870967741936,43.68387096774194,104.1609677419355
Iran,Tehran,2025,9,28.596666666666668,3.4694444444444446,101596.66666666667,0.0006666666666666666,18.2,10.833333333333334,8.096666666666668,75.15283333333333,126.6585
Iran,Tehran,2025,10,24.73548387096774,2.9480286738351253,101977.41935483871,0.0,16.419354838709676,5.645161290322581,5.512903225806451,77.71774193548387,87.25967741935484
Iran,Tehran,2025,11,16.51,1.8555555555555556,102586.66666666667,0.001,22.933333333333334,14.166666666666666,2.99,98.57333333333332,102.61333333333333
Iran,Tehran,2025,12,8.564516129032258,1.9399641577060933,102035.48387096774,0.02032258064516129,49.67741935483871,48.38709677419355,1.6935483870967742,75.71129032258065,81.5725806451613
Iran,Tehran,2026,1,5.886666666666667,1.8037037037037038,102000.0,0.009000000000000001,42.3,35.0,1.8099999999999998,62.82000000000001,69.53
Iran,Tehran,2026,2,8.700000000000001,1.962962962962963,101866.66666666667,0.05833333333333333,56.5,50.0,2.3000000000000003,61.31666666666666,71.5
Iraq,Baghdad,2024,5,37.71176470588235,4.063725490196079,100629.41176470589,0.0,15.352941176470589,16.294117647058822,8.176470588235293,19.235294117647058,69.80588235294118
Iraq,Baghdad,2024,6,44.62,5.140740740740741,99926.66666666667,0.0,9.033333333333333,5.433333333333334,10.366666666666667,14.416666666666666,43.82
Iraq,Baghdad,2024,7,44.800000000000004,6.194444444444445,99613.79310344828,0.0,10.862068965517242,0.20689655172413793,10.517241379310345,17.279310344827586,66.3344827586207
Iraq,Baghdad,2024,8,44.751612903225805,5.088709677419355,99925.80645161291,0.0,11.419354838709678,0.9354838709677419,10.548387096774194,17.748387096774195,63.832258064516125
Iraq,Baghdad,2024,9,39.81333333333334,5.4,100533.33333333333,0.0,17.166666666666668,3.3333333333333335,9.5,39.118,90.05833333333334
Iraq,Baghdad,2024,10,31.116129032258065,3.935483870967742,101306.45161290323,0.0,17.870967741935484,8.612903225806452,5.974193548387096,59.52225806451613,113.44677419354838
Iraq,Baghdad,2024,11,23.403333333333332,4.32962962962963,101803.33333333333,0.0,39.266666666666666,23.833333333333332,3.3066666666666666,57.86183333333334,96.45283333333333
Iraq,Baghdad,2024,12,18.212903225806453,4.380824372759857,102019.35483870968,0.004193548387096774,33.096774193548384,21.35483870967742,2.2838709677419353,48.08806451612903,77.145
Iraq,Baghdad,2025,1,16.467741935483872,4.181003584229391,102145.16129032258,0.02032258064516129,44.54838709677419,25.548387096774192,2.5548387096774197,47.491290322580646,62.65532258064516
Iraq,Baghdad,2025,2,15.335714285714285,3.864087301587302,101910.71428571429,0.012857142857142857,38.785714285714285,33.92857142857143,3.192857142857143,38.949107142857144,63.455
Iraq,Baghdad,2025,3,22.31935483870968,4.792114695340502,101700.0,0.015483870967741937,41.16129032258065,43.54838709677419,5.348387096774194,52.28935483870968,103.40903225806453
Iraq,Baghdad,2025,4,28.68,4.969444444444445,101163.33333333333,0.004666666666666667,28.233333333333334,30.0,7.66,55.611,139.31733333333335
Iraq,Baghdad,2025,5,35.645161290322584,6.128136200716846,100741.93548387097,0.0,18.774193548387096,10.483870967741936,9.174193548387096,55.22548387096774,154.833064516129
Iraq,Baghdad,2025,6,39.78333333333333,5.997222222222223,100280.0,0.0,13.5,0.8333333333333334,10.613333333333333,38.21483333333333,83.97766666666666
Iraq,Baghdad,2025,7,41.012903225806454,6.1415770609319,99887.09677419355,0.0,17.032258064516128,1.6129032258064515,9.94516129032258,50.73177419354838,140.00322580645164
Iraq,Baghdad,2025,8,41.0516129032258,6.905017921146954,100203.2258064516,0.0,16.387096774193548,3.225806451612903,9.106451612903227,40.77161290322581,87.07532258064516
Iraq,Baghdad,2025,9,35.3,4.502777777777778,100730.0,0.0,18.833333333333332,2.5,6.6899999999999995,39.92283333333333,74.58966666666667
Iraq,Baghdad,2025,10,28.719354838709677,4.267921146953405,101406.45161290323,0.0,28.580645161290324,0.06451612903225806,4.267741935483872,21.35,40.156451612903226
Iraq,Baghdad,2025,11,20.040000000000003,4.237037037037037,102046.66666666667,0.0013333333333333333,41.13333333333333,18.366666666666667,2.413333333333333,25.73,42.07333333333334
Iraq,Baghdad,2025,12,12.709677419354838,4.371863799283154,101864.51612903226,0.09580645161290322,72.87096774193549,57.645161290322584,1.332258064516129,27.998387096774195,41.77258064516129
Iraq,Baghdad,2026,1,9.28,4.916666666666667,102203.33333333333,0.0,66.6,37.93333333333333,1.6133333333333333,28.206666666666667,48.82
Iraq,Baghdad,2026,2,14.083333333333334,5.115740740740741,101866.66666666667,0.051666666666666666,57.0,43.833333333333336,2.0333333333333337,31.566666666666666,76.2
Ireland,Dublin,2024,5,15.882352941176471,4.937908496732027,101282.35294117648,0.19588235294117648,70.6470588235294,72.05882352941177,3.823529411764706,3.5294117647058822,4.794117647058824
Ireland,Dublin,2024,6,16.148275862068967,5.347701149425288,101365.5172413793,0.11448275862068967,64.82758620689656,69.58620689655173,3.793103448275862,1.396551724137931,2.4379310344827587
Ireland,Dublin,2024,7,17.44137931034483,4.666666666666667,101289.6551724138,0.15827586206896552,68.41379310344827,67.41379310344827,4.206896551724138,1.1379310344827587,1.7034482758620688
Ireland,Dublin,2024,8,18.238709677419354,5.377240143369176,101000.0,0.06451612903225806,64.83870967741936,63.96774193548387,4.451612903225806,1.603225806451613,2.8193548387096774
Ireland,Dublin,2024,9,14.616666666666667,5.2138888888888895,101560.0,0.10766666666666666,78.7,65.0,3.9,12.305333333333333,23.84283333333333
Ireland,Dublin,2024,10,11.44516129032258,4.267025089605735,101096.7741935484,0.05935483870967742,83.09677419354838,58.193548387096776,1.0870967741935484,9.136612903225807,21.25709677419355
Ireland,Dublin,2024,11,8.003333333333334,3.9592592592592597,101773.33333333333,0.21766666666666667,88.9,64.6,0.16333333333333336,17.951166666666666,30.59283333333333
Ireland,Dublin,2024,12,7.464516129032258,5.667562724014338,102122.58064516129,0.06,83.87096774193549,67.29032258064517,0.14193548387096774,9.46483870967742,24.563225806451616
Ireland,Dublin,2025,1,4.516129032258065,4.218637992831541,100961.29032258065,0.3035483870967742,87.74193548387096,56.45161290322581,0.2,10.82548387096774,24.419999999999998
Ireland,Dublin,2025,2,6.989285714285714,5.728174603174603,101675.0,0.1157142857142857,82.78571428571429,62.5,0.35000000000000003,12.989642857142856,25.800892857142856
Ireland,Dublin,2025,3,8.574193548387097,3.6272401433691757,101677.41935483871,0.012903225806451613,79.03225806451613,52.41935483870968,0.8,16.32774193548387,30.889032258064514
Ireland,Dublin,2025,4,10.983333333333333,3.435185185185185,101613.33333333333,0.19166666666666668,77.46666666666667,49.166666666666664,1.1066666666666667,24.358333333333334,39.12133333333333
Ireland,Dublin,2025,5,13.464516129032257,3.6774193548387095,101874.19354838709,0.03516129032258065,73.58064516129032,50.806451612903224,1.935483870967742,14.752258064516129,26.604193548387098
Ireland,Dublin,2025,6,15.203333333333335,4.122222222222223,101323.33333333333,0.2793333333333333,78.3,67.5,1.9466666666666665,10.853333333333333,21.423
Ireland,Dublin,2025,7,16.273333333333333,3.413888888888889,101516.66666666667,0.046,82.03333333333333,63.333333333333336,1.4933333333333332,9.1945,19.314
Ireland,Dublin,2025,8,15.935483870967742,3.9256272401433696,101429.03225806452,0.010967741935483872,83.25806451612904,66.12903225806451,0.9774193548387097,12.556129032258065,24.99290322580645
Ireland,Dublin,2025,9,11.583333333333334,4.114814814814815,101053.33333333333,0.15133333333333335,89.13333333333334,64.16666666666667,0.35666666666666663,9.511166666666666,22.94066666666667
Ireland,Dublin,2025,10,10.206451612903225,4.522401433691757,101235.48387096774,0.14387096774193547,86.41935483870968,74.19354838709677,0.041935483870967745,7.598387096774194,15.58548387096774
Ireland,Dublin,2025,11,7.63,4.881481481481482,100603.33333333333,0.43866666666666665,90.6,64.16666666666667,0.0,5.0,10.92
Ireland,Dublin,2025,12,7.551612903225807,5.156810035842294,100919.35483870968,0.14612903225806453,83.0,58.87096774193548,0.0,5.153225806451613,11.39516129032258
Ireland,Dublin,2026,1,4.536666666666666,5.008333333333334,99833.33333333333,0.19033333333333333,89.13333333333334,60.833333333333336,0.0,5.786666666666666,11.1
Ireland,Dublin,2026,2,6.3,6.435185185185186,98883.33333333333,0.23166666666666666,91.16666666666667,75.0,0.0,8.799999999999999,13.266666666666666
Israel,Jerusalem,2024,5,27.176470588235293,5.071895424836602,101247.05882352941,0.0,48.23529411764706,11.764705882352942,6.352941176470588,13.48235294117647,44.14705882352941
Israel,Jerusalem,2024,6,31.16,5.6,100676.66666666667,0.0,46.8,5.0,7.533333333333333,15.203333333333335,34.626666666666665
Israel,Jerusalem,2024,7,31.785714285714285,6.953373015873017,100500.0,0.0,40.25,6.785714285714286,7.678571428571429,11.614285714285714,21.335714285714285
Israel,Jerusalem,2024,8,30.461290322580645,6.988351254480286,100729.03225806452,0.0,33.903225806451616,1.5483870967741935,7.67741935483871,13.748387096774193,22.825806451612905
Israel,Jerusalem,2024,9,30.116666666666667,6.092592592592593,101023.33333333333,0.0003333333333333333,45.333333333333336,22.5,7.0,21.068166666666666,37.084500000000006
Israel,Jerusalem,2024,10,24.719354838709677,3.074372759856631,101412.90322580645,0.0003225806451612903,37.354838709677416,15.064516129032258,5.745161290322581,24.00225806451613,75.09806451612903
Israel,Jerusalem,2024,11,17.35666666666667,3.4740740740740743,101816.66666666667,0.008666666666666666,48.86666666666667,28.3,3.433333333333333,31.117,69.99166666666666
Israel,Jerusalem,2024,12,14.438709677419356,3.416666666666667,101922.58064516129,0.028387096774193554,42.87096774193548,25.032258064516128,2.8677419354838714,24.69451612903226,59.61774193548386
Israel,Jerusalem,2025,1,18.664516129032258,2.4982078853046596,102016.12903225806,0.0067741935483870966,47.32258064516129,19.516129032258064,3.325806451612903,30.51306451612903,64.85741935483871
Israel,Jerusalem,2025,2,16.310714285714287,4.547619047619048,101875.0,0.11142857142857143,52.92857142857143,40.17857142857143,4.0964285714285715,18.552857142857142,32.401428571428575
Israel,Jerusalem,2025,3,22.625806451612902,3.5833333333333335,101622.58064516129,0.030322580645161287,41.74193548387097,19.35483870967742,5.980645161290322,29.588064516129034,59.373064516129034
Israel,Jerusalem,2025,4,24.553333333333335,5.296296296296296,101296.66666666667,0.005,39.333333333333336,22.5,7.636666666666667,23.772499999999997,61.6975
Israel,Jerusalem,2025,5,27.01290322580645,3.882616487455197,101235.48387096774,0.01161290322580645,44.70967741935484,17.741935483870968,9.04516129032258,22.838548387096775,50.67209677419355
Israel,Jerusalem,2025,6,29.376666666666665,3.0203703703703706,100940.0,0.0,52.7,10.0,10.156666666666666,22.853666666666665,36.89516666666667
Israel,Jerusalem,2025,7,32.00645161290323,4.155913978494624,100674.19354838709,0.0,49.54838709677419,12.903225806451612,9.506451612903225,22.78483870967742,35.07838709677419
Israel,Jerusalem,2025,8,31.54516129032258,3.307347670250896,100845.16129032258,0.0,52.41935483870968,30.64516129032258,8.338709677419354,25.786612903225805,47.855322580645165
Israel,Jerusalem,2025,9,29.376666666666665,2.7824074074074074,101120.0,0.0003333333333333333,54.46666666666667,31.666666666666668,6.3966666666666665,23.196,41.049166666666665
Israel,Jerusalem,2025,10,26.138709677419353,2.203405017921147,101567.74193548386,0.0025806451612903226,53.12903225806452,25.806451612903224,3.6903225806451614,10.624193548387098,22.333870967741937
Israel,Jerusalem,2025,11,23.71333333333333,2.8833333333333333,101710.0,0.010333333333333333,53.13333333333333,12.5,1.87,21.383333333333333,46.163333333333334
Israel,Jerusalem,2025,12,15.816129032258065,3.14336917562724,101674.19354838709,0.04,68.03225806451613,25.806451612903224,1.1548387096774193,15.753225806451614,32.45645161290322
Israel,Jerusalem,2026,1,13.963333333333333,3.9935185185185187,101856.66666666667,0.049,65.83333333333333,23.333333333333332,1.1633333333333333,20.57,54.093333333333334
Israel,Jerusalem,2026,2,15.799999999999999,4.064814814814815,101550.0,0.03666666666666667,64.0,16.666666666666668,1.6833333333333333,19.3,47.349999999999994
Italy,Rome,2024,5,24.0,4.511437908496733,101223.5294117647,0.0005882352941176471,53.1764705882353,30.88235294117647,6.176470588235294,11.041176470588235,15.36470588235294
Italy,Rome,2024,6,29.32,4.849074074074074,101356.66666666667,0.021666666666666667,39.266666666666666,17.166666666666668,7.166666666666667,5.97,12.303333333333335
Italy,Rome,2024,7,34.38214285714286,4.466269841269841,101217.85714285714,0.002142857142857143,33.392857142857146,9.25,8.428571428571429,6.2178571428571425,11.189285714285715
Italy,Rome,2024,8,34.71935483870968,3.813620071684588,101177.41935483871,0.0025806451612903226,34.70967741935484,11.064516129032258,8.451612903225806,9.387096774193548,13.058064516129033
Italy,Rome,2024,9,25.490000000000002,2.962962962962963,101280.0,0.12766666666666668,56.43333333333333,30.8,6.466666666666667,9.953166666666668,16.304166666666667
Italy,Rome,2024,10,21.019354838709678,2.6012544802867383,101819.35483870968,0.13419354838709677,72.51612903225806,24.516129032258064,2.8193548387096774,17.109516129032258,25.17790322580645
Italy,Rome,2024,11,13.916666666666666,2.496296296296296,102076.66666666667,0.013333333333333334,74.76666666666667,25.033333333333335,1.0033333333333334,26.7325,33.3185
Italy,Rome,2024,12,10.30967741935484,2.865591397849462,101996.7741935484,0.09903225806451613,69.70967741935483,15.225806451612904,1.0806451612903225,23.97241935483871,28.746612903225806
Italy,Rome,2025,1,12.12258064516129,3.663082437275986,101961.29032258065,0.07903225806451614,74.45161290322581,24.516129032258064,1.1870967741935483,22.677419354838708,31.00241935483871
Italy,Rome,2025,2,11.396428571428572,2.110119047619048,102239.28571428571,0.04964285714285715,76.78571428571429,31.25,1.7,29.415,34.31089285714286
Italy,Rome,2025,3,13.738709677419356,2.683691756272401,101509.67741935483,0.06838709677419355,72.93548387096774,25.387096774193548,2.2548387096774194,25.171935483870968,31.969193548387096
Italy,Rome,2025,4,17.06,2.5092592592592595,101523.33333333333,0.054000000000000006,68.93333333333334,19.166666666666668,3.3,21.8485,28.44066666666667
Italy,Rome,2025,5,20.47741935483871,2.545698924731183,101454.83870967742,0.08096774193548387,64.09677419354838,18.93548387096774,4.335483870967742,16.256129032258066,24.467741935483872
Italy,Rome,2025,6,28.703333333333333,2.3953703703703706,101753.33333333333,0.006666666666666667,46.333333333333336,1.6666666666666667,5.826666666666667,21.324333333333335,36.667
Italy,Rome,2025,7,28.55483870967742,3.0152329749103943,101274.19354838709,0.02967741935483871,49.096774193548384,9.903225806451612,4.835483870967742,14.692580645161291,23.608387096774194
Italy,Rome,2025,8,27.241935483870968,2.259856630824373,101380.64516129032,0.10967741935483871,56.70967741935484,8.064516129032258,3.3225806451612905,16.984193548387097,24.921290322580642
Italy,Rome,2025,9,22.246666666666666,2.3472222222222223,101703.33333333333,0.21933333333333332,71.66666666666667,15.0,1.7666666666666666,15.6405,23.295166666666667
Italy,Rome,2025,10,15.851612903225806,2.638888888888889,101619.35483870968,0.0364516129032258,73.29032258064517,20.967741935483872,0.6838709677419355,9.556451612903226,12.966129032258063
Italy,Rome,2025,11,10.533333333333333,2.437962962962963,101430.0,0.161,86.03333333333333,23.333333333333332,0.22666666666666666,13.333333333333334,16.56
Italy,Rome,2025,12,7.009677419354838,2.253584229390681,101754.83870967742,0.03967741935483871,88.25806451612904,22.580645161290324,0.0,22.820967741935487,26.02741935483871
Italy,Rome,2026,1,7.113333333333333,2.5027777777777778,100863.33333333333,0.2806666666666667,88.8,42.9,0.02666666666666667,13.463333333333333,17.703333333333333
Italy,Rome,2026,2,9.083333333333334,3.0601851851851856,100066.66666666667,0.03333333333333333,84.5,37.5,0.10000000000000002,11.433333333333332,15.583333333333334
Jamaica,Kingston,2024,6,30.0,1.8888888888888888,101500.0,0.0,59.0,12.0,8.0,12.4,15.7
Jamaica,Kingston,2025,8,28.49090909090909,1.2196969696969697,101336.36363636363,0.0,77.0,0.0,0.0,18.853181818181817,36.96636363636364
Jamaica,Kingston,2025,9,27.826666666666664,1.174074074074074,101206.66666666667,0.0,79.1,9.066666666666666,0.0,15.006833333333333,21.139499999999998
Jamaica,Kingston,2025,10,27.335483870967742,1.650537634408602,100925.80645161291,0.5419354838709678,80.90322580645162,6.451612903225806,0.0,8.462903225806452,9.633870967741935
Jamaica,Kingston,2025,11,26.216666666666665,1.5138888888888888,101303.33333333333,0.0,78.13333333333334,5.533333333333333,0.0,10.26,11.716666666666667
Jamaica,Kingston,2025,12,25.82903225806452,1.4919354838709677,101364.51612903226,0.021612903225806453,75.45161290322581,0.4838709677419355,0.0,10.72741935483871,12.246774193548386
Jamaica,Kingston,2026,1,25.253333333333334,1.5185185185185186,101416.66666666667,0.0,79.16666666666667,1.3666666666666667,0.0,11.786666666666667,13.313333333333333
Jamaica,Kingston,2026,2,23.55,2.25,101633.33333333333,0.0,72.66666666666667,3.6666666666666665,0.0,6.683333333333334,8.433333333333334
Jamaica,Norman Gardens,2024,5,30.21764705882353,3.2581699346405233,101370.58823529411,0.01647058823529412,67.76470588235294,35.23529411764706,6.882352941176471,15.65294117647059,20.235294117647058
Jamaica,Norman Gardens,2024,6,30.431578947368422,5.779239766081871,101242.1052631579,0.21,71.05263157894737,38.473684210526315,6.947368421052632,5.873684210526315,9.294736842105262
Jamaica,Port Royal,2024,6,30.15,4.861111111111112,101290.0,0.003,71.0,0.0,7.0,8.76,12.139999999999999
Jamaica,Port Royal,2024,7,28.43793103448276,3.0009578544061304,101406.89655172414,0.0027586206896551726,76.6896551724138,21.275862068965516,6.620689655172414,10.072413793103449,14.634482758620688
Jamaica,Port Royal,2024,8,28.241935483870968,2.3494623655913975,101358.06451612903,0.0032258064516129032,78.2258064516129,25.322580645161292,6.806451612903226,14.22258064516129,19.26451612903226
Jamaica,Port Royal,2024,9,28.826666666666664,2.4175925925925923,101030.0,0.0006666666666666666,79.5,36.666666666666664,4.233333333333333,10.919166666666666,18.099833333333333
Jamaica,Port Royal,2024,10,27.25,1.4296296296296296,101066.66666666667,0.958,86.46666666666667,32.8,0.3,10.205833333333334,16.199833333333334
Jamaica,Port Royal,2024,11,26.348275862068967,1.7672413793103448,100927.58620689655,1.7855172413793103,85.58620689655173,46.86206896551724,0.0,13.645344827586205,17.358103448275862
Jamaica,Port Royal,2024,12,25.55806451612903,1.8772401433691757,101300.0,0.0,86.80645161290323,40.32258064516129,0.0,10.783709677419356,14.35241935483871
Jamaica,Port Royal,2025,1,25.05666666666667,1.901851851851852,101446.66666666667,0.0,80.03333333333333,30.666666666666668,0.0,12.666333333333334,17.100166666666667
Jamaica,Port Royal,2025,2,25.103571428571428,1.7748015873015872,101414.28571428571,0.0,75.71428571428571,31.142857142857142,0.0,13.016071428571427,17.8525
Jamaica,Port Royal,2025,3,25.24516129032258,1.7051971326164876,101332.25806451614,0.0,74.74193548387096,29.93548387096774,0.0,15.91,21.101935483870967
Jamaica,Port Royal,2025,4,25.946666666666665,1.900925925925926,101296.66666666667,0.083,73.56666666666666,36.666666666666664,0.0,12.4505,17.25433333333333
Jamaica,Port Royal,2025,5,26.60666666666667,1.6712962962962965,101303.33333333333,0.0,79.53333333333333,26.733333333333334,0.0,12.419666666666668,18.697333333333333
Jamaica,Port Royal,2025,6,27.490000000000002,1.8833333333333333,101416.66666666667,0.0,74.73333333333333,22.333333333333332,0.0,20.294500000000003,41.52016666666667
Jamaica,Port Royal,2025,7,27.52258064516129,1.656810035842294,101454.83870967742,0.0,76.74193548387096,3.903225806451613,0.0,16.966290322580647,36.60016129032258
Jamaica,Port Royal,2025,8,27.7,1.4569444444444444,101415.0,0.0,79.35,9.95,0.0,16.73325,29.36875
Japan,Tokyo,2024,5,20.523529411764706,4.519607843137256,101111.76470588235,0.311764705882353,73.52941176470588,50.705882352941174,1.2941176470588236,24.823529411764707,30.405882352941177
Japan,Tokyo,2024,6,22.673333333333336,4.271296296296296,100933.33333333333,0.042333333333333334,78.2,49.63333333333333,1.0,18.57,24.27
Japan,Tokyo,2024,7,27.844827586206897,3.9272030651341,100789.6551724138,0.16344827586206898,79.37931034482759,46.827586206896555,1.0,37.5103448275862,42.02758620689655
Japan,Tokyo,2024,8,28.88064516129032,5.21415770609319,100780.64516129032,0.17709677419354838,76.7741935483871,56.61290322580645,1.0,16.770967741935483,20.996774193548386
Japan,Tokyo,2024,9,27.053333333333335,5.2138888888888895,101303.33333333333,0.10166666666666667,79.9,45.833333333333336,1.0,30.727833333333333,46.830333333333336
Japan,Tokyo,2024,10,22.38064516129032,5.094086021505377,101783.87096774194,0.09870967741935484,75.61290322580645,56.483870967741936,0.2903225806451613,36.104838709677416,56.741290322580646
Japan,Tokyo,2024,11,15.986666666666668,4.035185185185186,101756.66666666667,0.42033333333333334,55.53333333333333,42.4,0.03333333333333333,54.427,67.12416666666667
Japan,Tokyo,2024,12,10.429032258064517,4.374551971326165,101325.80645161291,0.002258064516129032,49.064516129032256,33.54838709677419,0.0,65.97338709677419,67.96661290322581
Japan,Tokyo,2025,1,8.570967741935483,3.794802867383513,101516.12903225806,0.10677419354838709,52.83870967741935,30.64516129032258,0.03225806451612903,66.3433870967742,68.85580645161289
Japan,Tokyo,2025,2,8.214285714285714,5.315476190476191,101317.85714285714,0.02392857142857143,44.82142857142857,35.714285714285715,0.0,43.24375,47.082499999999996
Japan,Tokyo,2025,3,11.983870967741936,4.833333333333334,101393.54838709677,0.17516129032258063,68.35483870967742,42.74193548387097,0.0,58.13177419354839,66.10467741935483
Japan,Tokyo,2025,4,18.273333333333333,6.218518518518519,100900.0,0.07600000000000001,58.06666666666667,43.333333333333336,0.09000000000000001,49.333333333333336,55.95633333333333
Japan,Tokyo,2025,5,20.858064516129033,5.825268817204301,101009.67741935483,0.542258064516129,64.61290322580645,53.54838709677419,0.20967741935483872,43.37951612903226,51.13161290322581
Japan,Tokyo,2025,6,27.066666666666666,5.764814814814815,100773.33333333333,0.13033333333333333,67.5,52.5,0.4,47.08866666666667,52.43516666666667
Japan,Tokyo,2025,7,30.27741935483871,7.236559139784947,100900.0,0.046129032258064515,66.35483870967742,35.74193548387097,0.6483870967741936,36.33758064516129,39.243870967741934
Japan,Tokyo,2025,8,32.596774193548384,6.163978494623656,100758.06451612903,0.04387096774193548,60.516129032258064,47.58064516129032,0.45161290322580644,50.69,52.45645161290323
Japan,Tokyo,2025,9,29.293333333333333,5.313888888888889,101150.0,0.36433333333333334,61.766666666666666,54.166666666666664,0.33666666666666667,46.415499999999994,48.78600000000001
Japan,Tokyo,2025,10,20.65806451612903,4.888888888888889,101774.19354838709,0.06774193548387097,67.96774193548387,63.70967741935484,0.2032258064516129,28.64032258064516,29.962903225806453
Japan,Tokyo,2025,11,16.09,3.463888888888889,101603.33333333333,0.032,49.06666666666667,45.833333333333336,0.14,42.71666666666667,43.656666666666666
Japan,Tokyo,2025,12,11.922580645161291,3.14247311827957,101541.93548387097,0.0006451612903225806,46.54838709677419,39.516129032258064,0.05483870967741936,48.16612903225807,49.07258064516129
Japan,Tokyo,2026,1,9.78,3.7444444444444445,101076.66666666667,0.0013333333333333333,30.766666666666666,39.06666666666667,0.14,45.93333333333333,47.019999999999996
Japan,Tokyo,2026,2,12.0,1.3009259259259258,101383.33333333333,0.0,27.333333333333332,41.666666666666664,0.3,59.4,60.68333333333334
Jemen,Sanaa,2024,7,26.1,4.111111111111112,100700.0,0.2,34.0,84.0,6.0,25.0,78.2
Jordan,Amman,2024,5,27.647058823529413,6.32843137254902,101576.4705882353,0.0005882352941176471,30.0,8.823529411764707,6.470588235294118,12.876470588235295,44.28823529411765
Jordan,Amman,2024,6,34.78333333333333,5.721296296296297,101046.66666666667,0.0,20.866666666666667,5.0,8.066666666666666,16.533333333333335,38.88666666666667
Jordan,Amman,2024,7,32.824137931034485,6.329501915708812,100724.13793103448,0.0,27.103448275862068,9.586206896551724,7.896551724137931,13.948275862068966,25.93448275862069
Jordan,Amman,2024,8,32.248387096774195,5.544802867383512,100964.51612903226,0.0,30.612903225806452,7.32258064516129,7.903225806451613,14.625806451612902,23.74516129032258
Jordan,Amman,2024,9,29.253333333333334,5.407407407407407,101456.66666666667,0.001,35.7,20.833333333333332,7.3,19.7985,34.78916666666667
Jordan,Amman,2024,10,24.32903225806452,3.7544802867383513,101793.54838709677,0.0006451612903225806,35.935483870967744,10.548387096774194,5.835483870967742,31.879677419354838,90.15467741935484
Jordan,Amman,2024,11,18.0,4.171296296296296,101980.0,0.012,49.96666666666667,23.433333333333334,3.4733333333333336,33.16433333333334,79.365
Jordan,Amman,2024,12,14.890322580645162,4.17741935483871,102222.58064516129,0.015161290322580644,40.87096774193548,18.774193548387096,2.903225806451613,27.911129032258064,62.601612903225806
Jordan,Amman,2025,1,13.893548387096773,3.9103942652329753,102258.06451612903,0.001935483870967742,48.225806451612904,20.967741935483872,3.358064516129032,32.45258064516129,76.17225806451613
Jordan,Amman,2025,2,10.807142857142859,4.98015873015873,101928.57142857143,0.0717857142857143,53.464285714285715,38.392857142857146,4.182142857142857,20.198035714285712,36.378928571428574
Jordan,Amman,2025,3,17.625806451612902,4.304659498207886,101896.7741935484,0.027419354838709678,42.193548387096776,19.35483870967742,5.97741935483871,31.831935483870968,68.53951612903225
Jordan,Amman,2025,4,21.776666666666664,5.966666666666667,101573.33333333333,0.0023333333333333335,30.833333333333332,14.166666666666666,7.8,23.797166666666666,63.899
Jordan,Amman,2025,5,25.780645161290323,4.693548387096774,101561.29032258065,0.0006451612903225806,24.93548387096774,12.903225806451612,9.364516129032259,26.07903225806452,82.33693548387097
Jordan,Amman,2025,6,29.273333333333333,4.73888888888889,101323.33333333333,0.0,22.166666666666668,0.8333333333333334,10.776666666666667,21.287333333333333,35.933166666666665
Jordan,Amman,2025,7,30.42258064516129,5.982974910394265,101135.48387096774,0.0,24.741935483870968,0.0,9.896774193548387,20.260483870967743,31.21725806451613
Jordan,Amman,2025,8,29.919354838709676,4.738351254480286,101312.90322580645,0.0,40.0,4.032258064516129,8.567741935483872,28.006612903225808,53.196451612903225
Jordan,Amman,2025,9,26.11,4.308333333333334,101553.33333333333,0.0,39.733333333333334,10.0,6.696666666666667,24.591666666666665,46.20783333333334
Jordan,Amman,2025,10,22.041935483870965,3.174731182795699,101961.29032258065,0.0012903225806451613,48.806451612903224,10.483870967741936,4.0,13.179032258064517,25.901612903225807
Jordan,Amman,2025,11,17.6,4.7,102233.33333333333,0.007666666666666667,42.733333333333334,8.333333333333334,2.13,21.05,49.80333333333333
Jordan,Amman,2025,12,10.432258064516128,4.349462365591398,101864.51612903226,0.10258064516129033,72.64516129032258,27.774193548387096,1.164516129032258,17.866129032258065,32.95
Jordan,Amman,2026,1,8.336666666666666,4.817592592592592,102030.0,0.129,67.43333333333334,22.133333333333333,1.22,21.470000000000002,53.52333333333333
Jordan,Amman,2026,2,12.0,3.986111111111111,101750.0,0.023333333333333334,59.333333333333336,28.333333333333332,1.8166666666666667,21.3,56.73333333333333
Kazakhstan,Astana,2024,5,14.0,6.34967320261438,101394.11764705883,0.10588235294117647,65.17647058823529,50.588235294117645,3.8823529411764706,2.2058823529411766,2.4529411764705884
Kazakhstan,Astana,2024,6,24.489655172413794,4.231800766283525,100858.62068965517,0.11517241379310345,48.55172413793103,29.689655172413794,6.137931034482759,2.2758620689655173,4.0
Kazakhstan,Astana,2024,7,24.451724137931034,4.836206896551724,100451.72413793103,0.1796551724137931,50.275862068965516,54.6551724137931,5.896551724137931,1.4448275862068964,1.6724137931034482
Kazakhstan,Astana,2024,8,22.154838709677417,4.636200716845878,100754.83870967742,0.15129032258064518,51.806451612903224,47.0,5.483870967741935,1.3516129032258064,1.6193548387096774
Kazakhstan,Astana,2024,9,15.426666666666668,5.175,102220.0,0.029333333333333333,50.93333333333333,34.833333333333336,4.333333333333333,10.1335,14.840666666666667
Kazakhstan,Astana,2024,10,9.661290322580646,5.421146953405018,102009.67741935483,0.07903225806451614,55.16129032258065,43.61290322580645,1.8806451612903226,13.76758064516129,23.148870967741935
Kazakhstan,Astana,2024,11,-2.0833333333333335,5.411111111111111,102103.33333333333,0.051333333333333335,79.7,52.53333333333333,0.74,18.3335,22.2925
Kazakhstan,Astana,2024,12,-9.374193548387098,4.707885304659499,102709.67741935483,0.027096774193548386,85.64516129032258,58.12903225806452,0.2064516129032258,19.01322580645161,20.141129032258064
Kazakhstan,Astana,2025,1,-9.187096774193549,5.137096774193548,102364.51612903226,0.034193548387096775,80.35483870967742,50.806451612903224,0.3225806451612903,16.49483870967742,18.010645161290324
Kazakhstan,Astana,2025,2,-6.992857142857143,4.3561507936507935,102775.0,0.009285714285714286,82.28571428571429,41.07142857142857,0.7928571428571428,14.77357142857143,18.26875
Kazakhstan,Astana,2025,3,-0.3419354838709677,4.973118279569892,102238.70967741935,0.03580645161290323,68.12903225806451,37.096774193548384,2.235483870967742,19.633870967741935,28.394516129032258
Kazakhstan,Astana,2025,4,15.896666666666667,6.462962962962964,101513.33333333333,0.037333333333333336,43.733333333333334,42.03333333333333,3.25,16.236833333333333,21.1825
Kazakhstan,Astana,2025,5,22.14516129032258,5.647849462365592,101445.16129032258,0.07935483870967742,39.225806451612904,34.225806451612904,4.403225806451613,12.287580645161292,16.20241935483871
Kazakhstan,Astana,2025,6,24.85,4.837962962962963,100826.66666666667,0.089,46.56666666666667,55.8,5.043333333333334,21.87316666666667,27.275166666666667
Kazakhstan,Astana,2025,7,26.322580645161292,4.6702508960573486,100648.3870967742,0.051290322580645156,38.25806451612903,55.61290322580645,5.47741935483871,18.464193548387097,20.284354838709678
Kazakhstan,Astana,2025,8,22.55483870967742,5.075268817204301,101077.41935483871,0.10548387096774194,47.03225806451613,59.645161290322584,4.45483870967742,15.808548387096774,16.733548387096775
Kazakhstan,Astana,2025,9,17.36,5.088888888888889,101646.66666666667,0.12100000000000001,52.4,43.333333333333336,3.05,12.825833333333332,13.713833333333334
Kazakhstan,Astana,2025,10,7.551612903225807,4.725806451612903,102570.96774193548,0.003870967741935484,47.064516129032256,25.806451612903224,1.7741935483870968,11.979032258064517,12.675806451612903
Kazakhstan,Astana,2025,11,1.0433333333333334,5.312962962962962,102383.33333333333,0.07666666666666666,78.66666666666667,61.666666666666664,0.8,6.6033333333333335,7.7266666666666675
Kazakhstan,Astana,2025,12,-7.580645161290323,5.237455197132617,101996.7741935484,0.03774193548387097,84.0,67.74193548387096,0.6161290322580645,6.55,7.382258064516129
Kazakhstan,Astana,2026,1,-14.620000000000001,3.8703703703703707,102783.33333333333,0.008666666666666666,78.8,39.166666666666664,0.84,9.646666666666667,10.476666666666667
Kazakhstan,Astana,2026,2,-9.633333333333333,3.805555555555556,101833.33333333333,0.19000000000000003,81.33333333333333,50.0,1.0833333333333333,13.816666666666668,17.933333333333334
Kenya,Mombasa,2024,6,26.8,9.11111111111111,101400.0,0.0,65.0,12.0,8.0,4.7,6.4
Kenya,Nairobi,2024,5,23.711764705882356,3.5114379084967324,102105.88235294117,0.5552941176470588,58.8235294117647,72.70588235294117,5.470588235294118,36.529411764705884,66.43529411764706
Kenya,Nairobi,2024,6,22.39,3.327777777777778,102123.33333333333,0.24766666666666665,55.36666666666667,72.33333333333333,5.933333333333334,19.459999999999997,42.526666666666664
Kenya,Nairobi,2024,7,22.26551724137931,3.046934865900383,101955.1724137931,0.31413793103448273,53.89655172413793,70.13793103448276,6.0344827586206895,18.16896551724138,39.30344827586207
Kenya,Nairobi,2024,8,22.812903225806455,3.3154121863799286,101932.25806451614,0.01161290322580645,48.16129032258065,55.935483870967744,6.935483870967742,9.016129032258064,22.761290322580646
Kenya,Nairobi,2024,9,24.63,2.9157407407407407,102156.66666666667,0.012666666666666666,40.96666666666667,61.6,7.2,19.501833333333334,30.2425
Kenya,Nairobi,2024,10,23.92258064516129,3.598566308243728,102148.3870967742,0.14838709677419354,46.61290322580645,58.41935483870968,11.351612903225806,20.147096774193546,29.820806451612903
Kenya,Nairobi,2024,11,22.353333333333335,4.163888888888889,102273.33333333333,0.24366666666666667,60.2,71.3,11.18,17.100166666666667,20.097166666666666
Kenya,Nairobi,2024,12,24.309677419354838,4.632616487455198,101906.45161290323,0.03161290322580645,46.70967741935484,60.806451612903224,12.16451612903226,19.30564516129032,23.548709677419353
Kenya,Nairobi,2025,1,25.04516129032258,4.28584229390681,102135.48387096774,0.13,41.12903225806452,60.74193548387097,12.35483870967742,23.24435483870968,26.628064516129033
Kenya,Nairobi,2025,2,25.335714285714285,5.290674603174603,102146.42857142857,0.0017857142857142859,38.607142857142854,37.17857142857143,14.053571428571429,20.264107142857142,23.56767857142857
Kenya,Nairobi,2025,3,24.248387096774195,4.387992831541219,102196.7741935484,0.12451612903225807,51.38709677419355,65.41935483870968,14.13225806451613,22.605806451612903,23.63822580645161
Kenya,Nairobi,2025,4,22.25,3.0203703703703706,102320.0,0.1756666666666667,62.43333333333333,68.73333333333333,12.046666666666665,19.092,20.017
Kenya,Nairobi,2025,5,21.725806451612904,2.6675627240143367,102512.90322580645,0.22193548387096773,61.38709677419355,69.19354838709677,10.76774193548387,23.44725806451613,24.801935483870967
Kenya,Nairobi,2025,6,20.143333333333334,2.5787037037037037,102540.0,0.03866666666666667,64.73333333333333,70.7,8.96,31.277333333333335,35.23633333333333
Kenya,Nairobi,2025,7,18.17096774193548,2.2795698924731185,102638.70967741935,0.015806451612903224,73.74193548387096,70.61290322580645,8.17741935483871,42.47838709677419,45.95161290322581
Kenya,Nairobi,2025,8,18.335483870967742,2.458781362007169,102461.29032258065,0.06935483870967742,68.35483870967742,69.64516129032258,8.893548387096773,35.04258064516129,36.057096774193546
Kenya,Nairobi,2025,9,19.846666666666668,2.5833333333333335,102533.33333333333,0.004333333333333333,64.66666666666667,57.8,9.976666666666667,29.698,30.8485
Kenya,Nairobi,2025,10,20.45483870967742,2.931899641577061,102364.51612903226,0.11806451612903227,65.48387096774194,66.45161290322581,8.816129032258065,15.666129032258064,16.45
Kenya,Nairobi,2025,11,20.353333333333335,4.527777777777778,102346.66666666667,0.010666666666666666,65.06666666666666,68.7,7.9766666666666675,13.486666666666668,14.19
Kenya,Nairobi,2025,12,19.77741935483871,4.318996415770609,102380.64516129032,0.04548387096774194,70.6774193548387,72.58064516129032,7.296774193548386,15.708064516129031,16.427419354838708
Kenya,Nairobi,2026,1,20.733333333333334,5.261111111111111,102340.0,0.0006666666666666666,55.233333333333334,34.833333333333336,7.626666666666667,14.18,15.013333333333332
Kenya,Nairobi,2026,2,20.566666666666666,4.916666666666667,102466.66666666667,0.0,62.166666666666664,58.333333333333336,7.3999999999999995,13.333333333333334,14.516666666666666
Kiribati,Tarawa,2024,5,29.0875,5.845486111111112,100781.25,0.07625,74.3125,56.375,1.0,1.7,7.35
Kiribati,Tarawa,2024,6,28.862068965517242,4.816091954022988,100900.0,0.01620689655172414,71.20689655172414,51.44827586206897,1.0,1.0517241379310345,4.5793103448275865
Kiribati,Tarawa,2024,7,28.585714285714285,4.632936507936508,100882.14285714286,0.105,72.5,56.107142857142854,1.0,0.9357142857142857,3.492857142857143
Kiribati,Tarawa,2024,8,28.683870967741935,5.24820788530466,100983.87096774194,0.06096774193548388,72.38709677419355,61.806451612903224,1.0,1.3225806451612903,5.932258064516129
Kiribati,Tarawa,2024,9,28.306451612903224,5.097670250896057,101000.0,0.06967741935483872,71.7741935483871,46.193548387096776,1.0,13.334516129032258,25.845
Kiribati,Tarawa,2024,10,28.05806451612903,5.772401433691757,101116.12903225806,0.01032258064516129,73.41935483870968,44.70967741935484,0.39354838709677414,17.93306451612903,34.224999999999994
Kiribati,Tarawa,2024,11,27.903333333333332,5.465740740740741,101060.0,0.05266666666666667,72.2,44.733333333333334,0.03333333333333333,13.868833333333333,24.426166666666667
Kiribati,Tarawa,2024,12,27.874193548387098,7.023297491039426,100932.25806451614,0.06483870967741935,77.38709677419355,58.70967741935484,0.0,15.754838709677419,25.62548387096774
Kiribati,Tarawa,2025,1,27.26774193548387,7.015232974910394,100996.7741935484,0.013548387096774195,77.16129032258064,60.774193548387096,0.03225806451612903,16.04725806451613,25.846290322580646
Kiribati,Tarawa,2025,2,26.910714285714285,6.489087301587302,101100.0,0.008571428571428572,77.92857142857143,50.42857142857143,0.0,15.711785714285714,25.50357142857143
Kiribati,Tarawa,2025,3,26.83225806451613,7.051971326164875,101125.80645161291,0.0232258064516129,81.54838709677419,64.96774193548387,0.0,15.301290322580646,25.094354838709677
Kiribati,Tarawa,2025,4,27.323333333333334,5.522222222222223,101056.66666666667,0.094,81.4,62.8,0.0,9.027999999999999,15.0405
Kiribati,Tarawa,2025,5,27.86774193548387,5.548387096774194,101029.03225806452,0.02225806451612903,78.58064516129032,61.54838709677419,0.0,9.440967741935484,15.480322580645161
Kiribati,Tarawa,2025,6,28.12,5.279629629629629,101080.0,0.08833333333333335,74.33333333333333,54.833333333333336,0.0,10.144166666666667,16.434166666666666
Kiribati,Tarawa,2025,7,27.961290322580645,6.048387096774194,101009.67741935483,0.1038709677419355,75.38709677419355,56.774193548387096,0.0,11.941451612903226,19.192258064516132
Kiribati,Tarawa,2025,8,27.958064516129035,6.220430107526882,101096.7741935484,0.07677419354838709,73.7741935483871,53.32258064516129,0.0,13.266290322580645,21.674838709677417
Kiribati,Tarawa,2025,9,27.496666666666666,5.99537037037037,101146.66666666667,0.022333333333333334,73.7,40.43333333333333,0.0,14.2295,23.134166666666665
Kiribati,Tarawa,2025,10,27.45483870967742,6.164874551971327,101077.41935483871,0.10806451612903224,75.09677419354838,55.225806451612904,0.03870967741935484,8.317741935483872,13.05
Kiribati,Tarawa,2025,11,27.596666666666668,5.398148148148149,100906.66666666667,0.049666666666666665,76.1,59.5,0.01,8.023333333333333,12.423333333333334
Kiribati,Tarawa,2025,12,27.67096774193548,5.18189964157706,100806.45161290323,0.11645161290322582,75.61290322580645,58.29032258064516,0.0,7.430645161290323,11.359677419354838
Kiribati,Tarawa,2026,1,28.10666666666667,4.809259259259259,100740.0,0.11433333333333334,74.13333333333334,62.43333333333333,0.01,7.010000000000001,10.446666666666665
Kiribati,Tarawa,2026,2,28.516666666666666,5.25,100883.33333333333,0.3416666666666666,73.0,55.166666666666664,0.049999999999999996,7.8,11.683333333333332
Komoren,Moroni,2024,7,25.2,6.888888888888889,101700.0,0.0,71.0,55.0,8.0,2.6,11.8
Kosovo,Pristina,2024,6,29.3,2.611111111111111,101200.0,0.27,42.0,85.0,6.0,6.3,10.3
Kuwait,Kuwait,2024,7,44.4,10.5,99300.0,0.0,16.0,0.0,10.0,176.7,1221.2
Kuwait,Kuwait City,2024,5,38.84117647058823,3.1846405228758172,100335.29411764706,0.0,16.823529411764707,2.9411764705882355,8.470588235294118,36.77058823529412,139.04705882352943
Kuwait,Kuwait City,2024,6,43.99,3.778703703703704,99753.33333333333,0.0,12.733333333333333,4.166666666666667,9.733333333333333,38.156666666666666,145.98333333333332
Kuwait,Kuwait City,2024,7,44.199999999999996,5.438492063492063,99439.28571428571,0.0,15.857142857142858,4.285714285714286,10.071428571428571,35.31071428571429,195.35714285714286
Kuwait,Kuwait City,2024,8,41.729032258064514,5.526881720430108,99751.6129032258,0.0,25.612903225806452,2.6129032258064515,9.612903225806452,40.08064516129032,166.11935483870968
Kuwait,Kuwait City,2024,9,41.31333333333334,5.074074074074074,100253.33333333333,0.0,16.1,6.666666666666667,9.4,90.70083333333334,632.1448333333334
Kuwait,Kuwait City,2024,10,31.506451612903227,3.92831541218638,101148.3870967742,0.0029032258064516127,26.258064516129032,9.838709677419354,6.361290322580645,104.23258064516129,403.6520967741936
Kuwait,Kuwait City,2024,11,25.85666666666667,4.849074074074074,101636.66666666667,0.020666666666666667,36.233333333333334,11.8,3.9233333333333333,104.29683333333334,386.4218333333334
Kuwait,Kuwait City,2024,12,20.129032258064516,4.328853046594983,101845.16129032258,0.0,30.193548387096776,10.774193548387096,2.8129032258064517,106.0408064516129,386.6798387096774
Kuwait,Kuwait City,2025,1,20.016129032258064,4.0,101925.80645161291,0.02032258064516129,31.451612903225808,9.806451612903226,3.2419354838709675,99.54193548387097,324.9375806451613
Kuwait,Kuwait City,2025,2,18.310714285714287,4.182539682539683,101714.28571428571,0.004642857142857143,36.32142857142857,19.642857142857142,4.110714285714286,96.97964285714285,370.23125
Kuwait,Kuwait City,2025,3,23.480645161290322,4.824372759856631,101574.19354838709,0.00967741935483871,37.354838709677416,27.70967741935484,6.303225806451613,97.5666129032258,288.7135483870968
Kuwait,Kuwait City,2025,4,32.49666666666666,4.197222222222222,101000.0,0.0006666666666666666,23.1,10.0,8.343333333333334,117.86349999999999,405.36583333333334
Kuwait,Kuwait City,2025,5,39.332258064516125,5.814516129032258,100493.54838709677,0.0,12.612903225806452,6.516129032258065,9.993548387096775,148.44161290322583,724.3412903225807
Kuwait,Kuwait City,2025,6,42.2,6.817592592592592,100020.0,0.0,10.633333333333333,2.5,10.46,143.62166666666664,825.7716666666666
Kuwait,Kuwait City,2025,7,44.68064516129032,5.870967741935484,99674.19354838709,0.0,8.935483870967742,2.4193548387096775,10.038709677419355,147.36741935483872,862.6017741935483
Kuwait,Kuwait City,2025,8,42.13870967741936,5.120071684587814,100000.0,0.0,19.870967741935484,0.0,9.412903225806453,183.47225806451613,878.5711290322581
Kuwait,Kuwait City,2025,9,39.123333333333335,4.849074074074074,100586.66666666667,0.0,15.3,3.966666666666667,7.776666666666667,119.31016666666666,522.5939999999999
Kuwait,Kuwait City,2025,10,32.18709677419355,4.988351254480286,101261.29032258065,0.0,18.806451612903224,0.0,5.34516129032258,70.50483870967743,286.7887096774194
Kuwait,Kuwait City,2025,11,23.69333333333333,3.765740740740741,102060.0,0.0,29.633333333333333,2.5,3.4099999999999997,59.82666666666667,152.23666666666668
Kuwait,Kuwait City,2025,12,17.20967741935484,3.873655913978495,101974.19354838709,0.01870967741935484,64.06451612903226,16.129032258064516,1.993548387096774,58.656451612903226,123.81774193548387
Kuwait,Kuwait City,2026,1,13.546666666666665,5.292592592592593,102326.66666666667,0.0,49.43333333333333,1.0333333333333334,2.5533333333333332,64.2,211.67000000000002
Kuwait,Kuwait City,2026,2,17.233333333333334,3.467592592592593,102116.66666666667,0.0,58.166666666666664,0.0,2.8833333333333333,74.48333333333333,205.4333333333333
Kyrghyzstan,Bishkek,2024,5,15.823529411764707,2.5179738562091503,101835.29411764706,0.4029411764705882,71.23529411764706,52.411764705882355,4.0,3.2176470588235295,5.8
Kyrghyzstan,Bishkek,2024,6,24.90666666666667,2.9898148148148147,100963.33333333333,0.17866666666666664,41.56666666666667,50.733333333333334,5.9,5.096666666666667,11.883333333333333
Kyrghyzstan,Bishkek,2024,7,27.75357142857143,4.291666666666667,100557.14285714286,0.5278571428571428,39.92857142857143,63.785714285714285,6.25,4.242857142857143,12.442857142857141
Kyrghyzstan,Bishkek,2024,8,29.641935483870967,4.333333333333334,100780.64516129032,0.2370967741935484,27.967741935483872,37.67741935483871,7.032258064516129,6.132258064516129,16.916129032258063
Kyrghyzstan,Bishkek,2024,9,22.243333333333332,3.50462962962963,101600.0,0.06699999999999999,28.033333333333335,31.366666666666667,5.633333333333334,15.6375,26.504666666666665
Kyrghyzstan,Bishkek,2024,10,16.093548387096774,2.551075268817204,101922.58064516129,0.08193548387096775,45.225806451612904,39.16129032258065,2.761290322580645,13.52290322580645,23.119032258064514
Kyrghyzstan,Bishkek,2024,11,9.963333333333333,1.6944444444444444,102370.0,0.07266666666666667,49.833333333333336,36.0,1.2366666666666668,25.850666666666665,33.47266666666666
Kyrghyzstan,Bishkek,2024,12,0.4000000000000001,1.7526881720430108,102906.45161290323,0.12064516129032257,73.58064516129032,36.25806451612903,0.3838709677419355,50.10516129032258,53.84693548387097
Kyrghyzstan,Bishkek,2025,1,0.28387096774193543,1.375448028673835,102883.87096774194,0.03774193548387097,79.64516129032258,37.87096774193548,0.5838709677419355,52.62951612903226,57.49322580645161
Kyrghyzstan,Bishkek,2025,2,3.5214285714285714,1.5466269841269842,102482.14285714286,0.015714285714285715,71.25,34.5,0.9464285714285714,44.53214285714286,57.34339285714286
Kyrghyzstan,Bishkek,2025,3,10.548387096774194,2.5627240143369177,102154.83870967742,0.0596774193548387,50.645161290322584,40.193548387096776,2.458064516129032,29.975967741935484,57.61258064516129
Kyrghyzstan,Bishkek,2025,4,20.703333333333333,2.6398148148148146,101636.66666666667,0.058666666666666666,36.2,42.1,4.526666666666667,20.066333333333333,33.84883333333333
Kyrghyzstan,Bishkek,2025,5,25.567741935483873,2.5125448028673834,101254.83870967742,0.0729032258064516,34.225806451612904,47.774193548387096,6.638709677419355,17.26467741935484,36.41516129032259
Kyrghyzstan,Bishkek,2025,6,31.926666666666666,3.5453703703703705,100743.33333333333,0.05633333333333333,21.333333333333332,62.766666666666666,7.073333333333334,22.57,36.38333333333333
Kyrghyzstan,Bishkek,2025,7,34.62903225806452,4.409498207885305,100348.3870967742,0.05838709677419355,17.032258064516128,40.096774193548384,8.32258064516129,23.292096774193546,28.0841935483871
Kyrghyzstan,Bishkek,2025,8,31.88064516129032,4.632616487455198,100841.93548387097,0.01806451612903226,17.419354838709676,26.29032258064516,7.793548387096774,19.490645161290324,22.241774193548387
Kyrghyzstan,Bishkek,2025,9,24.956666666666667,4.019444444444445,101326.66666666667,0.06933333333333333,26.166666666666668,25.866666666666667,5.2733333333333325,20.821833333333334,25.880999999999997
Kyrghyzstan,Bishkek,2025,10,17.548387096774192,2.698924731182796,101929.03225806452,0.016774193548387096,31.93548387096774,37.25806451612903,3.051612903225806,15.175806451612903,17.543548387096774
Kyrghyzstan,Bishkek,2025,11,11.456666666666667,1.9055555555555554,102593.33333333333,0.028,34.93333333333333,38.9,1.8566666666666667,17.52,19.216666666666665
Kyrghyzstan,Bishkek,2025,12,4.738709677419355,1.8557347670250897,102319.35483870968,0.0967741935483871,64.83870967741936,50.645161290322584,1.1838709677419357,17.67258064516129,19.66290322580645
Kyrghyzstan,Bishkek,2026,1,2.7199999999999998,1.5601851851851853,102433.33333333333,0.026333333333333334,67.13333333333334,43.666666666666664,1.43,16.696666666666665,20.923333333333336
Kyrghyzstan,Bishkek,2026,2,6.533333333333334,2.180555555555556,102066.66666666667,0.09166666666666667,63.666666666666664,36.0,1.6166666666666665,15.866666666666667,22.96666666666667
Lao People's Democratic Republic,Vientiane,2024,6,25.0,2.5,100400.0,1.97,95.0,98.0,1.0,16.0,19.0
Latvia,Riga,2024,5,24.529411764705884,4.333333333333334,101823.5294117647,0.16294117647058823,43.294117647058826,11.764705882352942,5.352941176470588,6.7823529411764705,8.041176470588235
Latvia,Riga,2024,6,21.163333333333334,3.031481481481481,101170.0,0.068,58.03333333333333,28.733333333333334,4.966666666666667,3.1166666666666667,3.796666666666667
Latvia,Riga,2024,7,22.477777777777778,3.5534979423868314,101211.11111111111,0.15703703703703706,61.51851851851852,39.77777777777778,5.37037037037037,2.685185185185185,2.9962962962962965
Latvia,Riga,2024,8,22.364516129032257,3.9722222222222223,101361.29032258065,0.11548387096774194,59.16129032258065,33.096774193548384,5.612903225806452,3.767741935483871,4.470967741935484
Latvia,Riga,2024,9,20.62,3.4796296296296294,101796.66666666667,0.08433333333333334,62.7,22.133333333333333,5.6,15.030166666666666,20.291833333333333
Latvia,Riga,2024,10,11.09032258064516,3.7777777777777777,101812.90322580645,0.02741935483870968,72.87096774193549,35.903225806451616,1.4967741935483871,17.22290322580645,24.085806451612903
Latvia,Riga,2024,11,5.323333333333333,4.9564814814814815,101370.0,0.111,84.46666666666667,75.93333333333334,0.3266666666666667,19.203,24.537166666666668
Latvia,Riga,2024,12,2.925806451612903,5.094086021505376,101516.12903225806,0.08967741935483872,82.45161290322581,81.12903225806451,0.16451612903225807,19.06693548387097,24.07983870967742
Latvia,Riga,2025,1,2.8032258064516125,4.32168458781362,100938.70967741935,0.1270967741935484,88.16129032258064,72.19354838709677,0.22580645161290322,22.450645161290325,27.73209677419355
Latvia,Riga,2025,2,-1.4857142857142858,3.498015873015873,102757.14285714286,0.047142857142857146,80.14285714285714,65.17857142857143,0.6357142857142858,31.317857142857143,36.986785714285716
Latvia,Riga,2025,3,6.370967741935484,3.960573476702509,101348.3870967742,0.050967741935483875,69.61290322580645,50.0,1.4806451612903226,23.03548387096774,28.71677419354839
Latvia,Riga,2025,4,9.526666666666667,4.449074074074074,101633.33333333333,0.08633333333333333,65.4,36.666666666666664,2.3800000000000003,15.638666666666667,22.0705
Latvia,Riga,2025,5,12.316129032258065,3.6406810035842296,101145.16129032258,0.11258064516129032,61.935483870967744,32.25806451612903,3.0290322580645164,9.894516129032258,14.346451612903227
Latvia,Riga,2025,6,16.736666666666668,5.025925925925926,101036.66666666667,0.15,69.66666666666667,51.666666666666664,3.5733333333333333,9.083499999999999,13.757833333333334
Latvia,Riga,2025,7,21.67096774193548,3.2903225806451615,100951.6129032258,0.1774193548387097,72.0,48.774193548387096,3.5935483870967744,13.057419354838709,17.085645161290323
Latvia,Riga,2025,8,17.606451612903225,3.7589605734767026,101190.32258064517,0.12774193548387097,75.41935483870968,43.12903225806452,2.5161290322580645,12.108548387096775,17.7241935483871
Latvia,Riga,2025,9,15.766666666666667,4.115740740740741,101943.33333333333,0.059333333333333335,83.0,49.96666666666667,1.5466666666666666,15.543666666666667,20.580666666666666
Latvia,Riga,2025,10,7.5,4.098566308243727,101038.70967741935,0.12838709677419355,90.90322580645162,60.483870967741936,0.3064516129032258,10.579032258064515,13.537096774193548
Latvia,Riga,2025,11,3.25,3.652777777777778,101266.66666666667,0.034666666666666665,91.5,62.666666666666664,0.060000000000000005,15.016666666666667,18.353333333333335
Latvia,Riga,2025,12,2.8483870967741933,4.533154121863799,101606.45161290323,0.08709677419354839,86.6774193548387,86.29032258064517,0.0,12.404838709677419,15.991935483870968
Latvia,Riga,2026,1,-9.106666666666666,3.663888888888889,101443.33333333333,0.016333333333333335,84.5,53.333333333333336,0.0,12.71,15.103333333333333
Latvia,Riga,2026,2,-15.266666666666666,2.8796296296296298,102216.66666666667,0.0,81.33333333333333,45.833333333333336,0.05000000000000001,12.316666666666668,14.166666666666666
Lebanon,Beirut,2024,5,24.941176470588236,4.189542483660131,101405.88235294117,0.0,63.88235294117647,19.11764705882353,6.0588235294117645,13.070588235294117,43.73529411764706
Lebanon,Beirut,2024,6,28.61,3.4851851851851854,100850.0,0.0,66.56666666666666,17.5,6.833333333333333,17.740000000000002,36.99666666666667
Lebanon,Beirut,2024,7,30.260714285714283,4.636904761904762,100603.57142857143,0.0007142857142857143,64.60714285714286,28.642857142857142,6.964285714285714,16.978571428571428,32.76428571428571
Lebanon,Beirut,2024,8,29.71935483870968,3.82078853046595,100825.80645161291,0.0,63.87096774193548,26.322580645161292,7.0,16.419354838709676,29.370967741935484
Lebanon,Beirut,2024,9,29.696666666666665,4.2101851851851855,101193.33333333333,0.005,59.2,41.93333333333333,6.8,24.538999999999998,38.16983333333334
Lebanon,Beirut,2024,10,25.02258064516129,3.567204301075269,101541.93548387097,0.0012903225806451613,53.29032258064516,16.677419354838708,5.238709677419355,38.04435483870968,66.9341935483871
Lebanon,Beirut,2024,11,21.296666666666667,3.75,101930.0,0.07733333333333332,59.63333333333333,37.0,2.7366666666666664,41.74216666666667,72.02666666666667
Lebanon,Beirut,2024,12,18.216129032258067,3.956093189964158,101993.54838709677,0.11387096774193549,54.064516129032256,41.87096774193548,2.3225806451612905,36.43306451612903,56.84274193548387
Lebanon,Beirut,2025,1,18.864516129032257,2.9094982078853047,102264.51612903226,0.035483870967741936,53.61290322580645,24.096774193548388,2.8225806451612905,47.32419354838709,74.71016129032257
Lebanon,Beirut,2025,2,14.821428571428571,3.8938492063492065,102075.0,0.20428571428571426,54.5,46.535714285714285,3.4071428571428575,32.72517857142857,43.574107142857144
Lebanon,Beirut,2025,3,20.033333333333335,3.399074074074074,101836.66666666667,0.043333333333333335,56.2,26.766666666666666,5.403333333333333,50.07333333333334,83.9345
Lebanon,Beirut,2025,4,21.433333333333334,4.611111111111112,101460.0,0.056666666666666664,57.4,40.233333333333334,6.703333333333333,36.63,64.935
Lebanon,Beirut,2025,5,24.62258064516129,4.595878136200717,101377.41935483871,0.030967741935483874,62.16129032258065,18.548387096774192,8.370967741935484,38.35467741935484,66.0808064516129
Lebanon,Beirut,2025,6,27.029999999999998,4.015740740740741,101110.0,0.0,67.76666666666667,27.5,9.716666666666667,34.150999999999996,51.80616666666666
Lebanon,Beirut,2025,7,29.72258064516129,5.276881720430108,100809.67741935483,0.0,65.87096774193549,17.741935483870968,9.003225806451614,30.26241935483871,45.21758064516129
Lebanon,Beirut,2025,8,30.164516129032258,4.68189964157706,100948.3870967742,0.0,65.45161290322581,25.322580645161292,7.925806451612903,36.57032258064516,54.83758064516129
Lebanon,Beirut,2025,9,28.61,3.7203703703703703,101240.0,0.0026666666666666666,61.63333333333333,30.466666666666665,5.7266666666666675,37.7685,56.78
Lebanon,Beirut,2025,10,25.870967741935484,3.4426523297491043,101709.67741935483,0.011935483870967743,57.0,30.64516129032258,3.393548387096774,21.988709677419354,33.153225806451616
Lebanon,Beirut,2025,11,24.323333333333334,2.3972222222222226,101876.66666666667,0.06566666666666666,49.166666666666664,21.566666666666666,1.6533333333333333,25.546666666666667,45.623333333333335
Lebanon,Beirut,2025,12,17.274193548387096,2.875448028673835,101706.45161290323,0.18645161290322582,54.87096774193548,49.774193548387096,0.9193548387096774,19.643548387096775,30.124193548387098
Lebanon,Beirut,2026,1,15.433333333333334,3.9935185185185187,101880.0,0.16033333333333336,56.03333333333333,47.4,0.9033333333333334,20.003333333333334,35.276666666666664
Lebanon,Beirut,2026,2,17.349999999999998,4.12962962962963,101583.33333333333,0.21833333333333335,57.833333333333336,38.0,1.4333333333333333,18.916666666666668,44.28333333333333
Lesotho,Maseru,2024,5,20.970588235294116,3.3480392156862746,102076.4705882353,0.0,22.294117647058822,5.705882352941177,6.470588235294118,15.852941176470589,25.34705882352941
Lesotho,Maseru,2024,6,15.083333333333334,2.785185185185185,102313.33333333333,0.04033333333333334,34.9,12.933333333333334,5.433333333333334,14.76,20.416666666666668
Lesotho,Maseru,2024,7,15.332142857142857,5.04563492063492,102014.28571428571,0.0,20.857142857142858,12.571428571428571,5.535714285714286,5.664285714285714,12.775
Lesotho,Maseru,2024,8,20.26451612903226,5.182795698924731,102132.25806451614,0.0,17.129032258064516,5.709677419354839,6.483870967741935,10.3,18.561290322580643
Lesotho,Maseru,2024,9,20.44,5.977777777777778,102160.0,0.005,35.36666666666667,31.933333333333334,6.866666666666666,14.562333333333333,21.482166666666668
Lesotho,Maseru,2024,10,22.34193548387097,4.114695340501792,101932.25806451614,0.011612903225806452,30.322580645161292,22.225806451612904,8.929032258064517,17.628709677419355,25.85225806451613
Lesotho,Maseru,2024,11,24.646666666666665,5.130555555555556,101690.0,0.029333333333333333,34.5,23.233333333333334,9.796666666666665,18.093,20.7385
Lesotho,Maseru,2024,12,29.248387096774195,5.299283154121864,101306.45161290323,0.043548387096774194,26.64516129032258,31.0,12.612903225806452,15.939838709677419,16.130806451612905
Lesotho,Maseru,2025,1,26.990322580645163,3.6863799283154126,101738.70967741935,0.03387096774193549,44.54838709677419,39.29032258064516,13.170967741935485,16.966290322580647,17.055806451612902
Lesotho,Maseru,2025,2,26.146428571428572,3.3918650793650795,101660.71428571429,0.17178571428571426,45.92857142857143,47.67857142857143,11.764285714285714,14.700892857142858,14.833035714285714
Lesotho,Maseru,2025,3,22.480645161290322,2.9444444444444446,102290.32258064517,0.12483870967741936,58.29032258064516,50.03225806451613,8.96774193548387,16.03532258064516,16.154677419354837
Lesotho,Maseru,2025,4,16.95,2.6222222222222222,102400.0,0.27566666666666667,67.86666666666666,51.56666666666667,5.36,18.086833333333335,18.321166666666667
Lesotho,Maseru,2025,5,13.964516129032257,2.2948028673835124,102848.3870967742,0.004838709677419355,53.29032258064516,9.064516129032258,3.767741935483871,45.20564516129032,45.718870967741935
Lesotho,Maseru,2025,6,10.623333333333333,2.6324074074074075,102666.66666666667,0.0023333333333333335,50.93333333333333,19.666666666666668,2.743333333333333,56.72716666666667,57.424
Lesotho,Maseru,2025,7,10.729032258064517,2.5394265232974913,102954.83870967742,0.011935483870967743,56.903225806451616,23.483870967741936,2.6580645161290324,57.98854838709677,58.63903225806452
Lesotho,Maseru,2025,8,12.990322580645161,3.2974910394265233,102687.09677419355,0.01032258064516129,49.16129032258065,25.419354838709676,3.3483870967741933,44.614838709677414,45.116129032258065
Lesotho,Maseru,2025,9,18.126666666666665,3.996296296296296,102260.0,0.033,40.833333333333336,19.866666666666667,4.09,27.674666666666667,28.011000000000003
Lesotho,Maseru,2025,10,19.325806451612905,3.916666666666667,102170.96774193548,0.05096774193548387,46.41935483870968,28.032258064516128,5.374193548387097,12.146774193548387,12.324193548387097
Lesotho,Maseru,2025,11,20.43,2.9092592592592594,101730.0,0.19666666666666668,49.666666666666664,28.6,5.79,11.383333333333333,11.453333333333335
Lesotho,Maseru,2025,12,22.07741935483871,3.644265232974911,101519.35483870968,0.06483870967741935,50.096774193548384,24.806451612903224,6.077419354838709,10.082258064516129,10.11774193548387
Lesotho,Maseru,2026,1,22.953333333333333,3.3537037037037036,101626.66666666667,0.019333333333333334,49.06666666666667,17.633333333333333,6.5233333333333325,11.323333333333332,11.376666666666667
Lesotho,Maseru,2026,2,25.28333333333333,4.069444444444445,101666.66666666667,0.0,36.833333333333336,11.0,5.683333333333334,12.333333333333334,12.4
Letonia,Riga,2024,7,20.6,3.6944444444444446,100700.0,1.83,94.0,87.0,5.0,2.5,2.7
Liberia,Monrovia,2024,5,30.705882352941178,3.8202614379084965,101158.82352941176,0.11823529411764705,74.58823529411765,73.52941176470588,6.176470588235294,1.5058823529411764,4.235294117647059
Liberia,Monrovia,2024,6,28.372413793103448,3.8553639846743297,101282.75862068965,0.7144827586206897,82.58620689655173,75.48275862068965,6.0,1.8448275862068966,5.475862068965518
Liberia,Monrovia,2024,7,26.644827586206898,4.78352490421456,101527.58620689655,0.6231034482758621,81.51724137931035,86.10344827586206,5.862068965517241,1.9413793103448276,5.1000000000000005
Liberia,Monrovia,2024,8,25.79032258064516,5.060931899641577,101477.41935483871,0.8164516129032258,81.03225806451613,86.83870967741936,5.741935483870968,1.9096774193548387,5.261290322580645
Liberia,Monrovia,2024,9,25.896666666666665,3.2203703703703703,101436.66666666667,0.9440000000000001,86.9,76.7,5.7,8.262833333333333,13.9305
Liberia,Monrovia,2024,10,25.9,2.0412186379928317,101383.87096774194,0.4958064516129032,89.3225806451613,70.06451612903226,3.1870967741935483,9.130645161290323,14.418064516129032
Liberia,Monrovia,2024,11,26.936666666666667,1.6935185185185186,101236.66666666667,0.13266666666666665,88.63333333333334,57.53333333333333,1.9433333333333331,23.599833333333333,36.06266666666667
Liberia,Monrovia,2024,12,28.25483870967742,1.6514336917562724,101270.96774193548,0.0064516129032258064,77.74193548387096,47.064516129032256,4.158064516129032,46.83483870967742,95.88370967741936
Liberia,Monrovia,2025,1,27.9741935483871,1.8763440860215053,101261.29032258065,0.02258064516129032,81.58064516129032,49.54838709677419,4.035483870967742,37.53709677419355,72.2991935483871
Liberia,Monrovia,2025,2,28.22142857142857,2.248015873015873,101150.0,0.06321428571428571,80.21428571428571,46.17857142857143,4.307142857142857,36.293035714285715,79.25267857142856
Liberia,Monrovia,2025,3,27.335483870967742,2.521505376344086,101212.90322580645,0.06967741935483872,82.83870967741936,53.354838709677416,2.083870967741935,33.53274193548388,61.85564516129032
Liberia,Monrovia,2025,4,27.096666666666668,1.9157407407407407,101140.0,0.08633333333333333,87.23333333333333,58.93333333333333,2.06,26.627666666666666,39.49133333333334
Liberia,Monrovia,2025,5,26.480645161290322,1.913978494623656,101303.2258064516,0.2974193548387097,89.70967741935483,50.58064516129032,1.506451612903226,17.706290322580646,29.17032258064516
Liberia,Monrovia,2025,6,25.526666666666664,2.5435185185185185,101493.33333333333,0.5263333333333333,91.66666666666667,69.56666666666666,1.2166666666666666,14.676666666666668,19.659333333333333
Liberia,Monrovia,2025,7,24.62258064516129,3.6917562724014337,101551.6129032258,0.3693548387096774,92.25806451612904,72.3225806451613,0.5806451612903226,22.450645161290325,29.5641935483871
Liberia,Monrovia,2025,8,24.248387096774195,4.259856630824373,101361.29032258065,0.3064516129032258,92.96774193548387,74.19354838709677,0.4580645161290323,18.893870967741936,24.211129032258064
Liberia,Monrovia,2025,9,24.323333333333334,2.3666666666666667,101286.66666666667,0.6683333333333333,94.06666666666666,72.1,0.4233333333333333,15.091000000000001,18.144166666666667
Liberia,Monrovia,2025,10,24.374193548387098,1.8127240143369174,101183.87096774194,0.30000000000000004,92.58064516129032,71.80645161290323,0.35806451612903223,9.350000000000001,11.556451612903226
Liberia,Monrovia,2025,11,24.543333333333333,1.473148148148148,101073.33333333333,0.484,92.86666666666666,65.93333333333334,0.11,12.653333333333334,15.666666666666666
Liberia,Monrovia,2025,12,24.23225806451613,1.5985663082437276,100925.80645161291,0.2870967741935484,94.0,54.03225806451613,0.0,21.253225806451614,35.80483870967742
Liberia,Monrovia,2026,1,24.016666666666666,2.0074074074074075,100990.0,0.257,93.66666666666667,52.56666666666667,0.0,23.14,40.71333333333334
Liberia,Monrovia,2026,2,24.116666666666664,2.0,100950.0,0.25166666666666665,94.0,45.833333333333336,0.0,25.733333333333334,43.76666666666667
Libya,Tripoli,2024,6,27.0,8.805555555555555,100700.0,0.0,74.0,0.0,7.0,38.8,76.5
Liechtenstein,Vaduz,2024,5,17.11764705882353,2.753267973856209,101241.17647058824,0.6329411764705882,67.88235294117646,41.88235294117647,3.176470588235294,1.511764705882353,1.7352941176470589
Liechtenstein,Vaduz,2024,6,20.720000000000002,2.440740740740741,101450.0,0.489,68.46666666666667,42.666666666666664,4.2,2.1533333333333333,2.7666666666666666
Liechtenstein,Vaduz,2024,7,22.482142857142858,2.314484126984127,101575.0,0.12250000000000001,61.107142857142854,41.535714285714285,5.178571428571429,2.175,2.4892857142857143
Liechtenstein,Vaduz,2024,8,22.951612903225808,2.210573476702509,101577.41935483871,0.12838709677419352,55.645161290322584,35.12903225806452,5.870967741935484,3.767741935483871,4.245161290322581
Liechtenstein,Vaduz,2024,9,16.503333333333334,1.797222222222222,101546.66666666667,0.163,70.83333333333333,47.53333333333333,3.9,6.476166666666667,8.548499999999999
Liechtenstein,Vaduz,2024,10,11.54516129032258,1.9758064516129032,101832.25806451614,0.16451612903225804,87.96774193548387,59.806451612903224,1.5129032258064516,6.671935483870967,9.488709677419354
Liechtenstein,Vaduz,2024,11,2.14,1.9814814814814814,102453.33333333333,0.11033333333333332,93.86666666666666,68.1,0.6666666666666666,10.3785,13.646833333333335
Liechtenstein,Vaduz,2024,12,-0.5870967741935483,2.0044802867383513,102535.48387096774,0.13161290322580646,89.06451612903226,64.64516129032258,0.7774193548387097,7.364193548387097,8.981451612903227
Liechtenstein,Vaduz,2025,1,2.2451612903225806,2.5152329749103943,101900.0,0.2390322580645161,85.35483870967742,56.54838709677419,0.8129032258064516,7.035967741935484,8.671129032258065
Liechtenstein,Vaduz,2025,2,3.1607142857142856,1.8759920634920635,102342.85714285714,0.03892857142857143,90.82142857142857,73.57142857142857,1.45,10.981071428571429,13.247321428571428
Liechtenstein,Vaduz,2025,3,6.864516129032258,2.078853046594982,101580.64516129032,0.1,81.58064516129032,43.54838709677419,2.061290322580645,12.221935483870968,14.35241935483871
Liechtenstein,Vaduz,2025,4,10.236666666666668,2.1314814814814813,101693.33333333333,0.035666666666666666,73.23333333333333,30.833333333333332,3.08,11.106166666666667,13.714666666666666
Liechtenstein,Vaduz,2025,5,13.529032258064516,1.6164874551971327,101706.45161290323,0.24741935483870967,71.19354838709677,43.54838709677419,3.07741935483871,10.383870967741935,12.418870967741936
Liechtenstein,Vaduz,2025,6,20.220000000000002,1.6222222222222225,102106.66666666667,0.10833333333333334,69.9,28.333333333333332,4.6033333333333335,11.365166666666665,15.644833333333334
Liechtenstein,Vaduz,2025,7,19.06451612903226,1.3915770609318996,101693.54838709677,0.6474193548387097,76.2258064516129,49.193548387096776,3.2129032258064516,8.587580645161289,10.222741935483873
Liechtenstein,Vaduz,2025,8,18.883870967741935,1.1917562724014337,101783.87096774194,0.1964516129032258,79.90322580645162,34.67741935483871,2.5677419354838706,13.057419354838709,17.330322580645163
Liechtenstein,Vaduz,2025,9,14.91,1.3907407407407406,101876.66666666667,0.20099999999999998,86.26666666666667,52.5,0.98,7.316166666666667,8.973666666666666
Liechtenstein,Vaduz,2025,10,9.67741935483871,1.9480286738351256,101800.0,0.06451612903225806,85.74193548387096,68.54838709677419,0.4129032258064516,7.485483870967743,8.417741935483871
Liechtenstein,Vaduz,2025,11,3.61,2.6416666666666666,101536.66666666667,0.10333333333333333,97.73333333333333,57.833333333333336,0.06666666666666667,5.026666666666667,5.8
Liechtenstein,Vaduz,2025,12,1.5935483870967742,2.6129032258064515,101961.29032258065,0.007419354838709677,96.80645161290323,77.41935483870968,0.0,6.414516129032258,8.046774193548387
Liechtenstein,Vaduz,2026,1,-1.26551724137931,2.455938697318008,100824.13793103448,0.13103448275862067,94.62068965517241,57.58620689655172,0.0,4.88448275862069,5.825862068965517
Liechtenstein,Vaduz,2026,2,0.03333333333333333,2.8703703703703702,99850.0,0.0,100.0,58.333333333333336,0.0,4.833333333333333,5.566666666666667
Lithuania,Vilnius,2024,5,21.705882352941178,4.364379084967321,101870.58823529411,0.31764705882352945,49.35294117647059,31.352941176470587,4.9411764705882355,2.5823529411764703,3.3000000000000003
Lithuania,Vilnius,2024,6,21.836666666666666,3.905555555555556,101273.33333333333,0.17566666666666667,56.266666666666666,40.46666666666667,5.2,2.1166666666666667,2.493333333333333
Lithuania,Vilnius,2024,7,23.349999999999998,4.10515873015873,101317.85714285714,0.6575,57.857142857142854,49.25,5.5,2.4035714285714285,2.625
Lithuania,Vilnius,2024,8,23.809677419354838,3.795698924731183,101464.51612903226,0.03096774193548387,54.806451612903224,43.774193548387096,5.903225806451613,3.3225806451612905,3.7548387096774194
Lithuania,Vilnius,2024,9,21.46333333333333,4.334259259259259,101883.33333333333,0.08166666666666665,53.43333333333333,22.1,5.8,11.0695,14.659666666666668
Lithuania,Vilnius,2024,10,10.229032258064517,3.814516129032258,101948.3870967742,0.07064516129032258,76.54838709677419,51.61290322580645,1.6258064516129032,15.563870967741936,19.87258064516129
Lithuania,Vilnius,2024,11,3.31,4.576851851851853,101693.33333333333,0.03166666666666667,86.96666666666667,74.86666666666666,0.43666666666666665,18.4445,22.841333333333335
Lithuania,Vilnius,2024,12,2.0516129032258066,4.558243727598567,101751.6129032258,0.0232258064516129,86.45161290322581,76.29032258064517,0.21935483870967742,20.970645161290324,24.79596774193548
Lithuania,Vilnius,2025,1,1.729032258064516,4.625448028673835,101193.54838709677,0.08451612903225807,89.74193548387096,80.2258064516129,0.3548387096774194,21.203387096774193,25.171935483870968
Lithuania,Vilnius,2025,2,-2.8857142857142857,3.7876984126984126,102757.14285714286,0.011785714285714287,73.67857142857143,59.357142857142854,0.8321428571428572,20.316964285714285,24.737142857142857
Lithuania,Vilnius,2025,3,6.619354838709677,4.597670250896057,101458.06451612903,0.0661290322580645,64.25806451612904,46.774193548387096,1.7838709677419353,23.20258064516129,28.16774193548387
Lithuania,Vilnius,2025,4,11.066666666666666,4.662962962962963,101580.0,0.019666666666666666,56.333333333333336,28.733333333333334,2.69,13.344666666666665,18.808333333333334
Lithuania,Vilnius,2025,5,11.661290322580646,4.03673835125448,101164.51612903226,0.19870967741935483,59.0,37.483870967741936,3.083870967741935,8.61741935483871,12.042903225806452
Lithuania,Vilnius,2025,6,17.19333333333333,5.3314814814814815,101266.66666666667,0.14833333333333334,68.26666666666667,49.53333333333333,3.6766666666666667,8.072166666666666,12.345666666666666
Lithuania,Vilnius,2025,7,20.66774193548387,3.524193548387097,101000.0,0.5138709677419355,72.29032258064517,51.193548387096776,3.8451612903225807,10.139193548387096,13.725806451612904
Lithuania,Vilnius,2025,8,17.65806451612903,3.731182795698925,101429.03225806452,0.08064516129032258,72.87096774193549,30.612903225806452,3.193548387096774,10.431612903225806,15.683225806451613
Lithuania,Vilnius,2025,9,15.2,4.181481481481481,102080.0,0.04933333333333334,80.7,49.166666666666664,1.6666666666666667,12.652,17.035666666666668
Lithuania,Vilnius,2025,10,6.838709677419355,4.148745519713262,101151.6129032258,0.1625806451612903,91.80645161290323,52.74193548387097,0.43548387096774194,9.562903225806451,11.533870967741937
Lithuania,Vilnius,2025,11,2.396666666666667,3.1722222222222225,101456.66666666667,0.053,95.36666666666666,72.16666666666667,0.09000000000000001,12.726666666666667,15.18
Lithuania,Vilnius,2025,12,0.8870967741935484,3.7688172043010755,101732.25806451614,0.02,92.2258064516129,83.93548387096774,0.0,12.130645161290323,14.101612903225806
Lithuania,Vilnius,2026,1,-10.75,3.4509259259259264,101250.0,0.08600000000000001,86.26666666666667,60.0,0.016666666666666666,11.623333333333333,12.733333333333333
Lithuania,Vilnius,2026,2,-15.883333333333333,3.092592592592593,101783.33333333333,0.03,84.33333333333333,54.166666666666664,0.13333333333333333,10.216666666666667,11.216666666666667
Luxembourg,Luxembourg,2024,5,16.564705882352943,4.392156862745098,101164.70588235294,0.3458823529411765,67.3529411764706,56.588235294117645,3.7058823529411766,1.9352941176470588,2.076470588235294
Luxembourg,Luxembourg,2024,6,18.92758620689655,4.10823754789272,101427.58620689655,0.26,63.724137931034484,44.827586206896555,4.275862068965517,2.951724137931034,3.658620689655172
Luxembourg,Luxembourg,2024,7,21.375,3.916666666666667,101550.0,0.1285714285714286,63.25,36.392857142857146,5.071428571428571,3.667857142857143,4.264285714285714
Luxembourg,Luxembourg,2024,8,23.04516129032258,3.881720430107527,101606.45161290323,0.1254838709677419,62.193548387096776,31.774193548387096,5.903225806451613,5.541935483870968,6.696774193548387
Luxembourg,Luxembourg,2024,9,16.616666666666667,4.782407407407407,101526.66666666667,0.07933333333333333,75.73333333333333,42.5,4.366666666666666,10.690666666666667,14.625833333333333
Luxembourg,Luxembourg,2024,10,11.625806451612902,3.39247311827957,101703.2258064516,0.05741935483870968,89.06451612903226,51.903225806451616,1.429032258064516,16.62016129032258,21.639032258064514
Luxembourg,Luxembourg,2024,11,5.586666666666667,3.4824074074074076,102140.0,0.049,90.26666666666667,58.6,0.44,27.225833333333334,34.64433333333333
Luxembourg,Luxembourg,2024,12,3.270967741935484,4.014336917562725,102270.96774193548,0.034516129032258064,89.2258064516129,66.25806451612904,0.34516129032258064,21.865806451612904,26.896612903225805
Luxembourg,Luxembourg,2025,1,2.3838709677419354,4.223118279569892,101580.64516129032,0.21096774193548387,88.29032258064517,62.70967741935484,0.4612903225806452,22.969838709677422,27.22483870967742
Luxembourg,Luxembourg,2025,2,2.5535714285714284,3.488095238095238,102264.28571428571,0.007857142857142858,82.60714285714286,45.892857142857146,0.7535714285714287,26.725892857142856,30.214464285714286
Luxembourg,Luxembourg,2025,3,7.490322580645161,3.664874551971326,101651.6129032258,0.0012903225806451613,65.6774193548387,25.0,1.6451612903225807,30.31016129032258,35.52596774193549
Luxembourg,Luxembourg,2025,4,11.246666666666666,4.478703703703704,101713.33333333333,0.10466666666666667,67.33333333333333,28.333333333333332,2.143333333333333,18.8145,21.9225
Luxembourg,Luxembourg,2025,5,14.648387096774194,4.483870967741935,101732.25806451614,0.07419354838709677,59.96774193548387,25.0,3.041935483870968,13.457258064516129,17.54516129032258
Luxembourg,Luxembourg,2025,6,18.9,4.371296296296296,101923.33333333333,0.04766666666666666,70.4,35.833333333333336,3.6166666666666667,11.593333333333334,15.774333333333335
Luxembourg,Luxembourg,2025,7,18.825806451612905,3.6863799283154126,101625.80645161291,0.09870967741935484,69.64516129032258,32.25806451612903,2.838709677419355,14.113709677419354,18.28516129032258
Luxembourg,Luxembourg,2025,8,17.580645161290324,3.3781362007168463,101735.48387096774,0.04387096774193549,74.35483870967742,24.193548387096776,2.0387096774193547,14.8,21.09
Luxembourg,Luxembourg,2025,9,12.71,4.042592592592593,101776.66666666667,0.211,91.9,50.833333333333336,0.8133333333333332,11.5265,14.761
Luxembourg,Luxembourg,2025,10,9.3,4.325268817204301,101570.96774193548,0.07290322580645162,91.6774193548387,55.96774193548387,0.24838709677419354,10.853225806451613,13.066129032258065
Luxembourg,Luxembourg,2025,11,4.6866666666666665,2.6333333333333333,101296.66666666667,0.045000000000000005,93.86666666666666,47.0,0.04000000000000001,11.44,13.693333333333333
Luxembourg,Luxembourg,2025,12,3.393548387096774,2.8951612903225805,101748.3870967742,0.031290322580645166,92.3225806451613,56.45161290322581,0.0,13.182258064516128,15.908064516129032
Luxembourg,Luxembourg,2026,1,0.66,3.577777777777778,100566.66666666667,0.08800000000000001,95.6,69.66666666666667,0.0,14.110000000000001,16.176666666666666
Luxembourg,Luxembourg,2026,2,1.9333333333333336,2.6342592592592595,99583.33333333333,0.08333333333333333,100.0,68.33333333333333,0.0,16.766666666666666,18.533333333333335
Macedonia,Skopje,2024,5,23.235294117647058,3.0163398692810457,101347.05882352941,0.1476470588235294,61.529411764705884,54.411764705882355,5.0,5.394117647058824,10.5
Macedonia,Skopje,2024,6,33.36896551724138,2.560344827586207,101200.0,0.0020689655172413794,38.6551724137931,17.448275862068964,7.551724137931035,7.703448275862069,19.948275862068964
Macedonia,Skopje,2024,7,34.99285714285715,3.1378968253968256,101121.42857142857,0.05964285714285714,28.464285714285715,20.642857142857142,8.285714285714286,6.789285714285714,8.675
Macedonia,Skopje,2024,8,35.97096774193548,2.8557347670250897,101100.0,0.006129032258064516,22.29032258064516,18.870967741935484,8.516129032258064,7.325806451612903,7.974193548387096
Macedonia,Skopje,2024,9,26.38,2.2574074074074075,101396.66666666667,0.126,43.03333333333333,37.06666666666667,6.233333333333333,17.465333333333334,22.031499999999998
Macedonia,Skopje,2024,10,18.76451612903226,1.5385304659498207,102170.96774193548,0.016774193548387096,55.32258064516129,22.677419354838708,3.203225806451613,28.5258064516129,35.54387096774193
Macedonia,Skopje,2024,11,8.57,1.3166666666666667,102403.33333333333,0.058666666666666666,64.66666666666667,44.766666666666666,1.2,42.11833333333333,47.175
Macedonia,Skopje,2024,12,6.741935483870968,1.5053763440860217,102190.32258064517,0.12064516129032257,74.41935483870968,56.064516129032256,0.9290322580645162,41.98903225806452,46.42903225806452
Macedonia,Skopje,2025,1,5.145161290322581,1.2724014336917562,102451.6129032258,0.05709677419354838,77.96774193548387,75.16129032258064,1.432258064516129,59.46258064516129,66.17032258064516
Macedonia,Skopje,2025,2,7.270370370370371,1.6820987654320987,102744.44444444444,0.0011111111111111111,60.51851851851852,53.7037037037037,1.9703703703703705,39.226851851851855,43.87925925925926
Macedonia,Skopje,2025,3,14.906451612903227,1.8118279569892473,101790.32258064517,0.07903225806451614,56.516129032258064,38.70967741935484,2.903225806451613,34.057903225806456,42.168064516129036
Macedonia,Skopje,2025,4,16.8,1.974074074074074,101693.33333333333,0.05566666666666667,54.36666666666667,40.833333333333336,3.8066666666666666,24.265833333333333,28.94633333333333
Macedonia,Skopje,2025,5,19.92666666666667,2.0953703703703703,101523.33333333333,0.09866666666666667,54.86666666666667,39.166666666666664,4.85,18.062166666666666,22.255499999999998
Macedonia,Skopje,2025,6,29.206666666666667,1.8583333333333334,101890.0,0.0036666666666666666,38.86666666666667,7.5,7.05,20.8125,25.00583333333333
Macedonia,Skopje,2025,7,30.322580645161292,2.557347670250896,101280.64516129032,0.000967741935483871,36.74193548387097,14.516129032258064,6.341935483870968,18.81032258064516,24.69451612903226
Macedonia,Skopje,2025,8,24.977419354838712,2.305555555555556,101625.80645161291,0.01096774193548387,50.25806451612903,14.516129032258064,4.648387096774194,20.648387096774194,25.350967741935484
Macedonia,Skopje,2025,9,20.86,1.8638888888888892,101940.0,0.009000000000000001,59.86666666666667,26.666666666666668,2.7633333333333336,20.519000000000002,25.3995
Macedonia,Skopje,2025,10,11.109677419354838,1.5743727598566308,101816.12903225806,0.15258064516129033,79.06451612903226,71.7741935483871,0.8064516129032258,15.314516129032258,17.988709677419354
Macedonia,Skopje,2025,11,8.013333333333334,1.1842592592592593,101776.66666666667,0.13933333333333336,89.53333333333333,65.0,0.3066666666666667,20.65,23.946666666666665
Macedonia,Skopje,2025,12,1.0516129032258066,1.0931899641577063,102193.54838709677,0.07032258064516128,88.80645161290323,49.516129032258064,0.16451612903225807,33.11774193548387,36.185483870967744
Macedonia,Skopje,2026,1,0.6133333333333333,1.2101851851851853,101340.0,0.045000000000000005,86.96666666666667,68.33333333333333,0.15666666666666668,25.15,27.41
Macedonia,Skopje,2026,2,3.516666666666667,1.1157407407407407,100816.66666666667,0.18666666666666668,87.83333333333333,83.33333333333333,0.21666666666666667,23.55,26.133333333333336
Madagascar,Antananarivo,2024,5,18.647058823529413,5.120915032679739,102264.70588235294,0.017058823529411765,65.11764705882354,51.470588235294116,5.0588235294117645,4.676470588235294,10.323529411764707
Madagascar,Antananarivo,2024,6,19.583333333333332,5.030555555555556,102183.33333333333,0.0036666666666666666,58.733333333333334,42.266666666666666,5.9,4.966666666666667,10.886666666666667
Madagascar,Antananarivo,2024,7,23.317241379310346,2.9339080459770117,101958.62068965517,0.0,35.241379310344826,19.103448275862068,6.931034482758621,6.437931034482758,12.289655172413791
Madagascar,Antananarivo,2024,8,22.738709677419354,5.037634408602151,102032.25806451614,0.000967741935483871,38.38709677419355,35.903225806451616,6.935483870967742,3.5774193548387094,7.016129032258065
Madagascar,Antananarivo,2024,9,26.9,4.681481481481482,102140.0,0.03900000000000001,35.733333333333334,30.0,7.6,7.8815,12.190333333333333
Madagascar,Antananarivo,2024,10,26.796774193548387,4.038530465949821,102000.0,0.0025806451612903226,37.0,40.58064516129032,11.206451612903225,9.178387096774195,13.64225806451613
Madagascar,Antananarivo,2024,11,28.83,2.466666666666667,101783.33333333333,0.08499999999999999,37.13333333333333,35.7,12.096666666666668,11.852333333333332,15.022
Madagascar,Antananarivo,2024,12,29.15806451612903,2.966845878136201,101561.29032258065,0.059032258064516126,37.0,33.03225806451613,12.125806451612902,9.297741935483872,10.646451612903226
Madagascar,Antananarivo,2025,1,27.96451612903226,3.1281362007168463,101645.16129032258,0.29838709677419356,49.096774193548384,61.54838709677419,11.01290322580645,6.421290322580645,7.119516129032259
Madagascar,Antananarivo,2025,2,26.942857142857143,3.0138888888888893,101582.14285714286,0.6675000000000001,59.142857142857146,54.25,11.035714285714286,6.5675,6.825178571428571
Madagascar,Antananarivo,2025,3,25.89032258064516,3.71236559139785,101835.48387096774,0.11225806451612903,60.193548387096776,63.645161290322584,12.764516129032257,5.729032258064516,6.39741935483871
Madagascar,Antananarivo,2025,4,26.14,2.9583333333333335,102036.66666666667,0.08133333333333333,55.6,52.03333333333333,10.726666666666667,6.7155000000000005,7.4
Madagascar,Antananarivo,2025,5,22.241935483870968,4.062724014336918,102312.90322580645,0.013548387096774193,62.58064516129032,56.45161290322581,7.122580645161291,5.675322580645162,6.4511290322580646
Madagascar,Antananarivo,2025,6,20.42,3.742592592592593,102490.0,0.0016666666666666668,58.166666666666664,45.833333333333336,6.576666666666667,10.631333333333334,11.661166666666666
Madagascar,Antananarivo,2025,7,18.838709677419356,4.303763440860216,102574.19354838709,0.003870967741935484,57.483870967741936,59.67741935483871,6.103225806451612,8.038548387096775,9.029193548387095
Madagascar,Antananarivo,2025,8,19.55483870967742,3.5125448028673834,102467.74193548386,0.02387096774193549,52.41935483870968,42.74193548387097,8.17741935483871,10.025806451612903,10.938870967741936
Madagascar,Antananarivo,2025,9,22.60666666666667,3.601851851851852,102403.33333333333,0.0006666666666666666,45.86666666666667,33.333333333333336,10.006666666666666,12.174666666666667,13.461166666666665
Madagascar,Antananarivo,2025,10,23.951612903225808,3.0474910394265233,102196.7741935484,0.0064516129032258064,48.354838709677416,42.74193548387097,10.37741935483871,7.90483870967742,8.620967741935484
Madagascar,Antananarivo,2025,11,25.37,2.3694444444444445,102076.66666666667,0.01633333333333333,56.03333333333333,53.266666666666666,10.196666666666665,8.096666666666668,8.376666666666667
Madagascar,Antananarivo,2025,12,23.429032258064513,2.846774193548387,101980.64516129032,0.10967741935483871,68.25806451612904,65.3225806451613,8.13225806451613,5.291935483870968,5.440322580645161
Madagascar,Antananarivo,2026,1,24.043333333333333,2.55,101853.33333333333,0.19733333333333333,69.0,62.5,9.33,4.61,4.77
Madagascar,Antananarivo,2026,2,24.099999999999998,2.8379629629629632,101783.33333333333,0.02666666666666667,66.5,54.166666666666664,10.0,5.566666666666666,5.75
Madagascar,Ivory,2024,5,23.811764705882354,3.6290849673202614,101935.29411764706,0.014705882352941176,49.64705882352941,19.0,6.764705882352941,0.8176470588235294,2.0294117647058822
Madagascar,Ivory,2024,6,23.641379310344828,2.8706896551724137,101951.72413793103,0.007586206896551724,47.62068965517241,20.24137931034483,7.103448275862069,0.9620689655172413,1.8379310344827586
Madagascar,Ivory,2024,7,26.385714285714283,2.8720238095238098,101685.71428571429,0.0,28.571428571428573,8.392857142857142,7.892857142857143,2.289285714285714,3.4857142857142853
Madagascar,Ivory,2024,8,27.741935483870968,3.0483870967741935,101816.12903225806,0.052258064516129035,25.967741935483872,8.870967741935484,7.967741935483871,2.1225806451612903,3.4709677419354836
Madagascar,Ivory,2024,9,29.636666666666667,3.2564814814814813,101640.0,0.012000000000000002,34.333333333333336,20.633333333333333,8.366666666666667,8.023299999999999,12.143166666666668
Madagascar,Ivory,2024,10,30.148387096774194,3.4874551971326166,101567.74193548386,0.032903225806451615,30.451612903225808,21.903225806451612,9.703225806451613,8.35483870967742,13.296129032258065
Madagascar,Ivory,2024,11,34.413333333333334,2.742592592592593,101136.66666666667,0.011333333333333332,29.933333333333334,17.8,11.263333333333332,10.520333333333333,13.739333333333333
Madagascar,Ivory,2024,12,37.329032258064515,2.4632616487455197,100993.54838709677,0.017741935483870968,24.096774193548388,28.548387096774192,12.158064516129034,10.163064516129033,11.899677419354838
Madagascar,Ivory,2025,1,34.41935483870968,2.7885304659498207,100803.2258064516,0.21129032258064515,38.096774193548384,42.483870967741936,10.583870967741936,5.764838709677419,6.7256451612903225
Madagascar,Ivory,2025,2,31.066666666666666,2.8786008230452675,100822.22222222222,0.11962962962962963,51.55555555555556,64.81481481481481,10.407407407407407,3.9535185185185187,4.5975925925925925
Madagascar,Ivory,2025,3,29.432258064516127,3.167562724014337,101158.06451612903,0.11967741935483871,53.354838709677416,46.61290322580645,10.896774193548387,4.541451612903225,5.848387096774194
Madagascar,Ivory,2025,4,29.32,2.1972222222222224,101440.0,0.030000000000000002,49.4,34.4,8.12,4.921,5.889166666666667
Madagascar,Ivory,2025,5,25.693548387096776,2.9292114695340503,101929.03225806452,0.01064516129032258,48.74193548387097,18.741935483870968,5.661290322580645,6.8987096774193555,8.951612903225806
Madagascar,Ivory,2025,6,24.616666666666667,2.5166666666666666,102140.0,0.007000000000000001,43.166666666666664,15.166666666666666,4.833333333333333,8.152333333333333,9.743333333333334
Madagascar,Ivory,2025,7,22.906451612903226,3.0474910394265233,102435.48387096774,0.0016129032258064516,43.935483870967744,13.774193548387096,5.074193548387097,7.358225806451612,8.903870967741934
Madagascar,Ivory,2025,8,22.78,3.3916666666666666,102205.0,0.004,42.6,19.25,5.595000000000001,6.16975,7.686749999999999
Malawi,Lilongwe,2024,5,22.99411764705882,4.669934640522875,102111.76470588235,0.015294117647058824,47.64705882352941,47.1764705882353,6.705882352941177,1.6823529411764706,3.6470588235294117
Malawi,Lilongwe,2024,6,23.626666666666665,4.150925925925926,102016.66666666667,0.0,38.2,39.86666666666667,7.3,3.4133333333333336,5.430000000000001
Malawi,Lilongwe,2024,7,26.482758620689655,3.045019157088123,101755.1724137931,0.0,22.03448275862069,7.655172413793103,8.0,8.417241379310344,11.013793103448275
Malawi,Lilongwe,2024,8,26.480645161290322,4.383512544802867,101858.06451612903,0.0,27.387096774193548,25.967741935483872,8.0,7.306451612903226,9.72258064516129
Malawi,Lilongwe,2024,9,27.313333333333333,4.752777777777778,101906.66666666667,0.001,30.533333333333335,24.666666666666668,8.4,15.011500000000002,22.550666666666665
Malawi,Lilongwe,2024,10,28.425806451612903,3.8629032258064515,101587.09677419355,0.0035483870967741938,33.774193548387096,25.483870967741936,10.27741935483871,11.362580645161291,17.085645161290323
Malawi,Lilongwe,2024,11,28.966666666666665,4.1194444444444445,101553.33333333333,0.016,43.266666666666666,49.86666666666667,10.526666666666667,10.662166666666668,13.011666666666667
Malawi,Lilongwe,2024,12,30.809677419354838,3.657706093189964,101329.03225806452,0.07935483870967742,36.38709677419355,41.12903225806452,11.893548387096773,8.247419354838708,8.891935483870967
Malawi,Lilongwe,2025,1,24.0258064516129,2.671146953405018,101541.93548387097,0.33129032258064517,72.48387096774194,75.41935483870968,10.245161290322581,8.712903225806452,8.96951612903226
Malawi,Lilongwe,2025,2,24.442857142857143,2.7410714285714284,101482.14285714286,0.5096428571428572,72.35714285714286,74.96428571428571,12.135714285714286,14.396964285714287,15.077499999999999
Malawi,Lilongwe,2025,3,24.345161290322583,2.3207885304659497,101854.83870967742,0.26,69.03225806451613,70.54838709677419,11.96774193548387,8.038548387096775,8.766612903225806
Malawi,Lilongwe,2025,4,23.88,2.863888888888889,102066.66666666667,0.15566666666666668,69.3,67.0,10.133333333333333,7.017666666666667,7.702166666666667
Malawi,Lilongwe,2025,5,21.403225806451612,2.738351254480287,102470.96774193548,0.027419354838709678,67.19354838709677,61.29032258064516,7.096774193548387,8.283225806451615,9.494677419354838
Malawi,Lilongwe,2025,6,20.783333333333335,2.8453703703703703,102536.66666666667,0.0003333333333333333,57.86666666666667,42.5,7.0600000000000005,13.5975,14.911
Malawi,Lilongwe,2025,7,20.02258064516129,2.8261648745519716,102629.03225806452,0.0003225806451612903,50.83870967741935,37.32258064516129,6.561290322580645,10.712096774193547,11.756451612903225
Malawi,Lilongwe,2025,8,21.806451612903224,3.3906810035842296,102361.29032258065,0.0,40.32258064516129,19.677419354838708,7.241935483870968,19.245967741935484,20.451451612903227
Malawi,Lilongwe,2025,9,25.183333333333334,4.388888888888889,102090.0,0.0,38.333333333333336,7.3,7.1866666666666665,29.848666666666666,30.91033333333333
Malawi,Lilongwe,2025,10,25.225806451612904,4.60752688172043,102093.54838709677,0.0032258064516129032,45.193548387096776,29.06451612903226,7.370967741935484,10.259677419354839,10.89516129032258
Malawi,Lilongwe,2025,11,24.256666666666668,3.7490740740740742,102103.33333333333,0.192,65.46666666666667,53.333333333333336,6.193333333333333,6.546666666666667,6.85
Malawi,Lilongwe,2025,12,22.74516129032258,3.2240143369175627,101835.48387096774,0.22548387096774195,77.2258064516129,72.83870967741936,5.532258064516129,5.275806451612904,5.482258064516128
Malawi,Lilongwe,2026,1,22.31,1.9398148148148147,101800.0,0.2866666666666667,84.3,63.06666666666667,5.886666666666667,7.906666666666666,8.13
Malawi,Lilongwe,2026,2,21.400000000000002,1.3703703703703705,102016.66666666667,0.013333333333333334,84.83333333333333,50.0,6.3500000000000005,11.0,11.283333333333333
Malaysia,Kuala Lumpur,2024,5,27.88235294117647,1.7598039215686274,100858.82352941176,0.36411764705882355,87.70588235294117,26.470588235294116,1.2941176470588236,80.0529411764706,98.16470588235293
Malaysia,Kuala Lumpur,2024,6,27.233333333333334,1.375925925925926,101020.0,0.39133333333333337,83.4,33.9,1.0,124.41666666666667,146.16
Malaysia,Kuala Lumpur,2024,7,28.86896551724138,1.4578544061302683,100806.89655172414,0.09758620689655173,75.03448275862068,25.17241379310345,1.0,80.73448275862069,95.02413793103447
Malaysia,Kuala Lumpur,2024,8,27.251612903225805,1.7715053763440862,100922.58064516129,0.8112903225806452,81.48387096774194,45.16129032258065,1.0,82.96774193548387,98.73548387096774
Malaysia,Kuala Lumpur,2024,9,30.263333333333332,1.5574074074074074,100726.66666666667,0.523,70.5,25.0,3.3333333333333335,58.033,81.5535
Malaysia,Kuala Lumpur,2024,10,29.616129032258065,2.276881720430108,100738.70967741935,0.4135483870967742,72.61290322580645,36.61290322580645,3.2161290322580647,63.13870967741936,91.52725806451612
Malaysia,Kuala Lumpur,2024,11,28.326666666666664,1.512037037037037,100663.33333333333,0.8770000000000001,81.5,42.43333333333333,2.55,47.9705,56.8135
Malaysia,Kuala Lumpur,2024,12,27.10967741935484,1.5035842293906811,100754.83870967742,0.6558064516129033,84.35483870967742,43.45161290322581,0.3225806451612903,38.98129032258065,39.64370967741935
Malaysia,Kuala Lumpur,2025,1,28.200000000000003,1.182795698924731,100796.7741935484,0.854516129032258,78.29032258064517,32.483870967741936,0.6387096774193549,57.07548387096774,59.12241935483871
Malaysia,Kuala Lumpur,2025,2,29.664285714285715,1.5783730158730158,100789.28571428571,0.7374999999999999,70.96428571428571,28.571428571428573,0.6071428571428571,58.93571428571429,60.871607142857144
Malaysia,Kuala Lumpur,2025,3,30.154838709677417,1.545698924731183,100674.19354838709,0.9703225806451612,72.06451612903226,28.225806451612904,1.903225806451613,83.05903225806452,83.99596774193549
Malaysia,Kuala Lumpur,2025,4,30.103333333333335,1.4935185185185185,100673.33333333333,0.9833333333333333,73.96666666666667,32.5,2.5900000000000003,66.07583333333334,66.3965
Malaysia,Kuala Lumpur,2025,5,31.46451612903226,2.021505376344086,100603.2258064516,0.5480645161290322,67.87096774193549,26.612903225806452,3.0161290322580645,79.48435483870968,80.52274193548386
Malaysia,Kuala Lumpur,2025,6,32.52333333333333,2.1694444444444447,100716.66666666667,0.3416666666666667,60.56666666666667,28.333333333333332,2.9433333333333334,88.319,90.77950000000001
Malaysia,Kuala Lumpur,2025,7,33.277419354838706,2.7114695340501793,100661.29032258065,0.23870967741935484,55.58064516129032,25.0,3.7838709677419353,75.80225806451612,77.48516129032258
Malaysia,Kuala Lumpur,2025,8,31.887096774193548,2.226702508960573,100780.64516129032,0.4719354838709678,60.935483870967744,25.806451612903224,4.658064516129032,83.83483870967743,84.59274193548387
Malaysia,Kuala Lumpur,2025,9,31.186666666666667,1.8555555555555554,100813.33333333333,0.37766666666666665,64.96666666666667,26.666666666666668,4.673333333333333,71.2585,71.51183333333333
Malaysia,Kuala Lumpur,2025,10,31.799999999999997,2.528673835125448,100777.41935483871,0.6499999999999999,63.58064516129032,31.451612903225808,6.335483870967742,33.656451612903226,34.01774193548387
Malaysia,Kuala Lumpur,2025,11,30.733333333333334,2.4796296296296294,100753.33333333333,0.45733333333333337,69.26666666666667,30.833333333333332,6.133333333333334,26.58,26.783333333333335
Malaysia,Kuala Lumpur,2025,12,30.993548387096773,1.4121863799283154,100825.80645161291,1.0383870967741935,66.96774193548387,31.451612903225808,6.229032258064516,28.711290322580645,28.911290322580644
Malaysia,Kuala Lumpur,2026,1,31.91,1.225,101040.0,0.46900000000000003,55.7,30.833333333333332,7.266666666666667,27.459999999999997,27.84
Malaysia,Kuala Lumpur,2026,2,32.516666666666666,1.5,101150.0,0.43333333333333335,49.5,29.166666666666668,8.25,26.866666666666664,27.266666666666666
Maldives,Dhidhdhoo,2024,6,28.339999999999996,6.258333333333334,100840.0,0.049,80.2,57.8,6.4,1.52,5.05
Maldives,Dhidhdhoo,2024,7,28.525000000000002,5.957341269841271,100835.71428571429,0.26999999999999996,79.03571428571429,61.964285714285715,6.357142857142857,1.125,3.685714285714286
Maldives,Dhidhdhoo,2024,8,27.861290322580647,6.583333333333334,100877.41935483871,0.4483870967741936,77.54838709677419,62.83870967741935,6.451612903225806,1.1612903225806452,3.3548387096774195
Maldives,Dhidhdhoo,2024,9,28.053333333333335,6.273148148148149,100903.33333333333,0.38366666666666666,77.76666666666667,62.666666666666664,6.266666666666667,8.828066666666667,20.326166666666666
Maldives,Dhidhdhoo,2024,10,27.787096774193547,6.507168458781362,100841.93548387097,0.3706451612903226,78.25806451612904,67.6774193548387,7.048387096774194,9.164483870967741,17.83541935483871
Maldives,Dhidhdhoo,2024,11,27.709999999999997,3.4203703703703705,100836.66666666667,0.14433333333333334,73.16666666666667,53.0,6.776666666666667,18.356233333333332,23.0431
Maldives,Dhidhdhoo,2024,12,27.693548387096776,3.899641577060932,100854.83870967742,0.23741935483870968,70.87096774193549,51.483870967741936,3.9322580645161294,17.02364516129032,21.20274193548387
Maldives,Dhidhdhoo,2025,1,27.20967741935484,5.289426523297491,100803.2258064516,0.4496774193548387,75.7741935483871,68.03225806451613,3.3161290322580643,30.071354838709677,36.04377419354839
Maldives,Dhidhdhoo,2025,2,27.67142857142857,4.567460317460318,100953.57142857143,0.06035714285714285,69.0,38.107142857142854,5.114285714285714,37.02753571428571,43.85257142857143
Maldives,Dhidhdhoo,2025,3,28.11935483870968,3.810931899641577,100896.7741935484,0.13451612903225807,73.16129032258064,50.096774193548384,8.958064516129031,17.38574193548387,23.029290322580646
Maldives,Dhidhdhoo,2025,4,28.983333333333334,3.527777777777778,100866.66666666667,0.131,70.2,47.1,9.55,18.299633333333336,29.792866666666665
Maldives,Dhidhdhoo,2025,5,29.067741935483873,6.780465949820789,100825.80645161291,0.24870967741935485,75.74193548387096,61.354838709677416,8.419354838709678,9.427774193548387,20.111483870967742
Maldives,Dhidhdhoo,2025,6,28.39333333333333,7.074074074074074,100960.0,0.37133333333333335,77.06666666666666,67.46666666666667,7.946666666666667,8.1893,19.268666666666668
Maldives,Dhidhdhoo,2025,7,27.94193548387097,7.060035842293907,100974.19354838709,0.2635483870967742,78.16129032258064,64.38709677419355,8.8,8.517387096774193,17.55025806451613
Maldives,Dhidhdhoo,2025,8,27.461290322580645,6.849462365591398,101025.80645161291,0.08935483870967742,77.51612903225806,67.29032258064517,10.387096774193548,10.683741935483871,20.12241935483871
Maldives,Dhidhdhoo,2025,9,27.763333333333332,6.323148148148149,101016.66666666667,0.12066666666666667,77.03333333333333,64.1,12.093333333333334,8.1903,15.5513
Maldives,Dhidhdhoo,2025,10,27.625806451612902,7.03673835125448,100919.35483870968,0.26838709677419353,77.51612903225806,68.48387096774194,10.148387096774194,7.551612903225807,13.419354838709678
Maldives,Dhidhdhoo,2025,11,27.253333333333334,4.311111111111112,101173.33333333333,0.24200000000000002,70.96666666666667,52.53333333333333,9.696666666666665,8.906666666666666,11.316666666666666
Maldives,Dhidhdhoo,2025,12,27.258064516129032,4.104838709677419,101109.67741935483,0.07290322580645162,72.25806451612904,47.67741935483871,10.064516129032258,20.01290322580645,22.52258064516129
Maldives,Dhidhdhoo,2026,1,26.80666666666667,3.7694444444444444,101303.33333333333,0.04866666666666667,71.16666666666667,40.6,10.736666666666668,20.983333333333334,24.25
Maldives,Dhidhdhoo,2026,2,26.983333333333334,4.231481481481482,101316.66666666667,0.47500000000000003,75.0,63.166666666666664,11.5,20.316666666666666,24.066666666666666
Maldives,Felidhoo,2024,5,28.823529411764707,9.357843137254903,100876.4705882353,0.6058823529411765,80.58823529411765,73.23529411764706,1.588235294117647,2.6176470588235294,8.223529411764707
Maldives,Felidhoo,2024,6,28.77058823529412,5.790849673202614,101070.58823529411,0.05352941176470589,77.29411764705883,63.05882352941177,1.2941176470588236,1.1647058823529413,4.429411764705883
Maldives,Male,2024,6,28.8,7.0,100700.0,0.02,81.0,85.0,6.0,1.5,5.1
Mali,Bamako,2024,5,37.11764705882353,2.843137254901961,101152.94117647059,0.00823529411764706,36.64705882352941,11.764705882352942,9.294117647058824,18.488235294117647,86.35882352941177
Mali,Bamako,2024,6,35.02333333333333,2.7277777777777783,101216.66666666667,0.004666666666666667,43.6,15.566666666666666,8.766666666666667,8.296666666666667,36.2
Mali,Bamako,2024,7,29.603448275862068,3.2136015325670497,101393.10344827586,0.21965517241379312,67.3103448275862,58.0,6.931034482758621,1.4310344827586208,3.3689655172413793
Mali,Bamako,2024,8,27.961290322580645,3.5752688172043015,101351.6129032258,0.407741935483871,73.96774193548387,74.80645161290323,6.064516129032258,1.3483870967741935,2.732258064516129
Mali,Bamako,2024,9,28.333333333333332,2.948148148148148,101476.66666666667,0.3096666666666667,74.6,50.2,6.266666666666667,7.363333333333333,15.064166666666667
Mali,Bamako,2024,10,27.69677419354839,1.7661290322580645,101474.19354838709,0.09935483870967741,67.38709677419355,18.774193548387096,3.57741935483871,26.168548387096774,57.743870967741934
Mali,Bamako,2024,11,26.296666666666667,2.4944444444444445,101476.66666666667,0.0,35.06666666666667,1.0666666666666667,1.9666666666666666,41.335166666666666,95.39833333333333
Mali,Bamako,2024,12,26.977419354838712,4.619175627240144,101632.25806451614,0.0,19.387096774193548,2.935483870967742,4.290322580645161,65.48403225806452,221.45693548387098
Mali,Bamako,2025,1,25.616129032258065,4.401433691756273,101619.35483870968,0.0,19.06451612903226,0.12903225806451613,4.15483870967742,56.50258064516129,179.5633870967742
Mali,Bamako,2025,2,27.57857142857143,4.662698412698413,101460.71428571429,0.0,20.5,0.0,4.521428571428571,75.77732142857143,250.28517857142856
Mali,Bamako,2025,3,31.335483870967742,3.5286738351254483,101274.19354838709,0.0,35.12903225806452,4.838709677419355,2.4935483870967743,57.76774193548387,175.54112903225806
Mali,Bamako,2025,4,30.64,3.4296296296296296,101186.66666666667,0.0003333333333333333,51.8,10.0,2.566666666666667,57.794,192.37533333333334
Mali,Bamako,2025,5,28.29032258064516,4.028673835125448,101422.58064516129,0.0003225806451612903,71.29032258064517,14.67741935483871,1.961290322580645,62.76870967741935,198.89290322580646
Mali,Bamako,2025,6,26.603333333333335,3.7111111111111112,101583.33333333333,0.0003333333333333333,77.86666666666666,20.0,2.0166666666666666,29.9515,112.06066666666668
Mali,Bamako,2025,7,25.458064516129035,3.2831541218637996,101600.0,0.21645161290322582,87.48387096774194,30.64516129032258,1.3,11.404354838709677,42.13225806451613
Mali,Bamako,2025,8,24.24516129032258,2.651433691756272,101506.45161290323,0.2067741935483871,96.19354838709677,37.903225806451616,0.9419354838709677,6.654032258064516,16.614193548387096
Mali,Bamako,2025,9,23.990000000000002,1.9092592592592592,101500.0,0.14333333333333334,98.06666666666666,33.333333333333336,0.6466666666666667,9.1285,17.817833333333333
Mali,Bamako,2025,10,24.470967741935485,1.5663082437275986,101422.58064516129,0.0,87.29032258064517,13.96774193548387,0.45806451612903226,14.15967741935484,26.791935483870965
Mali,Bamako,2025,11,20.673333333333336,1.7592592592592593,101373.33333333333,0.0,67.53333333333333,4.166666666666667,0.13333333333333333,19.153333333333332,39.68666666666666
Mali,Bamako,2025,12,19.825806451612905,2.155913978494624,101383.87096774194,0.015806451612903224,36.516129032258064,0.0,0.0,23.35,76.76935483870967
Mali,Bamako,2026,1,19.93,2.438888888888889,101433.33333333333,0.009333333333333334,36.2,0.0,0.0,27.39333333333333,89.91666666666667
Mali,Bamako,2026,2,19.533333333333335,1.8333333333333333,101333.33333333333,0.0,49.166666666666664,0.0,0.0,16.7,58.65
Malta,Valletta,2024,5,26.235294117647058,4.537581699346405,101294.11764705883,0.007647058823529412,49.64705882352941,5.882352941176471,5.764705882352941,38.57058823529412,65.39411764705882
Malta,Valletta,2024,6,28.603333333333335,4.607407407407408,101390.0,0.0,54.63333333333333,11.3,6.166666666666667,36.07333333333334,47.04
Malta,Valletta,2024,7,30.93448275862069,4.373563218390805,101310.3448275862,0.0,52.44827586206897,9.241379310344827,6.896551724137931,25.74827586206897,38.47931034482759
Malta,Valletta,2024,8,30.938709677419357,3.8772401433691757,101309.67741935483,0.0003225806451612903,57.54838709677419,12.870967741935484,7.032258064516129,32.5,41.46451612903226
Malta,Valletta,2024,9,27.996666666666666,5.640740740740741,101503.33333333333,0.025666666666666667,62.4,26.6,6.633333333333334,15.770666666666667,32.1357
Malta,Valletta,2024,10,24.625806451612902,4.864695340501792,101925.80645161291,0.000967741935483871,66.29032258064517,26.225806451612904,3.732258064516129,11.165645161290323,28.871935483870967
Malta,Valletta,2024,11,20.543333333333333,4.930555555555556,102140.0,0.20400000000000001,69.6,30.2,1.59,11.093833333333333,24.2165
Malta,Valletta,2024,12,16.551612903225806,7.576164874551972,102035.48387096774,0.04387096774193549,66.90322580645162,38.806451612903224,1.596774193548387,8.336935483870967,19.842741935483872
Malta,Valletta,2025,1,16.96451612903226,6.923835125448028,102054.83870967742,0.07709677419354839,71.74193548387096,29.774193548387096,2.164516129032258,10.771774193548387,30.149032258064516
Malta,Valletta,2025,2,15.710714285714285,5.843253968253968,102235.71428571429,0.04035714285714286,75.21428571428571,35.67857142857143,2.7821428571428575,13.326607142857142,31.37732142857143
Malta,Valletta,2025,3,17.483870967741936,7.10304659498208,101541.93548387097,0.1003225806451613,75.03225806451613,31.806451612903224,3.170967741935484,25.309193548387096,61.73032258064516
Malta,Valletta,2025,4,18.540000000000003,5.990740740740741,101580.0,0.017333333333333333,70.33333333333333,25.0,4.303333333333333,15.133000000000001,32.14066666666667
Malta,Valletta,2025,5,23.364516129032257,5.171146953405018,101493.54838709677,0.029354838709677415,60.25806451612903,15.32258064516129,5.112903225806452,16.608225806451614,32.416774193548385
Malta,Valletta,2025,6,28.98,3.035185185185185,101780.0,0.0,50.833333333333336,7.5,6.346666666666667,21.87316666666667,39.33716666666667
Malta,Valletta,2025,7,30.690322580645162,4.845878136200717,101409.67741935483,0.0012903225806451613,53.58064516129032,15.32258064516129,5.548387096774194,15.504193548387097,31.23516129032258
Malta,Valletta,2025,8,28.612903225806452,3.812724014336918,101470.96774193548,0.0003225806451612903,64.64516129032258,16.93548387096774,4.029032258064516,17.86741935483871,29.904354838709676
Malta,Valletta,2025,9,26.763333333333332,3.7564814814814813,101733.33333333333,0.063,69.06666666666666,26.666666666666668,2.646666666666667,9.436833333333334,20.382
Malta,Valletta,2025,10,21.983870967741936,5.832437275985663,101725.80645161291,0.02032258064516129,73.51612903225806,25.387096774193548,1.0483870967741935,5.70483870967742,13.533870967741937
Malta,Valletta,2025,11,17.65666666666667,5.634259259259259,101640.0,0.04700000000000001,78.4,29.933333333333334,0.3933333333333333,5.63,13.49
Malta,Valletta,2025,12,13.816129032258065,5.742831541218638,101738.70967741935,0.1135483870967742,85.6774193548387,31.451612903225808,0.1774193548387097,6.724193548387096,13.359677419354838
Malta,Valletta,2026,1,13.446666666666665,8.792592592592593,101160.0,0.14766666666666667,81.9,29.166666666666668,0.19666666666666668,10.456666666666667,30.39
Malta,Valletta,2026,2,14.700000000000001,9.916666666666666,100500.0,0.09000000000000001,82.0,20.833333333333332,0.25,12.333333333333334,24.333333333333332
Malásia,Ivory Ivory Ban,2024,7,24.3,1.8055555555555556,100900.0,1.55,93.0,59.0,1.0,1.8,2.3
Marrocos,Morocco City,2024,7,40.3,4.694444444444445,101000.0,0.0,14.0,0.0,10.0,8.2,41.5
Marshall Islands,Majuro,2024,5,28.35,4.618055555555555,100912.5,0.4675,82.0,73.75,1.0,1.4125,4.1125
Marshall Islands,Majuro,2024,6,28.296666666666667,3.225925925925926,101013.33333333333,0.33533333333333337,81.26666666666667,85.26666666666667,1.0,1.5,4.3133333333333335
Marshall Islands,Majuro,2024,7,28.42413793103448,4.654214559386974,100989.6551724138,0.4744827586206897,79.82758620689656,84.41379310344827,1.0,1.3689655172413795,3.820689655172414
Marshall Islands,Majuro,2024,8,28.364516129032257,3.5448028673835124,101064.51612903226,0.30000000000000004,79.03225806451613,78.38709677419355,1.0,0.7451612903225807,2.0870967741935487
Marshall Islands,Majuro,2024,9,28.496774193548386,2.8324372759856633,101022.58064516129,0.5625806451612904,80.25806451612904,85.48387096774194,1.0,4.416838709677419,7.935709677419355
Marshall Islands,Majuro,2024,10,28.58709677419355,4.227598566308244,101019.35483870968,0.24000000000000002,79.83870967741936,84.80645161290323,0.2903225806451613,6.02741935483871,10.998548387096774
Marshall Islands,Majuro,2024,11,28.146666666666665,5.6231481481481485,100936.66666666667,0.37933333333333336,82.86666666666666,94.43333333333334,0.03333333333333333,5.0135,8.695
Marshall Islands,Majuro,2024,12,28.0,9.63620071684588,100932.25806451614,0.25451612903225806,82.41935483870968,85.12903225806451,0.0,11.51774193548387,18.15983870967742
Marshall Islands,Majuro,2025,1,28.038709677419355,9.577956989247312,101009.67741935483,0.11645161290322582,78.7741935483871,72.03225806451613,0.03225806451612903,15.199838709677419,23.44725806451613
Marshall Islands,Majuro,2025,2,27.557142857142857,8.424603174603174,101060.71428571429,0.11750000000000001,81.5,77.60714285714286,0.0,12.56017857142857,19.834642857142857
Marshall Islands,Majuro,2025,3,28.141935483870967,8.948028673835127,101070.96774193548,0.1267741935483871,80.90322580645162,80.64516129032258,0.0,12.030967741935482,19.096774193548388
Marshall Islands,Majuro,2025,4,27.833333333333332,8.320370370370371,101036.66666666667,0.12066666666666667,82.66666666666667,88.9,0.0,12.037333333333333,18.863833333333332
Marshall Islands,Majuro,2025,5,28.187096774193545,7.517921146953405,101003.2258064516,0.10870967741935485,82.54838709677419,78.6774193548387,0.0,9.100806451612904,14.376290322580646
Marshall Islands,Majuro,2025,6,28.09333333333333,7.209259259259259,101066.66666666667,0.15233333333333335,81.46666666666667,82.06666666666666,0.0,7.572666666666667,11.772166666666667
Marshall Islands,Majuro,2025,7,27.616129032258065,6.517921146953405,101000.0,0.5419354838709678,84.41935483870968,90.61290322580645,0.0,4.947258064516129,7.853548387096774
Marshall Islands,Majuro,2025,8,28.17096774193548,5.1702508960573486,101009.67741935483,0.3264516129032258,81.93548387096774,85.58064516129032,0.0,4.583225806451614,7.143387096774194
Marshall Islands,Majuro,2025,9,28.236666666666668,4.322222222222222,101026.66666666667,0.3126666666666667,80.4,81.76666666666667,0.0,3.9211666666666667,6.004666666666666
Marshall Islands,Majuro,2025,10,27.916129032258063,5.197132616487456,100948.3870967742,0.27580645161290324,82.2258064516129,83.6774193548387,0.025806451612903226,2.7758064516129033,3.8499999999999996
Marshall Islands,Majuro,2025,11,28.216666666666665,7.10925925925926,100826.66666666667,0.438,81.53333333333333,87.53333333333333,0.0033333333333333335,4.04,5.796666666666667
Marshall Islands,Majuro,2025,12,27.809677419354838,7.059139784946237,100777.41935483871,0.39225806451612905,83.0,75.87096774193549,0.0,5.475806451612903,8.011290322580646
Marshall Islands,Majuro,2026,1,28.75,7.362037037037037,100756.66666666667,0.10266666666666667,77.9,80.0,0.0,6.106666666666667,9.116666666666667
Marshall Islands,Majuro,2026,2,28.55,9.435185185185185,101016.66666666667,0.48500000000000004,80.66666666666667,100.0,0.0,7.383333333333333,10.549999999999999
Mauritania,Nouakchott,2024,5,25.876470588235293,6.504901960784315,101170.58823529411,0.0,52.705882352941174,5.823529411764706,6.705882352941177,28.288235294117644,134.5235294117647
Mauritania,Nouakchott,2024,6,27.44,5.911111111111111,101103.33333333333,0.0,55.166666666666664,6.2,7.0,43.60333333333333,217.94666666666666
Mauritania,Nouakchott,2024,7,26.20344827586207,5.863984674329503,101272.41379310345,0.0,72.3103448275862,13.241379310344827,6.931034482758621,26.551724137931036,149.33103448275864
Mauritania,Nouakchott,2024,8,28.02258064516129,5.326164874551972,101135.48387096774,0.011612903225806452,70.3225806451613,25.838709677419356,6.935483870967742,20.86774193548387,104.71612903225805
Mauritania,Nouakchott,2024,9,28.063333333333333,4.682407407407408,101183.33333333333,0.03166666666666666,62.56666666666667,26.366666666666667,6.933333333333334,51.43,225.51850000000002
Mauritania,Nouakchott,2024,10,27.29032258064516,4.746415770609319,101293.54838709677,0.0,55.32258064516129,13.580645161290322,2.8129032258064517,84.64048387096774,347.0958064516129
Mauritania,Nouakchott,2024,11,24.93,5.162037037037037,101383.33333333333,0.0,37.86666666666667,5.933333333333334,1.0166666666666666,53.132,222.73999999999998
Mauritania,Nouakchott,2024,12,22.858064516129033,6.435483870967742,101683.87096774194,0.0022580645161290325,31.967741935483872,18.870967741935484,1.8774193548387097,113.9241935483871,703.0240322580645
Mauritania,Nouakchott,2025,1,20.09032258064516,7.200716845878136,101751.6129032258,0.0,30.0,9.419354838709678,2.5290322580645164,111.27451612903226,720.5929032258065
Mauritania,Nouakchott,2025,2,20.57857142857143,7.055555555555556,101600.0,0.0,32.07142857142857,3.75,2.789285714285714,109.49357142857143,646.4955357142857
Mauritania,Nouakchott,2025,3,19.361290322580647,6.397849462365592,101438.70967741935,0.0,56.32258064516129,13.67741935483871,1.5193548387096774,121.55096774193548,577.2477419354839
Mauritania,Nouakchott,2025,4,22.296666666666667,6.1,101196.66666666667,0.0,54.3,8.433333333333334,1.55,122.1555,523.957
Mauritania,Nouakchott,2025,5,23.051612903225806,5.89426523297491,101251.6129032258,0.0,56.38709677419355,7.483870967741935,1.3774193548387097,147.39129032258066,585.3698387096774
Mauritania,Nouakchott,2025,6,23.709999999999997,5.719444444444445,101276.66666666667,0.0,68.0,6.466666666666667,1.3466666666666667,107.34933333333333,451.90566666666666
Mauritania,Nouakchott,2025,7,24.05483870967742,5.670250896057348,101316.12903225806,0.026774193548387098,80.38709677419355,25.774193548387096,0.7129032258064517,42.24564516129032,192.60290322580644
Mauritania,Nouakchott,2025,8,25.925806451612903,4.71415770609319,101206.45161290323,0.020967741935483872,80.61290322580645,26.096774193548388,0.5064516129032258,38.20548387096775,150.74516129032259
Mauritania,Nouakchott,2025,9,27.13,5.4222222222222225,101170.0,0.013000000000000001,72.46666666666667,18.833333333333332,0.27666666666666667,57.526500000000006,267.74033333333335
Mauritania,Nouakchott,2025,10,27.04516129032258,4.581541218637993,101206.45161290323,0.0022580645161290325,57.87096774193548,7.161290322580645,0.14193548387096774,35.83064516129032,147.65967741935484
Mauritania,Nouakchott,2025,11,24.053333333333335,4.728703703703704,101336.66666666667,0.005333333333333333,49.766666666666666,23.5,0.04666666666666667,19.71333333333333,100.71000000000001
Mauritania,Nouakchott,2025,12,19.009677419354837,5.501792114695341,101535.48387096774,0.041935483870967745,48.354838709677416,28.548387096774192,0.0,33.29838709677419,228.9467741935484
Mauritania,Nouakchott,2026,1,17.61,5.9712962962962965,101590.0,0.0,45.13333333333333,9.866666666666667,0.0,51.623333333333335,320.9
Mauritania,Nouakchott,2026,2,18.783333333333335,4.935185185185185,101333.33333333333,0.0,51.666666666666664,8.333333333333334,0.0,39.266666666666666,171.70000000000002
Mauritius,Port Louis,2024,5,23.823529411764707,4.511437908496732,101747.05882352941,0.05176470588235294,79.88235294117646,63.23529411764706,1.588235294117647,2.8000000000000003,8.923529411764704
Mauritius,Port Louis,2024,6,23.39333333333333,5.423148148148148,101913.33333333333,0.08499999999999999,73.7,61.86666666666667,3.2666666666666666,2.243333333333333,7.9
Mauritius,Port Louis,2024,7,23.23793103448276,4.442528735632184,101889.6551724138,0.037586206896551726,64.0,48.89655172413793,6.517241379310345,2.0172413793103448,6.620689655172414
Mauritius,Port Louis,2024,8,22.358064516129033,6.396057347670251,102019.35483870968,0.024193548387096774,61.483870967741936,47.45161290322581,6.387096774193548,2.8225806451612905,8.32258064516129
Mauritius,Port Louis,2024,9,24.696666666666665,5.966666666666667,101933.33333333333,0.034,63.5,50.46666666666667,6.7,13.648833333333332,25.321166666666667
Mauritius,Port Louis,2024,10,25.5,5.262544802867383,101751.6129032258,0.06580645161290323,67.6774193548387,58.483870967741936,9.696774193548388,14.746290322580645,26.687741935483874
Mauritius,Port Louis,2024,11,27.743333333333332,5.407407407407407,101526.66666666667,0.027000000000000003,66.33333333333333,51.666666666666664,11.793333333333333,12.049666666666667,19.869000000000003
Mauritius,Port Louis,2024,12,28.741935483870968,5.300179211469534,101458.06451612903,0.12290322580645162,62.54838709677419,51.45161290322581,9.52258064516129,10.837419354838708,16.160645161290322
Mauritius,Port Louis,2025,1,30.461290322580645,5.128136200716846,101229.03225806452,0.10741935483870968,63.74193548387097,50.83870967741935,9.458064516129031,9.936290322580644,14.632903225806452
Mauritius,Port Louis,2025,2,30.75357142857143,4.470238095238096,101003.57142857143,0.38500000000000006,71.14285714285714,56.25,8.803571428571429,7.915357142857142,11.337857142857144
Mauritius,Port Louis,2025,3,30.503225806451614,4.501792114695341,101261.29032258065,0.3338709677419355,69.2258064516129,58.87096774193548,11.493548387096775,8.092258064516129,12.144354838709678
Mauritius,Port Louis,2025,4,29.07,4.853703703703704,101470.0,0.21466666666666667,73.93333333333334,60.0,8.666666666666666,7.782333333333333,11.815333333333333
Mauritius,Port Louis,2025,5,27.103225806451615,6.17562724014337,101741.93548387097,0.08451612903225807,71.29032258064517,56.193548387096776,6.745161290322581,8.999354838709678,14.119677419354838
Mauritius,Port Louis,2025,6,25.466666666666665,6.357407407407408,102086.66666666667,0.05566666666666666,64.1,52.833333333333336,5.526666666666667,10.945833333333333,16.915166666666668
Mauritius,Port Louis,2025,7,23.948387096774194,6.777777777777778,102216.12903225806,0.024838709677419354,67.7741935483871,51.61290322580645,6.132258064516129,11.046290322580646,16.888709677419353
Mauritius,Port Louis,2025,8,23.98709677419355,6.127240143369176,102129.03225806452,0.03806451612903226,67.87096774193549,56.45161290322581,7.519354838709678,11.672903225806452,17.736129032258063
Mauritius,Port Louis,2025,9,24.633333333333333,5.968518518518519,102123.33333333333,0.05700000000000001,68.93333333333334,60.0,9.596666666666666,12.311833333333334,18.619333333333334
Mauritius,Port Louis,2025,10,26.106451612903225,6.055555555555555,101935.48387096774,0.02935483870967742,64.09677419354838,51.61290322580645,10.312903225806451,7.875806451612903,11.430645161290323
Mauritius,Port Louis,2025,11,27.516666666666666,3.7333333333333334,101660.0,0.10433333333333333,70.56666666666666,59.166666666666664,10.826666666666666,7.263333333333334,10.03
Mauritius,Port Louis,2025,12,28.85483870967742,5.477598566308244,101548.3870967742,0.08193548387096775,68.19354838709677,57.25806451612903,11.564516129032258,6.485483870967743,9.37258064516129
Mauritius,Port Louis,2026,1,28.506666666666668,5.566666666666666,101396.66666666667,0.066,73.2,62.5,11.956666666666667,6.53,9.273333333333333
Mauritius,Port Louis,2026,2,30.016666666666666,4.851851851851852,101050.0,0.08166666666666667,68.5,66.66666666666667,11.950000000000001,6.833333333333333,8.799999999999999
Mexico,Mexico City,2024,5,19.75294117647059,1.8480392156862746,102635.29411764706,0.0029411764705882353,53.8235294117647,20.88235294117647,5.411764705882353,40.60588235294117,55.12352941176471
Mexico,Mexico City,2024,6,17.716666666666665,2.275,102330.0,0.15133333333333335,62.93333333333333,53.0,3.933333333333333,30.653333333333332,41.18
Mexico,Mexico City,2024,7,14.810714285714285,1.8571428571428572,102325.0,0.3489285714285714,85.17857142857143,64.67857142857143,1.0,35.489285714285714,42.478571428571435
Mexico,Mexico City,2024,8,14.77741935483871,1.5241935483870968,102396.7741935484,0.0667741935483871,85.09677419354838,64.64516129032258,1.0,20.864516129032257,25.374193548387098
Mexico,Mexico City,2024,9,15.583333333333334,1.723148148148148,102243.33333333333,0.18333333333333332,86.8,82.2,1.0,22.9235,32.009499999999996
Mexico,Mexico City,2024,10,12.003333333333334,1.8555555555555556,102583.33333333333,0.0,85.93333333333334,66.3,0.3,28.779833333333332,41.54483333333334
Mexico,Mexico City,2024,11,12.33448275862069,1.3122605363984674,102310.3448275862,0.0,68.82758620689656,25.448275862068964,0.0,66.79137931034482,79.10344827586206
Mexico,Mexico City,2024,12,10.393548387096773,1.6084229390681004,102448.3870967742,0.0,74.96774193548387,40.806451612903224,0.0,57.725967741935484,57.994516129032256
Mexico,Mexico City,2025,1,10.946666666666665,1.5555555555555558,102603.33333333333,0.0,70.8,24.6,0.0,68.85083333333334,68.9125
Mexico,Mexico City,2025,2,12.292857142857143,1.373015873015873,102653.57142857143,0.0,63.142857142857146,39.285714285714285,0.0,74.58803571428572,74.74660714285714
Mexico,Mexico City,2025,3,14.548387096774194,1.3808243727598566,102335.48387096774,0.0,51.16129032258065,16.93548387096774,0.0,70.16274193548388,70.58645161290322
Mexico,Mexico City,2025,4,15.453333333333335,1.7916666666666667,102466.66666666667,0.0,44.5,18.833333333333332,0.0,63.9545,64.88566666666667
Mexico,Mexico City,2025,5,17.546666666666667,1.5731481481481482,102123.33333333333,0.0,60.36666666666667,41.5,0.0,65.99566666666666,66.43966666666667
Mexico,Mexico City,2025,6,15.629999999999999,1.4546296296296297,102320.0,0.0,83.3,85.06666666666666,0.0,40.416333333333334,40.8295
Mexico,Mexico City,2025,7,14.770967741935483,1.303763440860215,102509.67741935483,0.0,85.0,78.19354838709677,0.0,62.99548387096774,65.28709677419356
Mexico,Mexico City,2025,8,15.59032258064516,1.2939068100358424,102800.0,0.05903225806451613,78.03225806451613,79.83870967741936,0.0,54.42580645161291,55.54774193548387
Mexico,Mexico City,2025,9,15.9,1.4111111111111112,102556.66666666667,0.103,80.1,81.0,0.0,36.86183333333334,37.05016666666667
Mexico,Mexico City,2025,10,14.09032258064516,1.653225806451613,102319.35483870968,0.0,81.45161290322581,67.74193548387096,0.0,28.533870967741933,28.620967741935484
Mexico,Mexico City,2025,11,12.71,1.549074074074074,102750.0,0.0003333333333333333,60.0,24.9,0.0,36.40333333333333,36.5
Mexico,Mexico City,2025,12,13.629032258064516,1.6415770609318998,102764.51612903226,0.0,64.38709677419355,53.83870967741935,0.0,37.08548387096774,37.156451612903226
Mexico,Mexico City,2026,1,13.043333333333333,1.4064814814814814,102770.0,0.013333333333333334,53.666666666666664,35.833333333333336,0.0,39.843333333333334,39.91
Mexico,Mexico City,2026,2,11.816666666666668,1.9166666666666667,102800.0,0.0,62.833333333333336,54.0,0.0,35.550000000000004,35.63333333333333
Mexique,Mexico (Grupo Mexico),2024,7,27.4,4.194444444444445,101300.0,0.0,72.0,32.0,7.0,10.3,16.6
Micronesia,Palikir,2024,5,27.375,3.0677083333333335,101012.5,0.695,86.75,89.0,1.0,1.39375,3.60625
Micronesia,Palikir,2024,6,27.151724137931033,2.2375478927203063,101151.72413793103,0.6665517241379311,89.06896551724138,90.27586206896552,1.0,0.9379310344827586,2.341379310344828
Micronesia,Palikir,2024,7,27.23,2.4509259259259255,101073.33333333333,0.7343333333333334,86.2,83.86666666666666,1.0,0.66,1.75
Micronesia,Palikir,2024,8,27.238709677419354,2.03584229390681,101141.93548387097,0.10064516129032258,84.35483870967742,68.09677419354838,1.0,0.5258064516129033,1.3709677419354838
Micronesia,Palikir,2024,9,26.616666666666667,2.628703703703704,101100.0,0.46366666666666667,90.66666666666667,83.8,1.0,6.4067,11.8033
Micronesia,Palikir,2024,10,28.1,3.666666666666667,101035.48387096774,0.43387096774193545,82.70967741935483,75.3225806451613,0.2903225806451613,7.585,14.018225806451612
Micronesia,Palikir,2024,11,27.94333333333333,5.6537037037037035,100976.66666666667,0.4033333333333333,84.3,80.26666666666667,0.03333333333333333,6.66,11.7475
Micronesia,Palikir,2024,12,27.761290322580646,8.668458781362007,100967.74193548386,0.40967741935483876,84.41935483870968,85.45161290322581,0.0,11.201451612903226,17.855483870967742
Micronesia,Palikir,2025,1,28.02258064516129,9.25,101041.93548387097,0.14903225806451614,81.45161290322581,84.54838709677419,0.03225806451612903,14.018225806451612,21.85983870967742
Micronesia,Palikir,2025,2,27.646428571428572,8.665674603174603,101078.57142857143,0.3385714285714286,84.57142857142857,88.17857142857143,0.0,11.912678571428572,18.969107142857144
Micronesia,Palikir,2025,3,28.09032258064516,9.461469534050181,101087.09677419355,0.2645161290322581,81.41935483870968,89.64516129032258,0.0,11.660967741935485,18.685
Micronesia,Palikir,2025,4,28.44,8.119444444444445,101026.66666666667,0.33299999999999996,82.16666666666667,82.5,0.0,10.224333333333334,16.323166666666665
Micronesia,Palikir,2025,5,28.27741935483871,7.217741935483871,100935.48387096774,0.26290322580645165,84.51612903225806,90.64516129032258,0.0,8.307096774193548,13.415483870967742
Micronesia,Palikir,2025,6,28.386666666666667,6.437962962962962,101046.66666666667,0.24966666666666668,82.76666666666667,85.36666666666666,0.0,6.475,10.261333333333333
Micronesia,Palikir,2025,7,27.919354838709676,5.123655913978495,100990.32258064517,0.4554838709677419,85.90322580645162,87.96774193548387,0.0,3.974516129032258,6.480967741935483
Micronesia,Palikir,2025,8,27.938709677419357,4.294802867383512,101009.67741935483,0.3793548387096774,83.83870967741936,89.0,0.0,4.756290322580645,7.632741935483871
Micronesia,Palikir,2025,9,28.823333333333334,3.4490740740740744,100996.66666666667,0.227,81.53333333333333,83.7,0.043333333333333335,3.6675,5.804666666666667
Micronesia,Palikir,2025,10,28.393548387096775,4.533154121863799,100948.3870967742,0.45870967741935487,81.64516129032258,86.38709677419355,0.12903225806451613,2.9983870967741937,4.27258064516129
Micronesia,Palikir,2025,11,28.396666666666665,6.42037037037037,100810.0,0.4593333333333333,83.76666666666667,85.86666666666666,0.030000000000000002,4.256666666666667,6.263333333333334
Micronesia,Palikir,2025,12,28.870967741935484,7.802867383512544,100700.0,0.14483870967741935,80.90322580645162,87.09677419354838,0.0,6.624193548387097,9.924193548387096
Micronesia,Palikir,2026,1,29.483333333333334,7.723148148148149,100743.33333333333,0.143,76.76666666666667,84.63333333333334,0.03333333333333333,7.213333333333334,10.76
Micronesia,Palikir,2026,2,28.349999999999998,7.986111111111111,100933.33333333333,0.06333333333333334,83.16666666666667,95.83333333333333,0.16666666666666666,6.3500000000000005,9.366666666666667
Monaco,Monaco,2024,5,20.88235294117647,4.759803921568627,101141.17647058824,0.0611764705882353,69.76470588235294,51.470588235294116,4.882352941176471,4.111764705882353,5.882352941176471
Monaco,Monaco,2024,6,23.579310344827583,5.07183908045977,101317.24137931035,0.04482758620689655,69.89655172413794,40.3448275862069,5.379310344827586,5.437931034482758,8.662068965517241
Monaco,Monaco,2024,7,26.914285714285715,3.1537698412698414,101360.71428571429,0.01892857142857143,71.89285714285714,29.428571428571427,6.25,8.085714285714285,11.382142857142856
Monaco,Monaco,2024,8,28.55483870967742,3.198028673835126,101306.45161290323,0.08580645161290323,65.19354838709677,15.580645161290322,6.903225806451613,8.219354838709679,11.141935483870967
Monaco,Monaco,2024,9,23.77,4.086111111111111,101253.33333333333,0.284,59.166666666666664,37.666666666666664,5.533333333333333,6.958333333333333,9.996666666666666
Monaco,Monaco,2024,10,19.561290322580643,2.1362007168458783,101664.51612903226,0.5306451612903226,71.3225806451613,49.03225806451613,2.116129032258064,7.883387096774193,12.34725806451613
Monaco,Monaco,2024,11,14.08,1.938888888888889,102060.0,0.024666666666666667,60.96666666666667,36.5,0.7433333333333334,11.9695,17.729166666666668
Monaco,Monaco,2024,12,11.558064516129033,1.446236559139785,102122.58064516129,0.03387096774193549,47.87096774193548,22.096774193548388,0.8451612903225806,8.468225806451612,11.350645161290323
Monaco,Monaco,2025,1,11.429032258064517,2.578853046594982,101803.2258064516,0.1270967741935484,62.45161290322581,42.87096774193548,0.8903225806451613,8.21758064516129,10.968709677419357
Monaco,Monaco,2025,2,12.728571428571428,1.9335317460317463,102196.42857142857,0.03892857142857143,62.892857142857146,46.42857142857143,1.4642857142857142,15.718392857142858,19.986607142857142
Monaco,Monaco,2025,3,14.48709677419355,3.151433691756272,101451.6129032258,0.045806451612903226,60.903225806451616,32.25806451612903,2.041935483870968,10.771774193548387,14.43
Monaco,Monaco,2025,4,16.81,2.807407407407408,101506.66666666667,0.13666666666666666,69.46666666666667,45.833333333333336,2.5866666666666664,13.246,17.642833333333332
Monaco,Monaco,2025,5,19.825806451612905,2.907706093189964,101412.90322580645,0.04064516129032258,68.58064516129032,30.64516129032258,3.7161290322580647,12.556129032258065,19.794999999999998
Monaco,Monaco,2025,6,26.006666666666668,2.7092592592592597,101750.0,0.013666666666666667,70.53333333333333,19.166666666666668,4.733333333333333,19.400333333333332,28.94633333333333
Monaco,Monaco,2025,7,26.741935483870968,3.2302867383512543,101241.93548387097,0.03451612903225806,58.935483870967744,14.516129032258064,3.8419354838709676,11.750483870967741,16.739516129032257
Monaco,Monaco,2025,8,27.083870967741937,2.5053763440860215,101351.6129032258,0.04419354838709678,56.064516129032256,18.548387096774192,2.635483870967742,14.58516129032258,20.385806451612904
Monaco,Monaco,2025,9,21.40666666666667,1.913888888888889,101620.0,0.006666666666666667,57.733333333333334,21.666666666666668,1.3933333333333333,9.596499999999999,13.289666666666667
Monaco,Monaco,2025,10,17.0,1.5887096774193548,101567.74193548386,0.24935483870967742,60.87096774193548,33.064516129032256,0.4032258064516129,6.540322580645161,8.088709677419354
Monaco,Monaco,2025,11,10.616666666666667,2.5361111111111114,101383.33333333333,0.16,62.7,30.833333333333332,0.07,4.58,5.9366666666666665
Monaco,Monaco,2025,12,9.712903225806452,3.21236559139785,101687.09677419355,0.09483870967741935,68.83870967741936,49.193548387096776,0.0,5.517741935483872,7.459677419354839
Monaco,Monaco,2026,1,7.48,2.8361111111111112,100756.66666666667,0.11333333333333333,63.2,41.666666666666664,0.0,4.819999999999999,6.3533333333333335
Monaco,Monaco,2026,2,8.283333333333333,3.064814814814815,99900.0,0.008333333333333333,78.0,50.0,0.0,4.433333333333333,5.666666666666667
Mongolia,Ulaanbaatar,2024,5,13.058823529411764,2.834967320261438,101323.5294117647,0.025882352941176474,51.11764705882353,32.35294117647059,1.2352941176470589,6.452941176470588,8.723529411764707
Mongolia,Ulaanbaatar,2024,6,15.323333333333332,3.051851851851852,100983.33333333333,0.26533333333333337,58.3,39.266666666666666,1.1,4.953333333333333,6.123333333333333
Mongolia,Ulaanbaatar,2024,7,20.224999999999998,2.960317460317461,100703.57142857143,0.04142857142857143,60.57142857142857,39.92857142857143,2.7857142857142856,5.610714285714286,6.710714285714286
Mongolia,Ulaanbaatar,2024,8,16.748387096774195,2.600358422939068,101138.70967741935,0.21451612903225808,75.3225806451613,43.935483870967744,2.4193548387096775,7.82258064516129,9.916129032258064
Mongolia,Ulaanbaatar,2024,9,12.803333333333335,2.67962962962963,101653.33333333333,0.018000000000000002,50.43333333333333,35.0,1.5333333333333334,10.483666666666666,16.9925
Mongolia,Ulaanbaatar,2024,10,-0.7806451612903227,2.488351254480287,102167.74193548386,0.009677419354838712,63.225806451612904,34.41935483870968,0.6903225806451613,9.053064516129032,16.781290322580645
Mongolia,Ulaanbaatar,2024,11,-8.426666666666666,2.4361111111111113,102633.33333333333,0.013333333333333334,63.8,31.2,0.17666666666666667,19.893666666666665,25.585500000000003
Mongolia,Ulaanbaatar,2024,12,-19.55483870967742,1.4919354838709677,102993.54838709677,0.008064516129032258,81.41935483870968,40.70967741935484,0.0,103.77903225806452,105.87370967741936
Mongolia,Ulaanbaatar,2025,1,-18.483870967741936,1.653225806451613,102309.67741935483,0.006129032258064516,71.29032258064517,26.032258064516128,0.03225806451612903,85.4640322580645,88.44790322580646
Mongolia,Ulaanbaatar,2025,2,-12.532142857142857,1.6765873015873016,101921.42857142857,0.002857142857142857,54.75,13.392857142857142,0.017857142857142856,26.858035714285712,31.80017857142857
Mongolia,Ulaanbaatar,2025,3,1.7032258064516128,2.1881720430107525,101541.93548387097,0.013870967741935483,35.87096774193548,37.903225806451616,0.5580645161290323,12.156290322580647,24.055967741935483
Mongolia,Ulaanbaatar,2025,4,11.406666666666666,2.4425925925925926,101013.33333333333,0.0013333333333333333,21.9,38.333333333333336,1.45,7.264333333333334,15.490666666666666
Mongolia,Ulaanbaatar,2025,5,16.33225806451613,2.3091397849462365,101012.90322580645,0.005806451612903225,23.451612903225808,45.16129032258065,2.490322580645161,10.371935483870967,20.62451612903226
Mongolia,Ulaanbaatar,2025,6,23.993333333333332,2.1175925925925925,100943.33333333333,0.041666666666666664,26.5,43.333333333333336,3.0433333333333334,15.577,32.06666666666667
Mongolia,Ulaanbaatar,2025,7,25.58,1.6564814814814814,100836.66666666667,0.056666666666666664,33.03333333333333,45.0,3.6166666666666667,15.311833333333334,29.205333333333332
Mongolia,Ulaanbaatar,2025,8,21.990322580645163,1.8844086021505377,101035.48387096774,0.09806451612903226,40.12903225806452,43.54838709677419,2.925806451612903,10.33016129032258,18.034516129032255
Mongolia,Ulaanbaatar,2025,9,16.07,2.035185185185185,101406.66666666667,0.025,41.13333333333333,40.833333333333336,2.1366666666666663,7.750500000000001,16.916166666666665
Mongolia,Ulaanbaatar,2025,10,2.5387096774193543,1.731182795698925,102148.3870967742,0.012580645161290323,48.38709677419355,31.451612903225808,1.3806451612903226,7.766129032258065,10.55
Mongolia,Ulaanbaatar,2025,11,-4.87,2.0925925925925926,101686.66666666667,0.009666666666666665,56.3,30.0,0.7566666666666666,9.906666666666666,11.06
Mongolia,Ulaanbaatar,2025,12,-16.496774193548386,1.7025089605734767,101683.87096774194,0.0029032258064516127,66.83870967741936,18.548387096774192,0.5419354838709678,29.375806451612902,30.943548387096776
Mongolia,Ulaanbaatar,2026,1,-18.459999999999997,1.4768518518518519,101976.66666666667,0.004,68.1,17.5,0.64,41.39666666666667,43.75666666666667
Mongolia,Ulaanbaatar,2026,2,-15.016666666666666,2.5185185185185186,102183.33333333333,0.0,61.0,25.0,1.0833333333333333,41.56666666666667,46.06666666666666
Montenegro,Podgorica,2024,5,23.352941176470587,2.1209150326797386,101229.41176470589,0.2741176470588235,66.6470588235294,41.1764705882353,5.117647058823529,7.352941176470588,20.97647058823529
Montenegro,Podgorica,2024,6,30.582758620689653,2.545019157088123,101234.4827586207,0.10379310344827586,45.0,23.310344827586206,6.689655172413793,7.968965517241379,19.07586206896552
Montenegro,Podgorica,2024,7,34.275862068965516,2.8065134099616857,101055.1724137931,0.056206896551724145,33.241379310344826,21.82758620689655,7.862068965517241,6.1689655172413795,8.3
Montenegro,Podgorica,2024,8,34.91935483870968,3.113799283154122,101029.03225806452,0.023548387096774193,30.580645161290324,23.548387096774192,8.290322580645162,6.187096774193549,6.958064516129032
Montenegro,Podgorica,2024,9,25.773333333333333,2.25,101286.66666666667,0.19033333333333333,49.733333333333334,34.166666666666664,5.833333333333333,10.894666666666668,13.686
Montenegro,Podgorica,2024,10,19.916129032258063,1.3942652329749103,101990.32258064517,0.22161290322580646,67.64516129032258,14.806451612903226,2.883870967741936,17.682419354838707,22.528225806451612
Montenegro,Podgorica,2024,11,12.41,1.9824074074074074,102190.0,0.20933333333333332,61.233333333333334,28.333333333333332,1.1900000000000002,19.172166666666666,22.230833333333333
Montenegro,Podgorica,2024,12,9.748387096774193,1.9301075268817205,101951.6129032258,0.9783870967741934,68.83870967741936,42.96774193548387,0.9774193548387097,21.883709677419354,24.151451612903227
Montenegro,Podgorica,2025,1,10.01290322580645,1.7186379928315412,102212.90322580645,0.09516129032258065,72.93548387096774,50.806451612903224,1.1806451612903226,28.5258064516129,33.395483870967745
Montenegro,Podgorica,2025,2,9.87142857142857,1.4523809523809523,102478.57142857143,0.08857142857142856,60.57142857142857,43.75,1.7142857142857142,31.509464285714284,34.64125
Montenegro,Podgorica,2025,3,14.32258064516129,1.853046594982079,101709.67741935483,0.3512903225806452,61.61290322580645,41.935483870967744,2.306451612903226,24.760161290322582,30.345967741935485
Montenegro,Podgorica,2025,4,17.333333333333332,1.974074074074074,101573.33333333333,0.08833333333333333,55.5,35.0,3.9466666666666668,16.8535,21.484666666666666
Montenegro,Podgorica,2025,5,20.72258064516129,2.174731182795699,101432.25806451614,0.10741935483870968,53.516129032258064,42.74193548387097,4.67741935483871,11.798225806451613,14.119677419354838
Montenegro,Podgorica,2025,6,29.759999999999998,2.062962962962963,101686.66666666667,0.0006666666666666666,34.7,5.833333333333333,6.71,14.763,19.28933333333333
Montenegro,Podgorica,2025,7,30.69677419354839,2.5860215053763445,101132.25806451614,0.03774193548387097,36.193548387096776,16.93548387096774,5.748387096774193,13.540806451612903,18.464193548387097
Montenegro,Podgorica,2025,8,29.206451612903226,1.7741935483870968,101358.06451612903,0.05580645161290323,37.83870967741935,15.32258064516129,4.293548387096774,15.372903225806452,18.291129032258063
Montenegro,Podgorica,2025,9,24.116666666666667,1.4574074074074075,101706.66666666667,0.06266666666666666,55.06666666666667,15.833333333333334,2.57,13.500666666666666,16.431333333333335
Montenegro,Podgorica,2025,10,15.429032258064517,2.002688172043011,101664.51612903226,0.25516129032258067,66.54838709677419,40.32258064516129,0.9096774193548387,8.514516129032257,9.788709677419355
Montenegro,Podgorica,2025,11,11.673333333333334,1.6925925925925926,101566.66666666667,0.32733333333333337,80.26666666666667,53.333333333333336,0.25666666666666665,10.493333333333334,12.293333333333333
Montenegro,Podgorica,2025,12,4.32258064516129,2.0618279569892475,101951.6129032258,0.051612903225806445,88.03225806451613,25.0,0.13870967741935483,13.933870967741935,15.701612903225806
Montenegro,Podgorica,2026,1,5.4366666666666665,1.9555555555555555,101176.66666666667,0.8276666666666667,84.6,62.5,0.12333333333333334,16.016666666666666,17.986666666666668
Montenegro,Podgorica,2026,2,6.416666666666667,1.6990740740740742,100500.0,0.41999999999999993,93.33333333333333,70.83333333333333,0.16666666666666666,17.150000000000002,19.650000000000002
Morocco,Rabat,2024,5,21.9375,4.510416666666667,101375.0,0.0,62.8125,45.3125,5.5,6.7,17.3625
Morocco,Rabat,2024,6,23.65,4.80462962962963,101436.66666666667,0.0006666666666666666,64.1,36.53333333333333,6.0,6.15,16.75
Morocco,Rabat,2024,7,25.525000000000002,4.23015873015873,101439.28571428571,0.0,67.0,16.75,6.428571428571429,9.882142857142856,25.928571428571427
Morocco,Rabat,2024,8,26.5,4.10573476702509,101316.12903225806,0.0,66.16129032258064,20.483870967741936,6.709677419354839,10.425806451612903,28.119354838709675
Morocco,Rabat,2024,9,24.529999999999998,3.4509259259259264,101463.33333333333,0.005333333333333333,67.73333333333333,34.166666666666664,6.133333333333334,19.4375,38.42216666666666
Morocco,Rabat,2024,10,21.73225806451613,3.4444444444444446,101690.32258064517,0.04387096774193549,77.7741935483871,53.806451612903224,2.5,17.419838709677418,33.0433870967742
Morocco,Rabat,2024,11,20.436666666666667,2.6222222222222222,101910.0,0.029333333333333333,66.76666666666667,18.366666666666667,0.77,27.262833333333333,54.75383333333333
Morocco,Rabat,2024,12,17.345161290322583,2.6657706093189963,102500.0,0.02258064516129032,65.29032258064517,39.70967741935484,1.1774193548387097,22.552096774193547,33.568548387096776
Morocco,Rabat,2025,1,15.96774193548387,3.776881720430108,102345.16129032258,0.051612903225806445,66.29032258064517,25.806451612903224,1.4709677419354839,18.141935483870967,32.64354838709678
Morocco,Rabat,2025,2,16.021428571428572,3.4682539682539684,102160.71428571429,0.07285714285714286,75.39285714285714,33.92857142857143,1.8964285714285716,17.033214285714287,25.33178571428571
Morocco,Rabat,2025,3,15.974193548387097,5.4767025089605745,101338.70967741935,0.37,81.80645161290323,50.0,1.5774193548387097,14.22709677419355,23.375645161290322
Morocco,Rabat,2025,4,18.209999999999997,3.8092592592592593,101403.33333333333,0.011000000000000001,82.13333333333334,52.5,2.2866666666666666,17.25433333333333,34.28666666666666
Morocco,Rabat,2025,5,20.661290322580644,3.485663082437276,101558.06451612903,0.0019354838709677422,73.38709677419355,41.935483870967744,2.4516129032258065,15.587741935483871,28.161774193548386
Morocco,Rabat,2025,6,24.35,3.4546296296296295,101620.0,0.0003333333333333333,69.76666666666667,47.5,2.85,20.78166666666667,40.607499999999995
Morocco,Rabat,2025,7,23.89677419354839,2.6084229390681006,101458.06451612903,0.0003225806451612903,78.96774193548387,53.225806451612904,2.1322580645161286,20.80354838709677,36.498709677419356
Morocco,Rabat,2025,8,23.4741935483871,2.6451612903225805,101400.0,0.0003225806451612903,86.87096774193549,47.58064516129032,1.4548387096774194,24.706451612903226,42.40677419354839
Morocco,Rabat,2025,9,20.216666666666665,2.4222222222222225,101616.66666666667,0.0026666666666666666,95.93333333333334,50.0,0.6266666666666667,19.16916666666667,34.6295
Morocco,Rabat,2025,10,18.393548387096775,2.1164874551971327,101616.12903225806,0.001935483870967742,94.64516129032258,64.51612903225806,0.22580645161290322,13.108064516129033,20.111290322580647
Morocco,Rabat,2025,11,12.229999999999999,2.9564814814814815,101780.0,0.03866666666666666,95.33333333333333,42.5,0.03666666666666667,8.646666666666667,12.92
Morocco,Rabat,2025,12,10.47741935483871,4.504480286738351,101638.70967741935,0.2229032258064516,94.70967741935483,54.83870967741935,0.0,7.246774193548387,10.466129032258063
Morocco,Rabat,2026,1,11.743333333333334,5.553703703703704,101653.33333333333,0.20333333333333334,92.33333333333333,66.66666666666667,0.0,6.996666666666667,11.786666666666667
Morocco,Rabat,2026,2,13.433333333333332,8.847222222222223,101083.33333333333,0.26666666666666666,96.0,66.66666666666667,0.0,6.833333333333333,11.166666666666666
Mozambique,Maputo,2024,5,26.33529411764706,3.6650326797385624,101976.4705882353,0.0011764705882352942,55.05882352941177,19.11764705882353,6.823529411764706,8.799999999999999,23.429411764705883
Mozambique,Maputo,2024,6,24.68,4.137037037037037,102056.66666666667,0.011000000000000001,53.666666666666664,24.8,7.066666666666666,14.813333333333333,25.796666666666667
Mozambique,Maputo,2024,7,26.56896551724138,4.339080459770115,101548.27586206897,0.0013793103448275863,38.48275862068966,17.17241379310345,7.551724137931035,18.76206896551724,31.06206896551724
Mozambique,Maputo,2024,8,26.5,5.604838709677419,101887.09677419355,0.022903225806451613,46.70967741935484,22.516129032258064,7.387096774193548,7.619354838709677,16.82903225806452
Mozambique,Maputo,2024,9,25.736666666666668,5.412037037037037,101816.66666666667,0.04733333333333333,55.3,43.333333333333336,7.366666666666666,14.155,23.254166666666666
Mozambique,Maputo,2024,10,26.0258064516129,4.135304659498209,101890.32258064517,0.01903225806451613,55.70967741935484,44.516129032258064,7.809677419354839,12.97983870967742,21.15564516129032
Mozambique,Maputo,2024,11,27.6,3.315740740740741,101583.33333333333,0.010000000000000002,61.43333333333333,51.833333333333336,8.7,12.265500000000001,17.242
Mozambique,Maputo,2024,12,31.161290322580644,4.531362007168459,101235.48387096774,0.004838709677419355,56.193548387096776,47.41935483870968,11.074193548387097,12.50241935483871,15.289354838709679
Mozambique,Maputo,2025,1,30.81935483870968,4.344086021505377,101035.48387096774,0.052580645161290324,62.12903225806452,49.064516129032256,11.887096774193548,8.438387096774193,10.389838709677418
Mozambique,Maputo,2025,2,29.810714285714287,4.459325396825397,101182.14285714286,0.24071428571428571,66.46428571428571,62.785714285714285,10.37857142857143,7.8757142857142854,10.68375
Mozambique,Maputo,2025,3,28.780645161290323,3.0931899641577063,101600.0,0.043225806451612905,65.61290322580645,58.483870967741936,9.27741935483871,8.366774193548387,11.810161290322581
Mozambique,Maputo,2025,4,26.36,3.3842592592592595,101726.66666666667,0.05566666666666666,66.13333333333334,52.5,6.743333333333334,9.496666666666666,11.975666666666665
Mozambique,Maputo,2025,5,24.287096774193547,3.170250896057348,102177.41935483871,0.0003225806451612903,60.67741935483871,32.25806451612903,4.33225806451613,16.823064516129033,18.780483870967743
Mozambique,Maputo,2025,6,22.290000000000003,3.973148148148148,102256.66666666667,0.002,59.13333333333333,24.166666666666668,3.4200000000000004,16.828833333333332,18.389
Mozambique,Maputo,2025,7,21.96451612903226,3.8440860215053765,102570.96774193548,0.0070967741935483875,55.935483870967744,27.419354838709676,3.206451612903226,16.80516129032258,18.297096774193548
Mozambique,Maputo,2025,8,22.403225806451612,3.403225806451613,102232.25806451614,0.03774193548387097,66.6774193548387,43.54838709677419,3.8096774193548386,16.72758064516129,19.06096774193548
Mozambique,Maputo,2025,9,23.46333333333333,3.92962962962963,102070.0,0.019333333333333334,68.8,53.333333333333336,4.276666666666667,17.806500000000003,21.124333333333333
Mozambique,Maputo,2025,10,23.690322580645162,3.771505376344086,101935.48387096774,0.01870967741935484,67.54838709677419,58.064516129032256,5.158064516129032,7.946774193548387,9.77258064516129
Mozambique,Maputo,2025,11,24.25,3.517592592592593,101770.0,0.15533333333333335,72.6,59.6,4.926666666666667,7.586666666666667,9.373333333333333
Mozambique,Maputo,2025,12,24.75483870967742,3.763440860215054,101503.2258064516,0.10096774193548387,73.83870967741936,59.354838709677416,5.383870967741935,6.556451612903226,8.166129032258064
Mozambique,Maputo,2026,1,25.166666666666668,3.0342592592592594,101273.33333333333,0.32399999999999995,84.83333333333333,61.666666666666664,5.096666666666667,5.823333333333333,6.913333333333333
Mozambique,Maputo,2026,2,27.5,1.75,101533.33333333333,0.02,71.33333333333333,50.0,5.816666666666666,6.516666666666667,8.200000000000001
Myanmar,Pathein,2024,5,28.80625,4.151041666666667,100512.5,0.7693749999999999,79.3125,44.8125,1.5,2.475,4.325
Myanmar,Rangoon,2024,5,30.0,2.5,100600.0,1.28,84.0,100.0,1.0,7.7,12.5
Myanmar,Rangoon,2024,6,27.165,1.8777777777777778,100660.0,0.3465,91.9,87.65,1.0,7.19,11.275
Myanmar,Rangoon,2025,8,29.363636363636363,3.090909090909091,100636.36363636363,1.0018181818181817,80.72727272727273,90.9090909090909,3.6,21.56090909090909,25.17681818181818
Myanmar,Rangoon,2025,9,29.790000000000003,3.4175925925925927,100543.33333333333,0.6330000000000001,82.13333333333334,85.83333333333333,5.193333333333333,16.406666666666666,17.793833333333335
Myanmar,Rangoon,2025,10,31.77741935483871,2.585125448028674,100822.58064516129,0.4483870967741936,70.74193548387096,72.58064516129032,5.306451612903226,16.84032258064516,17.34032258064516
Myanmar,Rangoon,2025,11,30.096666666666668,2.7314814814814814,100980.0,0.3656666666666667,69.4,60.833333333333336,4.713333333333334,23.736666666666668,23.970000000000002
Myanmar,Rangoon,2025,12,31.193548387096776,2.174731182795699,101109.67741935483,0.0,55.483870967741936,21.774193548387096,6.029032258064516,27.28548387096774,27.608064516129033
Myanmar,Rangoon,2026,1,31.06,1.6935185185185186,101303.33333333333,0.0,56.93333333333333,33.333333333333336,6.72,41.61333333333334,42.1
Myanmar,Rangoon,2026,2,32.56666666666666,1.9351851851851853,101366.66666666667,0.0,55.5,25.0,7.416666666666667,35.300000000000004,35.96666666666667
Myanmar,Yangon,2024,6,27.85,1.8777777777777778,100540.0,0.519,88.2,79.5,1.0,8.07,13.2
Myanmar,Yangon,2024,7,26.855172413793102,2.4865900383141764,100493.10344827586,0.6231034482758621,92.06896551724138,85.24137931034483,1.6896551724137931,6.5793103448275865,10.351724137931035
Myanmar,Yangon,2024,8,27.219354838709677,2.3548387096774195,100693.54838709677,0.9206451612903226,88.3225806451613,76.3225806451613,1.6129032258064515,9.167741935483871,13.912903225806453
Myanmar,Yangon,2024,9,28.566666666666666,2.525,100433.33333333333,0.776,88.93333333333334,85.0,3.6,14.643166666666668,24.493833333333335
Myanmar,Yangon,2024,10,29.748387096774195,2.313620071684588,100670.96774193548,0.42612903225806453,77.6774193548387,72.09677419354838,2.735483870967742,25.62548387096774,37.60274193548387
Myanmar,Yangon,2024,11,30.34333333333333,2.557407407407408,100863.33333333333,0.4026666666666667,68.56666666666666,47.833333333333336,1.7866666666666666,33.781,40.441
Myanmar,Yangon,2024,12,29.874193548387098,2.1057347670250897,100925.80645161291,0.0070967741935483875,61.193548387096776,28.741935483870968,0.13870967741935483,29.886451612903226,30.149032258064516
Myanmar,Yangon,2025,1,30.98709677419355,2.3216845878136203,101000.0,0.0,58.483870967741936,24.741935483870968,0.264516129032258,41.189354838709676,42.185967741935485
Myanmar,Yangon,2025,2,33.36785714285714,3.4136904761904767,100950.0,0.0,56.32142857142857,25.892857142857142,0.5678571428571428,60.878214285714286,63.659821428571426
Myanmar,Yangon,2025,3,36.012903225806454,4.96415770609319,100709.67741935483,0.0,50.38709677419355,25.806451612903224,1.2225806451612902,60.69790322580645,73.25403225806451
Myanmar,Yangon,2025,4,33.89,5.388888888888889,100716.66666666667,0.07233333333333333,59.46666666666667,62.5,2.5166666666666666,40.24366666666666,47.446333333333335
Myanmar,Yangon,2025,5,31.85483870967742,4.562724014336918,100496.7741935484,0.3325806451612903,73.45161290322581,76.61290322580645,2.6225806451612903,29.683548387096774,34.94709677419355
Myanmar,Yangon,2025,6,30.086666666666666,4.165740740740741,100490.0,1.0146666666666666,78.8,90.83333333333333,1.8033333333333335,25.949333333333335,33.38633333333333
Myanmar,Yangon,2025,7,29.032258064516128,4.649641577060931,100406.45161290323,1.7219354838709675,84.35483870967742,90.2258064516129,2.3419354838709676,21.680806451612902,29.95209677419355
Myanmar,Yangon,2025,8,30.325,4.051388888888889,100640.0,0.82,78.7,86.25,4.279999999999999,17.45475,21.497
Namibia,Windhoek,2024,5,24.470588235294116,4.032679738562091,102588.23529411765,0.0,20.529411764705884,0.0,6.823529411764706,5.8352941176470585,9.405882352941177
Namibia,Windhoek,2024,6,20.803448275862067,4.637931034482759,102227.58620689655,0.0,19.896551724137932,7.068965517241379,6.413793103448276,3.882758620689655,7.913793103448276
Namibia,Windhoek,2024,7,22.348275862068967,5.4655172413793105,101865.5172413793,0.0,8.379310344827585,1.7241379310344827,6.655172413793103,5.551724137931035,12.310344827586206
Namibia,Windhoek,2024,8,25.980645161290322,5.609318996415771,101541.93548387097,0.0,8.67741935483871,0.0,7.806451612903226,8.138709677419355,14.816129032258065
Namibia,Windhoek,2024,9,25.736666666666668,6.281481481481482,101893.33333333333,0.0,14.866666666666667,7.733333333333333,7.866666666666666,11.6475,17.480166666666666
Namibia,Windhoek,2024,10,27.348387096774196,5.209677419354839,102083.87096774194,0.0,14.451612903225806,3.4838709677419355,9.593548387096773,8.020645161290322,12.084677419354838
Namibia,Windhoek,2024,11,28.446666666666665,4.300925925925926,101933.33333333333,0.018666666666666665,22.0,11.766666666666667,9.943333333333333,6.734,8.781333333333333
Namibia,Windhoek,2024,12,30.87741935483871,4.746415770609319,101567.74193548386,0.04129032258064516,20.29032258064516,21.774193548387096,13.48709677419355,5.41274193548387,5.9319354838709675
Namibia,Windhoek,2025,1,28.958064516129035,4.310931899641577,101403.2258064516,0.056451612903225805,28.35483870967742,17.903225806451612,14.170967741935485,4.2908064516129025,4.553387096774194
Namibia,Windhoek,2025,2,27.739285714285717,4.7896825396825395,101350.0,0.04892857142857143,38.714285714285715,34.035714285714285,13.664285714285715,7.684107142857143,8.146607142857142
Namibia,Windhoek,2025,3,24.0,4.620071684587814,102200.0,0.14612903225806453,63.67741935483871,51.806451612903224,8.448387096774193,12.550161290322581,12.95
Namibia,Windhoek,2025,4,21.886666666666667,4.821296296296296,102406.66666666667,0.149,57.46666666666667,21.166666666666668,6.166666666666667,7.2705,8.547
Namibia,Windhoek,2025,5,18.177419354838708,5.019713261648746,102745.16129032258,0.0,44.61290322580645,7.193548387096774,4.229032258064516,4.839838709677419,5.281451612903226
Namibia,Windhoek,2025,6,15.42,4.871296296296296,102733.33333333333,0.0,38.1,4.1,3.5733333333333333,5.2108333333333325,5.913833333333334
Namibia,Windhoek,2025,7,15.40967741935484,5.921146953405018,102751.6129032258,0.0,38.41935483870968,4.290322580645161,2.925806451612903,6.695806451612903,7.280645161290322
Namibia,Windhoek,2025,8,16.24516129032258,4.476702508960574,102635.48387096774,0.0012903225806451613,27.774193548387096,4.838709677419355,3.1548387096774193,8.384677419354839,9.100806451612904
Namibia,Windhoek,2025,9,21.55,5.183333333333334,102490.0,0.0,22.4,1.6666666666666667,3.3666666666666667,13.25,13.620000000000001
Namibia,Windhoek,2025,10,22.903225806451612,4.445340501792115,102364.51612903226,0.0006451612903225806,36.61290322580645,11.387096774193548,4.377419354838709,7.09516129032258,7.485483870967743
Namibia,Windhoek,2025,11,23.533333333333335,4.592592592592593,102213.33333333333,0.0026666666666666666,42.56666666666667,14.133333333333333,4.4366666666666665,4.26,4.66
Namibia,Windhoek,2025,12,22.274193548387096,4.531362007168459,102061.29032258065,0.02032258064516129,65.12903225806451,31.516129032258064,3.9000000000000004,4.646774193548388,4.77258064516129
Namibia,Windhoek,2026,1,23.706666666666667,3.142592592592593,101793.33333333333,0.002,47.733333333333334,19.3,4.056666666666667,4.573333333333333,4.663333333333333
Namibia,Windhoek,2026,2,20.733333333333334,2.2685185185185186,101933.33333333333,0.0016666666666666668,68.66666666666667,41.833333333333336,2.9166666666666665,8.533333333333333,8.633333333333333
Nepal,Kathmandu,2024,5,24.941176470588236,2.7173202614379086,101135.29411764706,0.12352941176470586,66.58823529411765,50.0,1.411764705882353,38.12352941176471,62.45882352941176
Nepal,Kathmandu,2024,6,25.59333333333333,2.7601851851851853,100780.0,0.5980000000000001,70.06666666666666,54.6,1.1666666666666667,31.263333333333332,42.656666666666666
Nepal,Kathmandu,2024,7,23.839285714285715,1.7460317460317463,100500.0,1.0107142857142857,88.60714285714286,75.0,4.25,11.653571428571428,13.507142857142856
Nepal,Kathmandu,2024,8,23.148387096774194,2.1810035842293907,100877.41935483871,0.9512903225806452,87.83870967741936,75.80645161290323,3.064516129032258,11.816129032258065,14.961290322580645
Nepal,Kathmandu,2024,9,25.240000000000002,2.2027777777777775,101213.33333333333,0.8859999999999999,77.1,71.66666666666667,3.8,23.422666666666665,33.5915
Nepal,Kathmandu,2024,10,22.496774193548386,1.728494623655914,101074.19354838709,0.17451612903225808,69.09677419354838,73.58064516129032,2.370967741935484,43.14677419354839,68.22322580645161
Nepal,Kathmandu,2024,11,19.826666666666664,1.512037037037037,101553.33333333333,0.191,56.333333333333336,53.7,1.47,76.06583333333333,98.58650000000002
Nepal,Kathmandu,2024,12,13.654838709677419,1.4157706093189966,101458.06451612903,0.004193548387096774,53.25806451612903,14.290322580645162,0.13870967741935483,51.06,53.166612903225804
Nepal,Kathmandu,2025,1,17.61935483870968,1.7948028673835126,101619.35483870968,0.0019354838709677422,46.483870967741936,31.548387096774192,0.2903225806451613,57.95870967741936,60.72774193548387
Nepal,Kathmandu,2025,2,19.607142857142858,2.961309523809524,101567.85714285714,0.0060714285714285705,42.32142857142857,43.75,0.5785714285714285,60.871607142857144,76.0680357142857
Nepal,Kathmandu,2025,3,24.26774193548387,3.424731182795699,101412.90322580645,0.04032258064516129,35.16129032258065,45.96774193548387,1.7225806451612902,48.19548387096774,84.02580645161291
Nepal,Kathmandu,2025,4,26.15666666666667,2.9842592592592596,101436.66666666667,0.5743333333333334,38.766666666666666,51.666666666666664,2.7800000000000002,52.02816666666667,86.88833333333334
Nepal,Kathmandu,2025,5,26.161290322580644,1.9148745519713262,101167.74193548386,0.8812903225806452,57.0,64.51612903225806,3.070967741935484,44.37612903225807,84.62258064516129
Nepal,Kathmandu,2025,6,27.44,1.7648148148148148,100910.0,1.1159999999999999,64.56666666666666,70.0,4.29,45.133833333333335,75.81916666666666
Nepal,Kathmandu,2025,7,27.625806451612902,1.7096774193548387,100783.87096774194,1.2425806451612902,68.70967741935483,72.58064516129032,4.812903225806451,26.001451612903228,27.988709677419354
Nepal,Kathmandu,2025,8,26.80322580645161,1.4247311827956988,101170.96774193548,1.0148387096774194,74.96774193548387,71.7741935483871,4.461290322580646,19.794999999999998,20.73193548387097
Nepal,Kathmandu,2025,9,27.35666666666667,1.4462962962962964,101343.33333333333,1.0373333333333334,66.9,65.83333333333333,4.9766666666666675,25.244500000000002,25.7075
Nepal,Kathmandu,2025,10,24.793548387096774,1.3808243727598566,101809.67741935483,0.34774193548387095,53.96774193548387,51.61290322580645,5.019354838709678,25.23709677419355,26.753225806451614
Nepal,Kathmandu,2025,11,21.55,1.400925925925926,101976.66666666667,0.06733333333333333,46.7,35.0,3.9733333333333336,36.480000000000004,37.90333333333333
Nepal,Kathmandu,2025,12,18.52258064516129,1.3503584229390682,101996.7741935484,0.0,45.483870967741936,31.451612903225808,3.567741935483871,89.19516129032259,91.17903225806452
Nepal,Kathmandu,2026,1,16.655172413793103,1.4396551724137931,102141.37931034483,0.038620689655172416,44.689655172413794,37.06896551724138,3.9896551724137934,106.01896551724138,108.04655172413793
Nepal,Kathmandu,2026,2,18.45,1.6481481481481481,102233.33333333333,0.0,43.0,37.5,5.45,89.51666666666667,91.03333333333335
Netherlands,Amsterdam,2024,5,18.235294117647058,5.2859477124183005,101047.05882352941,0.4088235294117647,73.0,42.64705882352941,4.0,5.582352941176471,6.870588235294117
Netherlands,Amsterdam,2024,6,18.653333333333332,5.2175925925925934,101350.0,0.13566666666666669,64.43333333333334,41.86666666666667,4.533333333333333,3.7133333333333334,6.013333333333334
Netherlands,Amsterdam,2024,7,20.667857142857144,5.35515873015873,101375.0,0.10142857142857142,63.607142857142854,34.857142857142854,5.107142857142857,4.642857142857143,6.453571428571428
Netherlands,Amsterdam,2024,8,22.838709677419356,5.443548387096774,101416.12903225806,0.030645161290322583,58.54838709677419,32.935483870967744,5.870967741935484,5.919354838709677,9.0
Netherlands,Amsterdam,2024,9,18.336666666666666,5.408333333333333,101380.0,0.31666666666666665,73.86666666666666,36.666666666666664,4.933333333333334,16.435,22.546833333333332
Netherlands,Amsterdam,2024,10,13.5,4.315412186379928,101535.48387096774,0.05741935483870968,84.6774193548387,43.70967741935484,1.3419354838709678,20.50516129032258,29.164354838709677
Netherlands,Amsterdam,2024,11,7.733333333333333,4.257407407407408,101943.33333333333,0.105,86.63333333333334,50.86666666666667,0.3466666666666667,26.1775,36.67933333333334
Netherlands,Amsterdam,2024,12,6.94516129032258,5.400537634408603,102035.48387096774,0.14838709677419354,86.6774193548387,72.29032258064517,0.2064516129032258,21.406290322580645,30.43548387096774
Netherlands,Amsterdam,2025,1,4.693548387096774,4.238351254480286,101351.6129032258,0.16806451612903225,87.80645161290323,59.774193548387096,0.3548387096774194,26.99806451612903,36.58822580645161
Netherlands,Amsterdam,2025,2,4.746428571428572,4.20436507936508,102339.28571428571,0.047499999999999994,82.78571428571429,43.75,0.6428571428571429,34.60160714285714,41.691071428571426
Netherlands,Amsterdam,2025,3,9.3,3.688172043010753,101758.06451612903,0.006774193548387097,68.58064516129032,22.580645161290324,1.564516129032258,37.9608064516129,46.93629032258064
Netherlands,Amsterdam,2025,4,12.75,3.5740740740740744,101856.66666666667,0.021,67.33333333333333,20.0,2.07,26.343999999999998,32.99783333333333
Netherlands,Amsterdam,2025,5,15.538709677419355,4.452508960573477,101716.12903225806,0.034516129032258064,65.16129032258064,38.70967741935484,2.6870967741935483,17.628709677419355,25.309193548387096
Netherlands,Amsterdam,2025,6,19.446666666666665,5.093518518518519,101643.33333333333,0.073,67.16666666666667,28.333333333333332,3.3699999999999997,16.619166666666665,23.303833333333333
Netherlands,Amsterdam,2025,7,20.693548387096776,3.879032258064516,101403.2258064516,0.10193548387096775,68.54838709677419,31.451612903225808,2.8225806451612905,15.725000000000001,23.304032258064513
Netherlands,Amsterdam,2025,8,19.31935483870968,3.9327956989247315,101596.7741935484,0.03354838709677419,72.93548387096774,29.032258064516128,1.867741935483871,20.96467741935484,32.26758064516129
Netherlands,Amsterdam,2025,9,15.266666666666667,5.0851851851851855,101546.66666666667,0.062000000000000006,81.83333333333333,28.333333333333332,0.7233333333333333,19.3095,28.0695
Netherlands,Amsterdam,2025,10,11.990322580645161,4.977598566308244,101251.6129032258,0.1067741935483871,86.93548387096774,47.96774193548387,0.16451612903225804,10.656451612903227,15.69516129032258
Netherlands,Amsterdam,2025,11,7.65,4.512037037037037,101013.33333333333,0.219,87.86666666666666,50.833333333333336,0.016666666666666666,11.133333333333333,14.486666666666668
Netherlands,Amsterdam,2025,12,5.780645161290322,4.437275985663083,101680.64516129032,0.02967741935483871,86.35483870967742,50.38709677419355,0.0,11.437096774193549,15.275806451612903
Netherlands,Amsterdam,2026,1,2.146666666666667,4.500925925925926,100383.33333333333,0.15,88.13333333333334,50.333333333333336,0.0,14.053333333333335,17.33
Netherlands,Amsterdam,2026,2,1.7166666666666666,4.685185185185186,99683.33333333333,0.008333333333333333,91.0,66.66666666666667,0.0,18.533333333333335,21.5
New Zealand,Wellington,2024,5,10.5,6.175347222222223,101243.75,0.053125,80.375,45.3125,1.0,1.7625,3.3375
New Zealand,Wellington,2024,6,10.553333333333335,4.55,101690.0,0.13433333333333333,83.53333333333333,44.266666666666666,1.0,1.2633333333333332,3.203333333333333
New Zealand,Wellington,2024,7,9.920689655172414,6.10823754789272,101868.96551724138,0.30379310344827587,83.6896551724138,53.55172413793103,1.0,1.3758620689655172,2.679310344827586
New Zealand,Wellington,2024,8,10.364516129032259,6.851254480286738,101680.64516129032,0.25193548387096776,80.80645161290323,56.516129032258064,1.0,1.038709677419355,2.2096774193548385
New Zealand,Wellington,2024,9,12.02258064516129,7.771505376344087,101019.35483870968,0.4535483870967742,76.54838709677419,39.516129032258064,1.0,7.746774193548387,13.879516129032258
New Zealand,Wellington,2024,10,12.303225806451612,7.141577060931899,101325.80645161291,0.23,82.83870967741936,52.58064516129032,0.2903225806451613,10.545,18.20758064516129
New Zealand,Wellington,2024,11,13.85,7.165740740740741,101813.33333333333,0.088,79.23333333333333,55.43333333333333,0.03333333333333333,9.102,13.998333333333333
New Zealand,Wellington,2024,12,15.903225806451612,8.242831541218639,100841.93548387097,0.1361290322580645,84.06451612903226,56.03225806451613,0.0,9.25,13.129032258064516
New Zealand,Wellington,2025,1,15.82258064516129,6.431003584229391,101258.06451612903,0.06451612903225806,78.61290322580645,52.41935483870968,0.03225806451612903,10.15709677419355,14.758225806451613
New Zealand,Wellington,2025,2,17.785714285714285,5.1021825396825395,101735.71428571429,0.020714285714285716,80.35714285714286,39.285714285714285,0.0,11.007499999999999,15.388035714285715
New Zealand,Wellington,2025,3,16.419354838709676,6.045698924731183,101864.51612903226,0.023548387096774193,80.93548387096774,43.54838709677419,0.0,8.438387096774195,12.353225806451613
New Zealand,Wellington,2025,4,15.94,5.837037037037037,101660.0,0.241,79.2,48.333333333333336,0.0,7.7885,11.359
New Zealand,Wellington,2025,5,13.296774193548387,7.296594982078854,101832.25806451614,0.2032258064516129,79.87096774193549,41.12903225806452,0.0,7.680483870967742,10.682258064516128
New Zealand,Wellington,2025,6,11.4,6.662962962962963,101370.0,0.435,79.63333333333334,58.333333333333336,0.0,6.074166666666667,8.867666666666667
New Zealand,Wellington,2025,7,10.970967741935485,5.377240143369176,101635.48387096774,0.19903225806451613,79.6774193548387,42.74193548387097,0.0,8.927741935483871,12.120483870967742
New Zealand,Wellington,2025,8,10.361290322580645,7.136200716845878,101951.6129032258,0.09741935483870968,74.6774193548387,39.516129032258064,0.0,9.136612903225807,12.33532258064516
New Zealand,Wellington,2025,9,12.813333333333333,8.75925925925926,100990.0,0.042,69.83333333333333,35.0,0.0,6.402,9.184833333333334
New Zealand,Wellington,2025,10,13.719354838709679,8.992831541218639,100735.48387096774,0.04870967741935484,78.16129032258064,51.61290322580645,0.009677419354838712,4.866129032258065,6.624193548387097
New Zealand,Wellington,2025,11,16.643333333333334,7.82962962962963,101156.66666666667,0.033,74.66666666666667,29.166666666666668,0.07666666666666667,6.1466666666666665,8.363333333333333
New Zealand,Wellington,2025,12,17.25483870967742,8.059139784946236,100783.87096774194,0.11935483870967742,73.48387096774194,38.70967741935484,0.16774193548387098,5.824193548387097,8.07258064516129
New Zealand,Wellington,2026,1,17.953333333333333,6.4638888888888895,100790.0,0.10600000000000001,74.33333333333333,51.666666666666664,0.14,5.533333333333333,7.53
New Zealand,Wellington,2026,2,17.683333333333334,7.6342592592592595,101166.66666666667,0.13833333333333334,72.83333333333333,41.666666666666664,0.09999999999999999,7.716666666666666,10.6
Nicaragua,Managua,2024,5,29.188235294117646,2.2434640522875817,101135.29411764706,0.1476470588235294,78.05882352941177,44.11764705882353,6.352941176470588,12.811764705882352,15.5
Nicaragua,Managua,2024,6,26.746666666666666,1.7277777777777779,101070.0,0.4233333333333333,87.73333333333333,51.766666666666666,6.133333333333334,13.216666666666667,16.18
Nicaragua,Managua,2024,7,24.342857142857145,1.998015873015873,101117.85714285714,0.05392857142857143,91.07142857142857,43.714285714285715,6.0,4.667857142857143,5.785714285714286
Nicaragua,Managua,2024,8,24.1,1.5931899641577063,101158.06451612903,0.07903225806451614,92.90322580645162,42.32258064516129,5.870967741935484,3.170967741935484,4.280645161290322
Nicaragua,Managua,2024,9,24.733333333333334,1.512037037037037,100900.0,0.37133333333333335,95.26666666666667,48.03333333333333,3.3,10.4335,14.7965
Nicaragua,Managua,2024,10,22.823333333333334,1.7268518518518519,101003.33333333333,0.3706666666666667,91.43333333333334,56.63333333333333,0.3,9.4535,14.164833333333332
Nicaragua,Managua,2024,11,22.5,1.3764367816091956,100975.86206896552,0.3437931034482759,92.75862068965517,58.689655172413794,0.0,11.801724137931034,14.761724137931033
Nicaragua,Managua,2024,12,22.712903225806453,2.8324372759856633,101106.45161290323,0.005806451612903225,87.41935483870968,31.93548387096774,0.0,6.7495161290322585,7.877419354838709
Nicaragua,Managua,2025,1,23.60666666666667,3.460185185185185,101200.0,0.0,85.1,37.6,0.0,7.511,8.806000000000001
Nicaragua,Managua,2025,2,23.49285714285714,4.10515873015873,101128.57142857143,0.0007142857142857143,87.17857142857143,29.285714285714285,0.0,6.924285714285714,8.516607142857143
Nicaragua,Managua,2025,3,23.980645161290322,4.305555555555555,101135.48387096774,0.0,79.58064516129032,21.419354838709676,0.0,10.735967741935484,13.314032258064517
Nicaragua,Managua,2025,4,25.073333333333334,4.866666666666666,101093.33333333333,0.001,72.23333333333333,19.0,0.0,11.050666666666666,13.4495
Nicaragua,Managua,2025,5,26.083333333333332,3.8601851851851854,101033.33333333333,0.16366666666666668,77.0,38.5,0.0,13.32,16.465
Nicaragua,Managua,2025,6,24.073333333333334,3.15,101086.66666666667,0.060000000000000005,86.86666666666666,56.46666666666667,0.0,9.650833333333333,12.7835
Nicaragua,Managua,2025,7,24.08709677419355,3.767921146953405,101180.64516129032,0.0,84.29032258064517,36.12903225806452,0.0,8.527903225806451,15.110322580645162
Nicaragua,Managua,2025,8,24.070967741935487,2.629032258064516,101180.64516129032,0.01967741935483871,86.38709677419355,41.25806451612903,0.0,11.15967741935484,17.151290322580643
Nicaragua,Managua,2025,9,24.38,1.8898148148148148,101106.66666666667,0.33133333333333337,89.66666666666667,45.96666666666667,0.0,13.073333333333332,14.704666666666666
Nicaragua,Managua,2025,10,23.225806451612904,1.363799283154122,101041.93548387097,0.4212903225806452,92.35483870967742,66.0,0.0,8.343548387096773,8.756451612903225
Nicaragua,Managua,2025,11,23.026666666666664,2.7046296296296295,101156.66666666667,0.014333333333333333,87.93333333333334,32.03333333333333,0.0,6.45,7.003333333333333
Nicaragua,Managua,2025,12,22.951612903225808,3.1084229390681006,101193.54838709677,0.0029032258064516127,84.51612903225806,23.161290322580644,0.0,5.41774193548387,6.050000000000001
Nicaragua,Managua,2026,1,22.42413793103448,3.8170498084291187,101293.10344827586,0.0,78.13793103448276,12.96551724137931,0.0,5.408620689655172,6.077586206896552
Nicaragua,Managua,2026,2,22.233333333333334,4.486111111111112,101583.33333333333,0.0,66.16666666666667,23.666666666666668,0.0,6.933333333333334,7.616666666666667
Niger,Niamey,2024,5,40.588235294117645,4.379084967320261,100800.0,0.0,21.058823529411764,6.764705882352941,9.823529411764707,27.45294117647059,121.07647058823531
Niger,Niamey,2024,6,37.32,4.7481481481481485,100956.66666666667,0.008666666666666666,31.033333333333335,9.6,9.166666666666666,13.066666666666666,53.55
Niger,Niamey,2024,7,32.81071428571429,5.034722222222222,101142.85714285714,0.0075,50.714285714285715,37.25,8.285714285714286,2.435714285714286,6.485714285714286
Niger,Niamey,2024,8,30.806451612903224,5.736559139784947,101138.70967741935,0.2903225806451613,59.87096774193548,46.774193548387096,7.129032258064516,2.0193548387096776,4.216129032258064
Niger,Niamey,2024,9,30.413333333333334,3.678703703703704,101330.0,0.09933333333333333,64.16666666666667,32.5,7.6,11.241999999999999,25.476333333333333
Niger,Niamey,2024,10,31.63225806451613,3.8539426523297493,101364.51612903226,0.0,51.61290322580645,6.0,5.087096774193548,31.444032258064517,84.50322580645161
Niger,Niamey,2024,11,27.666666666666668,6.388888888888889,101506.66666666667,0.0,21.233333333333334,0.1,3.0266666666666664,40.68766666666667,98.99966666666666
Niger,Niamey,2024,12,27.6,6.852150537634409,101606.45161290323,0.0,15.193548387096774,0.0,5.564516129032258,47.6583870967742,144.7475806451613
Niger,Niamey,2025,1,28.006451612903227,6.64426523297491,101535.48387096774,0.0,14.35483870967742,0.5806451612903226,5.503225806451613,57.52306451612903,153.22177419354838
Niger,Niamey,2025,2,30.107142857142858,6.323412698412699,101325.0,0.0,12.857142857142858,0.0,5.8500000000000005,70.56428571428572,209.83625
Niger,Niamey,2025,3,34.38387096774194,5.414874551971327,101070.96774193548,0.0,14.290322580645162,0.0,4.593548387096774,48.72064516129032,144.19854838709676
Niger,Niamey,2025,4,34.096666666666664,4.605555555555556,100996.66666666667,0.0,30.4,0.0,4.503333333333333,51.023,186.01133333333334
Niger,Niamey,2025,5,32.76129032258065,5.412186379928316,101158.06451612903,0.0,47.645161290322584,3.129032258064516,3.4935483870967743,54.413870967741936,218.75354838709677
Niger,Niamey,2025,6,30.34,6.160185185185186,101313.33333333333,0.0,59.43333333333333,5.0,3.2866666666666666,33.361666666666665,148.407
Niger,Niamey,2025,7,27.24516129032258,6.226702508960574,101425.80645161291,0.000967741935483871,76.19354838709677,24.580645161290324,2.57741935483871,14.853709677419356,44.85951612903226
Niger,Niamey,2025,8,25.751612903225805,5.236559139784947,101380.64516129032,0.013225806451612903,84.48387096774194,29.838709677419356,1.8903225806451613,11.726612903225806,34.84564516129032
Niger,Niamey,2025,9,26.66,4.637037037037037,101333.33333333333,0.0,80.16666666666667,11.666666666666666,1.65,13.444166666666666,37.21516666666666
Niger,Niamey,2025,10,27.429032258064513,3.0806451612903225,101264.51612903226,0.11806451612903227,61.58064516129032,1.7741935483870968,0.9935483870967742,15.814516129032258,51.83387096774193
Niger,Niamey,2025,11,24.303333333333335,3.7398148148148147,101283.33333333333,0.0,32.06666666666667,0.1,0.5466666666666666,15.523333333333333,36.50666666666667
Niger,Niamey,2025,12,22.216129032258067,3.947132616487455,101212.90322580645,0.0,27.774193548387096,0.06451612903225806,0.26129032258064516,25.19516129032258,79.0983870967742
Niger,Niamey,2026,1,20.696666666666665,4.493518518518519,101326.66666666667,0.0,23.133333333333333,1.4666666666666666,0.28,28.45,83.52666666666667
Niger,Niamey,2026,2,22.21666666666667,3.8703703703703702,101150.0,0.0,20.5,0.0,0.2833333333333334,8.9,19.05
Nigeria,Abuja,2024,5,33.3235294117647,2.991830065359477,101088.23529411765,0.0,54.588235294117645,45.76470588235294,8.411764705882353,6.105882352941176,14.788235294117648
Nigeria,Abuja,2024,6,30.043333333333333,2.952777777777778,101240.0,0.10933333333333332,66.8,54.43333333333333,7.266666666666667,3.1566666666666667,4.776666666666667
Nigeria,Abuja,2024,7,27.089655172413792,2.921455938697318,101427.58620689655,0.5296551724137931,80.20689655172414,79.62068965517241,5.827586206896552,5.989655172413793,7.0793103448275865
Nigeria,Abuja,2024,8,26.361290322580647,3.293906810035842,101412.90322580645,0.5090322580645161,79.96774193548387,80.80645161290323,5.67741935483871,3.7774193548387096,5.016129032258065
Nigeria,Abuja,2024,9,28.173333333333336,2.098148148148148,101496.66666666667,0.368,76.33333333333333,64.93333333333334,5.966666666666667,19.0665,29.166666666666668
Nigeria,Abuja,2024,10,27.30322580645161,1.3664874551971327,101500.0,0.07741935483870968,79.58064516129032,46.645161290322584,4.967741935483871,39.763064516129035,66.14645161290322
Nigeria,Abuja,2024,11,29.19,2.327777777777778,101410.0,0.0,43.56666666666667,1.9333333333333333,4.036666666666666,80.6045,168.46716666666669
Nigeria,Abuja,2024,12,32.72258064516129,1.603942652329749,101374.19354838709,0.0,23.322580645161292,0.5483870967741935,6.554838709677419,125.95516129032258,360.2188709677419
Nigeria,Abuja,2025,1,32.12903225806452,1.8118279569892475,101361.29032258065,0.0,25.677419354838708,0.06451612903225806,5.974193548387096,134.54274193548386,390.25451612903225
Nigeria,Abuja,2025,2,32.61785714285715,2.069444444444444,101228.57142857143,0.0,31.035714285714285,0.35714285714285715,6.928571428571429,128.90535714285713,378.78749999999997
Nigeria,Abuja,2025,3,31.22258064516129,2.0994623655913975,101296.7741935484,0.0,60.774193548387096,20.967741935483872,5.709677419354839,56.299677419354836,115.1774193548387
Nigeria,Abuja,2025,4,29.71333333333333,2.2444444444444445,101263.33333333333,0.026333333333333334,69.0,37.13333333333333,5.430000000000001,38.7945,74.518
Nigeria,Abuja,2025,5,27.683870967741935,2.1469534050179213,101470.96774193548,0.09096774193548386,77.64516129032258,42.12903225806452,4.090322580645161,37.799677419354836,60.656129032258065
Nigeria,Abuja,2025,6,26.033333333333335,2.1037037037037036,101600.0,0.023,82.96666666666667,52.3,3.646666666666667,32.060500000000005,43.283833333333334
Nigeria,Abuja,2025,7,24.593548387096774,2.1469534050179213,101719.35483870968,0.3345161290322581,89.45161290322581,73.16129032258064,2.0548387096774197,21.955322580645163,24.067903225806454
Nigeria,Abuja,2025,8,23.848387096774193,1.896057347670251,101635.48387096774,0.3290322580645161,91.83870967741936,71.2258064516129,1.7999999999999998,22.61177419354839,25.30322580645161
Nigeria,Abuja,2025,9,24.39,1.5333333333333334,101576.66666666667,0.16033333333333333,90.83333333333333,49.6,2.033333333333333,37.31783333333333,45.712333333333326
Nigeria,Abuja,2025,10,24.664516129032258,1.199820788530466,101458.06451612903,0.002258064516129032,89.35483870967742,22.741935483870968,1.6,37.66290322580645,51.06935483870968
Nigeria,Abuja,2025,11,24.69,1.2722222222222221,101396.66666666667,0.0,78.0,4.4,1.0866666666666667,62.916666666666664,93.19333333333334
Nigeria,Abuja,2025,12,23.396774193548385,1.1971326164874554,101251.6129032258,0.0,68.16129032258064,2.129032258064516,0.6096774193548387,75.25,170.7983870967742
Nigeria,Abuja,2026,1,22.59333333333333,1.7861111111111112,101260.0,0.0,48.233333333333334,0.03333333333333333,0.56,84.26666666666667,223.2466666666667
Nigeria,Abuja,2026,2,24.433333333333334,1.1481481481481481,101233.33333333333,0.0,72.16666666666667,12.5,0.48333333333333334,69.61666666666666,169.31666666666666
North Korea,Pyongyang,2024,5,16.66470588235294,2.3627450980392157,101182.35294117648,0.0011764705882352942,69.05882352941177,18.352941176470587,1.2352941176470589,31.58823529411765,42.51176470588236
North Korea,Pyongyang,2024,6,20.42,1.4333333333333333,100746.66666666667,0.0003333333333333333,67.23333333333333,15.833333333333334,1.0,28.653333333333332,37.016666666666666
North Korea,Pyongyang,2024,7,23.57857142857143,3.0535714285714284,100485.71428571429,0.4342857142857143,90.67857142857143,64.64285714285714,1.0,34.94285714285714,39.728571428571435
North Korea,Pyongyang,2024,8,25.05483870967742,1.757168458781362,100693.54838709677,0.11870967741935484,86.54838709677419,38.38709677419355,1.0,44.041935483870965,50.832258064516125
North Korea,Pyongyang,2024,9,22.029999999999998,2.346296296296296,101333.33333333333,0.06666666666666667,79.26666666666667,43.93333333333333,1.9333333333333333,21.692333333333334,32.4565
North Korea,Pyongyang,2024,10,15.780645161290321,2.6173835125448033,101961.29032258065,0.01838709677419355,62.645161290322584,33.41935483870968,1.1612903225806452,34.236935483870965,52.26548387096774
North Korea,Pyongyang,2024,11,8.33,2.867592592592593,102190.0,0.026000000000000002,55.0,33.0,0.03333333333333333,42.00116666666666,52.718833333333336
North Korea,Pyongyang,2024,12,-1.5838709677419356,2.744623655913979,102370.96774193548,0.000967741935483871,51.32258064516129,18.70967741935484,0.0,36.445,39.983870967741936
North Korea,Pyongyang,2025,1,-3.0387096774193547,2.835125448028674,102435.48387096774,0.0064516129032258064,58.096774193548384,24.483870967741936,0.03225806451612903,51.280806451612904,56.61
North Korea,Pyongyang,2025,2,-3.3892857142857147,3.923611111111111,102417.85714285714,0.0,64.60714285714286,11.535714285714286,0.0,43.25035714285714,59.68232142857143
North Korea,Pyongyang,2025,3,8.535483870967743,4.638888888888889,101722.58064516129,0.011290322580645162,38.96774193548387,32.58064516129032,0.07096774193548387,50.42741935483871,72.4841935483871
North Korea,Pyongyang,2025,4,14.49,4.7,100963.33333333333,0.15333333333333332,48.266666666666666,29.533333333333335,0.36000000000000004,51.541000000000004,67.90116666666667
North Korea,Pyongyang,2025,5,19.361290322580647,4.883512544802867,100941.93548387097,0.11774193548387098,54.064516129032256,35.61290322580645,0.8741935483870968,55.601451612903226,77.0316129032258
North Korea,Pyongyang,2025,6,25.6,4.45462962962963,100540.0,0.06133333333333334,56.13333333333333,41.2,1.1333333333333333,48.0815,56.024166666666666
North Korea,Pyongyang,2025,7,29.348387096774193,2.8727598566308243,100551.6129032258,0.26548387096774195,69.64516129032258,49.483870967741936,1.403225806451613,32.99564516129032,34.41596774193548
North Korea,Pyongyang,2025,8,28.24516129032258,3.088709677419355,100729.03225806452,0.3777419354838709,72.54838709677419,50.12903225806452,1.3387096774193548,30.99048387096774,32.34516129032258
North Korea,Pyongyang,2025,9,24.55666666666667,2.744444444444445,101233.33333333333,0.15899999999999997,68.06666666666666,40.86666666666667,0.9,34.56633333333333,40.06066666666666
North Korea,Pyongyang,2025,10,16.238709677419354,3.282258064516129,102012.90322580645,0.10774193548387097,63.87096774193548,55.064516129032256,0.6451612903225806,14.37258064516129,16.588709677419356
North Korea,Pyongyang,2025,11,9.843333333333334,3.842592592592593,102070.0,0.0026666666666666666,48.86666666666667,27.533333333333335,0.39333333333333337,25.793333333333333,30.196666666666665
North Korea,Pyongyang,2025,12,2.865091676452017e-17,3.688172043010753,102354.83870967742,0.05935483870967742,59.41935483870968,35.58064516129032,0.27741935483870966,21.92096774193548,24.301612903225806
North Korea,Pyongyang,2026,1,-4.593333333333334,4.374074074074074,102396.66666666667,0.036000000000000004,47.266666666666666,27.433333333333334,0.36666666666666664,20.540000000000003,22.726666666666667
North Korea,Pyongyang,2026,2,-0.5499999999999999,4.75,102416.66666666667,0.0,43.333333333333336,30.5,0.6,27.666666666666668,30.483333333333334
Norway,Oslo,2024,5,19.294117647058822,4.738562091503268,101652.94117647059,0.14529411764705882,48.294117647058826,19.11764705882353,5.176470588235294,3.1176470588235294,3.652941176470588
Norway,Oslo,2024,6,13.076666666666666,9.864814814814816,100653.33333333333,0.076,73.76666666666667,45.8,4.9,1.5033333333333334,1.9933333333333332
Norway,Oslo,2024,7,16.275,6.226190476190476,100835.71428571429,0.1992857142857143,72.67857142857143,64.25,4.714285714285714,1.467857142857143,1.8642857142857143
Norway,Oslo,2024,8,16.712903225806453,7.905017921146954,100519.35483870968,0.1625806451612903,71.03225806451613,53.193548387096776,4.935483870967742,1.735483870967742,2.261290322580645
Norway,Oslo,2024,9,11.826666666666666,5.560185185185186,101350.0,0.08866666666666667,78.53333333333333,48.333333333333336,4.2,13.669,18.270166666666668
Norway,Oslo,2024,10,9.570967741935483,2.0842293906810037,100951.6129032258,0.02774193548387097,82.35483870967742,55.193548387096776,1.1838709677419357,15.892096774193549,21.394354838709678
Norway,Oslo,2024,11,2.2866666666666666,2.033333333333333,101190.0,0.017666666666666667,78.86666666666666,42.1,0.19333333333333333,18.321166666666667,24.450833333333332
Norway,Oslo,2024,12,0.667741935483871,2.2374551971326166,101164.51612903226,0.028709677419354835,81.03225806451613,45.12903225806452,0.0967741935483871,14.67467741935484,20.60661290322581
Norway,Oslo,2025,1,-1.8838709677419354,1.982974910394265,100580.64516129032,0.09870967741935484,85.35483870967742,60.12903225806452,0.21935483870967745,17.598870967741938,24.766129032258064
Norway,Oslo,2025,2,-2.692857142857143,1.75,102542.85714285714,0.016071428571428573,81.92857142857143,42.142857142857146,0.43928571428571433,20.052678571428572,27.941607142857144
Norway,Oslo,2025,3,4.241935483870968,2.134408602150538,101209.67741935483,0.00935483870967742,73.2258064516129,43.54838709677419,1.0451612903225806,15.396774193548387,20.94677419354839
Norway,Oslo,2025,4,9.286666666666667,2.3287037037037037,101756.66666666667,0.018666666666666668,67.83333333333333,35.0,1.65,10.440166666666666,14.763
Norway,Oslo,2025,5,11.399999999999999,3.5044802867383518,101429.03225806452,0.09612903225806452,64.03225806451613,32.58064516129032,2.3870967741935485,6.331774193548387,9.715483870967741
Norway,Oslo,2025,6,15.053333333333335,3.498148148148148,100813.33333333333,0.029333333333333333,64.4,36.666666666666664,2.8633333333333337,7.054666666666666,10.279833333333332
Norway,Oslo,2025,7,19.919354838709676,2.4623655913978495,101138.70967741935,0.09129032258064516,67.03225806451613,28.225806451612904,2.667741935483871,12.305483870967741,16.62016129032258
Norway,Oslo,2025,8,15.290322580645162,2.674731182795699,101093.54838709677,0.04,73.06451612903226,49.193548387096776,1.6612903225806452,9.59016129032258,13.910806451612904
Norway,Oslo,2025,9,13.16,1.9203703703703705,101010.0,0.29433333333333334,83.5,46.666666666666664,0.6166666666666667,12.6635,18.092333333333332
Norway,Oslo,2025,10,8.219354838709679,1.9731182795698927,100774.19354838709,0.32225806451612904,84.45161290322581,68.06451612903226,0.10967741935483871,7.869354838709678,10.98225806451613
Norway,Oslo,2025,11,3.2233333333333336,2.338888888888889,100563.33333333333,0.10333333333333333,84.5,51.166666666666664,0.0,8.253333333333334,11.203333333333335
Norway,Oslo,2025,12,2.596774193548387,2.4444444444444446,101154.83870967742,0.17258064516129032,87.58064516129032,51.774193548387096,0.0,7.991935483870968,10.420967741935485
Norway,Oslo,2026,1,-2.2517241379310344,2.2701149425287355,100917.24137931035,0.11551724137931035,78.51724137931035,73.10344827586206,0.0,7.039655172413793,9.060344827586206
Norway,Oslo,2026,2,-5.233333333333333,1.9351851851851853,101733.33333333333,0.045000000000000005,69.5,79.16666666666667,0.0,5.699999999999999,7.433333333333333
Oman,Muscat,2024,5,36.76470588235294,2.676470588235294,100188.23529411765,0.0,34.705882352941174,2.9411764705882355,7.882352941176471,37.317647058823525,91.65882352941176
Oman,Muscat,2024,6,36.82666666666667,3.7916666666666665,99760.0,0.0,49.4,12.5,8.633333333333333,36.8,111.83666666666666
Oman,Muscat,2024,7,35.800000000000004,4.274904214559387,99400.0,0.0,54.724137931034484,14.275862068965518,8.413793103448276,45.37586206896552,136.90344827586208
Oman,Muscat,2024,8,31.93548387096774,4.267025089605735,99896.7741935484,0.0,65.58064516129032,10.451612903225806,7.967741935483871,31.490322580645163,118.47096774193548
Oman,Muscat,2024,9,32.88,3.9212962962962967,100296.66666666667,0.012,62.4,11.233333333333333,7.933333333333334,37.069966666666666,114.20496666666666
Oman,Muscat,2024,10,32.52903225806452,4.533154121863799,100948.3870967742,0.0019354838709677422,57.16129032258065,23.580645161290324,7.27741935483871,27.86935483870968,91.27064516129032
Oman,Muscat,2024,11,30.529999999999998,3.052777777777778,101396.66666666667,0.0,51.0,11.666666666666666,5.77,32.97933333333334,74.98666666666666
Oman,Muscat,2024,12,25.516129032258064,4.419354838709677,101625.80645161291,0.0,46.67741935483871,21.677419354838708,3.5290322580645164,37.58483870967742,86.22790322580646
Oman,Muscat,2025,1,23.845161290322583,4.582437275985662,101661.29032258065,0.0022580645161290325,47.483870967741936,21.774193548387096,3.832258064516129,37.14322580645162,108.99483870967742
Oman,Muscat,2025,2,25.667857142857144,5.04265873015873,101450.0,0.0,57.17857142857143,25.0,4.9678571428571425,46.97017857142857,139.3710714285714
Oman,Muscat,2025,3,28.874193548387098,5.344982078853047,101406.45161290323,0.0,40.96774193548387,3.5806451612903225,8.703225806451613,41.67274193548387,127.5008064516129
Oman,Muscat,2025,4,35.693333333333335,5.496296296296296,100866.66666666667,0.0,29.733333333333334,0.0,10.126666666666667,41.68666666666666,138.306
Oman,Muscat,2025,5,37.71612903225807,5.922939068100359,100293.54838709677,0.0,40.935483870967744,2.4193548387096775,10.838709677419354,50.03951612903226,174.8309677419355
Oman,Muscat,2025,6,39.026666666666664,4.865740740740741,99890.0,0.0,41.766666666666666,10.0,10.726666666666667,49.857499999999995,159.91400000000002
Oman,Muscat,2025,7,34.12903225806452,4.055555555555555,99700.0,0.0,72.83870967741936,4.838709677419355,10.474193548387097,59.623709677419356,187.8824193548387
Oman,Muscat,2025,8,34.3,4.590501792114696,100083.87096774194,0.0,67.54838709677419,18.548387096774192,10.587096774193547,51.059999999999995,159.51177419354838
Oman,Muscat,2025,9,33.72666666666667,4.189814814814815,100470.0,0.0,67.53333333333333,14.166666666666666,9.423333333333334,37.2855,97.36766666666668
Oman,Muscat,2025,10,33.303225806451614,3.513440860215054,101064.51612903226,0.0,49.61290322580645,2.4193548387096775,7.258064516129032,20.720967741935485,38.420967741935485
Oman,Muscat,2025,11,29.273333333333333,2.7074074074074077,101740.0,0.0,44.63333333333333,1.6666666666666667,5.8566666666666665,19.926666666666666,41.92666666666666
Oman,Muscat,2025,12,26.164516129032258,2.984767025089606,101729.03225806452,0.0003225806451612903,50.74193548387097,24.193548387096776,4.870967741935484,17.491935483870968,34.63387096774194
Oman,Muscat,2026,1,23.90666666666667,3.2842592592592594,101946.66666666667,0.006666666666666667,51.9,33.333333333333336,5.243333333333334,23.14333333333333,63.05333333333333
Oman,Muscat,2026,2,24.599999999999998,3.0,102000.0,0.0,69.66666666666667,4.166666666666667,5.6000000000000005,32.050000000000004,94.26666666666667
Pakistan,Islamabad,2024,5,34.38823529411765,3.496732026143791,99982.35294117648,0.0,17.58823529411765,1.411764705882353,7.882352941176471,21.311764705882354,37.911764705882355
Pakistan,Islamabad,2024,6,36.72666666666667,3.7,99750.0,0.06733333333333333,18.766666666666666,16.9,8.733333333333333,29.256666666666664,43.11333333333334
Pakistan,Islamabad,2024,7,36.83571428571429,2.7142857142857144,99457.14285714286,0.00035714285714285714,37.07142857142857,12.5,8.892857142857142,44.68571428571429,51.003571428571426
Pakistan,Islamabad,2024,8,31.032258064516128,1.8521505376344087,100138.70967741935,0.15903225806451612,62.83870967741935,49.83870967741935,7.161290322580645,53.119354838709675,58.99677419354839
Pakistan,Islamabad,2024,9,32.27333333333333,1.837962962962963,100340.0,0.004666666666666667,46.333333333333336,10.2,8.033333333333333,63.30116666666667,98.00150000000001
Pakistan,Islamabad,2024,10,31.17096774193548,2.661290322580645,100916.12903225806,0.0,25.161290322580644,5.580645161290323,4.648387096774194,58.17951612903226,94.535
Pakistan,Islamabad,2024,11,25.503333333333334,2.511111111111111,101356.66666666667,0.0,22.5,7.066666666666666,2.603333333333333,74.24666666666667,93.93683333333334
Pakistan,Islamabad,2024,12,18.87741935483871,2.3360215053763445,101564.51612903226,0.0006451612903225806,17.967741935483872,24.225806451612904,0.7967741935483871,97.51887096774193,101.1174193548387
Pakistan,Islamabad,2025,1,19.751612903225805,2.7222222222222223,101500.0,0.0006451612903225806,19.677419354838708,21.774193548387096,1.096774193548387,87.85709677419355,91.32435483870967
Pakistan,Islamabad,2025,2,20.400000000000002,3.1011904761904767,101439.28571428571,0.29964285714285716,28.428571428571427,27.25,1.3785714285714286,50.98732142857143,64.26767857142856
Pakistan,Islamabad,2025,3,24.506451612903227,3.349462365591398,101209.67741935483,0.07225806451612904,26.93548387096774,20.967741935483872,4.125806451612903,45.79048387096775,61.33645161290322
Pakistan,Islamabad,2025,4,34.32,4.098148148148149,100660.0,0.0003333333333333333,14.633333333333333,11.266666666666667,6.243333333333334,35.402833333333334,75.93633333333334
Pakistan,Islamabad,2025,5,36.78387096774193,3.567204301075269,100261.29032258065,0.004193548387096774,20.580645161290324,18.129032258064516,7.922580645161291,68.2291935483871,189.41016129032258
Pakistan,Islamabad,2025,6,37.330000000000005,3.6398148148148146,99923.33333333333,0.13866666666666666,29.833333333333332,31.433333333333334,7.256666666666666,68.23416666666667,132.81766666666667
Pakistan,Islamabad,2025,7,31.896774193548385,2.131720430107527,99970.96774193548,0.7403225806451614,59.225806451612904,57.96774193548387,7.354838709677419,61.605000000000004,86.57403225806452
Pakistan,Islamabad,2025,8,30.896774193548385,2.370967741935484,100335.48387096774,0.25516129032258067,62.0,61.67741935483871,8.32258064516129,62.05854838709678,84.71209677419354
Pakistan,Islamabad,2025,9,31.2,2.023148148148148,100656.66666666667,0.113,50.06666666666667,34.733333333333334,6.986666666666666,62.046,67.441
Pakistan,Islamabad,2025,10,27.725806451612904,2.397849462365591,101212.90322580645,0.060645161290322575,34.064516129032256,10.838709677419354,4.974193548387096,29.940322580645162,31.11774193548387
Pakistan,Islamabad,2025,11,23.336666666666666,2.5129629629629635,101583.33333333333,0.0,18.766666666666666,1.6666666666666667,3.716666666666667,40.763333333333335,41.74666666666667
Pakistan,Islamabad,2025,12,20.706451612903226,2.1881720430107525,101680.64516129032,0.0032258064516129032,22.419354838709676,26.06451612903226,2.6548387096774193,52.22741935483871,53.917741935483875
Pakistan,Islamabad,2026,1,16.396666666666665,2.0694444444444446,101893.33333333333,0.05466666666666667,29.833333333333332,31.433333333333334,2.533333333333333,45.04666666666667,47.09
Pakistan,Islamabad,2026,2,17.900000000000002,2.1342592592592595,102133.33333333333,0.0,33.333333333333336,44.666666666666664,3.3000000000000003,36.25,38.35
Palau,Adkip,2024,5,27.0,1.8888888888888888,101200.0,0.0,89.0,75.0,1.0,0.7,1.9
Palau,Adkip,2024,6,26.478947368421053,1.736842105263158,101136.84210526316,0.18526315789473685,89.6842105263158,71.57894736842105,1.0,0.5105263157894736,0.8157894736842105
Palau,Airai,2024,8,26.72941176470588,2.1699346405228757,101029.41176470589,1.163529411764706,89.88235294117646,77.94117647058823,1.0,0.5647058823529412,1.0294117647058822
Palau,Airai,2024,9,27.546666666666667,3.767592592592593,100890.0,0.286,85.36666666666666,84.16666666666667,1.0,10.552966666666666,18.3719
Palau,Airai,2024,10,28.638709677419353,5.162186379928316,100783.87096774194,0.2754838709677419,79.35483870967742,78.74193548387096,0.5870967741935483,9.578225806451613,17.09161290322581
Palau,Airai,2024,11,28.59,4.694444444444445,100793.33333333333,0.16633333333333333,81.4,80.5,0.7233333333333333,5.451333333333333,9.071166666666667
Palau,Airai,2024,12,27.787096774193547,5.093189964157706,100783.87096774194,0.3545161290322581,84.64516129032258,77.12903225806451,0.0,6.6003225806451615,10.09741935483871
Palau,Airai,2025,1,27.403225806451612,6.600358422939069,100864.51612903226,0.4590322580645161,85.7741935483871,78.3225806451613,0.04516129032258064,9.059032258064516,13.731774193548388
Palau,Airai,2025,2,27.357142857142858,7.514880952380953,100953.57142857143,0.34607142857142853,84.71428571428571,87.5,0.03928571428571429,10.571428571428571,16.458392857142858
Palau,Airai,2025,3,27.551612903225806,6.370967741935484,100874.19354838709,0.31709677419354837,84.29032258064517,80.41935483870968,0.5032258064516129,9.03516129032258,14.018225806451612
Palau,Airai,2025,4,28.706666666666667,5.502777777777778,100886.66666666667,0.3106666666666667,81.2,80.0,0.8066666666666666,6.481166666666667,10.224333333333334
Palau,Airai,2025,5,28.761290322580646,4.522401433691757,100841.93548387097,0.5287096774193548,81.48387096774194,85.48387096774194,1.1516129032258065,5.221774193548387,8.199677419354838
Palau,Airai,2025,6,27.996666666666666,3.9398148148148153,100880.0,0.8190000000000001,83.53333333333333,88.33333333333333,1.01,3.8356666666666666,5.630166666666667
Palau,Airai,2025,7,28.687096774193545,5.092293906810036,100790.32258064517,0.38258064516129037,80.48387096774194,87.90322580645162,1.767741935483871,7.650645161290322,10.78967741935484
Palau,Airai,2025,8,28.605,2.6958333333333337,100920.0,0.2855,78.85,83.75,2.205,4.1625,5.91075
Palau,Koror,2024,6,27.04,1.8083333333333331,101070.0,0.7969999999999999,83.9,85.5,1.0,0.5599999999999999,1.05
Palau,Koror,2024,7,26.97241379310345,2.8888888888888893,101024.13793103448,0.7168965517241379,83.48275862068965,80.65517241379311,1.0,0.6206896551724138,1.0586206896551724
Palau,Koror,2024,8,28.442857142857143,3.1210317460317465,101021.42857142857,0.23357142857142857,75.78571428571429,57.785714285714285,1.0,0.5571428571428572,1.407142857142857
Palau,Koror,2025,8,28.69090909090909,6.199494949494949,100754.54545454546,1.32,79.18181818181819,93.18181818181819,1.4363636363636365,3.985909090909091,5.953636363636363
Palau,Koror,2025,9,28.976666666666667,3.3870370370370373,100866.66666666667,0.39,77.96666666666667,87.5,3.24,4.851833333333333,6.901166666666667
Palau,Koror,2025,10,28.641935483870967,3.717741935483871,100790.32258064517,0.48451612903225805,80.90322580645162,84.6774193548387,3.5387096774193547,2.740322580645161,3.5919354838709676
Palau,Koror,2025,11,29.063333333333333,5.659259259259259,100640.0,0.33566666666666667,80.9,85.0,3.57,4.3133333333333335,6.126666666666667
Palau,Koror,2025,12,28.864516129032257,5.168458781362007,100654.83870967742,0.2787096774193549,80.58064516129032,83.03225806451613,3.729032258064516,5.024193548387097,7.246774193548387
Palau,Koror,2026,1,29.646666666666665,5.136111111111111,100736.66666666667,0.2633333333333333,75.8,83.33333333333333,4.363333333333333,6.093333333333334,8.673333333333334
Palau,Koror,2026,2,28.166666666666668,5.967592592592593,100766.66666666667,1.19,81.16666666666667,88.5,5.433333333333334,4.25,6.166666666666667
Palau,Meyungs,2024,5,27.0,2.4791666666666665,101025.0,0.25125000000000003,89.4375,78.125,1.0,0.99375,2.74375
Panama,Panama City,2024,5,28.176470588235293,2.0915032679738563,101123.5294117647,0.7294117647058823,85.0,49.94117647058823,5.823529411764706,5.794117647058823,6.994117647058823
Panama,Panama City,2024,6,27.55,1.9,101116.66666666667,0.3093333333333333,86.26666666666667,48.766666666666666,6.2,7.3533333333333335,8.403333333333332
Panama,Panama City,2024,7,26.051724137931036,1.4578544061302683,101058.62068965517,0.35551724137931034,92.10344827586206,57.310344827586206,6.172413793103448,10.43448275862069,11.672413793103448
Panama,Panama City,2024,8,25.548387096774192,1.567204301075269,101119.35483870968,0.21419354838709675,92.3225806451613,54.064516129032256,5.838709677419355,7.319354838709677,8.51290322580645
Panama,Panama City,2024,9,25.91,1.7120370370370372,100920.0,0.213,92.9,61.233333333333334,3.7,8.850666666666665,12.766333333333334
Panama,Panama City,2024,10,25.10666666666667,1.8398148148148148,100933.33333333333,0.1713333333333333,94.46666666666667,65.96666666666667,0.3,6.462666666666666,9.996166666666666
Panama,Panama City,2024,11,24.848275862068967,2.6398467432950192,100913.79310344828,0.19655172413793104,92.13793103448276,75.72413793103448,0.0,5.313965517241379,7.572241379310345
Panama,Panama City,2024,12,24.55483870967742,2.4363799283154126,100948.3870967742,0.20548387096774193,93.16129032258064,70.51612903225806,0.0,8.533870967741937,11.117903225806451
Panama,Panama City,2025,1,24.956666666666667,2.399074074074074,101010.0,0.043000000000000003,89.93333333333334,80.83333333333333,0.0,12.136,16.31083333333333
Panama,Panama City,2025,2,24.853571428571428,2.368055555555556,100953.57142857143,0.014642857142857143,88.14285714285714,51.0,0.16428571428571428,15.037857142857144,20.449107142857144
Panama,Panama City,2025,3,25.080645161290324,2.3306451612903225,101016.12903225806,0.0038709677419354843,85.16129032258064,41.45161290322581,0.0,16.990161290322582,23.059354838709677
Panama,Panama City,2025,4,25.723333333333336,2.3648148148148147,100930.0,0.2866666666666667,87.83333333333333,59.166666666666664,0.0,11.087666666666667,14.9665
Panama,Panama City,2025,5,25.796666666666667,1.837962962962963,100923.33333333333,0.266,92.56666666666666,66.8,0.0,6.616833333333333,7.708333333333333
Panama,Panama City,2025,6,25.616666666666667,1.7453703703703705,100990.0,0.269,92.9,75.9,0.0,6.370166666666666,7.412333333333334
Panama,Panama City,2025,7,25.629032258064516,2.1075268817204305,101012.90322580645,0.3216129032258065,91.54838709677419,66.61290322580645,0.0,7.101612903225806,9.184354838709679
Panama,Panama City,2025,8,25.383870967741935,1.9426523297491038,101064.51612903226,0.07741935483870968,91.03225806451613,55.774193548387096,0.0,7.549193548387097,9.721451612903227
Panama,Panama City,2025,9,25.38,1.7685185185185186,101023.33333333333,0.19766666666666666,92.46666666666667,71.5,0.0,7.637833333333333,8.446666666666667
Panama,Panama City,2025,10,25.212903225806453,1.9041218637992832,100961.29032258065,0.14548387096774193,90.09677419354838,68.7741935483871,0.0,3.885483870967742,4.330645161290323
Panama,Panama City,2025,11,25.256666666666668,2.7453703703703707,100946.66666666667,0.32766666666666666,92.06666666666666,70.2,0.0,3.4733333333333336,3.996666666666667
Panama,Panama City,2025,12,25.01290322580645,2.4229390681003586,101000.0,0.03806451612903226,90.45161290322581,52.32258064516129,0.0,5.195161290322581,6.672580645161291
Panama,Panama City,2026,1,24.89333333333333,2.5953703703703703,101096.66666666667,0.002,87.26666666666667,35.36666666666667,0.0,5.253333333333333,7.026666666666667
Panama,Panama City,2026,2,24.183333333333334,4.435185185185186,101350.0,0.011666666666666667,83.66666666666667,65.5,0.0,5.616666666666667,7.533333333333334
Papua New Guinea,Port Moresby,2024,5,25.6375,3.6250000000000004,100906.25,0.141875,88.125,47.75,1.0,3.04375,5.3875
Papua New Guinea,Port Moresby,2024,6,25.02258064516129,4.21236559139785,101138.70967741935,0.02870967741935484,88.35483870967742,49.67741935483871,1.0,4.074193548387097,7.712903225806452
Papua New Guinea,Port Moresby,2024,7,24.414285714285715,4.701388888888888,101214.28571428571,0.032499999999999994,83.60714285714286,54.607142857142854,1.0,3.1107142857142853,8.132142857142858
Papua New Guinea,Port Moresby,2024,8,25.27741935483871,5.344086021505377,101158.06451612903,0.060322580645161286,86.29032258064517,61.25806451612903,1.0,4.106451612903226,11.506451612903225
Papua New Guinea,Port Moresby,2024,9,26.223333333333336,5.520370370370371,101030.0,0.145,83.0,57.733333333333334,1.0,12.508666666666667,22.011000000000003
Papua New Guinea,Port Moresby,2024,10,26.067741935483873,4.993727598566308,100906.45161290323,0.2332258064516129,86.48387096774194,62.38709677419355,0.2903225806451613,11.33274193548387,18.601451612903226
Papua New Guinea,Port Moresby,2024,11,27.483333333333334,4.483333333333333,100763.33333333333,0.3893333333333333,82.63333333333334,58.0,0.08333333333333333,9.829666666666666,13.375499999999999
Papua New Guinea,Port Moresby,2024,12,26.932258064516127,2.0994623655913975,100716.12903225806,0.31935483870967746,85.25806451612904,58.87096774193548,0.0,11.362580645161291,12.926129032258064
Papua New Guinea,Port Moresby,2025,1,27.190322580645162,1.967741935483871,100754.83870967742,0.7141935483870968,84.90322580645162,55.774193548387096,0.03225806451612903,11.422258064516129,12.514354838709677
Papua New Guinea,Port Moresby,2025,2,26.982142857142858,2.267857142857143,100832.14285714286,0.4667857142857143,84.75,61.642857142857146,0.0,13.544642857142858,14.866071428571429
Papua New Guinea,Port Moresby,2025,3,27.041935483870965,1.803763440860215,100800.0,1.4080645161290322,87.2258064516129,69.7741935483871,0.0,9.69758064516129,10.348064516129034
Papua New Guinea,Port Moresby,2025,4,27.033333333333335,2.560185185185185,100843.33333333333,1.0823333333333334,87.4,67.66666666666667,0.0,8.818333333333333,9.465833333333334
Papua New Guinea,Port Moresby,2025,5,27.6,3.734767025089606,100758.06451612903,0.862258064516129,86.48387096774194,58.38709677419355,0.0,6.916612903225806,8.515967741935484
Papua New Guinea,Port Moresby,2025,6,27.31,4.868518518518519,100880.0,0.177,84.36666666666666,53.666666666666664,0.0,8.047500000000001,10.273666666666665
Papua New Guinea,Port Moresby,2025,7,27.200000000000003,5.281362007168459,100835.48387096774,0.38806451612903226,83.83870967741936,61.16129032258065,0.0,8.462258064516128,10.70016129032258
Papua New Guinea,Port Moresby,2025,8,26.887096774193548,7.344086021505377,100925.80645161291,0.19129032258064516,77.58064516129032,55.516129032258064,0.01935483870967742,9.900483870967742,13.785483870967743
Papua New Guinea,Port Moresby,2025,9,26.073333333333334,6.046296296296296,100903.33333333333,0.37,83.23333333333333,67.46666666666667,0.16,10.085833333333333,13.109
Papua New Guinea,Port Moresby,2025,10,26.538709677419355,4.262544802867383,100783.87096774194,0.7845161290322581,83.29032258064517,62.41935483870968,0.6000000000000001,6.717741935483871,8.043548387096774
Papua New Guinea,Port Moresby,2025,11,27.496666666666666,2.998148148148148,100656.66666666667,0.797,80.3,71.5,0.84,5.683333333333334,6.3966666666666665
Papua New Guinea,Port Moresby,2025,12,28.861290322580647,2.6451612903225805,100551.6129032258,0.6938709677419356,73.80645161290323,73.25806451612904,0.9774193548387097,6.317741935483871,6.911290322580645
Papua New Guinea,Port Moresby,2026,1,27.65666666666667,4.030555555555556,100580.0,0.9656666666666667,76.76666666666667,64.4,0.62,7.3,8.076666666666666
Papua New Guinea,Port Moresby,2026,2,27.583333333333332,3.1481481481481484,100816.66666666667,0.7400000000000001,76.33333333333333,76.0,1.1333333333333335,7.6499999999999995,8.766666666666667
Paraguay,Aguaray,2025,8,16.25,1.6944444444444444,101700.0,0.0,74.0,55.5,0.0,15.690999999999999,16.5305
Paraguay,Aguaray,2025,9,23.331999999999997,2.0855555555555556,101108.0,0.0,46.72,15.0,0.0,17.72836,17.97408
Paraguay,Aguaray,2025,10,21.85483870967742,2.431899641577061,101122.58064516129,0.10967741935483871,66.74193548387096,41.25806451612903,0.0,11.739290322580645,11.929612903225806
Paraguay,Aguaray,2025,11,23.026666666666664,1.6611111111111112,100810.0,0.185,68.56666666666666,44.56666666666667,0.0,9.187999999999999,9.348
Paraguay,Aguaray,2025,12,23.751612903225805,1.9982078853046594,100629.03225806452,0.21903225806451612,82.54838709677419,43.12903225806452,0.0,8.119935483870968,8.219935483870968
Paraguay,Aguaray,2026,1,23.176666666666666,1.838888888888889,100846.66666666667,0.09766666666666667,71.4,38.166666666666664,0.0,7.744666666666666,7.787999999999999
Paraguay,Aguaray,2026,2,25.55,1.8703703703703705,100666.66666666667,0.17833333333333334,77.83333333333333,43.666666666666664,0.0,5.394666666666667,5.494666666666667
Paraguay,Asuncion,2024,6,13.7,3.0000000000000004,102000.0,0.0,77.0,100.0,4.0,3.4,11.2
Paraguay,Aurora,2024,6,18.75,3.191666666666667,101480.0,0.008,60.0,35.1,6.0,4.33,4.49
Paraguay,Aurora,2024,7,15.189655172413794,2.8084291187739465,102075.86206896552,0.01793103448275862,56.3448275862069,24.862068965517242,5.344827586206897,8.272413793103448,8.710344827586207
Paraguay,Aurora,2024,8,18.12258064516129,3.401433691756272,101651.6129032258,0.01129032258064516,49.064516129032256,16.387096774193548,6.064516129032258,18.596774193548388,18.848387096774196
Paraguay,Aurora,2024,9,22.59,3.375,101073.33333333333,0.0,45.03333333333333,6.633333333333334,5.6,63.576933333333336,90.21283333333332
Paraguay,Aurora,2024,10,23.04516129032258,3.0107526881720434,100877.41935483871,0.06290322580645161,59.516129032258064,31.096774193548388,0.5483870967741935,30.381193548387095,43.574129032258064
Paraguay,Aurora,2024,11,22.529999999999998,2.6592592592592594,100783.33333333333,0.6333333333333333,73.63333333333334,44.63333333333333,0.07333333333333333,10.052566666666667,11.9322
Paraguay,Aurora,2024,12,22.04516129032258,2.6039426523297493,100967.74193548386,0.13548387096774195,69.3225806451613,38.12903225806452,0.22580645161290325,9.370999999999999,9.722903225806451
Paraguay,Aurora,2025,1,24.64333333333333,1.900925925925926,100803.33333333333,0.07566666666666667,64.3,23.433333333333334,0.22333333333333333,12.0328,12.732
Paraguay,Aurora,2025,2,24.928571428571427,2.5347222222222223,100810.71428571429,0.07071428571428572,68.57142857142857,30.25,0.014285714285714287,8.73867857142857,8.786678571428572
Paraguay,Aurora,2025,3,22.23225806451613,2.2688172043010755,101090.32258064517,0.1867741935483871,81.80645161290323,52.483870967741936,0.0,6.160677419354839,6.247290322580645
Paraguay,Aurora,2025,4,17.959999999999997,2.1305555555555555,101306.66666666667,0.07,80.16666666666667,56.06666666666667,0.0,5.823333333333333,5.9520333333333335
Paraguay,Aurora,2025,5,18.31935483870968,2.6594982078853047,101283.87096774194,0.01161290322580645,78.58064516129032,43.32258064516129,0.0,4.3146774193548385,4.352612903225807
Paraguay,Aurora,2025,6,12.87,2.5296296296296297,101583.33333333333,0.033,80.06666666666666,43.6,0.0,5.912833333333333,6.108633333333333
Paraguay,Aurora,2025,7,14.432258064516128,2.4292114695340503,101758.06451612903,0.0,63.58064516129032,26.258064516129032,0.0,6.139032258064516,6.296129032258064
Paraguay,Aurora,2025,8,16.69,2.8722222222222227,101525.0,0.0095,59.6,30.0,0.0,12.61185,12.8131
Paraguay,Carreria,2024,5,26.4,2.8888888888888893,101900.0,0.0,34.0,0.0,8.0,7.2,7.6
Paraguay,Carreria,2024,6,29.830000000000002,4.358333333333333,101390.0,0.0,35.1,10.9,8.5,17.79,18.09
Paraguay,Garrapata,2025,8,19.12222222222222,2.6481481481481484,101400.0,0.0,47.55555555555556,22.11111111111111,0.0,11.411999999999999,12.008666666666667
Paraguay,Garrapata,2025,9,22.32,2.216666666666667,101200.0,0.0,55.8,30.0,0.0,21.2124,21.8168
Paraguay,Pasto,2024,5,18.9875,4.180555555555555,101937.5,0.0025,54.625,52.3125,5.625,2.86875,3.10625
Paraguay,Pasto,2024,6,28.322222222222223,5.820987654320988,101311.11111111111,0.0,41.666666666666664,22.0,7.777777777777778,12.144444444444444,12.333333333333334
Peru,Lima,2024,5,18.11764705882353,2.1388888888888893,101517.64705882352,0.0023529411764705885,80.17647058823529,38.0,5.470588235294118,28.46470588235294,43.84117647058824
Peru,Lima,2024,6,17.136666666666667,2.0824074074074073,101576.66666666667,0.0026666666666666666,80.53333333333333,36.7,5.733333333333333,41.14666666666667,57.87
Peru,Lima,2024,7,15.360714285714286,1.8194444444444444,101492.85714285714,0.006071428571428572,82.5,57.035714285714285,5.071428571428571,33.59285714285714,50.18928571428571
Peru,Lima,2024,8,15.167741935483871,1.9103942652329748,101545.16129032258,0.0070967741935483875,83.0,49.16129032258065,5.129032258064516,19.983870967741936,34.09032258064516
Peru,Lima,2024,9,15.156666666666666,2.225,101340.0,0.007,84.7,49.166666666666664,3.1,20.6805,34.8435
Peru,Lima,2024,10,16.13,2.5222222222222226,101276.66666666667,0.0033333333333333335,86.3,46.266666666666666,0.3,18.734333333333332,29.519833333333334
Peru,Lima,2024,11,17.348275862068967,2.545019157088123,101293.10344827586,0.0003448275862068966,86.20689655172414,49.275862068965516,0.0,21.944827586206895,39.74948275862069
Peru,Lima,2024,12,18.51290322580645,2.339605734767025,101238.70967741935,0.0006451612903225806,86.45161290322581,51.29032258064516,0.0,29.58209677419355,71.44580645161291
Peru,Lima,2025,1,19.873333333333335,2.4222222222222225,101240.0,0.0003333333333333333,84.8,47.2,0.0,29.982333333333333,62.042833333333334
Peru,Lima,2025,2,21.603571428571428,2.3045634920634925,101089.28571428571,0.004285714285714286,82.46428571428571,44.357142857142854,0.0,30.452321428571427,55.84357142857142
Peru,Lima,2025,3,21.238709677419354,2.6899641577060938,101145.16129032258,0.0029032258064516127,82.25806451612904,43.806451612903224,0.0,28.13790322580645,49.97387096774194
Peru,Lima,2025,4,18.736666666666668,2.278703703703704,101173.33333333333,0.0003333333333333333,84.33333333333333,39.43333333333333,0.0,25.9925,42.37116666666667
Peru,Lima,2025,5,16.9,2.338888888888889,101270.0,0.0033333333333333335,86.5,47.333333333333336,0.0,29.27316666666667,40.4225
Peru,Lima,2025,6,16.136666666666667,2.534259259259259,101383.33333333333,0.010666666666666666,86.7,65.46666666666667,0.0,23.223666666666666,38.19016666666666
Peru,Lima,2025,7,15.077419354838709,2.6594982078853047,101412.90322580645,0.008064516129032258,83.29032258064517,57.74193548387097,0.0,24.682580645161288,35.4841935483871
Peru,Lima,2025,8,14.780645161290321,2.7096774193548385,101429.03225806452,0.007419354838709678,84.70967741935483,53.38709677419355,0.0,23.58451612903226,36.28387096774193
Peru,Lima,2025,9,15.370000000000001,2.466666666666667,101383.33333333333,0.004666666666666667,85.1,48.1,0.0,24.765666666666668,35.845
Peru,Lima,2025,10,16.651612903225807,2.7132616487455197,101335.48387096774,0.0016129032258064516,85.3225806451613,50.41935483870968,0.0,13.57258064516129,20.343548387096774
Peru,Lima,2025,11,17.35,2.588888888888889,101273.33333333333,0.0023333333333333335,85.46666666666667,49.03333333333333,0.0,13.763333333333332,19.290000000000003
Peru,Lima,2025,12,18.56451612903226,2.651433691756272,101241.93548387097,0.0012903225806451613,85.35483870967742,39.064516129032256,0.0,13.533870967741937,19.32741935483871
Peru,Lima,2026,1,21.253333333333334,2.401851851851852,101206.66666666667,0.001,81.1,42.7,0.0,16.27,25.076666666666664
Peru,Lima,2026,2,22.566666666666666,2.486111111111111,101350.0,0.0,76.33333333333333,34.833333333333336,0.0,16.349999999999998,24.833333333333332
Philippines,Kiyabo,2024,7,30.3,2.5,100700.0,0.12,75.0,50.0,1.0,28.5,36.4
Philippines,Manila,2024,5,30.375,2.022569444444444,100956.25,0.279375,74.5,53.125,1.4375,20.625,33.98125
Philippines,Manila,2024,6,28.853333333333335,2.0925925925925926,101033.33333333333,0.4356666666666667,83.3,71.23333333333333,1.0,52.519999999999996,70.73
Philippines,Manila,2024,7,28.3,2.7152777777777777,100882.14285714286,0.9092857142857144,83.75,73.39285714285714,1.0,38.18214285714286,52.275
Philippines,Manila,2024,8,28.812903225806455,2.7661290322580645,100870.96774193548,0.7006451612903225,81.35483870967742,69.74193548387096,1.0,38.33870967741935,53.02258064516129
Philippines,Manila,2024,9,28.723333333333336,2.8583333333333334,100610.0,0.7153333333333334,86.4,75.0,2.2,25.63133333333333,38.487833333333334
Philippines,Manila,2024,10,29.638709677419357,3.6603942652329753,100622.58064516129,0.4519354838709677,76.87096774193549,63.064516129032256,1.835483870967742,30.823387096774194,46.51854838709678
Philippines,Manila,2024,11,30.173333333333336,3.710185185185185,100833.33333333333,0.18033333333333335,69.03333333333333,49.0,0.6466666666666666,29.3965,37.3885
Philippines,Manila,2024,12,28.038709677419355,3.8010752688172045,100970.96774193548,0.26419354838709674,77.61290322580645,70.61290322580645,0.0032258064516129032,22.301451612903225,24.861612903225808
Philippines,Manila,2025,1,28.229032258064517,3.805555555555556,101061.29032258065,0.12129032258064516,70.90322580645162,53.41935483870968,0.03225806451612903,21.01241935483871,24.187258064516126
Philippines,Manila,2025,2,28.964285714285715,4.408730158730159,101128.57142857143,0.08678571428571429,69.32142857142857,57.142857142857146,0.014285714285714287,20.713392857142857,24.314285714285713
Philippines,Manila,2025,3,31.016129032258064,5.5734767025089615,100967.74193548386,0.004838709677419355,62.064516129032256,47.58064516129032,0.4258064516129032,25.24951612903226,30.453387096774193
Philippines,Manila,2025,4,34.21333333333334,4.990740740740741,100810.0,0.031000000000000003,53.5,31.666666666666668,0.7233333333333333,33.090333333333334,37.67216666666666
Philippines,Manila,2025,5,33.73548387096774,4.680107526881721,100690.32258064517,0.1470967741935484,58.67741935483871,45.54838709677419,1.238709677419355,31.999032258064517,35.10225806451613
Philippines,Manila,2025,6,30.276666666666667,3.7074074074074077,100696.66666666667,0.7126666666666667,78.8,72.5,1.0466666666666666,40.403999999999996,42.217
Philippines,Manila,2025,7,29.26451612903226,6.705197132616488,100445.16129032258,0.84,83.45161290322581,74.19354838709677,1.7483870967741937,25.291290322580643,29.253870967741936
Philippines,Manila,2025,8,29.638709677419353,3.2706093189964163,100748.3870967742,0.7290322580645162,79.12903225806451,64.51612903225806,1.8645161290322583,44.960967741935484,47.001935483870966
Philippines,Manila,2025,9,29.23,3.4231481481481483,100746.66666666667,0.7913333333333333,80.5,75.83333333333333,1.87,29.7125,31.407500000000002
Philippines,Manila,2025,10,30.529032258064515,2.384408602150538,100764.51612903226,0.4290322580645161,75.96774193548387,67.74193548387096,2.403225806451613,19.675806451612903,20.69193548387097
Philippines,Manila,2025,11,30.866666666666667,4.465740740740741,100700.0,0.305,72.5,60.833333333333336,2.606666666666667,17.566666666666666,18.506666666666668
Philippines,Manila,2025,12,29.73548387096774,3.175627240143369,100877.41935483871,0.20129032258064516,72.2258064516129,68.54838709677419,2.4387096774193546,18.072580645161292,18.87258064516129
Philippines,Manila,2026,1,29.116666666666667,3.512962962962963,101096.66666666667,0.08433333333333333,64.3,67.5,2.7066666666666666,16.720000000000002,18.14333333333333
Philippines,Manila,2026,2,30.666666666666668,4.282407407407407,101266.66666666667,0.0,48.666666666666664,58.333333333333336,3.516666666666667,15.966666666666667,18.666666666666668
Poland,Warsaw,2024,5,23.58823529411765,5.0588235294117645,101423.5294117647,0.23352941176470587,41.1764705882353,11.0,5.823529411764706,3.2823529411764705,3.911764705882353
Poland,Warsaw,2024,6,23.94333333333333,3.9787037037037036,101283.33333333333,0.048666666666666664,50.46666666666667,25.566666666666666,5.966666666666667,3.23,3.8066666666666666
Poland,Warsaw,2024,7,26.482758620689655,4.28639846743295,101389.6551724138,0.004482758620689655,45.6551724137931,25.896551724137932,6.586206896551724,2.872413793103448,3.468965517241379
Poland,Warsaw,2024,8,26.34193548387097,3.7338709677419355,101448.3870967742,0.0067741935483870966,46.12903225806452,22.322580645161292,6.806451612903226,5.316129032258065,6.225806451612903
Poland,Warsaw,2024,9,22.763333333333332,4.7101851851851855,101620.0,0.12399999999999999,51.266666666666666,18.333333333333332,6.1,15.915166666666666,21.409
Poland,Warsaw,2024,10,12.625806451612902,3.741039426523298,101951.6129032258,0.03032258064516129,66.96774193548387,34.32258064516129,1.667741935483871,30.166935483870965,35.69306451612903
Poland,Warsaw,2024,11,4.663333333333333,3.753703703703704,102003.33333333333,0.060000000000000005,81.0,55.93333333333333,0.5533333333333333,48.5995,53.983
Poland,Warsaw,2024,12,3.4096774193548387,3.9327956989247315,102025.80645161291,0.04225806451612903,85.61290322580645,64.45161290322581,0.33548387096774196,47.31225806451613,54.998709677419356
Poland,Warsaw,2025,1,3.3,4.03584229390681,101493.54838709677,0.0367741935483871,83.35483870967742,46.774193548387096,0.49032258064516127,51.17338709677419,57.135161290322586
Poland,Warsaw,2025,2,0.7571428571428572,3.3095238095238098,102775.0,0.012142857142857141,76.28571428571429,36.607142857142854,0.9035714285714286,53.980357142857144,58.572321428571435
Poland,Warsaw,2025,3,9.332258064516129,3.5053763440860215,101648.3870967742,0.0064516129032258064,56.74193548387097,22.580645161290324,1.9161290322580644,48.46403225806451,55.67903225806452
Poland,Warsaw,2025,4,13.44,4.056481481481482,101740.0,0.04066666666666666,53.6,18.333333333333332,3.0,24.006833333333336,30.315333333333335
Poland,Warsaw,2025,5,13.887096774193548,3.9103942652329753,101348.3870967742,0.05870967741935483,57.38709677419355,41.03225806451613,3.6806451612903226,15.360967741935484,19.311612903225804
Poland,Warsaw,2025,6,20.083333333333332,5.187037037037038,101650.0,0.123,63.46666666666667,43.733333333333334,4.606666666666667,12.271666666666667,16.545166666666667
Poland,Warsaw,2025,7,21.051612903225806,3.553763440860215,101112.90322580645,0.1941935483870968,68.12903225806451,33.064516129032256,3.3225806451612905,14.686612903225805,19.771129032258063
Poland,Warsaw,2025,8,20.638709677419353,3.7204301075268815,101522.58064516129,0.047419354838709675,60.903225806451616,17.741935483870968,3.1225806451612903,17.628709677419355,24.366290322580646
Poland,Warsaw,2025,9,16.5,3.8287037037037037,101946.66666666667,0.06533333333333333,77.26666666666667,31.666666666666668,1.4833333333333334,23.243333333333332,29.848
Poland,Warsaw,2025,10,8.26774193548387,4.246415770609319,101364.51612903226,0.07677419354838709,87.25806451612904,50.32258064516129,0.40967741935483876,17.70483870967742,20.911290322580644
Poland,Warsaw,2025,11,3.75,2.894444444444445,101513.33333333333,0.09633333333333334,91.73333333333333,47.5,0.09333333333333332,31.596666666666668,34.64333333333333
Poland,Warsaw,2025,12,2.1806451612903226,3.281362007168459,101990.32258064517,0.03516129032258064,90.70967741935483,79.03225806451613,0.0,32.99516129032258,37.01774193548387
Poland,Warsaw,2026,1,-6.523333333333334,3.2861111111111114,101120.0,0.022333333333333334,89.43333333333334,55.833333333333336,0.016666666666666666,32.92333333333333,36.13666666666666
Poland,Warsaw,2026,2,-10.583333333333334,3.861111111111111,101300.0,0.04833333333333334,86.0,41.666666666666664,0.08333333333333333,21.599999999999998,23.61666666666667
Polônia,Moldova,2024,7,27.7,8.194444444444445,101000.0,0.0,52.0,32.0,7.0,2.5,2.6
Portugal,Lisbon,2024,5,23.11764705882353,4.669934640522876,101535.29411764706,0.0005882352941176471,47.88235294117647,25.0,5.705882352941177,2.1882352941176473,4.947058823529411
Portugal,Lisbon,2024,6,23.34333333333333,5.4601851851851855,101513.33333333333,0.010333333333333333,60.8,29.2,6.066666666666666,4.5633333333333335,10.043333333333333
Portugal,Lisbon,2024,7,26.98148148148148,4.018518518518519,101577.77777777778,0.014814814814814815,51.851851851851855,19.88888888888889,6.666666666666667,5.374074074074074,11.074074074074074
Portugal,Lisbon,2024,8,27.003225806451614,4.972222222222222,101545.16129032258,0.0003225806451612903,50.03225806451613,13.806451612903226,6.903225806451613,5.267741935483872,12.154838709677419
Portugal,Lisbon,2024,9,22.7,4.462037037037037,101626.66666666667,0.02666666666666667,58.7,23.333333333333332,5.833333333333333,17.558833333333332,29.50883333333333
Portugal,Lisbon,2024,10,18.793548387096774,4.279569892473118,101632.25806451614,0.03806451612903226,87.09677419354838,47.806451612903224,2.032258064516129,23.518870967741936,38.4441935483871
Portugal,Lisbon,2024,11,14.69,3.651851851851852,101996.66666666667,0.04700000000000001,90.76666666666667,36.666666666666664,0.41000000000000003,30.2475,44.13483333333333
Portugal,Lisbon,2024,12,11.206451612903225,3.438172043010753,102793.54838709677,0.0003225806451612903,79.93548387096774,25.06451612903226,0.7806451612903226,27.83951612903226,38.83209677419355
Portugal,Lisbon,2025,1,12.35483870967742,4.919354838709677,102209.67741935483,0.1706451612903226,84.19354838709677,41.935483870967744,0.7870967741935483,22.534193548387094,33.58048387096774
Portugal,Lisbon,2025,2,12.289285714285715,2.9285714285714284,102221.42857142857,0.08750000000000001,90.42857142857143,50.357142857142854,1.1607142857142858,35.10375,44.15553571428571
Portugal,Lisbon,2025,3,12.845161290322581,4.620967741935484,101103.2258064516,0.20161290322580644,84.35483870967742,39.516129032258064,1.1451612903225807,19.78306451612903,28.322903225806453
Portugal,Lisbon,2025,4,15.523333333333333,4.779629629629629,101396.66666666667,0.5489999999999999,81.63333333333334,41.666666666666664,1.7466666666666666,17.975833333333334,29.8775
Portugal,Lisbon,2025,5,17.603225806451615,3.7222222222222228,101674.19354838709,0.056129032258064517,73.48387096774194,29.516129032258064,2.2225806451612904,20.385806451612904,32.60177419354839
Portugal,Lisbon,2025,6,21.333333333333332,3.5722222222222224,101830.0,0.003,68.33333333333333,25.0,2.79,21.755999999999997,38.103833333333334
Portugal,Lisbon,2025,7,22.038709677419355,3.6505376344086025,101670.96774193548,0.0022580645161290325,67.70967741935483,26.612903225806452,2.4064516129032256,20.19483870967742,34.475645161290316
Portugal,Lisbon,2025,8,21.129032258064516,2.8207885304659497,101603.2258064516,0.0003225806451612903,75.87096774193549,25.0,1.2225806451612902,29.34935483870968,46.12467741935484
Portugal,Lisbon,2025,9,18.166666666666668,3.7398148148148147,101906.66666666667,0.019333333333333334,74.8,25.0,0.5700000000000001,20.566,32.7445
Portugal,Lisbon,2025,10,17.929032258064513,2.7697132616487457,101725.80645161291,0.028387096774193554,81.45161290322581,34.67741935483871,0.11935483870967742,13.575806451612902,17.90806451612903
Portugal,Lisbon,2025,11,13.09,4.300925925925926,101733.33333333333,0.29266666666666663,88.06666666666666,35.833333333333336,0.013333333333333334,8.503333333333334,14.516666666666667
Portugal,Lisbon,2025,12,10.100000000000001,3.9274193548387095,101654.83870967742,0.23193548387096777,92.54838709677419,37.74193548387097,0.0,10.08548387096774,14.833870967741936
Portugal,Lisbon,2026,1,10.873333333333333,5.437037037037038,101313.33333333333,0.17833333333333332,90.83333333333333,50.833333333333336,0.0,7.983333333333333,14.69
Portugal,Lisbon,2026,2,11.833333333333334,8.083333333333334,100033.33333333333,0.7250000000000001,94.83333333333333,50.0,0.0,5.7,11.833333333333334
Qatar,Doha,2024,5,37.11764705882353,6.06045751633987,100347.05882352941,0.0,27.823529411764707,0.0,7.764705882352941,32.57058823529412,106.41764705882352
Qatar,Doha,2024,6,39.01,4.547222222222222,99843.33333333333,0.0,34.7,0.0,9.1,44.943333333333335,96.22
Qatar,Doha,2024,7,40.793103448275865,6.359195402298851,99431.03448275862,0.0,32.58620689655172,1.1379310344827587,9.689655172413794,41.48275862068966,146.55517241379312
Qatar,Doha,2024,8,38.75483870967742,5.911290322580645,99758.06451612903,0.0,47.87096774193548,5.67741935483871,9.161290322580646,47.20645161290323,116.67096774193548
Qatar,Doha,2024,9,38.233333333333334,4.707407407407407,100266.66666666667,0.0,43.4,3.3333333333333335,8.766666666666667,76.95733333333332,316.68266666666665
Qatar,Doha,2024,10,34.413333333333334,5.12037037037037,101020.0,0.0,45.2,6.133333333333334,7.336666666666667,52.244,158.75466666666668
Qatar,Doha,2024,11,29.98,4.593518518518519,101510.0,0.0,48.166666666666664,4.166666666666667,5.206666666666666,54.1495,136.44983333333332
Qatar,Doha,2024,12,24.112903225806452,4.482078853046596,101767.74193548386,0.0,45.41935483870968,4.387096774193548,3.396774193548387,70.0791935483871,217.7867741935484
Qatar,Doha,2025,1,22.335483870967742,5.193548387096774,101867.74193548386,0.0,43.645161290322584,7.258064516129032,4.074193548387097,65.03048387096774,200.22967741935483
Qatar,Doha,2025,2,22.310714285714287,5.5565476190476195,101607.14285714286,0.0064285714285714285,49.464285714285715,8.071428571428571,4.635714285714286,57.89178571428572,200.4805357142857
Qatar,Doha,2025,3,26.403225806451612,5.695340501792115,101474.19354838709,0.0012903225806451613,37.29032258064516,6.451612903225806,7.367741935483871,64.51725806451613,227.49629032258065
Qatar,Doha,2025,4,35.17666666666666,5.594444444444445,100933.33333333333,0.0,20.966666666666665,2.0,9.656666666666666,66.36566666666667,249.5465
Qatar,Doha,2025,5,39.76129032258064,6.136200716845878,100409.67741935483,0.0,18.64516129032258,0.0,10.44516129032258,82.15790322580645,291.6614516129032
Qatar,Doha,2025,6,41.71,7.096296296296297,99973.33333333333,0.0,17.166666666666668,0.0,10.370000000000001,78.39066666666666,244.83516666666668
Qatar,Doha,2025,7,41.406451612903226,6.104838709677419,99645.16129032258,0.0,26.258064516129032,0.0,10.36774193548387,93.22209677419356,287.2393548387097
Qatar,Doha,2025,8,40.34516129032258,3.7661290322580645,99912.90322580645,0.0,41.193548387096776,0.8064516129032258,9.764516129032257,95.80612903225806,230.08032258064515
Qatar,Doha,2025,9,38.17333333333333,4.949074074074074,100420.0,0.0003333333333333333,40.166666666666664,4.166666666666667,8.656666666666666,68.865,180.4695
Qatar,Doha,2025,10,33.13870967741936,3.619175627240143,101087.09677419355,0.0,44.58064516129032,4.032258064516129,6.232258064516128,41.38870967741936,89.39838709677419
Qatar,Doha,2025,11,28.40666666666667,3.8629629629629627,101790.0,0.0,46.93333333333333,2.5,4.35,35.309999999999995,52.68666666666666
Qatar,Doha,2025,12,23.583870967741937,4.25089605734767,101774.19354838709,0.001935483870967742,59.064516129032256,10.483870967741936,3.329032258064516,37.082258064516125,93.04032258064517
Qatar,Doha,2026,1,19.77,5.562962962962962,102110.0,0.0006666666666666666,58.06666666666667,5.0,3.9233333333333333,37.026666666666664,97.83999999999999
Qatar,Doha,2026,2,21.416666666666668,3.930555555555556,102000.0,0.0,61.833333333333336,4.166666666666667,4.2,37.4,99.88333333333333
Romania,Bucharest,2024,5,22.647058823529413,3.913398692810458,101558.82352941176,0.018823529411764708,40.470588235294116,13.176470588235293,5.352941176470588,4.105882352941176,5.070588235294117
Romania,Bucharest,2024,6,31.826666666666664,3.3398148148148152,101233.33333333333,0.009333333333333334,34.233333333333334,7.633333333333334,7.866666666666666,5.593333333333334,8.629999999999999
Romania,Bucharest,2024,7,33.9,3.2648809523809526,101175.0,0.016428571428571428,28.785714285714285,14.071428571428571,8.357142857142858,5.339285714285714,5.7178571428571425
Romania,Bucharest,2024,8,32.97741935483871,3.631720430107527,101180.64516129032,0.038387096774193545,29.580645161290324,13.35483870967742,8.096774193548388,5.593548387096774,6.264516129032257
Romania,Bucharest,2024,9,25.19333333333333,3.778703703703704,101400.0,0.044000000000000004,46.6,11.666666666666666,6.566666666666666,16.675,24.895500000000002
Romania,Bucharest,2024,10,17.648387096774194,2.6792114695340503,102174.19354838709,0.0012903225806451613,52.12903225806452,7.516129032258065,3.206451612903226,30.501129032258063,37.85338709677419
Romania,Bucharest,2024,11,6.7,3.494444444444445,102400.0,0.07899999999999999,68.96666666666667,32.8,1.0,59.0705,65.44683333333333
Romania,Bucharest,2024,12,6.141935483870968,4.003584229390681,102129.03225806452,0.09258064516129033,76.48387096774194,57.74193548387097,0.7806451612903227,42.012903225806454,47.25854838709678
Romania,Bucharest,2025,1,7.070967741935483,2.8951612903225805,102225.80645161291,0.0,68.25806451612904,17.129032258064516,1.1870967741935483,72.74677419354839,80.36758064516128
Romania,Bucharest,2025,2,1.0321428571428573,3.1448412698412698,102992.85714285714,0.042499999999999996,67.64285714285714,48.214285714285715,1.8071428571428572,61.730535714285715,67.9875
Romania,Bucharest,2025,3,12.906451612903227,3.5277777777777777,101832.25806451614,0.02096774193548387,56.12903225806452,20.967741935483872,2.5870967741935487,53.38741935483871,62.05854838709678
Romania,Bucharest,2025,4,14.389999999999999,3.6305555555555555,101716.66666666667,0.058,57.2,15.0,3.76,24.6235,30.870333333333335
Romania,Bucharest,2025,5,18.29032258064516,3.474014336917563,101345.16129032258,0.14838709677419354,62.54838709677419,27.419354838709676,3.948387096774194,14.632903225806452,17.93903225806452
Romania,Bucharest,2025,6,27.65,3.0435185185185185,101763.33333333333,0.006333333333333333,44.36666666666667,5.0,6.6,14.442333333333332,18.76516666666667
Romania,Bucharest,2025,7,29.096774193548388,2.71594982078853,101177.41935483871,0.009677419354838712,45.225806451612904,4.838709677419355,6.312903225806451,14.119677419354838,19.848709677419354
Romania,Bucharest,2025,8,26.593548387096774,3.4121863799283156,101638.70967741935,0.005806451612903225,44.83870967741935,4.838709677419355,4.648387096774194,15.128225806451614,20.95274193548387
Romania,Bucharest,2025,9,21.02,3.6398148148148146,102003.33333333333,0.016,58.86666666666667,19.166666666666668,2.8366666666666664,19.061,26.222833333333334
Romania,Bucharest,2025,10,11.316129032258065,3.6514336917562726,101645.16129032258,0.13806451612903226,78.58064516129032,24.193548387096776,0.8741935483870968,13.901612903225805,17.29516129032258
Romania,Bucharest,2025,11,7.903333333333333,2.571296296296296,101780.0,0.045000000000000005,94.03333333333333,66.5,0.35333333333333333,25.98,29.993333333333332
Romania,Bucharest,2025,12,2.109677419354839,3.03405017921147,102190.32258064517,0.004193548387096774,92.54838709677419,60.645161290322584,0.16451612903225807,36.42741935483871,40.656451612903226
Romania,Bucharest,2026,1,-1.7966666666666666,2.9361111111111113,101370.0,0.04000000000000001,91.83333333333333,52.666666666666664,0.18333333333333332,29.07,32.056666666666665
Romania,Bucharest,2026,2,-2.35,3.6018518518518525,101283.33333333333,0.02,84.16666666666667,54.166666666666664,0.3,19.533333333333335,23.133333333333336
Russia,Chi-Chi-Erh,2025,12,-18.357142857142858,1.0,103457.14285714286,0.0,92.28571428571429,84.85714285714286,0.5,11.235714285714286,12.221428571428572
Russia,Chi-Chi-Erh,2026,1,-19.2125,1.0,103812.5,0.01375,89.375,81.0,0.5375,10.75,12.975
Russia,Chi-Chi-Erh,2026,2,-20.450000000000003,1.0,104300.0,0.0,89.5,88.0,1.05,9.35,13.299999999999999
Russia,Lom,2024,6,20.016666666666666,2.967592592592593,100783.33333333333,0.13833333333333334,69.16666666666667,61.166666666666664,5.0,0.75,0.75
Russia,Lom,2024,7,24.933333333333334,2.3379629629629632,101600.0,0.0,43.5,15.166666666666666,6.5,2.3833333333333333,2.4833333333333334
Russia,Moscow,2024,5,22.294117647058822,3.901960784313726,102058.82352941176,0.017058823529411765,33.88235294117647,7.294117647058823,5.352941176470588,4.0588235294117645,5.688235294117647
Russia,Moscow,2024,6,22.833333333333332,4.764814814814815,101016.66666666667,0.2116666666666667,55.93333333333333,32.166666666666664,5.6,2.35,3.4133333333333336
Russia,Moscow,2024,7,26.320689655172412,4.288314176245211,101224.13793103448,0.19551724137931034,45.06896551724138,37.93103448275862,6.586206896551724,4.572413793103448,5.675862068965517
Russia,Moscow,2024,8,23.4741935483871,4.159498207885305,101277.41935483871,0.02935483870967742,50.87096774193548,36.096774193548384,5.838709677419355,4.567741935483871,5.83225806451613
Russia,Moscow,2024,9,22.436666666666667,4.327777777777778,102366.66666666667,0.0,40.8,3.3333333333333335,6.133333333333334,34.88533333333333,46.32716666666667
Russia,Moscow,2024,10,9.235483870967743,3.984767025089606,101841.93548387097,0.0935483870967742,74.16129032258064,45.58064516129032,1.8096774193548388,43.845,55.73870967741935
Russia,Moscow,2024,11,1.2933333333333332,4.482407407407408,101456.66666666667,0.058333333333333334,85.93333333333334,78.8,0.36666666666666664,60.414833333333334,73.72866666666667
Russia,Moscow,2024,12,-2.135483870967742,3.773297491039427,101641.93548387097,0.05419354838709677,89.09677419354838,86.16129032258064,0.23225806451612904,61.34241935483871,75.80225806451612
Russia,Moscow,2025,1,0.08709677419354843,4.434587813620072,101280.64516129032,0.04516129032258065,83.38709677419355,78.2258064516129,0.2838709677419355,47.96274193548387,59.11048387096774
Russia,Moscow,2025,2,-3.792857142857143,2.625,102692.85714285714,0.008214285714285714,70.25,56.57142857142857,0.8392857142857143,97.83196428571429,122.86642857142859
Russia,Moscow,2025,3,5.638709677419355,3.8351254480286743,101422.58064516129,0.012258064516129033,63.645161290322584,48.38709677419355,1.5870967741935484,57.29032258064516,72.99741935483871
Russia,Moscow,2025,4,10.376666666666667,4.800925925925926,101300.0,0.07233333333333333,55.13333333333333,40.8,2.73,55.72816666666667,72.1685
Russia,Moscow,2025,5,15.480645161290322,4.743727598566308,101064.51612903226,0.11580645161290322,52.45161290322581,29.387096774193548,3.3548387096774195,35.57967741935484,45.64129032258065
Russia,Moscow,2025,6,18.63,4.515740740740741,100776.66666666667,0.18066666666666667,61.43333333333333,42.46666666666667,3.8833333333333333,34.891,43.61066666666667
Russia,Moscow,2025,7,23.951612903225808,3.846774193548387,101074.19354838709,0.15129032258064515,61.12903225806452,24.967741935483872,4.683870967741935,51.292741935483875,63.472903225806455
Russia,Moscow,2025,8,18.05483870967742,4.042114695340502,101203.2258064516,0.09935483870967741,72.41935483870968,55.61290322580645,2.761290322580645,55.91177419354839,67.94870967741934
Russia,Moscow,2025,9,15.053333333333335,4.035185185185186,102316.66666666667,0.007333333333333333,69.36666666666666,40.833333333333336,2.356666666666667,54.790333333333336,69.81066666666668
Russia,Moscow,2025,10,7.148387096774194,3.3862007168458783,101322.58064516129,0.08,88.74193548387096,75.0,0.4387096774193549,41.417741935483875,51.843548387096774
Russia,Moscow,2025,11,3.183333333333333,3.6101851851851854,101580.0,0.23533333333333334,92.8,80.0,0.15333333333333335,46.123333333333335,57.46666666666667
Russia,Moscow,2025,12,-2.0580645161290323,3.5770609318996414,101438.70967741935,0.06225806451612904,92.03225806451613,86.58064516129032,0.03225806451612903,53.869354838709675,66.07903225806452
Russia,Moscow,2026,1,-10.556666666666667,2.8509259259259263,101583.33333333333,0.10733333333333334,86.96666666666667,71.56666666666666,0.14666666666666667,50.71666666666667,65.56333333333333
Russia,Moscow,2026,2,-19.316666666666666,2.8981481481481484,101700.0,0.028333333333333335,78.0,29.166666666666668,0.21666666666666667,43.51666666666667,55.65
Russia,Saint Petersburg,2024,6,22.9,5.305555555555556,101700.0,0.0,44.0,46.0,6.0,0.9,1.5
Rwanda,Kigali,2024,5,26.764705882352942,2.6699346405228757,101900.0,0.35705882352941176,47.76470588235294,51.470588235294116,5.764705882352941,5.047058823529412,7.7
Rwanda,Kigali,2024,6,26.396666666666665,2.844444444444444,101830.0,0.010333333333333333,40.8,42.06666666666667,7.066666666666666,10.023333333333333,15.296666666666669
Rwanda,Kigali,2024,7,28.49285714285714,2.4037698412698414,101532.14285714286,0.0014285714285714286,29.25,29.25,8.107142857142858,15.432142857142859,18.392857142857142
Rwanda,Kigali,2024,8,28.480645161290322,2.85663082437276,101529.03225806452,0.0012903225806451613,30.35483870967742,32.67741935483871,8.258064516129032,10.87741935483871,13.358064516129033
Rwanda,Kigali,2024,9,27.65,3.315740740740741,101906.66666666667,0.007333333333333333,38.56666666666667,59.36666666666667,8.066666666666666,22.196666666666665,32.88
Rwanda,Kigali,2024,10,26.009677419354837,1.8512544802867386,101906.45161290323,0.2709677419354839,52.774193548387096,61.12903225806452,10.73225806451613,25.57177419354839,37.071612903225805
Rwanda,Kigali,2024,11,23.990000000000002,1.5722222222222222,101870.0,0.41766666666666663,63.4,62.333333333333336,9.446666666666665,23.877333333333333,28.81683333333333
Rwanda,Kigali,2024,12,24.638709677419353,2.088709677419355,101719.35483870968,0.3796774193548387,60.225806451612904,65.06451612903226,11.641935483870967,23.596451612903227,26.27
Rwanda,Kigali,2025,1,25.30322580645161,1.778673835125448,101877.41935483871,0.0929032258064516,54.83870967741935,57.83870967741935,10.619354838709677,39.685483870967744,42.40677419354839
Rwanda,Kigali,2025,2,26.235714285714288,1.8928571428571428,101917.85714285714,0.0975,52.714285714285715,55.357142857142854,12.714285714285714,35.856964285714284,38.02410714285714
Rwanda,Kigali,2025,3,24.15806451612903,1.4256272401433692,102074.19354838709,0.43806451612903224,63.38709677419355,64.90322580645162,11.254838709677419,28.251290322580648,29.886451612903226
Rwanda,Kigali,2025,4,23.226666666666667,1.3324074074074075,102140.0,0.5233333333333333,68.76666666666667,61.13333333333333,10.683333333333334,15.792833333333332,16.341666666666665
Rwanda,Kigali,2025,5,22.67096774193548,1.5331541218637994,102358.06451612903,0.3690322580645161,70.25806451612904,63.67741935483871,9.129032258064516,17.998709677419356,19.615967741935485
Rwanda,Kigali,2025,6,22.623333333333335,1.8212962962962962,102383.33333333333,0.249,61.86666666666667,49.63333333333333,8.96,33.66383333333333,37.57966666666667
Rwanda,Kigali,2025,7,23.051612903225806,2.065412186379928,102441.93548387097,0.08096774193548388,51.12903225806452,41.12903225806452,6.65483870967742,56.31161290322581,57.82741935483871
Rwanda,Kigali,2025,8,22.40967741935484,2.0376344086021505,102312.90322580645,0.04387096774193548,56.12903225806452,42.87096774193548,7.054838709677419,61.700483870967744,62.64338709677419
Rwanda,Kigali,2025,9,23.423333333333336,1.9175925925925925,102303.33333333333,0.050666666666666665,55.2,35.0,7.069999999999999,50.96566666666667,51.866499999999995
Rwanda,Kigali,2025,10,22.364516129032257,1.386200716845878,102187.09677419355,0.2106451612903226,69.25806451612904,46.61290322580645,6.093548387096774,22.462903225806453,22.843548387096774
Rwanda,Kigali,2025,11,21.459999999999997,1.2064814814814815,102213.33333333333,0.16133333333333333,73.1,49.166666666666664,5.86,20.84,21.076666666666664
Rwanda,Kigali,2025,12,20.46451612903226,1.1111111111111112,102090.32258064517,0.0664516129032258,77.64516129032258,51.903225806451616,4.603225806451612,24.279032258064515,24.524193548387096
Rwanda,Kigali,2026,1,21.166666666666668,1.026851851851852,102123.33333333333,0.08066666666666666,76.1,35.86666666666667,4.623333333333333,30.69,31.153333333333332
Rwanda,Kigali,2026,2,19.0,1.0185185185185184,102216.66666666667,0.21833333333333335,88.5,66.66666666666667,4.666666666666667,29.7,30.233333333333334
Saint Kitts and Nevis,Basseterre,2024,5,29.764705882352942,4.820261437908497,101594.11764705883,0.12352941176470589,76.6470588235294,31.58823529411765,5.882352941176471,1.4000000000000001,4.970588235294118
Saint Kitts and Nevis,Basseterre,2024,6,30.226666666666667,7.333333333333333,101593.33333333333,0.07633333333333334,71.43333333333334,43.233333333333334,6.333333333333333,1.6700000000000002,5.406666666666666
Saint Kitts and Nevis,Basseterre,2024,7,28.74827586206897,6.433908045977012,101658.62068965517,0.11482758620689655,78.55172413793103,47.724137931034484,6.172413793103448,2.3586206896551727,7.455172413793103
Saint Kitts and Nevis,Basseterre,2024,8,28.503225806451614,6.405913978494624,101529.03225806452,0.13838709677419356,79.45161290322581,53.225806451612904,6.193548387096774,1.8064516129032258,5.932258064516129
Saint Kitts and Nevis,Basseterre,2024,9,28.376666666666665,4.953703703703704,101266.66666666667,0.174,79.63333333333334,25.166666666666668,4.433333333333334,8.740566666666666,17.4778
Saint Kitts and Nevis,Basseterre,2024,10,28.6,5.92741935483871,101167.74193548386,0.12870967741935485,72.3225806451613,48.29032258064516,0.2903225806451613,14.328548387096774,30.715967741935486
Saint Kitts and Nevis,Basseterre,2024,11,27.144827586206898,5.435823754789272,101106.89655172414,0.41586206896551725,78.51724137931035,31.448275862068964,0.0,9.498793103448275,14.787241379310345
Saint Kitts and Nevis,Basseterre,2024,12,25.596774193548388,7.67741935483871,101400.0,0.17129032258064514,79.19354838709677,46.03225806451613,0.0,13.493064516129031,19.800967741935484
Saint Kitts and Nevis,Basseterre,2025,1,24.883333333333333,8.272222222222222,101586.66666666667,0.06233333333333334,80.13333333333334,41.2,0.0033333333333333335,10.249,15.7065
Saint Kitts and Nevis,Basseterre,2025,2,24.592857142857145,9.439484126984127,101596.42857142857,0.1582142857142857,79.17857142857143,30.357142857142858,0.0,13.392678571428572,20.858749999999997
Saint Kitts and Nevis,Basseterre,2025,3,24.52258064516129,6.513440860215053,101454.83870967742,0.10612903225806451,79.64516129032258,4.161290322580645,0.0,12.306645161290321,19.827387096774192
Saint Kitts and Nevis,Basseterre,2025,4,25.1,7.470370370370371,101416.66666666667,0.1476666666666667,80.1,0.0,0.0,11.2754,17.966833333333334
Saint Kitts and Nevis,Basseterre,2025,5,26.296774193548387,7.504480286738351,101487.09677419355,0.1925806451612903,82.06451612903226,0.0,0.0,11.379161290322582,20.508258064516127
Saint Kitts and Nevis,Basseterre,2025,6,27.05666666666667,8.685185185185185,101696.66666666667,0.043666666666666666,77.83333333333333,0.8333333333333334,0.0,19.624333333333333,49.53223333333334
Saint Kitts and Nevis,Basseterre,2025,7,27.093548387096774,8.557347670250897,101645.16129032258,0.05838709677419355,80.93548387096774,0.0,0.0,14.394193548387095,40.9566129032258
Saint Kitts and Nevis,Basseterre,2025,8,27.716129032258067,7.090501792114696,101470.96774193548,0.08806451612903225,81.06451612903226,0.0,0.0,11.404354838709677,28.895806451612902
Saint Kitts and Nevis,Basseterre,2025,9,27.6,6.2101851851851855,101346.66666666667,0.21166666666666664,80.2,0.0,0.0,9.343833333333333,20.6405
Saint Kitts and Nevis,Basseterre,2025,10,27.322580645161292,6.632616487455198,101187.09677419355,0.28451612903225804,83.19354838709677,0.0,0.0,5.579032258064516,9.466129032258063
Saint Kitts and Nevis,Basseterre,2025,11,26.35,7.633333333333334,101393.33333333333,0.10366666666666666,81.33333333333333,0.0,0.0,5.183333333333334,7.993333333333334
Saint Kitts and Nevis,Basseterre,2025,12,25.23225806451613,7.673835125448028,101441.93548387097,0.07870967741935483,80.90322580645162,0.0,0.0,6.679032258064517,9.933870967741935
Saint Kitts and Nevis,Basseterre,2026,1,24.85,7.41388888888889,101510.0,0.121,82.63333333333334,0.2,0.0,5.576666666666667,8.126666666666667
Saint Kitts and Nevis,Basseterre,2026,2,24.333333333333332,5.532407407407407,101566.66666666667,0.06666666666666667,86.16666666666667,0.0,0.0,8.283333333333333,11.799999999999999
Saint Lucia,Castries,2024,5,29.941176470588236,6.88562091503268,101517.64705882352,0.07705882352941176,74.47058823529412,58.05882352941177,5.9411764705882355,1.8823529411764706,7.235294117647059
Saint Lucia,Castries,2024,6,29.709999999999997,5.855555555555556,101496.66666666667,0.114,75.4,56.7,6.333333333333333,1.9433333333333331,6.913333333333333
Saint Lucia,Castries,2024,7,29.013793103448275,4.8419540229885065,101534.4827586207,0.11379310344827585,77.37931034482759,50.62068965517241,6.275862068965517,2.0724137931034483,6.568965517241379
Saint Lucia,Castries,2024,8,28.61935483870968,4.666666666666667,101445.16129032258,0.4367741935483871,80.3225806451613,52.54838709677419,6.161290322580645,1.396774193548387,4.070967741935484
Saint Lucia,Castries,2024,9,27.973333333333336,3.6574074074074074,101203.33333333333,0.12966666666666668,86.06666666666666,40.4,5.333333333333333,9.724333333333334,18.512633333333333
Saint Lucia,Castries,2024,10,27.261290322580646,4.309139784946237,101122.58064516129,0.1503225806451613,85.45161290322581,48.38709677419355,0.4838709677419355,18.398548387096774,37.52516129032258
Saint Lucia,Castries,2024,11,26.75862068965517,4.3773946360153255,101020.68965517242,0.2896551724137931,86.3103448275862,57.172413793103445,0.006896551724137932,13.875,23.68
Saint Lucia,Castries,2024,12,25.980645161290322,5.409498207885305,101267.74193548386,0.16774193548387098,79.90322580645162,53.25806451612903,0.025806451612903226,17.521290322580644,26.562419354838713
Saint Lucia,Castries,2025,1,25.96333333333333,6.411111111111111,101413.33333333333,0.161,79.4,46.733333333333334,0.02333333333333333,12.277833333333332,19.899833333333333
Saint Lucia,Castries,2025,2,25.70357142857143,7.318452380952381,101417.85714285714,0.13464285714285715,78.57142857142857,56.67857142857143,0.0,16.821785714285713,27.531964285714285
Saint Lucia,Castries,2025,3,25.812903225806455,6.493727598566308,101377.41935483871,0.11903225806451613,81.61290322580645,52.645161290322584,0.0,15.216967741935484,26.297645161290323
Saint Lucia,Castries,2025,4,26.279999999999998,6.412037037037037,101303.33333333333,0.09000000000000001,80.76666666666667,56.53333333333333,0.0,14.7647,25.54593333333333
Saint Lucia,Castries,2025,5,26.641935483870967,6.458781362007168,101341.93548387097,0.09870967741935484,83.03225806451613,51.41935483870968,0.0,18.235806451612905,37.31767741935484
Saint Lucia,Castries,2025,6,27.173333333333336,7.832407407407407,101516.66666666667,0.119,80.86666666666666,60.3,0.0,23.2233,58.0531
Saint Lucia,Castries,2025,7,27.203225806451613,6.253584229390681,101487.09677419355,0.06387096774193549,79.61290322580645,50.225806451612904,0.0,16.274032258064516,40.44935483870968
Saint Lucia,Castries,2025,8,27.61935483870968,4.911290322580645,101354.83870967742,0.0735483870967742,80.93548387096774,54.516129032258064,0.0,14.101774193548389,38.25322580645161
Saint Lucia,Castries,2025,9,27.46,4.347222222222223,101250.0,0.06566666666666668,79.36666666666666,46.6,0.0,10.834333333333332,23.045
Saint Lucia,Castries,2025,10,27.425806451612903,4.504480286738351,101112.90322580645,0.24741935483870967,80.93548387096774,42.74193548387097,0.0,6.501612903225807,10.791935483870969
Saint Lucia,Castries,2025,11,27.05666666666667,5.861111111111112,101220.0,0.18933333333333333,78.7,49.166666666666664,0.0,7.863333333333333,12.676666666666668
Saint Lucia,Castries,2025,12,25.925806451612903,6.308243727598567,101251.6129032258,0.26806451612903226,82.87096774193549,45.32258064516129,0.0,8.479032258064517,13.15967741935484
Saint Lucia,Castries,2026,1,26.14,5.911111111111111,101356.66666666667,0.11466666666666667,80.23333333333333,42.36666666666667,0.0,7.569999999999999,11.823333333333332
Saint Lucia,Castries,2026,2,25.816666666666666,5.513888888888889,101466.66666666667,0.043333333333333335,80.5,50.0,0.0,9.966666666666667,15.316666666666668
Saint Vincent and the Grenadines,Kingstown,2024,5,29.870588235294118,8.5359477124183,101488.23529411765,0.07294117647058823,74.82352941176471,40.76470588235294,6.0,2.288235294117647,8.98235294117647
Saint Vincent and the Grenadines,Kingstown,2024,6,29.413333333333334,8.669444444444446,101466.66666666667,0.26966666666666667,77.13333333333334,55.43333333333333,5.966666666666667,2.17,7.196666666666667
Saint Vincent and the Grenadines,Kingstown,2024,7,28.542857142857144,7.502976190476191,101500.0,0.14607142857142857,78.39285714285714,56.0,6.357142857142857,1.9357142857142857,5.582142857142857
Saint Vincent and the Grenadines,Kingstown,2024,8,28.567741935483873,6.317204301075269,101400.0,0.2809677419354839,75.61290322580645,65.74193548387096,6.193548387096774,1.2483870967741937,3.864516129032258
Saint Vincent and the Grenadines,Kingstown,2024,9,29.103333333333335,5.225,101160.0,0.13366666666666666,73.33333333333333,58.1,5.2,9.793133333333333,18.55323333333333
Saint Vincent and the Grenadines,Kingstown,2024,10,28.906451612903226,6.046594982078854,101061.29032258065,0.15290322580645163,73.74193548387096,60.225806451612904,0.4838709677419355,16.028709677419354,32.31883870967742
Saint Vincent and the Grenadines,Kingstown,2024,11,28.43793103448276,6.71647509578544,100975.86206896552,0.2672413793103448,75.58620689655173,68.10344827586206,0.013793103448275864,11.410413793103448,19.449793103448275
Saint Vincent and the Grenadines,Kingstown,2024,12,27.26451612903226,7.232974910394265,101254.83870967742,0.09419354838709677,72.61290322580645,50.58064516129032,0.03870967741935485,16.656,24.978064516129034
Saint Vincent and the Grenadines,Kingstown,2025,1,26.623333333333335,8.067592592592593,101386.66666666667,0.04733333333333333,73.86666666666666,56.86666666666667,0.016666666666666666,11.936266666666667,18.945433333333334
Saint Vincent and the Grenadines,Kingstown,2025,2,26.075,8.8125,101396.42857142857,0.15464285714285714,73.89285714285714,56.857142857142854,0.0,16.1965,26.259071428571428
Saint Vincent and the Grenadines,Kingstown,2025,3,25.325806451612905,6.471326164874552,101370.96774193548,0.10258064516129033,75.41935483870968,56.354838709677416,0.0,18.24816129032258,31.826032258064515
Saint Vincent and the Grenadines,Kingstown,2025,4,25.63,6.216666666666667,101326.66666666667,0.16033333333333333,77.83333333333333,69.56666666666666,0.0,17.568833333333334,30.253666666666668
Saint Vincent and the Grenadines,Kingstown,2025,5,26.56451612903226,6.341397849462366,101374.19354838709,0.10225806451612902,78.96774193548387,65.54838709677419,0.0,21.322741935483872,43.74951612903225
Saint Vincent and the Grenadines,Kingstown,2025,6,26.823333333333334,8.647222222222222,101510.0,0.20033333333333334,79.1,70.03333333333333,0.0,24.86413333333333,62.792833333333334
Saint Vincent and the Grenadines,Kingstown,2025,7,27.312903225806455,7.403225806451613,101451.6129032258,0.16741935483870965,77.51612903225806,67.29032258064517,0.0,12.718387096774192,30.094612903225805
Saint Vincent and the Grenadines,Kingstown,2025,8,27.793548387096774,6.666666666666667,101335.48387096774,0.16032258064516128,79.48387096774194,55.83870967741935,0.0,12.503516129032258,32.208516129032255
Saint Vincent and the Grenadines,Kingstown,2025,9,27.676666666666666,6.226851851851852,101243.33333333333,0.07233333333333333,78.03333333333333,46.7,0.0,9.180266666666666,19.08673333333333
Saint Vincent and the Grenadines,Kingstown,2025,10,27.541935483870965,6.508960573476703,101109.67741935483,0.08387096774193549,80.29032258064517,44.87096774193548,0.0,5.787096774193548,9.225806451612904
Saint Vincent and the Grenadines,Kingstown,2025,11,27.16,7.5962962962962965,101216.66666666667,0.152,78.33333333333333,48.2,0.0,7.386666666666667,11.713333333333333
Saint Vincent and the Grenadines,Kingstown,2025,12,26.10967741935484,8.03136200716846,101232.25806451614,0.14483870967741935,82.25806451612904,47.83870967741935,0.0,8.012903225806452,12.290322580645162
Saint Vincent and the Grenadines,Kingstown,2026,1,26.15,7.687037037037038,101353.33333333333,0.15033333333333332,80.16666666666667,40.43333333333333,0.0,7.02,10.83
Saint Vincent and the Grenadines,Kingstown,2026,2,26.21666666666667,7.638888888888889,101450.0,0.005,78.83333333333333,46.166666666666664,0.0,9.799999999999999,14.916666666666666
Saint-Vincent-et-les-Grenadines,Kingstown,2024,7,27.8,7.5,101700.0,0.13,82.0,86.0,6.0,1.8,4.7
Samoa,Apia,2024,5,25.8125,2.0347222222222223,101031.25,0.350625,93.125,50.0,1.0,1.4,3.675
Samoa,Apia,2024,6,25.75,3.8259259259259264,101206.66666666667,0.24833333333333335,87.6,57.3,1.0,2.216666666666667,6.876666666666667
Samoa,Apia,2024,7,24.932142857142857,4.262896825396825,101228.57142857143,0.13999999999999999,86.57142857142857,55.464285714285715,1.0,2.5749999999999997,8.553571428571429
Samoa,Apia,2024,8,24.79032258064516,4.960573476702509,101422.58064516129,0.1167741935483871,84.6774193548387,56.225806451612904,1.0,2.8225806451612905,9.893548387096773
Samoa,Apia,2024,9,24.345161290322583,4.693548387096774,101254.83870967742,0.15903225806451612,94.2258064516129,54.03225806451613,1.0,9.361548387096773,17.65964516129032
Samoa,Apia,2024,10,26.253333333333334,7.652777777777778,101290.0,0.256,86.46666666666667,63.6,0.3,13.5605,25.258666666666667
Samoa,Apia,2024,11,26.103448275862068,6.325670498084292,101127.58620689655,0.3834482758620689,89.72413793103448,76.82758620689656,0.0,6.813103448275862,11.81448275862069
Samoa,Apia,2024,12,26.251612903225805,4.760752688172043,101035.48387096774,0.3870967741935484,86.61290322580645,63.096774193548384,0.0,6.075161290322581,9.345483870967742
Samoa,Apia,2025,1,25.753333333333334,5.657407407407407,101026.66666666667,0.8323333333333333,88.5,71.66666666666667,0.0,6.394833333333334,9.8605
Samoa,Apia,2025,2,26.175,6.999007936507937,101071.42857142857,0.5560714285714285,85.42857142857143,60.714285714285715,0.0,6.1710714285714285,9.725714285714286
Samoa,Apia,2025,3,26.032258064516128,4.842293906810036,101187.09677419355,0.4570967741935484,86.83870967741936,61.29032258064516,0.0,3.6300322580645163,5.559483870967742
Samoa,Apia,2025,4,26.23,5.425925925925926,101070.0,0.427,87.5,47.6,0.12000000000000001,4.477733333333333,7.055066666666666
Samoa,Apia,2025,5,25.970000000000002,7.187962962962962,101150.0,0.5686666666666667,89.96666666666667,60.7,0.0,4.133733333333334,6.592466666666667
Samoa,Apia,2025,6,25.293333333333333,7.489814814814816,101260.0,0.18766666666666668,86.56666666666666,54.166666666666664,0.0,8.390633333333334,13.3912
Samoa,Apia,2025,7,25.051612903225806,7.164874551971327,101238.70967741935,0.16999999999999998,85.64516129032258,55.645161290322584,0.0,7.7938709677419356,12.544193548387097
Samoa,Apia,2025,8,25.33225806451613,7.904121863799283,101296.7741935484,0.056129032258064517,85.03225806451613,45.16129032258065,0.0,10.873225806451613,17.348225806451612
Samoa,Apia,2025,9,25.203333333333333,8.33425925925926,101316.66666666667,0.162,82.66666666666667,50.2,0.0,9.211333333333332,14.721
Samoa,Apia,2025,10,25.503225806451614,8.449820788530467,101235.48387096774,0.412258064516129,87.38709677419355,66.93548387096774,0.0,4.340322580645162,6.501612903225807
Samoa,Apia,2025,11,26.1,3.9787037037037036,100953.33333333333,0.26466666666666666,88.7,65.0,0.0,3.2666666666666666,4.6
Samoa,Apia,2025,12,26.858064516129033,4.360215053763442,100790.32258064517,0.21516129032258063,86.51612903225806,65.41935483870968,0.0,3.67258064516129,5.220967741935484
Samoa,Apia,2026,1,27.627586206896552,5.185823754789272,100710.3448275862,0.5120689655172413,85.41379310344827,71.55172413793103,0.0,3.532758620689655,4.932758620689656
Samoa,Apia,2026,2,28.150000000000002,7.212962962962963,101066.66666666667,0.5599999999999999,83.16666666666667,79.16666666666667,0.0,7.05,10.516666666666667
San Marino,City Of San Marino,2024,7,31.3,5.305555555555556,100900.0,0.0,55.0,0.0,8.0,14.3,17.1
San Marino,San Marino,2024,5,21.058823529411764,3.357843137254902,101111.76470588235,0.29,72.0,30.88235294117647,5.117647058823529,12.411764705882353,18.935294117647057
San Marino,San Marino,2024,6,25.57037037037037,3.6100823045267494,101255.55555555556,0.09185185185185185,61.0,24.074074074074073,6.148148148148148,10.218518518518518,14.025925925925925
San Marino,San Marino,2024,7,29.575,4.871031746031746,101271.42857142857,0.00035714285714285714,53.392857142857146,12.0,6.892857142857143,9.960714285714285,11.817857142857141
San Marino,San Marino,2024,8,29.5,4.454301075268818,101254.83870967742,0.00967741935483871,58.74193548387097,13.838709677419354,7.193548387096774,12.290322580645162,13.816129032258065
San Marino,San Marino,2024,9,23.546666666666667,4.212962962962964,101263.33333333333,0.305,62.9,23.733333333333334,5.766666666666667,8.995033333333334,13.703833333333334
San Marino,San Marino,2024,10,18.848387096774193,3.0716845878136203,101819.35483870968,0.12870967741935485,80.25806451612904,43.54838709677419,2.229032258064516,15.868064516129033,23.042322580645163
San Marino,San Marino,2024,11,11.629999999999999,3.2037037037037037,102183.33333333333,0.008,73.66666666666667,43.86666666666667,0.81,35.69123333333334,42.28893333333333
San Marino,San Marino,2024,12,8.829032258064515,4.202508960573477,102125.80645161291,0.3003225806451613,66.7741935483871,38.806451612903224,0.8,25.62803225806452,31.047032258064515
San Marino,San Marino,2025,1,10.003225806451614,3.896057347670251,101970.96774193548,0.11419354838709678,67.19354838709677,44.903225806451616,0.8903225806451613,23.166064516129033,30.163548387096775
San Marino,San Marino,2025,2,9.528571428571428,2.488095238095238,102414.28571428571,0.095,76.39285714285714,55.357142857142854,1.282142857142857,30.53239285714286,35.83432142857143
San Marino,San Marino,2025,3,11.880645161290323,3.3862007168458783,101538.70967741935,0.2270967741935484,68.61290322580645,34.67741935483871,2.054838709677419,16.52132258064516,21.225645161290323
San Marino,San Marino,2025,4,15.893333333333334,2.7055555555555557,101556.66666666667,0.08766666666666666,65.06666666666666,27.5,3.0900000000000003,14.7815,19.973833333333335
San Marino,San Marino,2025,5,19.23225806451613,2.5913978494623655,101470.96774193548,0.22,61.903225806451616,20.967741935483872,4.135483870967741,12.693387096774194,17.569032258064517
San Marino,San Marino,2025,6,26.44,3.278703703703704,101756.66666666667,0.0006666666666666666,59.266666666666666,6.666666666666667,5.776666666666667,14.896199999999999,25.0337
San Marino,San Marino,2025,7,26.516129032258064,3.739247311827957,101254.83870967742,0.06290322580645161,57.25806451612903,12.516129032258064,4.329032258064516,10.443225806451613,16.056612903225805
San Marino,San Marino,2025,8,25.958064516129035,3.1505376344086025,101416.12903225806,0.006451612903225806,62.225806451612904,9.67741935483871,3.1516129032258067,13.411870967741937,20.032548387096774
San Marino,San Marino,2025,9,21.423333333333336,2.35,101676.66666666667,0.06733333333333333,70.36666666666666,11.666666666666666,1.7233333333333332,10.5016,15.9273
San Marino,San Marino,2025,10,14.80967741935484,3.1353046594982077,101651.6129032258,0.10451612903225806,77.51612903225806,31.451612903225808,0.5451612903225806,7.464709677419355,10.338903225806451
San Marino,San Marino,2025,11,9.346666666666666,3.376851851851852,101490.0,0.302,79.83333333333333,32.0,0.15333333333333332,13.425999999999998,17.026
San Marino,San Marino,2025,12,6.441935483870967,3.011648745519713,101896.7741935484,0.12096774193548387,89.54838709677419,39.83870967741935,0.0,22.09374193548387,26.164709677419356
San Marino,San Marino,2026,1,4.843333333333334,3.1925925925925926,100890.0,0.23466666666666666,82.33333333333333,38.666666666666664,0.010000000000000002,17.352666666666668,21.936
San Marino,San Marino,2026,2,6.833333333333333,3.6990740740740744,100083.33333333333,0.105,89.16666666666667,62.5,0.05000000000000001,16.526,18.376
Saudi Arabia,Riyadh,2024,5,40.23529411764706,3.4950980392156867,100894.11764705883,0.0,6.764705882352941,7.352941176470588,9.176470588235293,33.73529411764706,120.95882352941177
Saudi Arabia,Riyadh,2024,6,43.656666666666666,5.155555555555556,100393.33333333333,0.0,4.966666666666667,3.6333333333333333,10.033333333333333,26.983333333333334,90.77666666666667
Saudi Arabia,Riyadh,2024,7,43.33571428571429,5.375992063492064,100025.0,0.0,6.75,1.8214285714285714,10.071428571428571,19.917857142857144,73.28928571428571
Saudi Arabia,Riyadh,2024,8,43.358064516129026,6.158602150537634,100022.58064516129,0.0,8.387096774193548,5.774193548387097,10.129032258064516,24.10967741935484,76.08709677419354
Saudi Arabia,Riyadh,2024,9,39.769999999999996,4.137037037037037,100736.66666666667,0.0,9.766666666666667,2.7,9.466666666666667,53.489333333333335,457.315
Saudi Arabia,Riyadh,2024,10,33.061290322580646,3.8198924731182795,101380.64516129032,0.0,18.419354838709676,6.967741935483871,7.635483870967741,72.38870967741936,476.21370967741933
Saudi Arabia,Riyadh,2024,11,27.148275862068964,3.7806513409961684,101920.68965517242,0.0,24.137931034482758,6.0,5.448275862068965,166.7487931034483,1404.3922413793102
Saudi Arabia,Riyadh,2024,12,21.725806451612904,3.939068100358423,101967.74193548386,0.0,22.258064516129032,4.709677419354839,4.370967741935484,247.6791935483871,2488.094193548387
Saudi Arabia,Riyadh,2025,1,17.780645161290323,4.17921146953405,102141.93548387097,0.0012903225806451613,32.225806451612904,22.580645161290324,4.619354838709677,234.2159677419355,2401.7770967741935
Saudi Arabia,Riyadh,2025,2,19.210714285714285,4.432539682539683,101846.42857142857,0.014285714285714287,31.0,32.142857142857146,5.6499999999999995,254.49392857142857,2286.408214285714
Saudi Arabia,Riyadh,2025,3,24.887096774193548,4.96326164874552,101796.7741935484,0.006774193548387097,25.387096774193548,19.35483870967742,8.096774193548388,194.90645161290323,1902.9285483870967
Saudi Arabia,Riyadh,2025,4,33.73,5.142592592592592,101436.66666666667,0.0,10.7,7.5,10.243333333333334,205.84949999999998,1949.0980000000002
Saudi Arabia,Riyadh,2025,5,38.03225806451613,4.416666666666667,101151.6129032258,0.0,6.870967741935484,0.0,10.725806451612904,224.56016129032258,2125.579193548387
Saudi Arabia,Riyadh,2025,6,40.45,3.375925925925926,100846.66666666667,0.0,5.4,0.0,11.283333333333333,142.60416666666666,1289.3078333333333
Saudi Arabia,Riyadh,2025,7,41.47096774193548,4.327956989247313,100580.64516129032,0.0,6.290322580645161,0.0,10.941935483870967,148.16709677419357,1327.0532258064516
Saudi Arabia,Riyadh,2025,8,40.99677419354839,4.808243727598567,100709.67741935483,0.0,8.387096774193548,0.0,10.09032258064516,221.01532258064518,1982.125806451613
Saudi Arabia,Riyadh,2025,9,37.09666666666667,3.1898148148148153,101173.33333333333,0.0,9.966666666666667,0.8333333333333334,8.676666666666668,158.26116666666667,1181.3415
Saudi Arabia,Riyadh,2025,10,29.896774193548385,2.9220430107526885,101748.3870967742,0.0,12.935483870967742,0.0,6.338709677419355,94.0209677419355,693.45
Saudi Arabia,Riyadh,2025,11,23.183333333333334,2.9240740740740745,102276.66666666667,0.0,16.366666666666667,0.0,4.636666666666667,91.05,644.84
Saudi Arabia,Riyadh,2025,12,16.961290322580645,4.362007168458781,102048.3870967742,0.012903225806451611,48.29032258064516,25.0,3.148387096774193,100.21129032258065,625.0887096774194
Saudi Arabia,Riyadh,2026,1,13.76,3.962037037037037,102336.66666666667,0.0,34.0,10.0,3.7199999999999998,147.16666666666666,1031.4166666666667
Saudi Arabia,Riyadh,2026,2,17.366666666666667,4.3842592592592595,102183.33333333333,0.0,30.833333333333332,16.666666666666668,4.05,122.83333333333333,989.8499999999999
Saudi Arabien,Ar Riyadh,2024,7,45.0,6.805555555555556,99700.0,0.0,7.0,0.0,11.0,22.3,80.9
Senegal,Dakar,2024,5,26.647058823529413,5.552287581699347,101241.17647058824,0.0,70.0,19.11764705882353,6.0,17.400000000000002,78.38235294117646
Senegal,Dakar,2024,6,27.573333333333334,4.575,101270.0,0.0,70.46666666666667,26.433333333333334,6.333333333333333,17.14333333333333,92.89666666666668
Senegal,Dakar,2024,7,28.086206896551722,4.060344827586207,101348.27586206897,0.014827586206896554,75.86206896551724,53.89655172413793,6.620689655172414,9.420689655172414,50.710344827586205
Senegal,Dakar,2024,8,28.741935483870968,4.399641577060931,101193.54838709677,0.16451612903225804,77.12903225806451,54.83870967741935,6.32258064516129,8.703225806451613,32.329032258064515
Senegal,Dakar,2024,9,28.34,4.20462962962963,101220.0,0.16566666666666666,82.0,51.733333333333334,6.3,22.14783333333333,74.33316666666666
Senegal,Dakar,2024,10,27.66774193548387,4.621863799283154,101290.32258064517,0.006774193548387097,81.51612903225806,23.483870967741936,2.6870967741935483,44.88338709677419,162.8
Senegal,Dakar,2024,11,26.153333333333332,5.661111111111111,101210.0,0.0,76.6,4.533333333333333,1.05,39.09666666666667,113.923
Senegal,Dakar,2024,12,25.138709677419353,6.650537634408603,101467.74193548386,0.0,47.03225806451613,6.064516129032258,2.332258064516129,73.9283870967742,233.85193548387096
Senegal,Dakar,2025,1,22.32903225806452,6.793010752688172,101454.83870967742,0.0,52.58064516129032,2.6451612903225805,2.638709677419355,57.02177419354839,179.75435483870967
Senegal,Dakar,2025,2,20.239285714285717,7.210317460317461,101364.28571428571,0.0,64.60714285714286,0.0,2.7285714285714286,65.17946428571429,207.02821428571428
Senegal,Dakar,2025,3,20.561290322580643,8.85394265232975,101319.35483870968,0.0006451612903225806,79.7741935483871,4.709677419354839,1.4709677419354839,46.32758064516129,165.29451612903227
Senegal,Dakar,2025,4,21.3,6.894444444444445,101140.0,0.0,83.6,7.166666666666667,1.4666666666666666,53.132,171.35316666666668
Senegal,Dakar,2025,5,22.783870967741933,5.021505376344087,101264.51612903226,0.0035483870967741938,84.87096774193549,8.32258064516129,1.167741935483871,53.13677419354839,184.94629032258064
Senegal,Dakar,2025,6,25.55,5.026851851851853,101363.33333333333,0.0003333333333333333,80.6,28.166666666666668,1.1266666666666665,44.332166666666666,179.46233333333333
Senegal,Dakar,2025,7,26.893548387096775,5.223118279569893,101367.74193548386,0.03903225806451613,78.80645161290323,58.12903225806452,0.6774193548387096,30.817419354838712,103.07483870967742
Senegal,Dakar,2025,8,27.258064516129032,4.517025089605735,101206.45161290323,0.28774193548387095,84.38709677419355,57.806451612903224,0.4064516129032258,19.580161290322582,64.03387096774193
Senegal,Dakar,2025,9,27.126666666666665,4.037037037037037,101190.0,0.046000000000000006,86.56666666666666,47.56666666666667,0.24000000000000002,24.319666666666667,81.82716666666667
Senegal,Dakar,2025,10,27.538709677419355,4.809139784946237,101193.54838709677,0.04258064516129032,85.35483870967742,39.806451612903224,0.1032258064516129,24.22741935483871,76.73387096774194
Senegal,Dakar,2025,11,26.883333333333333,6.674074074074074,101200.0,0.001,78.8,15.0,0.04666666666666667,19.033333333333335,54.0
Senegal,Dakar,2025,12,20.729032258064517,8.565412186379929,101306.45161290323,0.0067741935483870966,71.19354838709677,3.161290322580645,0.0,24.66290322580645,97.61774193548388
Senegal,Dakar,2026,1,19.296666666666667,7.974074074074074,101350.0,0.009000000000000001,78.06666666666666,5.833333333333333,0.0,29.346666666666668,104.70666666666666
Senegal,Dakar,2026,2,18.900000000000002,6.018518518518519,101233.33333333333,0.0,91.0,0.0,0.0,35.2,108.5
Serbia,Belgrade,2024,5,23.823529411764707,6.098039215686275,101258.82352941176,0.0888235294117647,48.705882352941174,19.11764705882353,5.529411764705882,4.347058823529411,5.7705882352941185
Serbia,Belgrade,2024,6,29.323333333333334,3.6361111111111115,101240.0,0.49600000000000005,45.7,21.6,7.066666666666666,8.333333333333334,14.183333333333334
Serbia,Belgrade,2024,7,32.278571428571425,3.433531746031746,101250.0,0.02214285714285714,35.92857142857143,14.142857142857142,8.071428571428571,6.478571428571429,8.089285714285714
Serbia,Belgrade,2024,8,33.619354838709675,3.549283154121864,101241.93548387097,0.0,28.451612903225808,6.161290322580645,8.741935483870968,6.154838709677419,7.109677419354839
Serbia,Belgrade,2024,9,23.813333333333333,4.302777777777778,101353.33333333333,0.09633333333333334,50.0,20.0,6.166666666666667,15.810666666666666,20.9745
Serbia,Belgrade,2024,10,17.11935483870968,3.164874551971326,102087.09677419355,0.04096774193548387,56.41935483870968,15.35483870967742,2.703225806451613,28.358709677419355,35.63935483870968
Serbia,Belgrade,2024,11,7.39,2.6472222222222226,102393.33333333333,0.14166666666666666,68.76666666666667,27.5,1.04,56.15983333333334,64.46633333333334
Serbia,Belgrade,2024,12,4.851612903225806,3.002688172043011,102245.16129032258,0.08838709677419354,79.38709677419355,49.096774193548384,0.7516129032258064,59.086612903225806,66.92225806451613
Serbia,Belgrade,2025,1,5.72258064516129,2.4982078853046596,102283.87096774194,0.008064516129032258,77.54838709677419,43.12903225806452,1.0903225806451613,67.895,76.23193548387097
Serbia,Belgrade,2025,2,4.525,3.631944444444444,102750.0,0.025357142857142856,59.107142857142854,21.428571428571427,1.592857142857143,40.89160714285714,45.490178571428565
Serbia,Belgrade,2025,3,12.816129032258065,3.8862007168458783,101683.87096774194,0.12322580645161291,59.16129032258065,25.806451612903224,2.238709677419355,37.25064516129032,45.55177419354839
Serbia,Belgrade,2025,4,14.92,4.17962962962963,101710.0,0.018666666666666668,65.36666666666666,24.166666666666668,3.246666666666667,23.8465,29.082
Serbia,Belgrade,2025,5,17.835483870967742,3.3996415770609323,101500.0,0.132258064516129,60.935483870967744,28.225806451612904,4.283870967741936,18.464193548387097,22.760967741935485
Serbia,Belgrade,2025,6,26.27,2.664814814814815,101940.0,0.0,46.1,1.6666666666666667,6.4766666666666675,17.531833333333335,23.242166666666666
Serbia,Belgrade,2025,7,25.812903225806455,3.1155913978494625,101306.45161290323,0.20032258064516129,52.96774193548387,13.709677419354838,4.987096774193549,16.500806451612902,22.17016129032258
Serbia,Belgrade,2025,8,25.458064516129035,3.5824372759856633,101600.0,0.009677419354838712,50.193548387096776,7.258064516129032,3.916129032258065,17.22290322580645,23.029516129032256
Serbia,Belgrade,2025,9,21.06,3.498148148148148,101860.0,0.02033333333333333,62.666666666666664,10.0,2.283333333333333,20.245,26.625333333333334
Serbia,Belgrade,2025,10,11.506451612903225,3.5707885304659497,101803.2258064516,0.056129032258064517,75.38709677419355,28.225806451612904,0.7258064516129032,14.330645161290322,17.769354838709678
Serbia,Belgrade,2025,11,6.766666666666667,2.7296296296296294,101716.66666666667,0.15966666666666668,88.16666666666667,47.666666666666664,0.2366666666666667,25.316666666666666,28.603333333333335
Serbia,Belgrade,2025,12,2.396774193548387,2.8862007168458783,102222.58064516129,0.03387096774193549,93.16129032258064,50.483870967741936,0.09354838709677421,37.79516129032258,41.28548387096774
Serbia,Belgrade,2026,1,-2.960594732333751e-17,3.0444444444444447,101216.66666666667,0.2053333333333333,85.9,36.0,0.10666666666666667,24.646666666666665,27.279999999999998
Serbia,Belgrade,2026,2,2.3833333333333333,5.49537037037037,100600.0,0.0016666666666666668,79.66666666666667,12.5,0.15,14.783333333333333,16.516666666666666
Seychelles Islands,Victoria,2024,5,28.823529411764707,3.372549019607843,100876.4705882353,0.2735294117647059,77.52941176470588,38.23529411764706,7.117647058823529,1.4647058823529413,4.547058823529412
Seychelles Islands,Victoria,2024,6,28.42413793103448,3.9243295019157087,100975.86206896552,0.16379310344827586,77.79310344827586,48.06896551724138,7.344827586206897,2.1724137931034484,7.424137931034483
Seychelles Islands,Victoria,2024,7,27.17241379310345,6.168582375478927,101020.68965517242,0.07310344827586207,79.62068965517241,43.51724137931034,7.344827586206897,3.6862068965517243,13.60689655172414
Seychelles Islands,Victoria,2024,8,26.9741935483871,6.28494623655914,101048.3870967742,0.04483870967741936,80.64516129032258,51.0,7.387096774193548,4.354838709677419,13.245161290322581
Seychelles Islands,Victoria,2024,9,28.30666666666667,6.566666666666666,101033.33333333333,0.14866666666666667,78.13333333333334,51.266666666666666,7.3,18.011833333333335,34.23393333333333
Seychelles Islands,Victoria,2024,10,27.287096774193547,3.798387096774194,101087.09677419355,0.04129032258064516,74.25806451612904,40.935483870967744,10.738709677419354,12.944032258064516,24.073870967741936
Seychelles Islands,Victoria,2024,11,28.44,3.740740740740741,101016.66666666667,0.06533333333333333,74.23333333333333,50.13333333333333,11.063333333333333,7.449333333333333,11.950999999999999
Seychelles Islands,Victoria,2024,12,28.274193548387096,7.060035842293907,100974.19354838709,0.27774193548387094,75.64516129032258,63.45161290322581,8.458064516129031,10.873225806451613,16.28
Seychelles Islands,Victoria,2025,1,28.816129032258065,6.067204301075269,100916.12903225806,0.28516129032258064,79.61290322580645,56.58064516129032,9.05483870967742,12.329354838709676,17.246774193548386
Seychelles Islands,Victoria,2025,2,29.967857142857145,4.703373015873017,100975.0,0.1125,71.39285714285714,40.035714285714285,10.757142857142856,15.084107142857144,20.94464285714286
Seychelles Islands,Victoria,2025,3,29.993548387096777,4.185483870967742,100954.83870967742,0.1738709677419355,74.35483870967742,53.225806451612904,13.280645161290321,10.545,14.400161290322579
Seychelles Islands,Victoria,2025,4,30.866666666666667,2.589814814814815,100993.33333333333,0.11066666666666666,69.4,47.766666666666666,12.436666666666667,4.2796666666666665,6.542833333333333
Seychelles Islands,Victoria,2025,5,30.780645161290323,5.173835125448028,101025.80645161291,0.07645161290322582,72.35483870967742,41.935483870967744,10.435483870967742,8.038548387096775,12.92016129032258
Seychelles Islands,Victoria,2025,6,29.4,7.341666666666667,101206.66666666667,0.048,71.4,46.666666666666664,9.643333333333334,12.1545,19.788833333333333
Seychelles Islands,Victoria,2025,7,28.1,7.832437275985663,101270.96774193548,0.05032258064516129,72.19354838709677,43.54838709677419,10.051612903225807,14.250967741935485,23.083225806451615
Seychelles Islands,Victoria,2025,8,27.822580645161292,7.148745519713262,101248.3870967742,0.06419354838709677,74.83870967741936,45.16129032258065,11.52258064516129,12.938064516129032,20.899032258064516
Seychelles Islands,Victoria,2025,9,28.073333333333334,6.602777777777778,101276.66666666667,0.029,77.16666666666667,50.0,13.093333333333334,12.886166666666666,20.741333333333333
Seychelles Islands,Victoria,2025,10,29.10967741935484,5.064516129032258,101235.48387096774,0.014193548387096775,69.06451612903226,42.74193548387097,12.480645161290322,7.550000000000001,11.288709677419355
Seychelles Islands,Victoria,2025,11,29.416666666666668,2.7092592592592597,101316.66666666667,0.11066666666666666,71.16666666666667,41.666666666666664,12.07,4.7,6.88
Seychelles Islands,Victoria,2025,12,28.88064516129032,3.3198924731182795,101167.74193548386,0.28516129032258064,76.09677419354838,44.354838709677416,10.651612903225805,3.575806451612903,4.733870967741935
Seychelles Islands,Victoria,2026,1,28.446666666666665,5.992592592592592,101270.0,0.08066666666666666,77.73333333333333,55.56666666666667,11.073333333333332,8.139999999999999,11.563333333333333
Seychelles Islands,Victoria,2026,2,29.666666666666668,4.069444444444445,101266.66666666667,0.006666666666666667,73.33333333333333,39.666666666666664,11.9,6.416666666666667,8.950000000000001
Sierra Leone,Freetown,2024,5,29.211764705882356,3.8202614379084965,101135.29411764706,0.21411764705882352,74.47058823529412,69.3529411764706,6.0588235294117645,2.8000000000000003,4.676470588235294
Sierra Leone,Freetown,2024,6,28.724137931034484,3.9846743295019156,101217.24137931035,1.0441379310344827,74.34482758620689,74.0,6.0344827586206895,2.7655172413793103,4.548275862068966
Sierra Leone,Freetown,2024,7,26.24285714285714,3.6031746031746033,101457.14285714286,1.4042857142857144,85.32142857142857,85.75,5.75,1.9928571428571427,3.0357142857142856
Sierra Leone,Freetown,2024,8,25.89032258064516,4.349462365591398,101396.7741935484,0.9970967741935484,86.12903225806451,79.64516129032258,5.903225806451613,1.7999999999999998,2.954838709677419
Sierra Leone,Freetown,2024,9,26.453333333333333,3.0833333333333335,101313.33333333333,1.0913333333333335,85.73333333333333,74.5,5.833333333333333,7.4094999999999995,12.651
Sierra Leone,Freetown,2024,10,25.887096774193548,1.864695340501792,101309.67741935483,0.3403225806451613,86.09677419354838,67.83870967741936,2.9064516129032256,10.025806451612903,16.548548387096773
Sierra Leone,Freetown,2024,11,26.783333333333335,1.5111111111111113,101213.33333333333,0.020666666666666667,78.53333333333333,36.266666666666666,1.6333333333333333,34.92183333333333,57.547333333333334
Sierra Leone,Freetown,2024,12,27.67096774193548,2.4408602150537635,101296.7741935484,0.0,62.193548387096776,25.774193548387096,3.6258064516129034,67.21467741935484,143.39887096774194
Sierra Leone,Freetown,2025,1,27.467741935483872,1.9820788530465951,101245.16129032258,0.0,68.09677419354838,28.35483870967742,3.519354838709677,62.524032258064516,128.03193548387097
Sierra Leone,Freetown,2025,2,27.150000000000002,1.939484126984127,101128.57142857143,0.0,72.39285714285714,39.464285714285715,3.792857142857143,72.13678571428571,173.8867857142857
Sierra Leone,Freetown,2025,3,26.241935483870968,2.003584229390681,101151.6129032258,0.004838709677419355,74.09677419354838,43.16129032258065,1.7419354838709677,45.83822580645162,115.00435483870969
Sierra Leone,Freetown,2025,4,26.84,2.439814814814815,101103.33333333333,0.032,77.43333333333334,58.766666666666666,1.4533333333333334,36.2785,75.2765
Sierra Leone,Freetown,2025,5,26.219354838709677,1.985663082437276,101258.06451612903,0.07548387096774194,83.12903225806451,56.354838709677416,1.1419354838709677,20.22467741935484,40.65225806451613
Sierra Leone,Freetown,2025,6,25.89,1.9870370370370372,101410.0,0.5026666666666667,86.03333333333333,72.1,1.34,10.1565,18.345833333333335
Sierra Leone,Freetown,2025,7,24.270967741935483,2.8324372759856633,101567.74193548386,1.9206451612903226,89.41935483870968,88.0,0.4612903225806452,13.749677419354839,21.03032258064516
Sierra Leone,Freetown,2025,8,24.16774193548387,3.252688172043011,101467.74193548386,1.46,88.45161290322581,84.64516129032258,0.3709677419354839,11.845967741935485,16.15467741935484
Sierra Leone,Freetown,2025,9,24.366666666666667,2.0064814814814813,101426.66666666667,1.4086666666666665,88.96666666666667,77.46666666666667,0.3333333333333333,8.467666666666666,11.010333333333334
Sierra Leone,Freetown,2025,10,25.11,1.902777777777778,101300.0,0.06866666666666667,86.1,49.733333333333334,0.19333333333333333,6.403333333333333,8.953333333333335
Sierra Leone,Freetown,2025,11,24.956666666666667,1.6592592592592592,101186.66666666667,0.17833333333333334,86.36666666666666,49.46666666666667,0.08,15.99,24.509999999999998
Sierra Leone,Freetown,2025,12,24.325806451612905,1.6612903225806452,101058.06451612903,0.10258064516129031,86.70967741935483,46.193548387096776,0.0,28.137096774193548,59.872580645161285
Sierra Leone,Freetown,2026,1,24.896666666666665,1.8685185185185185,101093.33333333333,0.06199999999999999,84.86666666666666,45.733333333333334,0.0,33.63333333333333,71.37333333333332
Sierra Leone,Freetown,2026,2,24.916666666666668,3.365740740740741,101150.0,0.0033333333333333335,72.5,47.5,0.0,31.816666666666666,63.76666666666667
Singapore,Singapore,2024,5,28.294117647058822,1.8300653594771241,100900.0,0.4329411764705882,83.52941176470588,73.52941176470588,1.2941176470588236,10.658823529411764,14.0
Singapore,Singapore,2024,6,28.36,2.1185185185185187,101030.0,0.22166666666666668,78.36666666666666,68.06666666666666,1.0,27.54,31.896666666666665
Singapore,Singapore,2024,7,28.896551724137932,3.651340996168582,100855.1724137931,0.04448275862068966,74.55172413793103,52.310344827586206,1.0,15.76206896551724,20.396551724137932
Singapore,Singapore,2024,8,28.809677419354838,3.710573476702509,100938.70967741935,0.016774193548387096,73.0,52.806451612903224,1.0,17.34193548387097,21.096774193548388
Singapore,Singapore,2024,9,29.69333333333333,3.265740740740741,100793.33333333333,0.376,68.43333333333334,73.33333333333333,3.6333333333333333,26.057833333333335,39.63066666666667
Singapore,Singapore,2024,10,29.706451612903226,3.491039426523298,100774.19354838709,0.14258064516129032,70.38709677419355,63.67741935483871,3.206451612903226,24.521451612903224,37.53709677419355
Singapore,Singapore,2024,11,27.966666666666665,2.9777777777777783,100713.33333333333,0.822,80.36666666666666,64.2,2.3433333333333333,23.852666666666668,29.834333333333333
Singapore,Singapore,2024,12,28.48709677419355,4.633512544802868,100725.80645161291,0.4851612903225806,74.74193548387096,64.41935483870968,0.45483870967741935,27.851451612903226,30.63241935483871
Singapore,Singapore,2025,1,28.0,5.312724014336918,100854.83870967742,1.0874193548387097,73.74193548387096,71.3225806451613,0.4612903225806452,24.15741935483871,28.53774193548387
Singapore,Singapore,2025,2,29.192857142857143,4.769841269841271,100871.42857142857,0.2942857142857143,67.14285714285714,71.42857142857143,0.6,26.34267857142857,31.80017857142857
Singapore,Singapore,2025,3,29.393548387096775,4.166666666666667,100764.51612903226,0.8822580645161291,72.29032258064517,73.38709677419355,1.8774193548387097,29.25983870967742,33.3716129032258
Singapore,Singapore,2025,4,29.946666666666665,3.0490740740740745,100753.33333333333,0.5476666666666666,71.23333333333333,63.733333333333334,2.7333333333333334,30.88883333333333,32.615500000000004
Singapore,Singapore,2025,5,30.993548387096777,3.596774193548387,100674.19354838709,0.13064516129032258,67.09677419354838,70.16129032258064,3.0999999999999996,29.743225806451612,31.551451612903225
Singapore,Singapore,2025,6,31.263333333333332,3.5685185185185184,100783.33333333333,0.17766666666666667,62.86666666666667,70.0,2.7066666666666666,28.101499999999998,30.241333333333333
Singapore,Singapore,2025,7,31.54516129032258,4.188172043010753,100745.16129032258,0.11741935483870967,61.483870967741936,74.19354838709677,4.012903225806451,25.506129032258066,27.171129032258065
Singapore,Singapore,2025,8,30.23548387096774,4.288530465949822,100874.19354838709,0.18516129032258066,65.16129032258064,70.96774193548387,4.087096774193548,21.477903225806454,23.166774193548385
Singapore,Singapore,2025,9,29.92,3.7916666666666665,100890.0,0.23800000000000002,67.1,66.66666666666667,4.836666666666667,22.796166666666668,23.78666666666667
Singapore,Singapore,2025,10,31.383870967741935,4.170250896057348,100809.67741935483,0.22516129032258067,59.806451612903224,67.3225806451613,6.751612903225807,17.27258064516129,17.98548387096774
Singapore,Singapore,2025,11,30.48,4.780555555555555,100766.66666666667,0.25066666666666665,68.13333333333334,64.16666666666667,6.256666666666666,14.343333333333334,14.8
Singapore,Singapore,2025,12,29.951612903225808,3.776881720430108,100874.19354838709,0.83,69.80645161290323,68.93548387096774,6.503225806451613,12.379032258064516,13.97258064516129
Singapore,Singapore,2026,1,30.8,4.799074074074074,101146.66666666667,0.25866666666666666,58.0,69.16666666666667,7.116666666666666,12.46,15.846666666666666
Singapore,Singapore,2026,2,31.150000000000002,4.902777777777778,101266.66666666667,0.525,57.833333333333336,66.66666666666667,9.700000000000001,10.383333333333333,13.333333333333334
Slovakia,Bratislava,2024,5,21.235294117647058,4.3431372549019605,101258.82352941176,0.09176470588235294,59.35294117647059,36.76470588235294,5.0588235294117645,2.4647058823529413,2.7588235294117647
Slovakia,Bratislava,2024,6,25.433333333333334,4.1231481481481485,101320.0,0.4713333333333333,54.7,23.1,6.033333333333333,3.75,4.833333333333333
Slovakia,Bratislava,2024,7,29.25357142857143,4.069444444444445,101389.28571428571,0.017499999999999998,40.42857142857143,14.964285714285714,7.178571428571429,4.046428571428572,4.710714285714286
Slovakia,Bratislava,2024,8,30.19677419354839,3.3969534050179213,101403.2258064516,0.006774193548387097,40.645161290322584,19.483870967741936,7.548387096774194,5.33225806451613,5.996774193548387
Slovakia,Bratislava,2024,9,20.779999999999998,4.925,101433.33333333333,0.23066666666666666,57.43333333333333,25.0,5.4,12.537333333333333,17.160166666666665
Slovakia,Bratislava,2024,10,13.7,4.091397849462366,102009.67741935483,0.04483870967741936,73.51612903225806,38.774193548387096,1.967741935483871,23.21451612903226,28.01258064516129
Slovakia,Bratislava,2024,11,5.636666666666667,3.808333333333333,102353.33333333333,0.014666666666666666,75.43333333333334,45.3,0.7166666666666667,33.485,37.6105
Slovakia,Bratislava,2024,12,4.319354838709677,4.293010752688172,102316.12903225806,0.05967741935483871,77.83870967741936,43.61290322580645,0.5548387096774193,31.837903225806453,35.5916129032258
Slovakia,Bratislava,2025,1,3.3806451612903223,4.279569892473119,102029.03225806452,0.005483870967741936,82.16129032258064,55.61290322580645,0.6967741935483871,34.33241935483871,37.45951612903226
Slovakia,Bratislava,2025,2,3.007142857142857,3.7589285714285716,102785.71428571429,0.03392857142857143,62.107142857142854,32.142857142857146,1.217857142857143,33.557678571428575,36.596964285714286
Slovakia,Bratislava,2025,3,10.264516129032257,4.521505376344087,101645.16129032258,0.06225806451612903,63.0,33.87096774193548,1.9516129032258065,27.696290322580648,31.36048387096774
Slovakia,Bratislava,2025,4,14.4,5.126851851851852,101693.33333333333,0.04733333333333334,59.43333333333333,30.0,3.1166666666666667,17.211166666666667,20.757
Slovakia,Bratislava,2025,5,16.18064516129032,3.9516129032258065,101525.80645161291,0.07774193548387097,57.935483870967744,33.87096774193548,3.358064516129032,13.70790322580645,16.500806451612902
Slovakia,Bratislava,2025,6,23.433333333333334,4.104629629629629,101910.0,0.007000000000000001,52.63333333333333,19.166666666666668,5.1899999999999995,11.618,14.596499999999999
Slovakia,Bratislava,2025,7,22.893548387096775,4.444444444444445,101341.93548387097,0.05290322580645162,59.67741935483871,23.387096774193548,4.087096774193548,10.061612903225807,12.788870967741936
Slovakia,Bratislava,2025,8,21.787096774193547,3.624551971326165,101635.48387096774,0.01129032258064516,56.516129032258064,9.67741935483871,3.3,13.063387096774193,17.837580645161292
Slovakia,Bratislava,2025,9,17.586666666666666,3.5990740740740743,101846.66666666667,0.08966666666666666,74.8,30.0,1.6133333333333333,12.487166666666667,15.763166666666667
Slovakia,Bratislava,2025,10,10.661290322580646,4.634408602150537,101706.45161290323,0.0635483870967742,75.0,32.25806451612903,0.45806451612903226,11.130645161290323,12.656451612903227
Slovakia,Bratislava,2025,11,4.67,3.278703703703704,101626.66666666667,0.12833333333333333,88.63333333333334,51.166666666666664,0.14333333333333334,20.94333333333333,23.05
Slovakia,Bratislava,2025,12,2.770967741935484,2.7302867383512543,102170.96774193548,0.01838709677419355,92.19354838709677,75.48387096774194,0.0,26.108064516129033,28.77258064516129
Slovakia,Bratislava,2026,1,-1.6933333333333336,3.300925925925926,101120.0,0.02733333333333333,83.7,51.666666666666664,0.010000000000000002,23.44,25.32
Slovakia,Bratislava,2026,2,1.7833333333333332,3.9166666666666665,100483.33333333333,0.075,89.66666666666667,87.5,0.06666666666666667,20.25,22.2
Slovenia,Ljubljana,2024,5,19.294117647058822,3.264705882352941,101252.94117647059,0.9647058823529413,66.29411764705883,58.8235294117647,4.529411764705882,2.0470588235294116,2.7176470588235295
Slovenia,Ljubljana,2024,6,24.57,3.0148148148148146,101380.0,0.16066666666666668,57.733333333333334,58.13333333333333,5.733333333333333,4.303333333333333,10.143333333333333
Slovenia,Ljubljana,2024,7,28.54137931034483,2.711685823754789,101420.68965517242,0.10758620689655173,48.37931034482759,43.96551724137931,6.827586206896552,4.893103448275863,6.193103448275862
Slovenia,Ljubljana,2024,8,29.91290322580645,1.8163082437275986,101435.48387096774,0.18935483870967743,46.54838709677419,41.16129032258065,7.096774193548387,4.809677419354839,5.774193548387097
Slovenia,Ljubljana,2024,9,20.173333333333336,2.598148148148148,101460.0,0.8320000000000001,60.53333333333333,56.666666666666664,4.933333333333334,10.7955,14.811833333333334
Slovenia,Ljubljana,2024,10,14.283870967741937,1.431003584229391,102048.3870967742,0.19548387096774195,83.58064516129032,68.80645161290323,1.6935483870967742,26.275967741935485,32.48241935483871
Slovenia,Ljubljana,2024,11,6.446666666666667,1.2064814814814815,102370.0,0.07866666666666666,77.73333333333333,44.53333333333333,0.8133333333333332,48.53783333333333,55.759
Slovenia,Ljubljana,2024,12,3.9000000000000004,1.3727598566308243,102312.90322580645,0.00903225806451613,77.96774193548387,44.58064516129032,0.7193548387096774,44.024032258064516,49.89032258064517
Slovenia,Ljubljana,2025,1,3.964516129032258,1.9516129032258065,102103.2258064516,0.10967741935483871,88.12903225806451,75.0,0.7774193548387097,36.76129032258064,41.81
Slovenia,Ljubljana,2025,2,3.2285714285714286,1.376984126984127,102585.71428571429,0.17107142857142857,78.21428571428571,71.42857142857143,1.0714285714285714,47.637499999999996,52.62589285714286
Slovenia,Ljubljana,2025,3,8.903225806451612,1.7750896057347672,101645.16129032258,0.3161290322580645,70.48387096774194,48.38709677419355,1.7838709677419353,29.450806451612905,34.708387096774196
Slovenia,Ljubljana,2025,4,13.943333333333333,2.5722222222222224,101710.0,0.121,61.43333333333333,50.0,2.856666666666667,23.458000000000002,29.260833333333334
Slovenia,Ljubljana,2025,5,17.10967741935484,1.800179211469534,101548.3870967742,0.1406451612903226,61.29032258064516,48.38709677419355,3.529032258064516,19.866612903225807,24.312580645161294
Slovenia,Ljubljana,2025,6,24.483333333333334,2.5972222222222223,102006.66666666667,0.08800000000000001,55.93333333333333,32.5,5.4366666666666665,14.109333333333332,19.542166666666667
Slovenia,Ljubljana,2025,7,22.47741935483871,1.7186379928315412,101467.74193548386,0.27161290322580645,64.61290322580645,42.74193548387097,4.283870967741936,14.125645161290322,17.84951612903226
Slovenia,Ljubljana,2025,8,21.703225806451613,1.485663082437276,101706.45161290323,0.04,70.12903225806451,37.096774193548384,2.858064516129032,19.478709677419356,24.40806451612903
Slovenia,Ljubljana,2025,9,18.69333333333333,1.2796296296296297,101853.33333333333,0.3466666666666667,80.93333333333334,51.666666666666664,1.5866666666666667,20.250833333333333,25.179333333333332
Slovenia,Ljubljana,2025,10,10.651612903225805,1.096774193548387,101774.19354838709,0.26999999999999996,83.58064516129032,50.32258064516129,0.5451612903225806,17.70483870967742,21.15
Slovenia,Ljubljana,2025,11,3.123333333333333,1.1972222222222222,101613.33333333333,0.23166666666666666,93.7,55.666666666666664,0.14666666666666667,21.886666666666667,25.290000000000003
Slovenia,Ljubljana,2025,12,1.6967741935483869,1.0869175627240142,102077.41935483871,0.03580645161290323,94.38709677419355,57.74193548387097,0.0,41.13709677419355,46.06935483870968
Slovenia,Ljubljana,2026,1,-1.6233333333333333,1.1574074074074074,101040.0,0.11833333333333333,91.06666666666666,80.66666666666667,0.013333333333333334,32.903333333333336,37.28
Slovenia,Ljubljana,2026,2,1.6666666666666667,1.0833333333333333,100250.0,0.2316666666666667,96.5,95.83333333333333,0.03333333333333333,33.38333333333333,35.31666666666667
Solomon Islands,Honiara,2024,5,25.98125,2.6527777777777777,100975.0,1.0375,90.25,55.3125,1.0,0.575,0.76875
Solomon Islands,Honiara,2024,6,25.423333333333336,2.4314814814814816,101130.0,0.09933333333333333,88.86666666666666,53.766666666666666,1.0,0.7933333333333333,1.35
Solomon Islands,Honiara,2024,7,25.209999999999997,2.712962962962963,101123.33333333333,0.025666666666666667,88.16666666666667,51.333333333333336,1.0,1.18,2.336666666666667
Solomon Islands,Honiara,2024,8,25.206451612903226,3.425627240143369,101264.51612903226,0.10516129032258065,88.3225806451613,55.25806451612903,1.0,1.1548387096774193,2.0903225806451613
Solomon Islands,Honiara,2024,9,26.006666666666668,2.926851851851852,101100.0,0.059666666666666666,87.3,48.13333333333333,1.0,5.3253,8.737400000000001
Solomon Islands,Honiara,2024,10,26.683870967741935,2.817204301075269,101035.48387096774,0.27129032258064517,86.64516129032258,60.32258064516129,0.2903225806451613,3.145,4.899516129032258
Solomon Islands,Honiara,2024,11,27.48,2.1796296296296296,100900.0,0.146,86.0,60.6,0.03333333333333333,2.923,4.008333333333334
Solomon Islands,Honiara,2024,12,26.583870967741937,1.603942652329749,100861.29032258065,0.25709677419354837,89.54838709677419,64.19354838709677,0.0,4.302741935483871,5.603709677419355
Solomon Islands,Honiara,2025,1,26.62258064516129,1.6801075268817205,100861.29032258065,0.8648387096774194,90.54838709677419,65.96774193548387,0.03225806451612903,2.554193548387097,3.055483870967742
Solomon Islands,Honiara,2025,2,26.571428571428573,2.069444444444444,100907.14285714286,0.5617857142857143,89.67857142857143,70.10714285714286,0.0,5.807678571428572,7.836071428571429
Solomon Islands,Honiara,2025,3,26.858064516129033,2.2517921146953404,101006.45161290323,0.43290322580645163,88.35483870967742,63.74193548387097,0.0,3.4254838709677418,4.833870967741936
Solomon Islands,Honiara,2025,4,27.016666666666666,2.237037037037037,100903.33333333333,0.5513333333333333,88.5,66.56666666666666,0.0,2.2138333333333335,2.9908333333333337
Solomon Islands,Honiara,2025,5,27.27741935483871,2.9417562724014337,100906.45161290323,0.3480645161290322,87.96774193548387,63.483870967741936,0.0,2.6079032258064516,3.7358064516129033
Solomon Islands,Honiara,2025,6,26.84,3.676851851851852,100983.33333333333,0.2906666666666667,89.2,64.06666666666666,0.0,4.285833333333333,5.932333333333333
Solomon Islands,Honiara,2025,7,26.893548387096775,3.387992831541219,100964.51612903226,0.2232258064516129,87.16129032258064,65.58064516129032,0.0,3.091290322580645,3.9804838709677424
Solomon Islands,Honiara,2025,8,27.770967741935483,3.03494623655914,100967.74193548386,0.22064516129032258,82.41935483870968,64.83870967741936,0.0,3.980483870967742,5.2575806451612905
Solomon Islands,Honiara,2025,9,27.86,3.560185185185185,101000.0,0.24466666666666667,82.43333333333334,61.93333333333333,0.010000000000000002,3.1753333333333336,4.1658333333333335
Solomon Islands,Honiara,2025,10,28.05483870967742,3.420250896057348,100906.45161290323,0.3319354838709678,81.16129032258064,60.83870967741935,0.1903225806451613,2.614516129032258,3.1596774193548387
Solomon Islands,Honiara,2025,11,28.576666666666664,1.588888888888889,100703.33333333333,0.38466666666666666,78.86666666666666,57.93333333333333,0.13,2.853333333333333,3.3466666666666667
Solomon Islands,Honiara,2025,12,28.97741935483871,1.5734767025089607,100603.2258064516,0.6951612903225807,79.74193548387096,67.74193548387096,0.1709677419354839,3.075806451612903,3.414516129032258
Solomon Islands,Honiara,2026,1,28.60666666666667,2.6712962962962967,100503.33333333333,1.2236666666666667,82.13333333333334,79.36666666666666,0.1766666666666667,2.8266666666666667,3.283333333333333
Solomon Islands,Honiara,2026,2,28.53333333333333,2.8703703703703702,100716.66666666667,0.56,82.16666666666667,70.83333333333333,0.16666666666666666,1.9333333333333333,2.3000000000000003
Somalia,Mogadishu,2024,5,29.599999999999998,7.7826797385620905,100994.11764705883,0.025294117647058825,79.58823529411765,37.64705882352941,6.176470588235294,3.1470588235294117,10.776470588235293
Somalia,Mogadishu,2024,6,28.526666666666664,9.078703703703704,101143.33333333333,0.034333333333333334,76.8,50.333333333333336,6.433333333333334,2.61,8.69
Somalia,Mogadishu,2024,7,27.592857142857145,8.511904761904763,101175.0,0.026785714285714284,75.53571428571429,62.25,6.428571428571429,2.0,7.582142857142857
Somalia,Mogadishu,2024,8,27.5258064516129,8.533154121863799,101235.48387096774,0.03258064516129032,74.09677419354838,58.32258064516129,6.32258064516129,2.0935483870967744,6.916129032258064
Somalia,Mogadishu,2024,9,28.94,8.055555555555555,101256.66666666667,0.019000000000000003,73.43333333333334,57.43333333333333,6.4,13.576166666666666,24.945833333333333
Somalia,Mogadishu,2024,10,28.296774193548387,6.603942652329749,101251.6129032258,0.006774193548387097,71.54838709677419,43.54838709677419,10.396774193548387,14.835806451612903,26.98016129032258
Somalia,Mogadishu,2024,11,29.783333333333335,5.109259259259259,101166.66666666667,0.06899999999999999,75.03333333333333,47.266666666666666,10.49,15.330333333333332,22.4035
Somalia,Mogadishu,2024,12,29.516129032258064,8.840501792114695,101080.64516129032,0.0003225806451612903,68.0,25.193548387096776,9.745161290322581,24.74225806451613,41.732419354838704
Somalia,Mogadishu,2025,1,28.758064516129032,9.56720430107527,101093.54838709677,0.0,70.35483870967742,24.193548387096776,10.290322580645162,20.17096774193548,31.00241935483871
Somalia,Mogadishu,2025,2,29.15357142857143,9.25297619047619,101121.42857142857,0.0,70.96428571428571,18.25,11.796428571428573,23.197678571428572,31.370714285714286
Somalia,Mogadishu,2025,3,30.18064516129032,6.892473118279571,101058.06451612903,0.022580645161290325,73.64516129032258,26.741935483870968,13.741935483870968,17.640645161290323,24.425967741935484
Somalia,Mogadishu,2025,4,31.153333333333332,4.773148148148149,101120.0,0.15266666666666667,74.53333333333333,51.666666666666664,12.103333333333333,11.513166666666667,18.944000000000003
Somalia,Mogadishu,2025,5,30.061290322580643,7.320788530465951,101235.48387096774,0.024516129032258065,78.45161290322581,46.16129032258065,10.883870967741935,9.023225806451613,13.212580645161289
Somalia,Mogadishu,2025,6,28.88,8.54814814814815,101440.0,0.058,76.93333333333334,60.766666666666666,10.446666666666665,12.364166666666668,18.937833333333334
Somalia,Mogadishu,2025,7,28.216129032258067,9.275089605734767,101587.09677419355,0.015806451612903224,76.83870967741936,56.45161290322581,9.932258064516128,13.469193548387098,20.916935483870965
Somalia,Mogadishu,2025,8,27.241935483870968,8.411290322580646,101532.25806451614,0.02032258064516129,76.87096774193549,49.87096774193548,10.693548387096774,13.940645161290321,21.233225806451614
Somalia,Mogadishu,2025,9,28.279999999999998,7.7444444444444445,101513.33333333333,0.012666666666666666,76.66666666666667,57.833333333333336,11.326666666666666,13.5925,20.50766666666667
Somalia,Mogadishu,2025,10,28.358064516129033,6.138888888888889,101364.51612903226,0.010967741935483872,78.48387096774194,43.516129032258064,10.087096774193547,9.02741935483871,13.827419354838709
Somalia,Mogadishu,2025,11,28.75,6.066666666666666,101426.66666666667,0.025333333333333333,74.03333333333333,54.46666666666667,8.486666666666666,10.29,15.063333333333333
Somalia,Mogadishu,2025,12,28.52258064516129,7.257168458781362,101283.87096774194,0.0025806451612903226,77.41935483870968,56.45161290322581,7.458064516129032,10.662903225806453,14.053225806451612
Somalia,Mogadishu,2026,1,27.62,8.891666666666667,101420.0,0.0013333333333333333,72.46666666666667,35.3,8.333333333333334,10.533333333333333,15.443333333333333
Somalia,Mogadishu,2026,2,27.53333333333333,7.731481481481482,101466.66666666667,0.0,78.16666666666667,50.0,8.466666666666667,10.183333333333334,13.816666666666668
South Africa,Pretoria,2024,5,23.023529411764706,3.2140522875816995,102558.82352941176,0.0,27.058823529411764,0.0,6.882352941176471,49.3235294117647,63.48235294117647
South Africa,Pretoria,2024,6,18.946666666666665,3.513888888888889,102566.66666666667,0.057666666666666665,29.666666666666668,5.233333333333333,6.233333333333333,32.483333333333334,41.656666666666666
South Africa,Pretoria,2024,7,20.593103448275862,4.351532567049809,102027.58620689655,0.0,14.448275862068966,0.2413793103448276,6.206896551724138,32.62068965517241,42.76206896551724
South Africa,Pretoria,2024,8,23.629032258064516,3.64247311827957,102196.7741935484,0.0,18.032258064516128,0.3225806451612903,7.258064516129032,21.62258064516129,31.387096774193548
South Africa,Pretoria,2024,9,23.933333333333334,4.362037037037037,102206.66666666667,0.008666666666666666,30.433333333333334,4.533333333333333,7.533333333333333,21.918,31.715333333333334
South Africa,Pretoria,2024,10,24.138709677419353,3.862007168458782,102235.48387096774,0.0012903225806451613,32.32258064516129,3.4516129032258065,9.009677419354839,21.561451612903223,31.927419354838708
South Africa,Pretoria,2024,11,25.696666666666665,3.85,102033.33333333333,0.0026666666666666666,41.43333333333333,14.0,10.176666666666668,22.348,25.493
South Africa,Pretoria,2024,12,27.580645161290324,4.17562724014337,101825.80645161291,0.2529032258064516,46.354838709677416,18.096774193548388,11.525806451612903,18.344838709677422,18.607419354838708
South Africa,Pretoria,2025,1,26.42258064516129,3.2284946236559144,101664.51612903226,0.14129032258064517,53.483870967741936,8.35483870967742,11.63225806451613,19.741290322580646,19.90838709677419
South Africa,Pretoria,2025,2,26.075,3.2251984126984126,101467.85714285714,0.2275,53.107142857142854,35.892857142857146,10.932142857142859,21.585535714285715,21.816785714285714
South Africa,Pretoria,2025,3,23.887096774193548,2.5824372759856633,102364.51612903226,0.08580645161290323,59.41935483870968,18.967741935483872,9.919354838709678,37.292419354838714,37.734032258064516
South Africa,Pretoria,2025,4,20.03666666666667,3.0472222222222225,102430.0,0.11233333333333334,64.6,11.7,6.3533333333333335,35.19316666666667,35.532333333333334
South Africa,Pretoria,2025,5,17.548387096774192,2.4310035842293907,102938.70967741935,0.000967741935483871,48.935483870967744,2.2580645161290325,4.558064516129033,79.30532258064517,80.12887096774193
South Africa,Pretoria,2025,6,14.520000000000001,2.7222222222222223,102876.66666666667,0.0006666666666666666,45.7,0.0,3.5566666666666666,112.84383333333334,114.84183333333334
South Africa,Pretoria,2025,7,13.980645161290322,2.362007168458782,103119.35483870968,0.0006451612903225806,48.45161290322581,0.22580645161290322,3.2935483870967746,114.44935483870967,115.79209677419354
South Africa,Pretoria,2025,8,16.654838709677417,2.8870967741935485,102767.74193548386,0.005483870967741936,42.83870967741935,0.0,3.9645161290322584,63.07306451612903,64.07564516129032
South Africa,Pretoria,2025,9,20.12,3.892592592592593,102580.0,0.013000000000000001,45.333333333333336,0.0,4.39,32.974833333333336,33.520833333333336
South Africa,Pretoria,2025,10,20.187096774193545,3.7195340501792113,102509.67741935483,0.011935483870967743,54.54838709677419,8.064516129032258,5.712903225806452,16.48548387096774,16.70483870967742
South Africa,Pretoria,2025,11,19.240000000000002,3.5564814814814816,102386.66666666667,0.08900000000000001,71.8,8.466666666666667,4.903333333333333,18.1,18.236666666666668
South Africa,Pretoria,2025,12,20.23548387096774,3.3862007168458783,102229.03225806452,0.10838709677419354,73.19354838709677,2.4193548387096775,5.354838709677419,14.433870967741935,14.514516129032257
South Africa,Pretoria,2026,1,21.07,2.939814814814815,102020.0,0.042,71.7,9.766666666666667,5.923333333333333,16.516666666666666,16.583333333333332
South Africa,Pretoria,2026,2,21.033333333333335,2.6990740740740744,102483.33333333333,0.0,68.0,0.0,5.783333333333334,14.950000000000001,15.049999999999999
South Korea,Seoul,2024,5,16.705882352941178,2.176470588235294,101241.17647058824,0.001764705882352941,83.11764705882354,19.11764705882353,1.2352941176470589,38.6764705882353,47.07058823529412
South Korea,Seoul,2024,6,21.733333333333334,1.777777777777778,100786.66666666667,0.102,72.23333333333333,22.633333333333333,1.0,29.1,34.473333333333336
South Korea,Seoul,2024,7,25.47142857142857,2.8293650793650795,100646.42857142857,0.5707142857142857,89.92857142857143,65.89285714285714,1.0,30.75714285714286,35.635714285714286
South Korea,Seoul,2024,8,28.183870967741935,1.9077060931899643,100700.0,0.13838709677419356,79.0,23.0,1.0,51.45483870967742,57.093548387096774
South Korea,Seoul,2024,9,25.613333333333333,1.9898148148148147,101253.33333333333,0.22833333333333333,80.73333333333333,26.666666666666668,2.0,30.13083333333333,44.56783333333333
South Korea,Seoul,2024,10,18.283870967741933,2.341397849462366,101912.90322580645,0.11290322580645161,66.45161290322581,25.612903225806452,1.1935483870967742,41.71451612903226,62.69112903225806
South Korea,Seoul,2024,11,11.896666666666667,2.740740740740741,102100.0,0.050666666666666665,57.5,21.3,0.03333333333333333,51.27583333333334,63.87433333333333
South Korea,Seoul,2024,12,0.5612903225806452,2.8252688172043015,102319.35483870968,0.006774193548387097,59.645161290322584,12.548387096774194,0.0,57.60064516129032,62.91790322580645
South Korea,Seoul,2025,1,-0.8258064516129031,2.3664874551971327,102393.54838709677,0.012258064516129033,64.96774193548387,21.967741935483872,0.03225806451612903,66.63580645161291,72.32306451612902
South Korea,Seoul,2025,2,-0.003571428571428749,3.683531746031746,102371.42857142857,0.0017857142857142859,55.5,8.035714285714286,0.0,52.43428571428571,64.71696428571428
South Korea,Seoul,2025,3,9.66451612903226,4.134408602150538,101725.80645161291,0.07677419354838708,47.38709677419355,15.483870967741936,0.06774193548387097,78.73838709677419,98.235
South Korea,Seoul,2025,4,15.79,4.025,101010.0,0.17066666666666666,52.93333333333333,24.8,0.38333333333333336,68.34516666666667,85.35283333333334
South Korea,Seoul,2025,5,20.416129032258063,3.595878136200717,100980.64516129032,0.08096774193548388,60.25806451612903,28.225806451612904,0.7064516129032258,72.86016129032258,83.30967741935484
South Korea,Seoul,2025,6,26.326666666666668,3.8861111111111115,100613.33333333333,0.07666666666666666,65.03333333333333,28.533333333333335,0.9233333333333333,69.32566666666666,76.82433333333333
South Korea,Seoul,2025,7,31.112903225806452,3.314516129032258,100593.54838709677,0.07548387096774195,70.7741935483871,49.193548387096776,1.3161290322580643,44.17322580645161,45.354838709677416
South Korea,Seoul,2025,8,30.938709677419357,3.517025089605735,100793.54838709677,0.13999999999999999,70.09677419354838,50.0,1.229032258064516,60.21451612903226,61.61693548387097
South Korea,Seoul,2025,9,27.003333333333334,2.575,101203.33333333333,0.10099999999999999,63.7,38.4,0.8933333333333333,53.37683333333334,56.934666666666665
South Korea,Seoul,2025,10,19.64516129032258,2.6505376344086025,101906.45161290323,0.13193548387096773,67.93548387096774,54.03225806451613,0.4774193548387097,23.688709677419357,25.108064516129033
South Korea,Seoul,2025,11,12.936666666666667,3.738888888888889,102100.0,0.0003333333333333333,49.833333333333336,21.666666666666668,0.39333333333333337,39.440000000000005,44.056666666666665
South Korea,Seoul,2025,12,4.429032258064516,3.1594982078853047,102312.90322580645,0.0929032258064516,54.96774193548387,33.87096774193548,0.25806451612903225,29.601612903225806,32.16290322580645
South Korea,Seoul,2026,1,0.08333333333333333,3.877777777777778,102363.33333333333,0.027000000000000003,39.766666666666666,19.166666666666668,0.3766666666666667,26.540000000000003,30.08
South Korea,Seoul,2026,2,2.216666666666667,2.7685185185185186,102383.33333333333,0.0,47.666666666666664,27.333333333333332,0.6666666666666666,39.86666666666667,44.15
Spain,Madrid,2024,5,24.13529411764706,3.9215686274509807,101311.76470588235,0.0,28.941176470588236,17.058823529411764,6.0588235294117645,1.488235294117647,2.135294117647059
Spain,Madrid,2024,6,26.709999999999997,3.680555555555556,101453.33333333333,0.022000000000000002,36.5,28.133333333333333,7.033333333333333,2.24,5.63
Spain,Madrid,2024,7,33.760714285714286,3.166666666666667,101503.57142857143,0.0,21.0,4.178571428571429,8.464285714285714,3.6999999999999997,8.803571428571429
Spain,Madrid,2024,8,32.9,2.413082437275986,101461.29032258065,0.0035483870967741938,27.0,6.354838709677419,8.096774193548388,4.306451612903226,7.164516129032258
Spain,Madrid,2024,9,22.456666666666667,3.1842592592592593,101736.66666666667,0.027333333333333334,44.43333333333333,18.333333333333332,6.166666666666667,10.637,15.572333333333331
Spain,Madrid,2024,10,16.48709677419355,4.10931899641577,101758.06451612903,0.04161290322580645,69.96774193548387,35.96774193548387,2.238709677419355,19.794999999999998,28.006612903225808
Spain,Madrid,2024,11,11.533333333333333,2.7703703703703706,102293.33333333333,0.009333333333333334,79.36666666666666,35.63333333333333,0.5666666666666667,33.77483333333333,46.42883333333334
Spain,Madrid,2024,12,8.183870967741935,2.060035842293907,102854.83870967742,0.0032258064516129032,70.29032258064517,19.548387096774192,0.9032258064516129,31.444032258064517,41.78612903225806
Spain,Madrid,2025,1,7.067741935483871,3.7186379928315416,102216.12903225806,0.18193548387096772,79.41935483870968,44.03225806451613,0.8354838709677419,26.419193548387096,34.05193548387097
Spain,Madrid,2025,2,8.475,2.1259920634920637,102278.57142857143,0.0014285714285714286,72.89285714285714,23.214285714285715,1.5,35.48035714285714,44.78321428571429
Spain,Madrid,2025,3,8.541935483870969,4.261648745519714,101270.96774193548,0.2532258064516129,77.6774193548387,60.483870967741936,1.1709677419354838,17.84951612903226,23.226451612903226
Spain,Madrid,2025,4,13.106666666666666,3.160185185185185,101543.33333333333,0.025666666666666667,69.66666666666667,35.0,2.2800000000000002,18.845333333333333,24.716
Spain,Madrid,2025,5,17.05806451612903,2.7096774193548385,101780.64516129032,0.08258064516129032,59.516129032258064,24.193548387096776,2.796774193548387,16.864838709677418,22.772903225806452
Spain,Madrid,2025,6,25.59,2.156481481481481,102066.66666666667,0.0003333333333333333,44.03333333333333,2.5,3.6133333333333337,22.489833333333333,35.84066666666667
Spain,Madrid,2025,7,24.506451612903227,3.066308243727599,101877.41935483871,0.0,44.54838709677419,3.225806451612903,3.0354838709677416,13.731774193548388,20.714032258064517
Spain,Madrid,2025,8,25.258064516129032,2.3440860215053765,101877.41935483871,0.0,41.064516129032256,0.8064516129032258,1.429032258064516,22.289516129032258,34.04
Spain,Madrid,2025,9,18.506666666666668,2.810185185185185,102036.66666666667,0.0,52.7,6.666666666666667,0.87,18.1915,27.432666666666666
Spain,Madrid,2025,10,14.17741935483871,3.1621863799283156,101980.64516129032,0.01129032258064516,70.83870967741936,24.193548387096776,0.2129032258064516,10.801612903225807,16.93064516129032
Spain,Madrid,2025,11,6.496666666666667,2.4990740740740742,101796.66666666667,0.020000000000000004,85.3,29.5,0.02666666666666667,11.673333333333334,15.963333333333333
Spain,Madrid,2025,12,5.551612903225807,2.7795698924731185,101651.6129032258,0.13741935483870968,89.35483870967742,56.45161290322581,0.0,13.430645161290323,16.566129032258065
Spain,Madrid,2026,1,3.8466666666666667,3.7018518518518517,101170.0,0.2033333333333333,89.93333333333334,51.833333333333336,0.0,10.733333333333333,14.116666666666667
Spain,Madrid,2026,2,6.116666666666667,5.217592592592593,99883.33333333333,0.21,93.33333333333333,66.66666666666667,0.0,4.533333333333333,6.066666666666666
Sri Lanka,Colombo,2024,5,27.052941176470586,4.184640522875817,100652.94117647059,1.2782352941176471,90.3529411764706,69.52941176470588,1.2941176470588236,3.052941176470588,7.3
Sri Lanka,Colombo,2024,6,28.34,4.549074074074074,100816.66666666667,0.5016666666666667,83.6,56.53333333333333,1.0,2.3400000000000003,6.2733333333333325
Sri Lanka,Colombo,2024,7,28.650000000000002,4.4771825396825395,100753.57142857143,0.4471428571428571,82.14285714285714,62.714285714285715,3.9642857142857144,2.525,6.885714285714286
Sri Lanka,Colombo,2024,8,28.77741935483871,3.8234767025089607,100816.12903225806,0.5506451612903226,79.16129032258064,57.54838709677419,3.7419354838709675,2.835483870967742,6.699999999999999
Sri Lanka,Colombo,2024,9,31.15666666666667,4.509259259259259,100790.0,0.6233333333333333,71.2,48.333333333333336,5.166666666666667,21.18616666666667,41.48800000000001
Sri Lanka,Colombo,2024,10,28.91290322580645,4.939068100358423,100819.35483870968,0.6335483870967742,78.87096774193549,61.38709677419355,4.645161290322581,17.54516129032258,29.701451612903227
Sri Lanka,Colombo,2024,11,29.216666666666665,4.746296296296296,100740.0,0.414,75.0,62.13333333333333,4.613333333333333,33.73166666666667,42.728833333333334
Sri Lanka,Colombo,2024,12,29.60967741935484,4.9121863799283165,100767.74193548386,0.24387096774193548,70.16129032258064,53.516129032258064,1.238709677419355,39.637741935483874,43.73758064516129
Sri Lanka,Colombo,2025,1,29.206451612903226,4.517025089605735,100774.19354838709,0.5896774193548387,72.12903225806451,54.70967741935484,1.3225806451612903,38.09806451612903,40.53290322580645
Sri Lanka,Colombo,2025,2,31.928571428571427,4.732142857142857,100864.28571428571,0.17357142857142857,61.0,32.92857142857143,2.4857142857142853,59.15375,62.08732142857143
Sri Lanka,Colombo,2025,3,31.451612903225808,4.515232974910394,100822.58064516129,0.587741935483871,68.25806451612904,46.225806451612904,3.8806451612903223,62.51806451612903,66.28967741935485
Sri Lanka,Colombo,2025,4,31.943333333333335,4.17037037037037,100816.66666666667,0.3813333333333333,71.9,52.5,7.093333333333334,29.125166666666665,34.434666666666665
Sri Lanka,Colombo,2025,5,30.970967741935485,5.956989247311829,100732.25806451614,0.48193548387096774,77.35483870967742,56.064516129032256,6.238709677419355,20.779677419354837,31.15758064516129
Sri Lanka,Colombo,2025,6,30.526666666666664,6.075925925925927,100820.0,0.3406666666666667,77.93333333333334,53.7,5.823333333333333,19.677833333333336,33.275333333333336
Sri Lanka,Colombo,2025,7,30.190322580645162,6.224910394265233,100809.67741935483,0.38838709677419353,75.7741935483871,52.096774193548384,5.648387096774194,22.486451612903227,35.49612903225807
Sri Lanka,Colombo,2025,8,30.074193548387097,6.077060931899641,100948.3870967742,0.3138709677419355,75.64516129032258,48.38709677419355,9.04516129032258,24.682580645161288,35.38274193548387
Sri Lanka,Colombo,2025,9,30.283333333333335,5.918518518518519,100930.0,0.5206666666666666,76.8,54.333333333333336,10.226666666666667,21.791333333333334,31.015
Sri Lanka,Colombo,2025,10,30.73548387096774,4.923835125448028,100951.6129032258,0.6990322580645162,72.80645161290323,52.41935483870968,8.62258064516129,16.275806451612905,21.508064516129032
Sri Lanka,Colombo,2025,11,29.946666666666665,5.200925925925926,101043.33333333333,0.631,74.2,57.1,7.680000000000001,21.293333333333333,23.33
Sri Lanka,Colombo,2025,12,30.280645161290323,4.96415770609319,101096.7741935484,0.055806451612903235,65.2258064516129,40.54838709677419,9.94516129032258,28.072580645161292,29.2758064516129
Sri Lanka,Colombo,2026,1,29.986666666666668,4.697222222222223,101296.66666666667,0.03066666666666667,61.93333333333333,36.63333333333333,9.983333333333333,32.43,33.72
Sri Lanka,Colombo,2026,2,31.066666666666666,3.6712962962962963,101366.66666666667,0.21666666666666665,63.5,54.166666666666664,11.633333333333333,26.099999999999998,26.883333333333336
Sudan,Juba,2024,5,38.747058823529414,4.361111111111111,100641.17647058824,0.0,12.058823529411764,11.764705882352942,9.294117647058824,24.205882352941178,108.60000000000001
Sudan,Juba,2024,6,37.241379310344826,3.454980842911877,100693.10344827586,0.0,22.75862068965517,19.275862068965516,8.931034482758621,16.493103448275864,73.95862068965518
Sudan,Juba,2024,7,32.6551724137931,4.552681992337164,100917.24137931035,0.017241379310344827,39.206896551724135,29.310344827586206,7.9655172413793105,7.862068965517241,36.02068965517241
Sudan,Juba,2024,8,28.9,5.042114695340502,101051.6129032258,0.18548387096774194,56.32258064516129,53.12903225806452,6.838709677419355,0.996774193548387,3.341935483870968
Sudan,Juba,2024,9,30.216666666666665,2.7,101106.66666666667,0.015333333333333334,48.8,23.133333333333333,7.566666666666666,20.132,60.54233333333333
Sudan,Juba,2024,10,30.16774193548387,4.590501792114696,101267.74193548386,0.0,33.54838709677419,9.225806451612904,8.0,38.83806451612903,113.11258064516129
Sudan,Juba,2024,11,26.683333333333334,8.61111111111111,101440.0,0.0,18.033333333333335,2.066666666666667,7.09,55.12383333333333,259.481
Sudan,Juba,2024,12,26.651612903225807,8.112903225806452,101516.12903225806,0.0,15.387096774193548,1.2258064516129032,8.258064516129032,86.68145161290323,469.4762903225806
Sudan,Juba,2025,1,26.16774193548387,8.813620071684587,101496.7741935484,0.0,15.0,0.12903225806451613,8.990322580645161,84.01387096774194,471.7261290322581
Sudan,Juba,2025,2,28.50714285714286,8.61111111111111,101292.85714285714,0.0,11.607142857142858,0.8571428571428571,9.760714285714286,125.08642857142857,658.0978571428572
Sudan,Juba,2025,3,29.809677419354838,8.631720430107528,101245.16129032258,0.0,10.193548387096774,0.8064516129032258,10.283870967741937,109.16790322580646,634.9022580645162
Sudan,Juba,2025,4,32.693333333333335,6.48888888888889,101070.0,0.0,14.333333333333334,4.033333333333333,9.26,92.72816666666667,497.064
Sudan,Juba,2025,5,33.229032258064514,5.382616487455198,101135.48387096774,0.0,14.32258064516129,4.612903225806452,8.32258064516129,68.80806451612904,352.5264516129032
Sudan,Juba,2025,6,32.440000000000005,4.593518518518518,101160.0,0.0,30.766666666666666,13.033333333333333,8.08,36.710166666666666,129.91933333333333
Sudan,Juba,2025,7,27.864516129032257,4.827956989247313,101322.58064516129,0.025483870967741937,54.774193548387096,23.580645161290324,6.803225806451613,16.62016129032258,52.199838709677415
Sudan,Juba,2025,8,25.24516129032258,4.917562724014338,101290.32258064517,0.016774193548387096,68.0,36.774193548387096,5.383870967741935,15.020806451612902,40.37177419354839
Sudan,Juba,2025,9,26.59,3.126851851851852,101293.33333333333,0.028,60.93333333333333,25.433333333333334,5.45,19.3625,47.104
Sudan,Juba,2025,10,27.961290322580645,4.697132616487456,101254.83870967742,0.035483870967741936,35.32258064516129,9.612903225806452,4.422580645161291,23.279032258064515,76.67258064516129
Sudan,Juba,2025,11,25.126666666666665,7.385185185185185,101396.66666666667,0.0,21.9,2.6666666666666665,3.1933333333333334,29.10666666666667,134.83
Sudan,Juba,2025,12,20.851612903225806,6.746415770609319,101422.58064516129,0.0,24.774193548387096,1.096774193548387,2.5387096774193547,45.372580645161285,226.17903225806452
Sudan,Juba,2026,1,21.196666666666665,7.381481481481482,101526.66666666667,0.0,17.933333333333334,0.06666666666666667,2.7633333333333336,48.61,240.8
Sudan,Juba,2026,2,24.633333333333336,7.347222222222222,101416.66666666667,0.0,9.5,1.3333333333333333,2.9166666666666665,39.949999999999996,199.95000000000002
Sudan,Khartoum,2024,5,41.63529411764706,3.9591503267973858,100482.35294117648,0.0,8.352941176470589,7.882352941176471,9.705882352941176,24.441176470588236,108.3
Sudan,Khartoum,2024,6,40.89,5.300925925925926,100466.66666666667,0.0,17.7,11.333333333333334,9.666666666666666,30.546666666666667,156.88000000000002
Sudan,Khartoum,2024,7,36.40714285714286,6.752976190476191,100721.42857142857,0.034999999999999996,32.357142857142854,30.928571428571427,8.607142857142858,14.414285714285715,81.44285714285715
Sudan,Khartoum,2024,8,31.64516129032258,5.700716845878136,100896.7741935484,0.06225806451612903,49.74193548387097,56.193548387096776,7.32258064516129,7.261290322580645,39.748387096774195
Sudan,Khartoum,2024,9,35.84,3.9916666666666667,100830.0,0.0003333333333333333,32.2,10.8,8.6,34.637166666666666,143.39683333333332
Sudan,Khartoum,2024,10,34.983870967741936,5.047491039426523,100987.09677419355,0.0,22.322580645161292,6.161290322580645,8.796774193548387,75.56354838709677,281.6177419354839
Sudan,Khartoum,2024,11,28.573333333333334,6.862037037037037,101330.0,0.0,23.7,2.966666666666667,7.276666666666667,68.30199999999999,251.9885
Sudan,Khartoum,2024,12,27.87741935483871,6.059139784946237,101416.12903225806,0.0,23.64516129032258,0.0,7.541935483870968,65.81822580645161,240.15387096774194
Sudan,Khartoum,2025,1,26.629032258064516,6.519713261648746,101425.80645161291,0.0,22.64516129032258,0.0,8.312903225806451,74.93096774193549,266.955
Sudan,Khartoum,2025,2,29.010714285714283,6.888888888888888,101250.0,0.0,19.142857142857142,0.75,9.671428571428573,94.02625,356.58750000000003
Sudan,Khartoum,2025,3,30.335483870967742,6.465053763440861,101193.54838709677,0.0,12.870967741935484,0.0967741935483871,11.161290322580646,62.40467741935484,217.39290322580646
Sudan,Khartoum,2025,4,34.86666666666667,6.425,100890.0,0.0,10.666666666666666,0.16666666666666666,11.276666666666667,69.76966666666667,258.84583333333336
Sudan,Khartoum,2025,5,36.438709677419354,5.862007168458781,100906.45161290323,0.0,8.32258064516129,1.032258064516129,10.070967741935483,61.83774193548387,234.31145161290323
Sudan,Khartoum,2025,6,36.85666666666667,5.044444444444445,100910.0,0.0,10.566666666666666,2.3666666666666667,9.43,56.63466666666667,210.41899999999998
Sudan,Khartoum,2025,7,32.66451612903226,7.278673835125448,101090.32258064517,0.014193548387096775,40.774193548387096,16.838709677419356,8.470967741935485,26.371451612903225,89.46241935483872
Sudan,Khartoum,2025,8,29.529032258064515,6.482974910394265,101119.35483870968,0.31967741935483873,53.45161290322581,32.645161290322584,6.574193548387097,27.278548387096773,76.61387096774193
Sudan,Khartoum,2025,9,31.279999999999998,6.0,101083.33333333333,0.0,46.166666666666664,14.4,6.843333333333334,33.779,96.157
Sudan,Khartoum,2025,10,32.438709677419354,4.941756272401434,101041.93548387097,0.0,25.129032258064516,4.548387096774194,5.483870967741935,28.701612903225808,83.20483870967742
Sudan,Khartoum,2025,11,28.373333333333335,6.233333333333333,101293.33333333333,0.0,27.033333333333335,1.9333333333333333,4.176666666666667,27.153333333333332,78.89
Sudan,Khartoum,2025,12,23.0258064516129,6.051971326164875,101393.54838709677,0.0,28.29032258064516,0.4838709677419355,3.416129032258065,27.69193548387097,94.50806451612904
Sudan,Khartoum,2026,1,23.683333333333334,6.281481481481482,101456.66666666667,0.0,28.0,0.06666666666666667,3.743333333333333,31.673333333333336,108.54333333333334
Sudan,Khartoum,2026,2,25.933333333333334,5.8009259259259265,101416.66666666667,0.0,22.833333333333332,3.0,4.066666666666666,29.433333333333334,89.39999999999999
Suriname,Paramaribo,2024,5,28.61764705882353,2.8104575163398695,101329.41176470589,0.58,79.52941176470588,53.470588235294116,6.0588235294117645,1.1058823529411765,1.8176470588235294
Suriname,Paramaribo,2024,6,28.406896551724138,2.3227969348659006,101372.41379310345,0.29586206896551726,79.72413793103448,51.310344827586206,6.448275862068965,1.4344827586206896,1.8827586206896552
Suriname,Paramaribo,2024,7,26.351724137931036,2.243295019157088,101465.5172413793,0.25724137931034485,84.75862068965517,45.172413793103445,6.0,2.1448275862068966,3.396551724137931
Suriname,Paramaribo,2024,8,26.693548387096776,2.7571684587813623,101429.03225806452,0.08903225806451613,79.06451612903226,33.58064516129032,6.741935483870968,3.0806451612903225,7.416129032258064
Suriname,Paramaribo,2024,9,26.08,3.0490740740740745,101193.33333333333,0.0003333333333333333,85.6,24.8,5.6,10.283999999999999,16.750999999999998
Suriname,Paramaribo,2024,10,24.33225806451613,2.760752688172043,101051.6129032258,0.016774193548387096,96.06451612903226,30.741935483870968,0.41935483870967744,11.111935483870969,18.32693548387097
Suriname,Paramaribo,2024,11,24.12,2.7824074074074074,100933.33333333333,0.08533333333333333,95.43333333333334,44.43333333333333,0.056666666666666664,7.757666666666666,11.655
Suriname,Paramaribo,2024,12,23.6,2.458781362007169,101132.25806451614,0.09741935483870968,94.90322580645162,52.58064516129032,0.1193548387096774,16.291935483870965,23.51290322580645
Suriname,Paramaribo,2025,1,22.85666666666667,2.4805555555555556,101186.66666666667,0.22366666666666665,96.4,41.8,0.06666666666666667,18.672666666666665,27.022333333333332
Suriname,Paramaribo,2025,2,23.260714285714283,2.6339285714285716,101117.85714285714,0.16964285714285715,97.03571428571429,41.964285714285715,0.0,21.44017857142857,35.37464285714286
Suriname,Paramaribo,2025,3,23.432258064516127,2.612007168458782,101164.51612903226,0.09774193548387096,96.16129032258064,43.12903225806452,0.0,16.285967741935483,29.391129032258064
Suriname,Paramaribo,2025,4,23.873333333333335,2.55,101120.0,0.21533333333333332,95.76666666666667,54.53333333333333,0.0,13.2275,24.6605
Suriname,Paramaribo,2025,5,24.009677419354837,2.1129032258064515,101174.19354838709,0.5270967741935484,98.61290322580645,45.935483870967744,0.0,6.1049999999999995,10.055645161290323
Suriname,Paramaribo,2025,6,23.966666666666665,2.401851851851852,101256.66666666667,0.19133333333333333,96.66666666666667,43.93333333333333,0.0,6.370166666666666,9.885166666666667
Suriname,Paramaribo,2025,7,23.37741935483871,2.2508960573476706,101345.16129032258,0.1638709677419355,94.90322580645162,55.32258064516129,0.0032258064516129032,6.206451612903226,8.659193548387098
Suriname,Paramaribo,2025,8,23.74516129032258,2.234767025089606,101277.41935483871,0.1532258064516129,94.09677419354838,37.064516129032256,0.0,9.381290322580645,12.275645161290322
Suriname,Paramaribo,2025,9,24.166666666666668,2.8601851851851854,101166.66666666667,0.013333333333333334,94.76666666666667,25.166666666666668,0.0,11.744499999999999,15.759833333333335
Suriname,Paramaribo,2025,10,24.190322580645162,2.871863799283154,101032.25806451614,0.13870967741935483,95.38709677419355,23.451612903225808,0.0,6.288709677419354,8.520967741935483
Suriname,Paramaribo,2025,11,23.976666666666667,2.875,100976.66666666667,0.109,96.13333333333334,35.0,0.0,5.013333333333334,7.046666666666667
Suriname,Paramaribo,2025,12,23.635483870967743,2.7473118279569895,100967.74193548386,0.16129032258064516,95.7741935483871,51.58064516129032,0.0,5.714516129032258,7.946774193548387
Suriname,Paramaribo,2026,1,23.44333333333333,2.4157407407407407,101073.33333333333,0.249,96.46666666666667,46.9,0.0,7.206666666666666,10.139999999999999
Suriname,Paramaribo,2026,2,23.366666666666664,2.7685185185185186,101233.33333333333,0.043333333333333335,93.5,46.0,0.0,11.583333333333334,16.683333333333334
Swaziland,Mbabane,2024,5,21.123529411764707,3.0016339869281046,102070.58823529411,0.0,42.11764705882353,6.764705882352941,6.352941176470588,27.541176470588233,35.13529411764706
Swaziland,Mbabane,2024,6,19.266666666666666,3.281481481481482,102156.66666666667,0.002,34.2,12.033333333333333,6.233333333333333,15.830000000000002,19.903333333333332
Swaziland,Mbabane,2024,7,23.235714285714288,3.503968253968254,101542.85714285714,0.0,17.464285714285715,2.9285714285714284,7.142857142857143,24.425,29.325
Swaziland,Mbabane,2024,8,25.17096774193548,3.8216845878136203,101958.06451612903,0.02064516129032258,32.935483870967744,17.70967741935484,7.161290322580645,23.848387096774193,31.019354838709678
Swaziland,Mbabane,2024,9,24.423333333333336,3.9296296296296296,101986.66666666667,0.020666666666666667,50.56666666666667,31.366666666666667,7.1,14.452499999999999,21.485333333333333
Swaziland,Mbabane,2024,10,22.59032258064516,2.9426523297491043,101987.09677419355,0.06870967741935484,52.03225806451613,42.225806451612904,8.07741935483871,16.268064516129034,24.306612903225805
Swaziland,Mbabane,2024,11,25.073333333333334,2.7240740740740743,101716.66666666667,0.04,55.36666666666667,41.13333333333333,8.773333333333333,23.39016666666667,26.639999999999997
Swaziland,Mbabane,2024,12,27.94193548387097,3.318100358422939,101409.67741935483,0.08580645161290322,55.096774193548384,45.25806451612903,11.035483870967743,16.608225806451614,17.431774193548385
Swaziland,Mbabane,2025,1,26.47741935483871,2.661290322580645,101364.51612903226,0.24580645161290324,65.35483870967742,52.225806451612904,11.01290322580645,13.331935483870968,14.197258064516129
Swaziland,Mbabane,2025,2,24.464285714285715,2.3621031746031744,101457.14285714286,0.10785714285714286,67.71428571428571,60.0,10.146428571428572,10.934821428571428,12.117500000000001
Swaziland,Mbabane,2025,3,24.23,1.7212962962962963,101970.0,0.048666666666666664,73.5,57.7,8.78,16.058,16.804166666666667
Swaziland,Mbabane,2025,4,21.18,1.9879629629629632,101980.0,0.11533333333333333,67.3,49.266666666666666,5.943333333333333,14.676666666666668,14.972666666666667
Swaziland,Mbabane,2025,5,20.154838709677417,2.121863799283154,102383.87096774194,0.0006451612903225806,48.67741935483871,9.96774193548387,4.329032258064516,34.51145161290323,34.95903225806452
Swaziland,Mbabane,2025,6,17.796666666666667,2.788888888888889,102393.33333333333,0.0,41.93333333333333,15.566666666666666,3.7066666666666666,23.717,24.272
Swaziland,Mbabane,2025,7,17.20967741935484,2.075268817204301,102732.25806451614,0.0006451612903225806,49.193548387096776,16.903225806451612,3.167741935483871,27.266612903225806,27.96483870967742
Swaziland,Mbabane,2025,8,18.32903225806452,1.9650537634408602,102432.25806451614,0.006774193548387097,59.61290322580645,20.161290322580644,4.041935483870968,36.3674193548387,37.39387096774194
Swaziland,Mbabane,2025,9,20.11,2.338888888888889,102296.66666666667,0.032,65.03333333333333,44.0,4.276666666666667,24.776166666666665,25.852166666666665
Swaziland,Mbabane,2025,10,19.883870967741935,1.931899641577061,102167.74193548386,0.07064516129032258,72.96774193548387,53.45161290322581,5.019354838709678,13.911290322580646,14.569354838709677
Swaziland,Mbabane,2025,11,20.303333333333335,1.574074074074074,102073.33333333333,0.191,78.46666666666667,62.833333333333336,4.286666666666666,12.313333333333333,12.966666666666667
Swaziland,Mbabane,2025,12,22.006451612903227,1.4901433691756272,101835.48387096774,0.08096774193548388,79.87096774193549,54.83870967741935,4.506451612903225,7.940322580645161,8.385483870967741
Swaziland,Mbabane,2026,1,21.89,1.4777777777777779,101696.66666666667,0.06666666666666667,80.96666666666667,61.7,5.55,8.813333333333333,9.229999999999999
Swaziland,Mbabane,2026,2,23.166666666666668,1.0694444444444444,101833.33333333333,0.006666666666666667,77.5,43.166666666666664,6.066666666666666,13.566666666666668,13.9
Sweden,Stockholm,2024,5,21.88235294117647,4.879084967320261,101876.4705882353,0.0,39.1764705882353,1.4705882352941178,5.470588235294118,4.341176470588235,5.658823529411765
Sweden,Stockholm,2024,6,20.153333333333332,4.522222222222223,100916.66666666667,0.08433333333333333,50.56666666666667,13.266666666666667,4.8,1.75,2.5433333333333334
Sweden,Stockholm,2024,7,21.464285714285715,4.53670634920635,100957.14285714286,0.12214285714285714,57.214285714285715,43.0,5.214285714285714,2.164285714285714,3.0928571428571425
Sweden,Stockholm,2024,8,21.63225806451613,4.739247311827958,101119.35483870968,0.03161290322580645,52.16129032258065,33.903225806451616,5.516129032258065,2.1258064516129034,3.1580645161290324
Sweden,Stockholm,2024,9,17.566666666666666,3.680555555555556,101663.33333333333,0.10733333333333334,65.96666666666667,20.833333333333332,4.733333333333333,8.971,15.013166666666667
Sweden,Stockholm,2024,10,10.819354838709677,4.346774193548387,101487.09677419355,0.13548387096774195,81.3225806451613,32.38709677419355,1.3387096774193548,10.234677419354838,17.909193548387098
Sweden,Stockholm,2024,11,4.406666666666666,4.477777777777778,101093.33333333333,0.06366666666666666,83.56666666666666,40.63333333333333,0.24333333333333332,9.0465,16.027166666666666
Sweden,Stockholm,2024,12,2.487096774193548,4.200716845878136,101267.74193548386,0.06290322580645161,85.19354838709677,56.45161290322581,0.12258064516129033,7.274677419354839,13.385645161290322
Sweden,Stockholm,2025,1,0.9612903225806452,4.269713261648746,100667.74193548386,0.0735483870967742,89.03225806451613,51.96774193548387,0.25483870967741934,9.900483870967742,15.78467741935484
Sweden,Stockholm,2025,2,0.49285714285714294,3.4335317460317465,102646.42857142857,0.022857142857142857,82.85714285714286,54.82142857142857,0.4571428571428572,11.925892857142857,19.742142857142856
Sweden,Stockholm,2025,3,5.867741935483871,4.564516129032258,101225.80645161291,0.0035483870967741938,66.2258064516129,29.032258064516128,1.3387096774193548,9.423064516129033,14.567258064516128
Sweden,Stockholm,2025,4,9.66,4.051851851851852,101733.33333333333,0.038000000000000006,58.93333333333333,35.333333333333336,1.9266666666666665,8.195500000000001,14.269666666666668
Sweden,Stockholm,2025,5,11.600000000000001,4.184587813620072,101212.90322580645,0.06741935483870967,56.96774193548387,33.064516129032256,2.729032258064516,5.633548387096774,9.381290322580645
Sweden,Stockholm,2025,6,17.23,4.274074074074075,100930.0,0.051000000000000004,56.43333333333333,33.333333333333336,3.21,5.963166666666667,9.620000000000001
Sweden,Stockholm,2025,7,21.629032258064516,2.879032258064516,101022.58064516129,0.046129032258064515,62.774193548387096,30.64516129032258,3.1129032258064515,10.186935483870968,14.925322580645162
Sweden,Stockholm,2025,8,17.02258064516129,4.055555555555555,101093.54838709677,0.0903225806451613,71.06451612903226,35.483870967741936,2.074193548387097,7.435806451612903,13.916774193548388
Sweden,Stockholm,2025,9,14.833333333333334,4.05462962962963,101673.33333333333,0.01633333333333333,85.66666666666667,45.833333333333336,1.0566666666666666,11.040666666666665,18.34016666666667
Sweden,Stockholm,2025,10,7.893548387096774,3.767921146953405,100880.64516129032,0.04516129032258064,90.38709677419355,50.0,0.2032258064516129,6.085483870967742,11.101612903225806
Sweden,Stockholm,2025,11,3.3833333333333333,3.435185185185185,100843.33333333333,0.035666666666666666,93.76666666666667,52.5,0.023333333333333334,5.876666666666667,9.25
Sweden,Stockholm,2025,12,3.4967741935483874,4.349462365591398,101400.0,0.06838709677419355,88.09677419354838,62.903225806451616,0.0,5.346774193548387,7.833870967741936
Sweden,Stockholm,2026,1,-2.5900000000000003,3.67962962962963,101330.0,0.16166666666666665,90.56666666666666,64.0,0.0,4.733333333333333,6.63
Sweden,Stockholm,2026,2,-7.666666666666667,2.6712962962962963,102400.0,0.024999999999999998,81.5,75.0,0.0,3.783333333333333,5.1499999999999995
Switzerland,Bern,2024,5,16.88235294117647,2.746732026143791,101288.23529411765,0.38176470588235295,68.17647058823529,68.3529411764706,3.764705882352941,1.288235294117647,1.4294117647058824
Switzerland,Bern,2024,6,21.936666666666667,2.9842592592592596,101456.66666666667,0.4686666666666667,60.2,55.8,4.966666666666667,2.49,2.99
Switzerland,Bern,2024,7,25.517857142857142,2.2261904761904763,101578.57142857143,0.14035714285714285,52.785714285714285,37.642857142857146,5.892857142857143,3.0035714285714286,3.557142857142857
Switzerland,Bern,2024,8,25.716129032258067,2.2446236559139785,101641.93548387097,0.08064516129032258,54.45161290322581,36.774193548387096,6.096774193548387,5.151612903225806,5.848387096774194
Switzerland,Bern,2024,9,17.076666666666664,2.677777777777778,101600.0,0.3223333333333333,71.53333333333333,55.0,4.3,9.710333333333333,13.295333333333334
Switzerland,Bern,2024,10,13.52258064516129,1.527777777777778,101787.09677419355,0.15193548387096775,80.38709677419355,58.61290322580645,1.5516129032258066,13.773548387096774,19.311612903225804
Switzerland,Bern,2024,11,5.193333333333333,1.637962962962963,102293.33333333333,0.09866666666666667,85.66666666666667,52.833333333333336,0.61,22.761166666666668,29.439666666666664
Switzerland,Bern,2024,12,3.332258064516129,1.6881720430107527,102454.83870967742,0.2535483870967742,78.35483870967742,53.96774193548387,0.6451612903225806,15.945806451612903,20.45741935483871
Switzerland,Bern,2025,1,3.0677419354838706,1.996415770609319,101809.67741935483,0.056451612903225805,81.7741935483871,53.193548387096776,0.7935483870967742,14.764193548387096,18.88193548387097
Switzerland,Bern,2025,2,4.157142857142857,1.4007936507936507,102232.14285714286,0.05392857142857143,79.07142857142857,58.92857142857143,1.1321428571428571,25.893392857142857,31.529285714285717
Switzerland,Bern,2025,3,7.6,1.6989247311827957,101535.48387096774,0.0664516129032258,71.38709677419355,45.16129032258065,1.6838709677419357,20.958709677419357,26.72951612903226
Switzerland,Bern,2025,4,11.860000000000001,2.25,101623.33333333333,0.07266666666666667,68.93333333333334,34.166666666666664,2.503333333333333,20.2205,25.055166666666665
Switzerland,Bern,2025,5,14.73225806451613,2.029569892473118,101683.87096774194,0.17580645161290323,70.16129032258064,45.96774193548387,2.929032258064516,15.880161290322581,20.696129032258067
Switzerland,Bern,2025,6,22.016666666666666,2.3777777777777778,102036.66666666667,0.079,65.0,24.166666666666668,4.42,16.3355,24.148666666666667
Switzerland,Bern,2025,7,20.129032258064516,1.8844086021505377,101725.80645161291,0.14096774193548386,68.64516129032258,40.32258064516129,3.42258064516129,11.995161290322581,16.906612903225806
Switzerland,Bern,2025,8,19.490322580645163,1.5976702508960574,101806.45161290323,0.2348387096774194,73.70967741935483,20.161290322580644,2.5290322580645164,18.315,29.773064516129033
Switzerland,Bern,2025,9,14.033333333333333,1.4296296296296296,101910.0,0.09566666666666666,86.4,51.666666666666664,0.8633333333333333,10.732333333333335,15.703666666666667
Switzerland,Bern,2025,10,8.406451612903227,2.1720430107526885,101800.0,0.19,93.0,67.09677419354838,0.3741935483870968,10.614516129032259,13.669354838709678
Switzerland,Bern,2025,11,1.1233333333333335,1.3953703703703704,101493.33333333333,0.35033333333333333,96.03333333333333,45.5,0.060000000000000005,8.136666666666667,9.976666666666667
Switzerland,Bern,2025,12,0.01935483870967735,1.4659498207885304,101832.25806451614,0.015483870967741935,96.19354838709677,63.38709677419355,0.0,11.579032258064515,14.020967741935483
Switzerland,Bern,2026,1,-2.8633333333333337,1.6824074074074074,100840.0,0.08033333333333334,93.63333333333334,52.5,0.0,8.473333333333333,10.333333333333334
Switzerland,Bern,2026,2,-0.9166666666666666,1.2962962962962963,99766.66666666667,0.02,95.5,50.0,0.0,8.116666666666667,9.816666666666666
Switzerland,S-Chanf,2025,8,10.8,1.538888888888889,101860.0,0.22799999999999998,80.2,30.0,2.82,6.7318,8.1922
Switzerland,S-Chanf,2025,9,6.091666666666666,2.1597222222222223,102225.0,0.1366666666666667,90.58333333333333,40.416666666666664,1.425,3.8324166666666666,4.785833333333334
Switzerland,S-Chanf,2025,10,3.5142857142857147,2.126984126984127,102271.42857142857,0.002857142857142857,84.28571428571429,32.142857142857146,0.6714285714285715,4.680999999999999,5.081
Switzerland,S-Chanf,2025,11,-5.016666666666667,3.25,100916.66666666667,0.5266666666666667,91.5,51.666666666666664,0.0,2.5976666666666666,2.9143333333333334
Switzerland,S-Chanf,2025,12,-6.525,2.201388888888889,102125.0,0.0025,87.25,18.75,0.0,3.356,4.406000000000001
Syria,Damascus,2024,5,30.58823529411765,8.612745098039216,101217.64705882352,0.003529411764705882,19.705882352941178,35.294117647058826,6.9411764705882355,11.235294117647058,42.3235294117647
Syria,Damascus,2024,6,38.12,6.301851851851852,100736.66666666667,0.001,12.266666666666667,2.5,8.633333333333333,12.696666666666665,33.86666666666667
Syria,Damascus,2024,7,36.88928571428572,6.35515873015873,100392.85714285714,0.0,17.714285714285715,0.8571428571428571,8.678571428571429,9.664285714285715,15.799999999999999
Syria,Damascus,2024,8,36.47741935483871,6.141577060931899,100609.67741935483,0.0,17.258064516129032,0.7096774193548387,8.709677419354838,10.12258064516129,15.680645161290323
Syria,Damascus,2024,9,32.14,4.446296296296296,101156.66666666667,0.0,24.7,5.9,7.733333333333333,28.431500000000003,40.804833333333335
Syria,Damascus,2024,10,25.0,2.931899641577061,101725.80645161291,0.0,27.774193548387096,2.6451612903225805,5.706451612903226,42.693225806451615,88.5374193548387
Syria,Damascus,2024,11,17.546666666666667,2.9916666666666667,101936.66666666667,0.006666666666666667,51.53333333333333,18.733333333333334,3.25,40.724666666666664,79.26016666666666
Syria,Damascus,2024,12,13.941935483870967,3.103046594982079,101916.12903225806,0.04096774193548387,40.0,30.516129032258064,2.4516129032258065,30.924838709677417,56.615967741935485
Syria,Damascus,2025,1,12.964516129032257,2.3772401433691757,102077.41935483871,0.00870967741935484,40.516129032258064,17.838709677419356,2.954838709677419,32.285483870967745,57.236612903225804
Syria,Damascus,2025,2,10.360714285714286,3.567460317460317,101757.14285714286,0.03571428571428571,42.214285714285715,37.92857142857143,3.8464285714285715,21.697857142857142,29.82464285714286
Syria,Damascus,2025,3,17.703225806451613,3.3360215053763445,101758.06451612903,0.046129032258064515,37.70967741935484,34.903225806451616,5.751612903225807,34.62483870967741,64.14725806451614
Syria,Damascus,2025,4,21.506666666666668,4.761111111111111,101416.66666666667,0.0,29.566666666666666,21.0,7.64,24.4015,53.04566666666666
Syria,Damascus,2025,5,27.051612903225806,4.46326164874552,101370.96774193548,0.0003225806451612903,24.70967741935484,4.838709677419355,9.141935483870967,30.889032258064514,74.49532258064517
Syria,Damascus,2025,6,30.448275862068964,4.045977011494253,101093.10344827586,0.0,23.03448275862069,0.0,10.634482758620688,32.119827586206895,45.01879310344828
Syria,Damascus,2025,7,31.629032258064516,3.7517921146953404,100800.0,0.0,28.677419354838708,0.0,9.980645161290322,26.34161290322581,37.25064516129032
Syria,Damascus,2025,8,31.12258064516129,3.2016129032258065,101058.06451612903,0.0,36.03225806451613,4.032258064516129,8.529032258064515,30.745806451612903,52.629516129032254
Syria,Damascus,2025,9,25.266666666666666,2.7240740740740743,101413.33333333333,0.0,45.4,3.3333333333333335,6.416666666666667,30.300666666666665,44.092
Syria,Damascus,2025,10,20.593548387096774,2.4408602150537635,101841.93548387097,0.0,49.806451612903224,1.4838709677419355,3.7516129032258063,15.201612903225806,25.791935483870965
Syria,Damascus,2025,11,14.953333333333335,2.1453703703703706,102206.66666666667,0.14299999999999996,45.8,13.333333333333334,1.8533333333333333,18.486666666666668,43.836666666666666
Syria,Damascus,2025,12,7.370967741935484,3.0689964157706093,101858.06451612903,0.12419354838709677,84.74193548387096,38.225806451612904,1.035483870967742,17.166129032258063,27.19516129032258
Syria,Damascus,2026,1,5.09,2.944444444444444,102006.66666666667,0.07766666666666668,82.2,26.366666666666667,1.1633333333333333,15.836666666666668,30.71333333333333
Syria,Damascus,2026,2,8.483333333333333,1.8472222222222223,101733.33333333333,0.005,77.83333333333333,37.5,1.5333333333333332,15.850000000000001,39.31666666666667
Südkorea,Seoul,2024,7,26.1,1.1111111111111112,100700.0,0.22,84.0,0.0,1.0,70.2,74.9
Tajikistan,Dushanbe,2024,5,24.41176470588235,3.0179738562091503,101511.76470588235,0.05529411764705883,51.23529411764706,32.35294117647059,4.294117647058823,4.911764705882353,11.647058823529411
Tajikistan,Dushanbe,2024,6,29.06,2.9842592592592596,100816.66666666667,0.08,34.833333333333336,29.533333333333335,5.933333333333334,5.383333333333334,13.639999999999999
Tajikistan,Dushanbe,2024,7,34.36071428571429,3.2410714285714284,100328.57142857143,0.008571428571428572,19.928571428571427,18.25,7.785714285714286,9.392857142857142,31.175
Tajikistan,Dushanbe,2024,8,34.45483870967742,3.309139784946237,100583.87096774194,0.0,17.29032258064516,5.064516129032258,8.03225806451613,9.170967741935485,27.77741935483871
Tajikistan,Dushanbe,2024,9,29.873333333333335,3.0203703703703706,101340.0,0.016,22.0,15.0,6.866666666666666,17.033833333333334,41.820166666666665
Tajikistan,Dushanbe,2024,10,22.967741935483872,1.314516129032258,101741.93548387097,0.01806451612903226,37.354838709677416,36.935483870967744,3.6548387096774193,23.59048387096774,42.5858064516129
Tajikistan,Dushanbe,2024,11,16.573333333333334,1.3305555555555555,102166.66666666667,0.04933333333333333,49.13333333333333,41.9,1.8566666666666667,20.232833333333335,29.112833333333334
Tajikistan,Dushanbe,2024,12,6.854838709677419,1.1227598566308243,102438.70967741935,0.03032258064516129,50.16129032258065,29.64516129032258,0.6774193548387096,34.29064516129032,38.65306451612903
Tajikistan,Dushanbe,2025,1,7.580645161290323,1.0869175627240142,102451.6129032258,0.07290322580645162,57.25806451612903,53.41935483870968,0.6935483870967742,29.75516129032258,33.59838709677419
Tajikistan,Dushanbe,2025,2,11.435714285714285,1.6210317460317463,101950.0,0.015,46.82142857142857,40.142857142857146,1.2857142857142858,28.19928571428571,40.42910714285714
Tajikistan,Dushanbe,2025,3,16.467741935483872,1.4471326164874554,102054.83870967742,0.10129032258064516,43.12903225806452,44.74193548387097,3.1870967741935483,19.234032258064516,27.344193548387096
Tajikistan,Dushanbe,2025,4,24.40666666666667,1.5879629629629628,101683.33333333333,0.022333333333333334,40.03333333333333,31.666666666666668,5.796666666666667,13.5235,26.720166666666668
Tajikistan,Dushanbe,2025,5,30.467741935483872,1.832437275985663,101251.6129032258,0.0703225806451613,29.64516129032258,30.64516129032258,8.72258064516129,21.44209677419355,52.99354838709677
Tajikistan,Dushanbe,2025,6,34.480000000000004,2.763888888888889,100890.0,0.007333333333333333,21.766666666666666,27.9,9.34,34.31133333333333,87.50500000000001
Tajikistan,Dushanbe,2025,7,38.487096774193546,3.559139784946237,100474.19354838709,0.0016129032258064516,15.129032258064516,16.129032258064516,10.319354838709677,29.594032258064516,61.276774193548384
Tajikistan,Dushanbe,2025,8,35.903225806451616,2.9139784946236564,100993.54838709677,0.0,16.516129032258064,8.870967741935484,9.54516129032258,22.61774193548387,50.96451612903226
Tajikistan,Dushanbe,2025,9,31.183333333333334,2.2953703703703705,101420.0,0.0003333333333333333,18.833333333333332,12.5,7.08,24.057833333333335,36.62916666666667
Tajikistan,Dushanbe,2025,10,24.970967741935485,1.7025089605734767,101880.64516129032,0.001935483870967742,24.29032258064516,11.290322580645162,4.487096774193549,15.669354838709678,19.120967741935484
Tajikistan,Dushanbe,2025,11,15.466666666666667,1.0953703703703705,102520.0,0.01633333333333333,31.033333333333335,5.833333333333333,2.783333333333333,13.33,18.17
Tajikistan,Dushanbe,2025,12,9.851612903225806,1.3772401433691757,102190.32258064517,0.19451612903225804,66.25806451612904,60.483870967741936,1.3580645161290323,13.130645161290323,16.27258064516129
Tajikistan,Dushanbe,2026,1,6.583333333333333,1.096296296296296,102226.66666666667,0.19666666666666668,61.56666666666667,41.666666666666664,1.82,11.47,14.273333333333333
Tajikistan,Dushanbe,2026,2,9.700000000000001,1.9490740740740742,102350.0,0.205,57.5,83.33333333333333,1.7666666666666666,7.316666666666666,13.383333333333333
Tanzania,Dodoma,2024,5,27.058823529411764,3.5800653594771243,101611.76470588235,0.0,44.05882352941177,37.411764705882355,7.411764705882353,1.8529411764705883,3.2117647058823526
Tanzania,Dodoma,2024,6,27.12,3.8444444444444446,101573.33333333333,0.0,35.03333333333333,22.966666666666665,7.9,2.7866666666666666,4.386666666666667
Tanzania,Dodoma,2024,7,28.013793103448275,3.407088122605364,101537.93103448275,0.0,30.82758620689655,22.344827586206897,8.068965517241379,5.427586206896552,7.048275862068966
Tanzania,Dodoma,2024,8,27.925806451612903,4.254480286738351,101525.80645161291,0.0,30.967741935483872,24.677419354838708,8.129032258064516,3.3193548387096774,4.596774193548387
Tanzania,Dodoma,2024,9,28.92,4.505555555555556,101590.0,0.0,31.6,20.5,8.433333333333334,10.183166666666667,15.357833333333334
Tanzania,Dodoma,2024,10,28.27741935483871,3.9596774193548385,101616.12903225806,0.006129032258064516,39.67741935483871,28.741935483870968,11.03225806451613,8.993387096774194,13.314032258064517
Tanzania,Dodoma,2024,11,29.279999999999998,3.662037037037037,101346.66666666667,0.025333333333333333,39.0,30.933333333333334,11.603333333333333,7.319833333333333,9.169833333333333
Tanzania,Dodoma,2024,12,27.316129032258065,2.3969534050179213,101345.16129032258,0.11258064516129032,51.774193548387096,57.38709677419355,12.09032258064516,9.452903225806452,11.010483870967741
Tanzania,Dodoma,2025,1,26.761290322580646,2.017921146953405,101435.48387096774,0.23935483870967741,56.12903225806452,51.064516129032256,11.519354838709678,19.604032258064517,21.22725806451613
Tanzania,Dodoma,2025,2,27.685714285714287,2.1468253968253967,101353.57142857143,0.1142857142857143,52.57142857142857,33.92857142857143,13.792857142857143,15.678749999999999,17.310714285714287
Tanzania,Dodoma,2025,3,26.548387096774192,2.6594982078853047,101629.03225806452,0.24451612903225806,59.903225806451616,55.87096774193548,13.203225806451613,11.834032258064516,12.53225806451613
Tanzania,Dodoma,2025,4,25.540000000000003,3.2564814814814813,101753.33333333333,0.10133333333333333,61.03333333333333,61.4,11.596666666666666,4.113166666666666,4.3845
Tanzania,Dodoma,2025,5,24.92258064516129,3.310035842293907,101954.83870967742,0.04903225806451613,55.645161290322584,53.32258064516129,9.332258064516129,7.310483870967742,7.955
Tanzania,Dodoma,2025,6,23.82,3.5083333333333333,102220.0,0.0003333333333333333,52.666666666666664,31.466666666666665,8.91,11.340499999999999,12.567666666666666
Tanzania,Dodoma,2025,7,22.574193548387097,3.688172043010753,102222.58064516129,0.0,50.645161290322584,23.677419354838708,8.654838709677419,15.563870967741936,16.393387096774195
Tanzania,Dodoma,2025,8,22.23225806451613,3.684587813620072,102090.32258064517,0.0,49.354838709677416,17.193548387096776,9.312903225806451,14.26290322580645,15.575806451612904
Tanzania,Dodoma,2025,9,23.796666666666667,4.271296296296296,102063.33333333333,0.0,47.833333333333336,9.4,9.58,11.724166666666667,12.969
Tanzania,Dodoma,2025,10,25.09032258064516,4.421146953405018,101822.58064516129,0.0,48.38709677419355,15.0,8.364516129032259,6.959677419354839,7.58225806451613
Tanzania,Dodoma,2025,11,25.163333333333334,3.9379629629629633,101783.33333333333,0.010333333333333333,51.56666666666667,26.1,7.77,5.366666666666666,5.823333333333333
Tanzania,Dodoma,2025,12,23.693548387096776,3.35663082437276,101825.80645161291,0.2,67.41935483870968,41.45161290322581,6.554838709677419,7.953225806451614,8.346774193548388
Tanzania,Dodoma,2026,1,22.83,2.0407407407407407,101823.33333333333,0.16133333333333333,75.73333333333333,47.63333333333333,6.3133333333333335,12.333333333333334,12.806666666666667
Tanzania,Dodoma,2026,2,22.46666666666667,1.8009259259259258,101916.66666666667,0.47666666666666674,78.83333333333333,54.333333333333336,6.883333333333333,11.266666666666666,12.066666666666668
Thailand,Bangkok,2024,5,29.1875,2.7378472222222223,100725.0,0.06625,80.0625,37.5,1.4375,44.06875,69.90625
Thailand,Bangkok,2024,6,30.486206896551725,4.065134099616858,100724.13793103448,0.01620689655172414,68.34482758620689,32.724137931034484,1.0,28.43103448275862,54.13103448275862
Thailand,Bangkok,2024,7,28.720689655172414,3.582375478927203,100593.10344827586,0.1327586206896552,76.24137931034483,47.0,1.0,24.92413793103448,47.13103448275862
Thailand,Bangkok,2024,8,30.206451612903226,3.655913978494624,100635.48387096774,0.3606451612903226,70.93548387096774,46.193548387096776,1.0,26.703225806451613,49.87419354838709
Thailand,Bangkok,2024,9,30.063333333333333,3.425925925925926,100466.66666666667,0.4663333333333333,72.76666666666667,44.166666666666664,3.933333333333333,27.431833333333334,43.79816666666667
Thailand,Bangkok,2024,10,31.309677419354838,2.189964157706093,100658.06451612903,0.26064516129032256,64.3225806451613,51.354838709677416,3.0290322580645164,62.81645161290322,90.64403225806453
Thailand,Bangkok,2024,11,31.663333333333334,2.9953703703703707,100850.0,0.18966666666666668,54.4,37.166666666666664,1.99,43.6045,54.0385
Thailand,Bangkok,2024,12,30.33225806451613,3.028673835125448,100961.29032258065,0.0,46.354838709677416,22.29032258064516,0.27741935483870966,46.50064516129032,47.00790322580646
Thailand,Bangkok,2025,1,30.15806451612903,2.456093189964158,101051.6129032258,0.0,37.70967741935484,4.838709677419355,0.6580645161290323,69.01096774193549,69.5958064516129
Thailand,Bangkok,2025,2,32.971428571428575,3.568452380952381,100921.42857142857,0.00035714285714285714,44.42857142857143,21.428571428571427,0.5535714285714286,67.10214285714287,68.3442857142857
Thailand,Bangkok,2025,3,33.75806451612903,4.487455197132617,100748.3870967742,0.0,48.87096774193548,29.032258064516128,2.2806451612903227,59.12241935483871,62.1958064516129
Thailand,Bangkok,2025,4,33.74666666666666,4.972222222222223,100660.0,0.0006666666666666666,56.266666666666666,38.333333333333336,3.1766666666666667,42.0135,44.09166666666667
Thailand,Bangkok,2025,5,31.287096774193547,4.276881720430108,100509.67741935483,0.10516129032258065,70.80645161290323,45.16129032258065,3.4935483870967743,32.17209677419355,33.64016129032258
Thailand,Bangkok,2025,6,32.99333333333333,4.318518518518519,100486.66666666667,0.14333333333333334,58.0,44.166666666666664,2.3366666666666664,17.013833333333334,21.63266666666667
Thailand,Bangkok,2025,7,32.33870967741935,4.480286738351254,100409.67741935483,0.05870967741935483,61.193548387096776,44.354838709677416,3.206451612903226,14.865645161290322,18.45225806451613
Thailand,Bangkok,2025,8,33.46774193548387,4.208781362007168,100561.29032258065,0.1764516129032258,54.58064516129032,41.935483870967744,4.245161290322581,19.06693548387097,21.221290322580646
Thailand,Bangkok,2025,9,31.973333333333333,3.6351851851851853,100556.66666666667,0.49733333333333335,64.16666666666667,52.5,4.61,23.420833333333334,24.457333333333334
Thailand,Bangkok,2025,10,31.432258064516127,2.966845878136201,100783.87096774194,0.19967741935483868,63.61290322580645,43.54838709677419,5.580645161290323,23.175806451612903,23.38225806451613
Thailand,Bangkok,2025,11,29.703333333333333,3.0296296296296297,100976.66666666667,0.22133333333333335,57.833333333333336,31.666666666666668,4.77,23.646666666666665,23.756666666666668
Thailand,Bangkok,2025,12,31.345161290322583,2.632616487455197,101064.51612903226,0.0003225806451612903,48.61290322580645,24.193548387096776,5.993548387096775,23.75,23.843548387096774
Thailand,Bangkok,2026,1,30.743333333333336,2.6990740740740744,101306.66666666667,0.0,39.46666666666667,17.5,6.293333333333334,30.259999999999998,30.603333333333335
Thailand,Bangkok,2026,2,32.416666666666664,3.236111111111111,101350.0,0.0,41.0,29.166666666666668,7.45,28.349999999999998,28.73333333333333
Thailand,Nan,2024,5,28.288235294117644,1.8316993464052287,100582.35294117648,0.3223529411764706,83.11764705882354,47.76470588235294,1.4705882352941178,5.988235294117647,6.811764705882353
Thailand,Nan,2024,6,28.175862068965518,1.6647509578544062,100558.62068965517,0.5572413793103448,85.79310344827586,44.3448275862069,1.0,3.1413793103448273,3.7586206896551726
Thailand,Nan,2024,7,26.76551724137931,1.9137931034482758,100403.44827586207,0.8824137931034483,89.48275862068965,52.03448275862069,1.0,3.2655172413793103,3.8137931034482757
Thailand,Nan,2024,8,26.85483870967742,1.3584229390681004,100590.32258064517,0.3616129032258064,88.83870967741936,53.41935483870968,1.0,5.254838709677419,5.858064516129032
Thailand,Nan,2024,9,28.459999999999997,1.3962962962962964,100426.66666666667,0.5806666666666666,82.63333333333334,43.333333333333336,3.5,16.0138,22.887800000000002
Thailand,Nan,2024,10,29.861290322580647,1.2302867383512546,100767.74193548386,0.3793548387096774,72.03225806451613,58.67741935483871,3.161290322580645,29.57016129032258,42.735
Thailand,Nan,2024,11,29.970000000000002,1.2046296296296295,101073.33333333333,0.04766666666666667,57.93333333333333,31.6,2.1266666666666665,31.86933333333333,38.362833333333334
Thailand,Nan,2024,12,27.416129032258063,1.1586021505376343,101093.54838709677,0.003870967741935484,57.87096774193548,17.967741935483872,0.25483870967741934,29.337419354838712,29.594032258064516
Thailand,Nan,2025,1,28.11935483870968,1.4901433691756272,101167.74193548386,0.0,41.193548387096776,6.129032258064516,0.6322580645161291,45.002741935483876,45.61741935483871
Thailand,Nan,2025,2,31.84642857142857,2.316468253968254,100989.28571428571,0.010714285714285714,39.75,18.75,0.4714285714285715,31.317857142857143,31.85964285714286
Thailand,Nan,2025,3,35.29032258064516,2.975806451612903,100712.90322580645,0.0003225806451612903,34.61290322580645,16.129032258064516,1.7935483870967743,67.73387096774194,70.59241935483871
Thailand,Nan,2025,4,34.919999999999995,2.6703703703703705,100643.33333333333,0.15933333333333335,46.733333333333334,30.833333333333332,1.7866666666666666,57.15266666666666,59.28633333333333
Thailand,Nan,2025,5,32.23870967741935,1.9345878136200716,100548.3870967742,0.20451612903225805,61.74193548387097,45.96774193548387,3.551612903225806,28.55564516129032,29.42096774193548
Thailand,Nan,2025,6,31.93,2.0212962962962964,100403.33333333333,0.9413333333333334,64.4,49.166666666666664,3.83,14.596499999999999,16.8905
Thailand,Nan,2025,7,29.66774193548387,1.4811827956989247,100287.09677419355,1.083225806451613,77.51612903225806,58.064516129032256,2.7774193548387096,9.906451612903227,11.738548387096774
Thailand,Nan,2025,8,31.58709677419355,1.5833333333333335,100519.35483870968,0.812258064516129,67.45161290322581,46.774193548387096,4.854838709677419,14.71048387096774,16.38741935483871
Thailand,Nan,2025,9,30.946666666666665,1.5361111111111112,100606.66666666667,0.306,71.06666666666666,41.666666666666664,5.843333333333334,14.5185,14.678833333333333
Thailand,Nan,2025,10,31.229032258064517,1.2580645161290323,100964.51612903226,0.24903225806451612,63.483870967741936,34.67741935483871,5.793548387096774,13.182258064516128,13.256451612903225
Thailand,Nan,2025,11,28.373333333333335,1.2,101233.33333333333,0.306,59.8,32.5,5.010000000000001,12.81,12.9
Thailand,Nan,2025,12,27.93548387096774,1.1738351254480286,101316.12903225806,0.02258064516129032,54.903225806451616,25.806451612903224,5.148387096774194,14.633870967741935,14.820967741935483
Thailand,Nan,2026,1,27.816666666666666,1.4657407407407408,101503.33333333333,0.0,44.766666666666666,15.0,5.96,17.646666666666665,17.953333333333333
Thailand,Nan,2026,2,29.666666666666668,1.4212962962962965,101533.33333333333,0.0,44.166666666666664,16.666666666666668,6.916666666666667,19.283333333333335,19.816666666666666
Timor-Leste,Dili,2024,5,25.46470588235294,2.450980392156863,101194.11764705883,0.031764705882352945,78.17647058823529,31.88235294117647,1.3529411764705883,1.0058823529411764,1.9705882352941178
Timor-Leste,Dili,2024,6,24.303448275862067,2.303639846743295,101331.03448275862,0.0006896551724137932,75.86206896551724,18.344827586206897,1.0,2.168965517241379,4.165517241379311
Timor-Leste,Dili,2024,7,23.642857142857142,2.8432539682539684,101339.28571428571,0.07785714285714286,75.96428571428571,25.571428571428573,1.0,2.1392857142857142,4.817857142857143
Timor-Leste,Dili,2024,8,24.09032258064516,2.621863799283154,101341.93548387097,0.003548387096774194,75.51612903225806,13.096774193548388,1.0,2.3161290322580643,4.800000000000001
Timor-Leste,Dili,2024,9,25.446666666666665,3.0222222222222226,101156.66666666667,0.12633333333333333,74.33333333333333,38.46666666666667,2.2333333333333334,7.033333333333333,11.4665
Timor-Leste,Dili,2024,10,27.580645161290324,3.5609318996415773,100948.3870967742,0.10612903225806451,68.70967741935483,57.225806451612904,2.196774193548387,11.046290322580646,18.416451612903224
Timor-Leste,Dili,2024,11,27.916666666666668,2.439814814814815,100810.0,0.7303333333333334,72.5,67.1,0.89,8.584,11.821499999999999
Timor-Leste,Dili,2024,12,26.606451612903225,1.8808243727598566,100745.16129032258,0.6793548387096774,83.93548387096774,75.06451612903226,0.0,7.835645161290323,8.921774193548387
Timor-Leste,Dili,2025,1,26.348387096774193,1.7060931899641578,100806.45161290323,0.6054838709677419,82.45161290322581,67.61290322580645,0.2903225806451613,8.689032258064517,9.375322580645161
Timor-Leste,Dili,2025,2,26.228571428571428,2.7857142857142856,100853.57142857143,1.0310714285714286,83.64285714285714,74.89285714285714,0.010714285714285714,7.248035714285714,8.457142857142857
Timor-Leste,Dili,2025,3,26.883870967741935,1.9874551971326166,100754.83870967742,0.7212903225806452,81.03225806451613,74.09677419354838,0.2,6.862903225806452,8.014677419354838
Timor-Leste,Dili,2025,4,26.45,1.701851851851852,100876.66666666667,0.4953333333333333,78.46666666666667,64.26666666666667,0.26666666666666666,8.4175,10.1565
Timor-Leste,Dili,2025,5,26.4741935483871,2.053763440860215,100912.90322580645,0.43645161290322576,79.51612903225806,68.87096774193549,0.43870967741935485,8.545806451612904,10.771774193548387
Timor-Leste,Dili,2025,6,25.85666666666667,1.8833333333333333,101080.0,0.08800000000000001,74.8,57.96666666666667,0.35333333333333333,14.115499999999999,17.291333333333334
Timor-Leste,Dili,2025,7,25.77741935483871,2.0089605734767026,100993.54838709677,0.08580645161290323,70.96774193548387,49.38709677419355,0.7709677419354838,14.334516129032258,17.14532258064516
Timor-Leste,Dili,2025,8,26.287096774193547,3.5797491039426523,101038.70967741935,0.01,66.09677419354838,35.74193548387097,1.0903225806451613,13.773548387096774,16.721612903225807
Timor-Leste,Dili,2025,9,27.026666666666664,3.981481481481482,101010.0,0.21633333333333335,67.76666666666667,46.4,1.9,13.033999999999999,15.917333333333334
Timor-Leste,Dili,2025,10,27.848387096774193,2.717741935483871,100861.29032258065,0.17258064516129032,65.54838709677419,42.483870967741936,3.1806451612903226,8.846774193548388,10.333870967741936
Timor-Leste,Dili,2025,11,27.846666666666668,2.687037037037037,100696.66666666667,0.7490000000000001,72.96666666666667,77.8,3.6133333333333337,7.3966666666666665,8.46
Timor-Leste,Dili,2025,12,27.11935483870968,2.6155913978494625,100645.16129032258,0.7725806451612903,78.45161290322581,73.16129032258064,3.429032258064516,5.324193548387097,5.879032258064516
Timor-Leste,Dili,2026,1,27.386666666666667,4.491666666666666,100696.66666666667,0.43533333333333335,76.6,75.2,3.77,4.833333333333333,5.763333333333334
Timor-Leste,Dili,2026,2,27.75,4.75462962962963,100750.0,0.125,74.33333333333333,73.83333333333333,4.916666666666667,2.783333333333333,2.983333333333333
Togo,Lome,2024,6,27.9,5.305555555555556,101100.0,0.16,74.0,85.0,6.0,7.9,12.3
Tonga,Nuku'alofa,2024,6,23.7,5.305555555555556,101900.0,0.01,68.0,70.0,1.0,1.4,6.0
Tonga,Nuku`Aloia,2024,5,23.64375,3.234375,101443.75,0.30625,90.4375,62.625,1.0,1.76875,6.2375
Tonga,Nuku`Aloia,2024,6,22.43793103448276,3.8553639846743297,101724.13793103448,0.04793103448275862,82.3103448275862,52.0,1.0,1.889655172413793,8.13448275862069
Tonga,Nuku`Aloia,2024,7,21.917241379310347,5.4703065134099615,101672.41379310345,0.03379310344827586,79.6896551724138,50.275862068965516,1.0,2.003448275862069,8.886206896551723
Tonga,Nuku`Aloia,2024,8,21.364516129032257,4.951612903225806,101909.67741935483,0.04709677419354839,79.7741935483871,53.41935483870968,1.0,2.029032258064516,8.683870967741935
Tonga,Nuku`Aloia,2024,9,21.106451612903225,5.283154121863799,101748.3870967742,0.06967741935483872,91.16129032258064,54.03225806451613,1.0,14.222903225806453,26.974806451612906
Tonga,Nuku`Aloia,2024,10,22.92258064516129,7.798387096774194,101674.19354838709,0.20258064516129032,91.03225806451613,56.74193548387097,0.2903225806451613,18.79241935483871,34.803870967741936
Tonga,Nuku`Aloia,2024,11,23.663333333333334,7.897222222222223,101613.33333333333,0.17033333333333334,91.4,59.56666666666667,0.03333333333333333,14.843166666666667,25.690333333333335
Tonga,Nuku`Aloia,2024,12,25.283870967741933,6.728494623655914,101187.09677419355,0.27032258064516124,88.61290322580645,54.774193548387096,0.0,10.694193548387096,16.948387096774194
Tonga,Nuku`Aloia,2025,1,24.86774193548387,4.970430107526882,101180.64516129032,0.19096774193548388,92.48387096774194,56.516129032258064,0.03225806451612903,7.764032258064516,11.547580645161291
Tonga,Nuku`Aloia,2025,2,26.12142857142857,6.504960317460318,101150.0,0.2975,91.39285714285714,56.892857142857146,0.0,8.635535714285714,13.062321428571428
Tonga,Nuku`Aloia,2025,3,25.641935483870967,4.839605734767025,101325.80645161291,0.38161290322580643,92.96774193548387,64.90322580645162,0.0,7.083709677419355,10.974677419354839
Tonga,Nuku`Aloia,2025,4,25.706666666666667,7.651851851851853,101396.66666666667,0.10566666666666667,90.4,50.03333333333333,0.0,10.514166666666666,17.1125
Tonga,Nuku`Aloia,2025,5,23.648387096774194,8.134408602150538,101574.19354838709,0.15161290322580645,91.12903225806451,44.74193548387097,0.0,10.473387096774195,17.085645161290323
Tonga,Nuku`Aloia,2025,6,22.35666666666667,7.67962962962963,101716.66666666667,0.11699999999999999,90.8,52.06666666666667,0.0,10.958166666666667,17.710666666666665
Tonga,Nuku`Aloia,2025,7,21.190322580645162,7.396057347670251,101677.41935483871,0.11612903225806451,88.19354838709677,52.41935483870968,0.0,11.875806451612902,19.26983870967742
Tonga,Nuku`Aloia,2025,8,21.129032258064516,6.632616487455198,101635.48387096774,0.05032258064516129,87.06451612903226,50.806451612903224,0.0,10.956774193548386,17.455645161290324
Tonga,Nuku`Aloia,2025,9,21.07241379310345,7.871647509578545,101837.93103448275,0.02896551724137931,77.20689655172414,47.758620689655174,0.0,13.12551724137931,20.91965517241379
Tonga,Nuku`Aloia,2025,10,22.906451612903226,7.923835125448028,101790.32258064517,0.04161290322580645,83.61290322580645,61.29032258064516,0.0,8.791935483870969,13.320967741935483
Tonga,Nuku`Aloia,2025,11,24.529999999999998,6.266666666666667,101196.66666666667,0.7376666666666666,89.96666666666667,66.66666666666667,0.0,5.183333333333334,7.77
Tonga,Nuku`Aloia,2025,12,26.016129032258064,5.663978494623656,101051.6129032258,0.19129032258064516,85.35483870967742,58.70967741935484,0.0,5.885483870967741,8.79516129032258
Tonga,Nuku`Aloia,2026,1,27.886666666666667,5.615740740740741,100843.33333333333,0.4643333333333333,86.2,62.9,0.0,4.973333333333333,7.1433333333333335
Tonga,Nuku`Aloia,2026,2,27.849999999999998,5.731481481481482,100816.66666666667,0.33499999999999996,91.5,79.16666666666667,0.0,4.016666666666667,5.849999999999999
Trinidad and Tobago,Port Of Spain,2024,5,30.11764705882353,5.401960784313726,101400.0,0.1388235294117647,75.88235294117646,42.64705882352941,6.588235294117647,1.9529411764705884,5.952941176470588
Trinidad and Tobago,Port Of Spain,2024,6,29.386666666666667,4.385185185185185,101370.0,0.20299999999999999,77.83333333333333,52.333333333333336,6.5,1.4866666666666668,2.8833333333333333
Trinidad and Tobago,Port Of Spain,2024,7,27.36896551724138,2.5517241379310347,101441.37931034483,0.41793103448275865,82.44827586206897,38.48275862068966,6.413793103448276,1.3517241379310345,2.6620689655172414
Trinidad and Tobago,Port Of Spain,2024,8,26.858064516129033,1.7930107526881722,101377.41935483871,0.49451612903225806,84.41935483870968,40.516129032258064,6.419354838709677,1.2999999999999998,3.083870967741935
Trinidad and Tobago,Port Of Spain,2024,9,27.02,1.7388888888888892,101140.0,0.22266666666666668,91.26666666666667,25.833333333333332,5.5,11.562000000000001,20.16783333333333
Trinidad and Tobago,Port Of Spain,2024,10,25.541935483870965,2.7652329749103943,101048.3870967742,0.33129032258064517,93.2258064516129,25.580645161290324,0.45161290322580644,13.546774193548387,24.89741935483871
Trinidad and Tobago,Port Of Spain,2024,11,25.66896551724138,2.793103448275862,100927.58620689655,0.4089655172413793,91.17241379310344,27.724137931034484,0.0,9.020344827586207,14.493793103448276
Trinidad and Tobago,Port Of Spain,2024,12,24.177419354838708,3.0376344086021505,101170.96774193548,0.15806451612903225,91.45161290322581,33.354838709677416,0.03870967741935485,15.915967741935484,22.88032258064516
Trinidad and Tobago,Port Of Spain,2025,1,23.44,3.2296296296296294,101296.66666666667,0.09600000000000002,89.1,31.366666666666667,0.02666666666666667,13.190499999999998,19.8875
Trinidad and Tobago,Port Of Spain,2025,2,23.810714285714287,3.27281746031746,101257.14285714286,0.004285714285714286,83.78571428571429,28.571428571428573,0.0,17.396607142857142,26.87125
Trinidad and Tobago,Port Of Spain,2025,3,24.219354838709677,3.5689964157706093,101245.16129032258,0.19064516129032258,83.54838709677419,29.032258064516128,0.0,13.350032258064516,22.5231935483871
Trinidad and Tobago,Port Of Spain,2025,4,25.053333333333335,3.6731481481481487,101186.66666666667,0.23600000000000002,85.86666666666666,29.166666666666668,0.0,14.853866666666667,26.984233333333336
Trinidad and Tobago,Port Of Spain,2025,5,25.129032258064516,3.4543010752688175,101235.48387096774,0.2803225806451613,94.48387096774194,30.64516129032258,0.0,14.397806451612903,29.136677419354836
Trinidad and Tobago,Port Of Spain,2025,6,25.326666666666664,3.7342592592592596,101346.66666666667,0.2643333333333333,94.63333333333334,32.5,0.0,16.943733333333334,37.876533333333334
Trinidad and Tobago,Port Of Spain,2025,7,24.641935483870967,2.813620071684588,101377.41935483871,0.16580645161290322,95.38709677419355,31.258064516129032,0.0,11.475967741935484,26.926451612903225
Trinidad and Tobago,Port Of Spain,2025,8,25.161290322580644,2.6998207885304657,101261.29032258065,0.22161290322580646,93.06451612903226,32.25806451612903,0.0,9.339516129032257,20.845322580645163
Trinidad and Tobago,Port Of Spain,2025,9,25.236666666666668,2.7240740740740743,101166.66666666667,0.214,95.06666666666666,30.0,0.0,8.671166666666666,14.852333333333332
Trinidad and Tobago,Port Of Spain,2025,10,25.345161290322583,2.8673835125448033,101032.25806451614,0.27516129032258063,91.93548387096774,28.225806451612904,0.0,5.914516129032258,8.562903225806451
Trinidad and Tobago,Port Of Spain,2025,11,25.05,3.121296296296296,101083.33333333333,0.45233333333333337,91.83333333333333,30.0,0.0,6.083333333333333,9.493333333333334
Trinidad and Tobago,Port Of Spain,2025,12,24.183870967741935,3.2329749103942653,101096.7741935484,0.14451612903225808,88.2258064516129,37.096774193548384,0.0,6.953225806451614,10.317741935483872
Trinidad and Tobago,Port Of Spain,2026,1,24.25,3.0074074074074075,101196.66666666667,0.08166666666666668,86.73333333333333,32.5,0.0,6.11,9.003333333333334
Trinidad and Tobago,Port Of Spain,2026,2,24.150000000000002,3.1296296296296298,101350.0,0.006666666666666667,85.16666666666667,25.0,0.0,8.833333333333334,12.950000000000001
Tunisia,Tunis,2024,5,28.01764705882353,5.473856209150327,101223.5294117647,0.028823529411764706,41.588235294117645,26.764705882352942,6.764705882352941,10.258823529411766,22.72941176470588
Tunisia,Tunis,2024,6,30.14333333333333,5.602777777777778,101393.33333333333,0.0013333333333333333,41.6,22.133333333333333,7.366666666666666,7.693333333333333,22.566666666666666
Tunisia,Tunis,2024,7,34.21785714285714,5.459325396825397,101328.57142857143,0.0,36.92857142857143,11.892857142857142,8.214285714285714,9.921428571428573,21.142857142857142
Tunisia,Tunis,2024,8,34.63225806451613,4.339605734767025,101254.83870967742,0.0029032258064516127,37.87096774193548,19.93548387096774,8.258064516129032,14.783870967741937,24.219354838709677
Tunisia,Tunis,2024,9,30.183333333333334,4.487037037037037,101423.33333333333,0.024,47.46666666666667,36.1,7.166666666666667,21.5965,47.765
Tunisia,Tunis,2024,10,25.14516129032258,3.6451612903225805,101790.32258064517,0.025483870967741934,64.3225806451613,32.87096774193548,3.2903225806451615,22.86241935483871,52.22370967741935
Tunisia,Tunis,2024,11,19.696666666666665,2.9824074074074076,102140.0,0.033666666666666664,69.1,32.46666666666667,1.3133333333333332,37.314499999999995,67.599
Tunisia,Tunis,2024,12,15.403225806451612,5.367383512544802,102303.2258064516,0.07225806451612904,66.58064516129032,50.25806451612903,1.5129032258064516,17.109516129032258,32.458548387096776
Tunisia,Tunis,2025,1,16.026666666666667,4.497222222222222,102053.33333333333,0.025333333333333333,64.16666666666667,32.166666666666664,1.8366666666666667,21.860833333333336,36.8705
Tunisia,Tunis,2025,2,15.517857142857142,3.53968253968254,102225.0,0.06571428571428571,73.92857142857143,41.07142857142857,2.3607142857142853,28.569285714285716,47.730000000000004
Tunisia,Tunis,2025,3,17.929032258064513,4.470430107526882,101458.06451612903,0.03064516129032258,66.38709677419355,38.29032258064516,2.7419354838709675,24.133548387096774,48.08209677419355
Tunisia,Tunis,2025,4,19.256666666666668,3.813888888888889,101576.66666666667,0.010333333333333333,63.36666666666667,39.166666666666664,3.8966666666666665,18.241,35.90233333333333
Tunisia,Tunis,2025,5,22.748387096774195,4.016129032258065,101574.19354838709,0.011935483870967743,59.645161290322584,38.70967741935484,4.406451612903226,17.300483870967742,36.09887096774194
Tunisia,Tunis,2025,6,29.43103448275862,3.4971264367816093,101758.62068965517,0.0003448275862068966,49.37931034482759,12.931034482758621,5.7379310344827585,24.904827586206896,52.40603448275862
Tunisia,Tunis,2025,7,30.845161290322583,4.184587813620072,101425.80645161291,0.007419354838709678,49.58064516129032,21.774193548387096,4.709677419354839,17.503387096774194,37.72806451612903
Tunisia,Tunis,2025,8,28.700000000000003,2.8019713261648747,101503.2258064516,0.0006451612903225806,57.903225806451616,27.419354838709676,3.232258064516129,23.495,43.516774193548386
Tunisia,Tunis,2025,9,26.436666666666667,3.003703703703704,101733.33333333333,0.004333333333333333,66.1,27.066666666666666,2.126666666666667,16.823,37.09466666666666
Tunisia,Tunis,2025,10,21.148387096774194,3.1693548387096775,101725.80645161291,0.017096774193548388,73.74193548387096,33.45161290322581,0.7741935483870968,10.024193548387096,19.562903225806455
Tunisia,Tunis,2025,11,14.513333333333334,3.3592592592592596,101656.66666666667,0.10833333333333334,80.66666666666667,37.06666666666667,0.25666666666666665,9.933333333333334,17.256666666666668
Tunisia,Tunis,2025,12,11.774193548387096,2.7043010752688175,101700.0,0.03225806451612903,95.64516129032258,39.516129032258064,0.0064516129032258064,17.637096774193548,26.866129032258065
Tunisia,Tunis,2026,1,10.49,4.286111111111111,101093.33333333333,0.011666666666666665,89.93333333333334,41.233333333333334,0.08000000000000002,13.639999999999999,23.043333333333333
Tunisia,Tunis,2026,2,12.633333333333333,4.782407407407407,100566.66666666667,0.005,86.5,37.5,0.13333333333333333,9.816666666666668,21.45
Turkey,Ankara,2024,5,22.258823529411764,3.5915032679738563,101358.82352941176,0.15882352941176472,41.88235294117647,55.1764705882353,4.647058823529412,5.417647058823529,12.105882352941176
Turkey,Ankara,2024,6,30.56206896551724,3.403256704980843,101334.4827586207,0.10448275862068966,27.103448275862068,29.517241379310345,6.931034482758621,7.717241379310345,15.489655172413793
Turkey,Ankara,2024,7,30.92413793103448,3.8505747126436782,100900.0,0.010344827586206896,28.275862068965516,40.41379310344828,7.310344827586207,4.496551724137931,8.189655172413794
Turkey,Ankara,2024,8,31.177419354838708,3.695340501792115,101022.58064516129,0.0022580645161290325,24.838709677419356,18.548387096774192,7.645161290322581,6.390322580645161,7.648387096774194
Turkey,Ankara,2024,9,26.196666666666665,2.873148148148148,101393.33333333333,0.062000000000000006,38.5,43.333333333333336,6.4,20.817999999999998,28.259166666666665
Turkey,Ankara,2024,10,17.593548387096774,2.9408602150537635,102170.96774193548,0.0009677419354838711,46.54838709677419,25.0,4.135483870967741,32.72709677419355,45.18774193548387
Turkey,Ankara,2024,11,9.626666666666667,2.7703703703703706,102153.33333333333,0.005333333333333333,62.4,48.06666666666667,2.0,43.968333333333334,57.029333333333334
Turkey,Ankara,2024,12,7.232258064516128,3.3019713261648747,101990.32258064517,0.06709677419354838,67.93548387096774,61.354838709677416,1.3870967741935485,45.77854838709678,62.112258064516126
Turkey,Ankara,2025,1,7.716129032258064,2.0761648745519716,102332.25806451614,0.046129032258064515,68.61290322580645,37.096774193548384,1.770967741935484,65.14387096774193,82.44435483870969
Turkey,Ankara,2025,2,3.7607142857142857,3.1190476190476195,102146.42857142857,0.058571428571428566,54.17857142857143,54.464285714285715,2.4071428571428575,38.23553571428572,49.613035714285715
Turkey,Ankara,2025,3,13.883870967741935,4.280465949820789,101890.32258064517,0.006774193548387097,40.516129032258064,28.225806451612904,4.380645161290323,38.61129032258064,58.58532258064516
Turkey,Ankara,2025,4,12.563333333333333,3.6898148148148153,101423.33333333333,0.12966666666666668,58.13333333333333,54.166666666666664,5.043333333333334,28.712,42.883
Turkey,Ankara,2025,5,20.032258064516128,4.147849462365592,101445.16129032258,0.05774193548387097,46.61290322580645,42.74193548387097,7.054838709677419,24.40209677419355,41.553387096774195
Turkey,Ankara,2025,6,24.563333333333333,2.6666666666666665,101713.33333333333,0.05333333333333334,35.766666666666666,15.833333333333334,8.686666666666667,17.538,24.062333333333335
Turkey,Ankara,2025,7,29.20967741935484,2.759856630824373,101277.41935483871,0.0,31.580645161290324,9.516129032258064,8.796774193548387,22.331290322580646,32.07064516129032
Turkey,Ankara,2025,8,26.925806451612903,2.8476702508960576,101551.6129032258,0.0,37.354838709677416,7.258064516129032,7.245161290322581,22.164193548387097,31.044193548387096
Turkey,Ankara,2025,9,20.27,2.5222222222222226,101806.66666666667,0.019333333333333334,49.666666666666664,20.0,4.739999999999999,24.953833333333332,35.36666666666667
Turkey,Ankara,2025,10,13.529032258064515,3.4551971326164876,101870.96774193548,0.005483870967741936,68.54838709677419,41.12903225806452,2.232258064516129,19.501612903225805,27.166129032258063
Turkey,Ankara,2025,11,8.12,1.7212962962962963,102220.0,0.002,78.16666666666667,18.3,1.0733333333333335,30.773333333333333,42.09666666666667
Turkey,Ankara,2025,12,1.7483870967741935,2.2517921146953404,101880.64516129032,0.023870967741935485,88.80645161290323,50.0,0.4935483870967742,31.966129032258067,40.420967741935485
Turkey,Ankara,2026,1,0.16333333333333347,2.762962962962963,101613.33333333333,0.077,85.2,64.4,0.51,24.636666666666667,31.663333333333334
Turkey,Ankara,2026,2,2.7999999999999994,2.6666666666666665,101266.66666666667,0.13,83.33333333333333,44.5,0.7666666666666667,18.116666666666667,26.766666666666666
Turkey,Yaren,2024,5,25.11764705882353,4.4901960784313735,101282.35294117648,0.0,45.23529411764706,27.941176470588236,5.470588235294118,10.858823529411765,13.123529411764705
Turkey,Yaren,2024,6,33.50344827586207,6.981800766283525,101006.89655172414,0.0,31.24137931034483,9.482758620689655,7.862068965517241,11.10344827586207,19.900000000000002
Turkey,Yaren,2024,7,33.42142857142857,9.116071428571429,100782.14285714286,0.22,36.714285714285715,14.214285714285714,8.25,8.517857142857142,12.389285714285716
Turkey,Yaren,2024,8,33.8258064516129,7.443548387096775,100858.06451612903,0.007419354838709678,28.29032258064516,13.064516129032258,8.129032258064516,8.14516129032258,9.848387096774195
Turkey,Yaren,2024,9,27.69,5.212037037037037,101166.66666666667,0.004333333333333333,44.2,35.0,7.133333333333334,24.162,32.83533333333333
Turkey,Yaren,2024,10,21.938709677419357,4.965949820788531,101935.48387096774,0.000967741935483871,44.193548387096776,18.806451612903224,4.309677419354839,29.10467741935484,39.41096774193549
Turkey,Yaren,2024,11,13.693333333333333,4.325925925925926,102103.33333333333,0.1913333333333333,62.06666666666667,40.2,1.7033333333333334,36.00716666666666,43.216
Turkey,Yaren,2024,12,11.399999999999999,3.9462365591397854,101896.7741935484,0.10870967741935485,70.80645161290323,61.54838709677419,1.0483870967741935,27.559032258064516,33.47306451612903
Turkey,Yaren,2025,1,9.803225806451612,2.9802867383512543,102296.7741935484,0.1829032258064516,80.45161290322581,49.41935483870968,1.535483870967742,38.82016129032258,45.145967741935486
Turkey,Yaren,2025,2,6.478571428571429,4.818452380952381,102546.42857142857,0.09642857142857143,74.42857142857143,62.5,2.0785714285714287,28.311607142857145,33.04232142857143
Turkey,Yaren,2025,3,14.025806451612903,4.696236559139785,101848.3870967742,0.026774193548387094,60.806451612903224,37.096774193548384,3.606451612903226,41.35645161290322,54.002096774193554
Turkey,Yaren,2025,4,14.086666666666668,4.3351851851851855,101506.66666666667,0.11466666666666667,65.06666666666666,40.0,4.73,36.531333333333336,44.63433333333333
Turkey,Yaren,2025,5,21.283870967741933,4.367383512544802,101283.87096774194,0.047419354838709675,53.32258064516129,29.838709677419356,5.854838709677419,23.24435483870968,36.946290322580644
Turkey,Yaren,2025,6,27.14,6.8462962962962965,101490.0,0.0003333333333333333,43.333333333333336,8.333333333333334,7.569999999999999,19.387999999999998,25.1415
Turkey,Yaren,2025,7,30.19677419354839,5.581541218637993,100909.67741935483,0.0,41.61290322580645,4.032258064516129,7.651612903225806,19.37725806451613,27.761935483870968
Turkey,Yaren,2025,8,26.916129032258063,6.096774193548387,101170.96774193548,0.0,53.0,20.161290322580644,5.877419354838709,20.176935483870967,28.639193548387098
Turkey,Yaren,2025,9,22.08,5.392592592592592,101576.66666666667,0.018666666666666668,61.766666666666666,28.333333333333332,3.9033333333333333,23.709,31.4855
Turkey,Yaren,2025,10,13.848387096774195,3.0734767025089607,101651.6129032258,0.13806451612903223,90.87096774193549,43.54838709677419,1.6709677419354838,16.559677419354838,21.098387096774193
Turkey,Yaren,2025,11,10.523333333333333,2.5064814814814813,101900.0,0.063,94.73333333333333,45.833333333333336,0.6799999999999999,23.016666666666666,28.606666666666666
Turkey,Yaren,2025,12,4.616129032258065,2.4695340501792113,101993.54838709677,0.012580645161290323,93.6774193548387,61.774193548387096,0.33225806451612905,27.156451612903226,31.424193548387095
Turkey,Yaren,2026,1,5.72,3.316666666666667,101546.66666666667,0.267,85.23333333333333,65.0,0.31333333333333335,14.139999999999999,17.563333333333333
Turkey,Yaren,2026,2,5.633333333333333,1.6990740740740742,101083.33333333333,0.06333333333333334,94.33333333333333,64.16666666666667,0.3666666666666667,15.1,17.2
Turkmenistan,Ashgabat,2024,5,24.941176470588236,4.205882352941177,101482.35294117648,0.02764705882352941,45.88235294117647,56.470588235294116,6.0,11.223529411764707,49.55882352941177
Turkmenistan,Ashgabat,2024,6,35.35,4.4601851851851855,100756.66666666667,0.02333333333333333,20.766666666666666,51.833333333333336,8.4,11.21,50.64333333333333
Turkmenistan,Ashgabat,2024,7,37.489285714285714,4.3353174603174605,100435.71428571429,0.08071428571428571,19.571428571428573,27.142857142857142,8.678571428571429,10.892857142857142,51.121428571428574
Turkmenistan,Ashgabat,2024,8,36.57741935483871,4.059139784946237,100764.51612903226,0.0016129032258064516,19.258064516129032,22.258064516129032,8.64516129032258,12.551612903225807,55.693548387096776
Turkmenistan,Ashgabat,2024,9,30.040000000000003,3.983333333333334,101390.0,0.0,18.466666666666665,20.833333333333332,7.266666666666667,14.034500000000001,42.09633333333333
Turkmenistan,Ashgabat,2024,10,21.951612903225808,3.617383512544803,101716.12903225806,0.0935483870967742,44.483870967741936,39.903225806451616,4.341935483870968,25.207741935483874,54.07370967741936
Turkmenistan,Ashgabat,2024,11,15.1,2.9379629629629633,102040.0,0.018000000000000002,56.03333333333333,41.7,2.3699999999999997,29.458166666666667,46.916000000000004
Turkmenistan,Ashgabat,2024,12,9.138709677419355,3.2186379928315416,102332.25806451614,0.0029032258064516127,52.41935483870968,48.25806451612903,1.1419354838709677,30.101290322580645,33.46709677419355
Turkmenistan,Ashgabat,2025,1,9.219354838709679,2.5761648745519716,102445.16129032258,0.006129032258064516,56.87096774193548,54.03225806451613,1.3387096774193548,33.38354838709678,37.07758064516129
Turkmenistan,Ashgabat,2025,2,8.028571428571428,3.1140873015873014,102010.71428571429,0.04357142857142857,61.464285714285715,57.142857142857146,1.7750000000000001,35.53982142857143,48.57571428571429
Turkmenistan,Ashgabat,2025,3,17.93548387096774,3.17831541218638,101919.35483870968,0.03612903225806452,41.41935483870968,51.61290322580645,4.145161290322581,29.337419354838712,39.810806451612905
Turkmenistan,Ashgabat,2025,4,26.613333333333333,4.526851851851853,101373.33333333333,0.024,33.266666666666666,55.833333333333336,6.333333333333333,26.313166666666667,63.09116666666667
Turkmenistan,Ashgabat,2025,5,31.138709677419353,4.326164874551972,101212.90322580645,0.025483870967741934,25.258064516129032,33.87096774193548,9.293548387096775,22.856451612903225,70.93854838709677
Turkmenistan,Ashgabat,2025,6,33.00333333333334,4.509259259259259,100983.33333333333,0.005333333333333333,24.066666666666666,26.666666666666668,10.136666666666667,26.368666666666666,91.32216666666666
Turkmenistan,Ashgabat,2025,7,36.94193548387097,3.7284946236559144,100658.06451612903,0.0006451612903225806,20.096774193548388,16.93548387096774,10.661290322580646,20.445483870967742,60.69193548387097
Turkmenistan,Ashgabat,2025,8,35.21612903225807,3.8584229390681006,101074.19354838709,0.0,19.580645161290324,10.806451612903226,9.483870967741936,19.07887096774194,46.93629032258064
Turkmenistan,Ashgabat,2025,9,28.243333333333332,3.242592592592593,101390.0,0.0003333333333333333,30.5,14.166666666666666,7.11,20.12683333333333,43.377500000000005
Turkmenistan,Ashgabat,2025,10,23.02258064516129,3.543906810035842,101761.29032258065,0.0,33.193548387096776,17.258064516129032,4.477419354838709,15.124193548387098,24.320967741935487
Turkmenistan,Ashgabat,2025,11,17.029999999999998,3.1361111111111115,102383.33333333333,0.0,39.43333333333333,15.0,2.57,14.866666666666667,18.05
Turkmenistan,Ashgabat,2025,12,7.699999999999999,2.672043010752688,101993.54838709677,0.01967741935483871,81.3225806451613,74.03225806451613,1.506451612903226,12.543548387096775,15.066129032258065
Turkmenistan,Ashgabat,2026,1,5.510000000000001,2.7203703703703703,102000.0,0.012,79.7,67.33333333333333,1.5533333333333335,8.766666666666667,12.663333333333332
Turkmenistan,Ashgabat,2026,2,8.666666666666666,2.5324074074074074,101583.33333333333,0.02,80.66666666666667,85.0,2.033333333333333,7.833333333333333,14.716666666666667
Turkménistan,Krasnyy Turkmenistan,2024,7,37.8,6.111111111111112,99800.0,0.0,11.0,2.0,9.0,6.7,32.6
Tuvalu,Funafuti,2024,5,28.69375,2.282986111111111,100850.0,0.51375,85.625,66.9375,1.0,0.66875,1.90625
Tuvalu,Funafuti,2024,6,28.346666666666668,2.9879629629629627,100990.0,0.463,85.36666666666666,75.0,1.0,1.18,3.9366666666666665
Tuvalu,Funafuti,2024,7,28.731034482758623,4.647509578544061,100965.5172413793,0.3062068965517241,81.96551724137932,59.0,1.0,1.7344827586206895,5.789655172413793
Tuvalu,Funafuti,2024,8,28.306451612903224,6.312724014336918,101106.45161290323,0.623225806451613,80.80645161290323,77.09677419354838,1.0,1.9483870967741934,5.319354838709677
Tuvalu,Funafuti,2024,9,28.561290322580643,5.273297491039426,101019.35483870968,0.48129032258064514,86.7741935483871,70.16129032258064,1.0,8.411,16.237645161290324
Tuvalu,Funafuti,2024,10,28.838709677419356,4.974910394265233,101029.03225806452,0.1235483870967742,84.3225806451613,61.516129032258064,0.2903225806451613,11.571451612903225,21.3108064516129
Tuvalu,Funafuti,2024,11,29.17,3.7620370370370373,100916.66666666667,0.6170000000000001,81.06666666666666,63.333333333333336,0.03333333333333333,8.577833333333333,14.417666666666666
Tuvalu,Funafuti,2024,12,28.70967741935484,5.117383512544802,100893.54838709677,0.3125806451612903,80.90322580645162,64.25806451612904,0.0,8.95758064516129,13.785483870967743
Tuvalu,Funafuti,2025,1,28.53548387096774,5.701612903225806,100912.90322580645,0.3332258064516129,79.51612903225806,76.7741935483871,0.03225806451612903,9.399193548387096,14.686612903225805
Tuvalu,Funafuti,2025,2,28.642857142857142,6.565476190476191,100971.42857142857,0.3821428571428571,78.78571428571429,66.96428571428571,0.0,12.414821428571429,19.33910714285714
Tuvalu,Funafuti,2025,3,29.009677419354837,4.647849462365592,101032.25806451614,0.3538709677419355,80.54838709677419,63.903225806451616,0.0,6.242258064516129,9.972096774193549
Tuvalu,Funafuti,2025,4,28.523333333333333,3.975,100953.33333333333,0.5843333333333334,83.9,71.3,0.0,3.027833333333333,4.859333333333334
Tuvalu,Funafuti,2025,5,29.103225806451615,5.406810035842294,100948.3870967742,0.30548387096774193,82.83870967741936,60.67741935483871,0.0,5.454516129032259,8.653225806451612
Tuvalu,Funafuti,2025,6,28.56,5.865740740740741,101006.66666666667,0.33866666666666667,84.3,67.5,0.0,5.7535,9.256166666666667
Tuvalu,Funafuti,2025,7,28.683870967741935,6.5412186379928325,100977.41935483871,0.3141935483870968,82.06451612903226,57.32258064516129,0.0,8.086290322580645,12.830645161290322
Tuvalu,Funafuti,2025,8,28.700000000000003,6.697132616487456,101019.35483870968,0.2593548387096774,80.19354838709677,53.645161290322584,0.0,9.643870967741934,15.486290322580645
Tuvalu,Funafuti,2025,9,28.279999999999998,6.7444444444444445,101060.0,0.2693333333333333,81.6,70.63333333333334,0.0,6.735166666666667,10.781666666666666
Tuvalu,Funafuti,2025,10,28.432258064516127,5.754480286738351,100941.93548387097,0.12741935483870967,82.25806451612904,62.87096774193548,0.0,5.408064516129032,8.140322580645162
Tuvalu,Funafuti,2025,11,28.873333333333335,4.165740740740741,100793.33333333333,0.17166666666666666,78.56666666666666,62.46666666666667,0.0,4.8133333333333335,7.08
Tuvalu,Funafuti,2025,12,29.406451612903226,3.6048387096774195,100654.83870967742,0.14129032258064517,76.58064516129032,61.41935483870968,0.0,4.440322580645161,6.279032258064516
Tuvalu,Funafuti,2026,1,28.853333333333335,6.073148148148149,100646.66666666667,0.7973333333333333,79.3,75.13333333333334,0.0,5.5233333333333325,7.9399999999999995
Tuvalu,Funafuti,2026,2,29.183333333333334,5.814814814814816,100916.66666666667,0.295,78.66666666666667,77.0,0.0,6.233333333333333,9.266666666666667
USA United States of America,Grenada,2024,6,28.2,1.3888888888888888,101500.0,0.0,73.0,2.0,7.0,6.1,7.0
USA United States of America,Moroni,2024,6,18.2,1.8888888888888888,101500.0,0.0,43.0,3.0,5.0,4.8,8.9
USA United States of America,Palau,2024,6,27.2,7.5,101000.0,1.59,82.0,98.0,1.0,0.5,0.9
Uganda,Kampala,2024,5,26.105882352941176,4.647058823529412,101564.70588235294,0.02411764705882353,66.52941176470588,30.58823529411765,5.882352941176471,3.923529411764706,6.682352941176471
Uganda,Kampala,2024,6,25.89333333333333,5.3351851851851855,101590.0,0.018666666666666665,64.13333333333334,23.866666666666667,6.433333333333334,4.693333333333333,7.42
Uganda,Kampala,2024,7,26.75,3.989087301587302,101321.42857142857,0.015,50.785714285714285,29.678571428571427,6.428571428571429,9.582142857142857,13.525
Uganda,Kampala,2024,8,26.529032258064515,3.767025089605735,101103.2258064516,0.024838709677419354,45.70967741935484,36.03225806451613,6.548387096774194,6.303225806451613,9.551612903225807
Uganda,Kampala,2024,9,27.413333333333334,3.1314814814814813,101276.66666666667,0.07533333333333332,51.5,41.36666666666667,6.7,26.703,39.59066666666667
Uganda,Kampala,2024,10,27.148387096774194,2.0268817204301075,101390.32258064517,0.15838709677419355,54.67741935483871,45.61290322580645,10.193548387096774,37.435645161290324,54.03790322580645
Uganda,Kampala,2024,11,24.506666666666668,1.9166666666666667,101563.33333333333,0.2906666666666667,70.73333333333333,48.03333333333333,8.68,37.333,44.94266666666667
Uganda,Kampala,2024,12,27.251612903225805,2.3261648745519716,101280.64516129032,0.19516129032258064,52.74193548387097,42.774193548387096,10.225806451612904,24.67064516129032,26.986129032258066
Uganda,Kampala,2025,1,27.874193548387098,2.306451612903226,101438.70967741935,0.010967741935483872,53.0,23.741935483870968,9.848387096774195,39.780967741935484,41.83387096774193
Uganda,Kampala,2025,2,30.139285714285712,3.738095238095238,101250.0,0.0007142857142857143,44.25,23.785714285714285,12.62857142857143,32.573214285714286,34.238214285714285
Uganda,Kampala,2025,3,26.5,2.7849462365591395,101567.74193548386,0.12193548387096775,62.45161290322581,35.25806451612903,11.151612903225805,39.15435483870968,40.2166129032258
Uganda,Kampala,2025,4,24.116666666666667,2.3685185185185187,101670.0,0.3173333333333333,75.56666666666666,45.46666666666667,10.356666666666666,28.391333333333332,29.353333333333335
Uganda,Kampala,2025,5,24.490322580645163,2.71415770609319,101903.2258064516,0.5641935483870968,74.3225806451613,42.096774193548384,9.638709677419355,27.48741935483871,30.31016129032258
Uganda,Kampala,2025,6,24.529999999999998,3.0481481481481483,101960.0,0.12400000000000001,71.36666666666666,38.86666666666667,8.92,50.03633333333333,56.270833333333336
Uganda,Kampala,2025,7,24.335483870967742,2.415770609318997,102041.93548387097,0.09322580645161291,71.41935483870968,30.06451612903226,8.016129032258064,69.91806451612904,72.65725806451613
Uganda,Kampala,2025,8,24.203225806451613,2.171146953405018,101864.51612903226,0.2132258064516129,66.03225806451613,32.83870967741935,8.025806451612903,59.498387096774195,60.3458064516129
Uganda,Kampala,2025,9,25.85,1.924074074074074,101810.0,0.07066666666666667,61.5,30.766666666666666,8.886666666666667,49.28216666666666,50.50016666666667
Uganda,Kampala,2025,10,24.251612903225805,1.8593189964157708,101716.12903225806,0.1406451612903226,69.16129032258064,35.25806451612903,6.990322580645161,27.675806451612903,28.32741935483871
Uganda,Kampala,2025,11,23.926666666666666,1.5546296296296298,101800.0,0.145,73.53333333333333,29.333333333333332,6.056666666666667,32.92,33.58
Uganda,Kampala,2025,12,23.09032258064516,1.6792114695340503,101683.87096774194,0.18354838709677418,76.06451612903226,31.741935483870968,5.170967741935484,31.453225806451613,32.14677419354839
Uganda,Kampala,2026,1,24.283333333333335,2.1175925925925925,101696.66666666667,0.011666666666666665,72.6,18.266666666666666,5.516666666666667,32.78666666666667,33.446666666666665
Uganda,Kampala,2026,2,22.983333333333334,1.8333333333333333,101733.33333333333,0.31833333333333336,75.33333333333333,51.5,4.783333333333333,22.166666666666668,22.733333333333334
Ukraine,Kyiv,2024,5,19.858823529411765,3.3888888888888893,101900.0,0.15,53.1764705882353,60.588235294117645,4.823529411764706,3.0176470588235293,3.629411764705882
Ukraine,Kyiv,2024,6,23.78666666666667,3.7222222222222223,101276.66666666667,0.20166666666666666,58.166666666666664,53.53333333333333,5.833333333333333,2.1566666666666667,2.396666666666667
Ukraine,Kyiv,2024,7,30.49655172413793,3.6657088122605366,101227.58620689655,0.014827586206896552,31.96551724137931,23.82758620689655,7.620689655172414,3.7413793103448274,4.068965517241379
Ukraine,Kyiv,2024,8,29.606451612903225,3.568100358422939,101270.96774193548,0.0006451612903225806,26.387096774193548,24.967741935483872,7.32258064516129,4.45483870967742,5.206451612903226
Ukraine,Kyiv,2024,9,26.02,5.114814814814816,101686.66666666667,0.003,27.566666666666666,29.333333333333332,6.5,17.480166666666666,28.200666666666667
Ukraine,Kyiv,2024,10,13.935483870967742,4.060035842293907,102016.12903225806,0.024838709677419354,55.25806451612903,47.54838709677419,2.3806451612903223,20.481290322580644,27.350161290322582
Ukraine,Kyiv,2024,11,3.9099999999999997,4.2444444444444445,102233.33333333333,0.068,68.73333333333333,50.3,0.7533333333333334,26.4735,31.240333333333336
Ukraine,Kyiv,2024,12,1.7483870967741937,4.112007168458781,102170.96774193548,0.10096774193548387,78.96774193548387,57.29032258064516,0.4,27.940967741935484,33.93854838709677
Ukraine,Kyiv,2025,1,3.47741935483871,4.228494623655914,101954.83870967742,0.012903225806451613,74.0,59.25806451612903,0.6290322580645161,30.178870967741933,35.710967741935484
Ukraine,Kyiv,2025,2,-1.5785714285714287,3.1676587301587302,103075.0,0.004642857142857143,60.607142857142854,46.5,1.3035714285714286,31.040357142857143,36.94714285714286
Ukraine,Kyiv,2025,3,8.7,4.42741935483871,101754.83870967742,0.005806451612903225,57.806451612903224,43.12903225806452,2.335483870967742,27.212903225806453,32.01096774193549
Ukraine,Kyiv,2025,4,13.636666666666667,4.345370370370371,101620.0,0.06899999999999999,42.266666666666666,41.43333333333333,3.6666666666666665,18.382833333333334,24.61733333333333
Ukraine,Kyiv,2025,5,15.058064516129033,4.054659498207886,101229.03225806452,0.10709677419354838,58.58064516129032,67.83870967741936,3.6903225806451614,12.29951612903226,15.22967741935484
Ukraine,Kyiv,2025,6,20.746666666666666,5.431481481481482,101446.66666666667,0.05500000000000001,56.766666666666666,55.766666666666666,5.366666666666666,11.038333333333332,14.072333333333335
Ukraine,Kyiv,2025,7,25.274193548387096,3.9139784946236564,101074.19354838709,0.13193548387096773,48.29032258064516,40.774193548387096,5.141935483870968,15.283387096774193,18.893870967741936
Ukraine,Kyiv,2025,8,23.806451612903224,3.485663082437276,101587.09677419355,0.00870967741935484,40.45161290322581,21.06451612903226,4.45483870967742,17.39,22.701290322580647
Ukraine,Kyiv,2025,9,19.69,3.8842592592592595,102183.33333333333,0.02366666666666667,42.03333333333333,30.2,2.73,17.125999999999998,23.079833333333333
Ukraine,Kyiv,2025,10,9.641935483870967,4.104838709677419,101541.93548387097,0.08774193548387096,68.16129032258064,71.70967741935483,0.6548387096774194,10.575806451612904,13.379032258064516
Ukraine,Kyiv,2025,11,6.403333333333333,3.189814814814815,101853.33333333333,0.01,80.3,57.86666666666667,0.3266666666666667,14.073333333333332,17.253333333333334
Ukraine,Kyiv,2025,12,0.567741935483871,3.479390681003584,102041.93548387097,0.03354838709677419,80.87096774193549,59.54838709677419,0.11935483870967742,13.014516129032257,15.746774193548386
Ukraine,Kyiv,2026,1,-9.126666666666667,3.503703703703704,101556.66666666667,0.10233333333333333,93.86666666666666,74.4,0.16,14.520000000000001,16.706666666666667
Ukraine,Kyiv,2026,2,-14.9,3.4444444444444446,102166.66666666667,0.049999999999999996,91.0,62.0,0.3,15.800000000000002,17.849999999999998
United Arab Emirates,Abu Dhabi,2024,5,35.35294117647059,4.410130718954249,100270.58823529411,0.0,39.23529411764706,0.0,7.470588235294118,30.070588235294117,88.99411764705883
United Arab Emirates,Abu Dhabi,2024,6,37.61333333333334,5.4222222222222225,99776.66666666667,0.0,43.56666666666667,0.0,8.066666666666666,48.163333333333334,97.88333333333334
United Arab Emirates,Abu Dhabi,2024,7,37.50344827586206,5.711685823754789,99389.6551724138,0.0,51.172413793103445,2.5517241379310347,8.310344827586206,55.97586206896552,140.51724137931035
United Arab Emirates,Abu Dhabi,2024,8,37.63870967741936,5.382616487455198,99690.32258064517,0.0,55.03225806451613,6.096774193548387,8.258064516129032,51.403225806451616,143.59032258064516
United Arab Emirates,Abu Dhabi,2024,9,38.88,4.6194444444444445,100200.0,0.0,38.63333333333333,0.0,8.066666666666666,70.47166666666666,247.21316666666664
United Arab Emirates,Abu Dhabi,2024,10,32.270967741935486,4.324372759856631,100967.74193548386,0.0,52.935483870967744,5.806451612903226,7.422580645161291,48.947419354838715,133.65354838709678
United Arab Emirates,Abu Dhabi,2024,11,29.083333333333332,3.9157407407407407,101450.0,0.0,55.833333333333336,10.0,5.4766666666666675,66.156,102.14466666666667
United Arab Emirates,Abu Dhabi,2024,12,24.164516129032258,4.778673835125448,101674.19354838709,0.0029032258064516127,53.38709677419355,15.96774193548387,3.509677419354839,56.86661290322581,103.62983870967743
United Arab Emirates,Abu Dhabi,2025,1,23.296774193548387,5.479390681003585,101764.51612903226,0.0,47.67741935483871,19.903225806451612,4.096774193548387,49.09064516129032,86.32935483870968
United Arab Emirates,Abu Dhabi,2025,2,25.42142857142857,5.236111111111112,101525.0,0.00035714285714285714,47.714285714285715,8.928571428571429,4.925,50.26714285714286,108.36375
United Arab Emirates,Abu Dhabi,2025,3,29.470967741935485,4.715053763440861,101422.58064516129,0.0,32.064516129032256,0.0,7.990322580645161,54.968870967741935,117.35564516129033
United Arab Emirates,Abu Dhabi,2025,4,36.04666666666667,4.196296296296297,100946.66666666667,0.0,21.933333333333334,0.0,9.983333333333333,56.862833333333334,118.86866666666667
United Arab Emirates,Abu Dhabi,2025,5,39.245161290322585,5.267025089605735,100377.41935483871,0.0,25.64516129032258,0.0,10.712903225806452,71.33838709677418,164.7216129032258
United Arab Emirates,Abu Dhabi,2025,6,38.21,5.102777777777778,99950.0,0.0,36.36666666666667,0.0,10.8,92.22250000000001,245.13733333333332
United Arab Emirates,Abu Dhabi,2025,7,40.99677419354839,4.256272401433693,99600.0,0.0,33.935483870967744,0.0,10.290322580645162,104.20274193548387,252.8532258064516
United Arab Emirates,Abu Dhabi,2025,8,41.71290322580645,3.14336917562724,99941.93548387097,0.0,27.06451612903226,0.0,9.851612903225806,85.2432258064516,172.46774193548387
United Arab Emirates,Abu Dhabi,2025,9,38.26,3.162037037037037,100386.66666666667,0.0,39.833333333333336,0.8333333333333334,8.963333333333333,85.48466666666667,178.16400000000002
United Arab Emirates,Abu Dhabi,2025,10,33.5516129032258,2.5062724014336917,101080.64516129032,0.0,44.483870967741936,3.225806451612903,6.512903225806451,48.975806451612904,67.07903225806452
United Arab Emirates,Abu Dhabi,2025,11,28.80666666666667,2.1694444444444443,101750.0,0.0,45.733333333333334,4.166666666666667,5.069999999999999,47.690000000000005,56.45333333333333
United Arab Emirates,Abu Dhabi,2025,12,24.216129032258067,4.044802867383512,101777.41935483871,0.0006451612903225806,52.41935483870968,8.870967741935484,3.8774193548387097,38.185483870967744,59.53709677419355
United Arab Emirates,Abu Dhabi,2026,1,21.976666666666667,4.3462962962962965,102073.33333333333,0.0016666666666666668,52.46666666666667,11.666666666666666,4.493333333333334,39.46,58.46333333333334
United Arab Emirates,Abu Dhabi,2026,2,22.366666666666664,2.513888888888889,102000.0,0.0,52.5,4.166666666666667,4.766666666666667,53.916666666666664,87.66666666666667
United Kingdom,London,2024,5,17.058823529411764,4.372549019607844,101164.70588235294,0.14529411764705882,65.47058823529412,52.94117647058823,4.0588235294117645,3.1411764705882352,3.894117647058824
United Kingdom,London,2024,6,19.71034482758621,4.936781609195403,101410.3448275862,0.06724137931034484,50.10344827586207,49.44827586206897,4.827586206896552,3.1999999999999997,4.168965517241379
United Kingdom,London,2024,7,20.95357142857143,4.234126984126984,101367.85714285714,0.061785714285714284,60.32142857142857,55.607142857142854,4.857142857142857,3.4214285714285713,4.264285714285714
United Kingdom,London,2024,8,22.38064516129032,4.81989247311828,101345.16129032258,0.012903225806451613,55.25806451612903,47.03225806451613,5.580645161290323,3.764516129032258,6.029032258064516
United Kingdom,London,2024,9,17.209999999999997,4.404629629629629,101386.66666666667,0.09433333333333334,73.36666666666666,50.833333333333336,4.5,12.080333333333334,17.507166666666667
United Kingdom,London,2024,10,12.86774193548387,3.5905017921146953,101406.45161290323,0.11709677419354839,86.74193548387096,45.96774193548387,1.4258064516129034,19.97403225806452,31.438064516129028
United Kingdom,London,2024,11,8.133333333333333,3.240740740740741,101976.66666666667,0.13399999999999998,87.36666666666666,58.7,0.29333333333333333,32.190000000000005,43.943666666666665
United Kingdom,London,2024,12,7.635483870967741,4.42562724014337,102212.90322580645,0.04516129032258064,86.16129032258064,61.70967741935484,0.22580645161290322,18.141935483870967,25.876129032258063
United Kingdom,London,2025,1,4.490322580645161,3.207885304659498,101335.48387096774,0.07612903225806451,88.25806451612904,41.774193548387096,0.3709677419354839,28.0841935483871,36.19435483870968
United Kingdom,London,2025,2,5.846428571428571,3.7420634920634925,102132.14285714286,0.06821428571428571,86.5,44.642857142857146,0.5071428571428571,25.146785714285716,33.95410714285715
United Kingdom,London,2025,3,8.46774193548387,3.0376344086021505,101741.93548387097,0.03064516129032258,76.74193548387096,31.451612903225808,1.2935483870967743,32.5958064516129,40.93274193548387
United Kingdom,London,2025,4,11.92,3.823148148148148,101763.33333333333,0.003,68.56666666666666,30.833333333333332,1.8466666666666667,30.216666666666665,37.4625
United Kingdom,London,2025,5,14.958064516129031,4.217741935483871,101822.58064516129,0.01838709677419355,66.80645161290323,39.516129032258064,2.541935483870968,15.164032258064516,22.587903225806453
United Kingdom,London,2025,6,18.81,4.240740740740741,101666.66666666667,0.11666666666666667,69.13333333333334,40.833333333333336,3.0166666666666666,12.789666666666667,19.215333333333334
United Kingdom,London,2025,7,19.76451612903226,3.1164874551971327,101545.16129032258,0.058064516129032254,69.38709677419355,45.16129032258065,2.193548387096774,12.932096774193548,18.720806451612905
United Kingdom,London,2025,8,17.596774193548388,3.488351254480287,101670.96774193548,0.11741935483870967,74.93548387096774,35.483870967741936,1.538709677419355,16.721612903225807,26.05516129032258
United Kingdom,London,2025,9,13.446666666666665,4.387037037037037,101456.66666666667,0.192,86.23333333333333,32.5,0.6233333333333333,13.983,21.87
United Kingdom,London,2025,10,10.95483870967742,3.874551971326165,101400.0,0.038387096774193545,88.58064516129032,52.41935483870968,0.11612903225806452,11.388709677419355,15.611290322580645
United Kingdom,London,2025,11,8.74,4.187037037037038,100903.33333333333,0.24266666666666664,89.86666666666666,50.0,0.0,7.9399999999999995,11.21
United Kingdom,London,2025,12,6.819354838709677,4.162186379928316,101429.03225806452,0.04870967741935484,89.19354838709677,50.0,0.0,8.546774193548387,13.308064516129033
United Kingdom,London,2026,1,4.05,3.899074074074074,100210.0,0.22566666666666665,92.96666666666667,51.666666666666664,0.0,8.613333333333333,12.4
United Kingdom,London,2026,2,6.733333333333333,3.814814814814815,99100.0,0.11499999999999999,95.5,91.66666666666667,0.0,15.783333333333333,19.316666666666666
United States of America,New York,2024,6,26.1,4.694444444444445,101300.0,0.0,40.0,5.0,7.0,1.1,1.9
United States of America,Washington Harbor,2024,5,9.2,1.1111111111111112,102300.0,0.0,92.0,0.0,3.0,0.9,1.5
United States of America,Washington Harbor,2024,6,10.727586206896552,2.438697318007663,101631.03448275862,0.0396551724137931,87.6896551724138,38.55172413793103,3.0344827586206895,2.117241379310345,3.475862068965517
United States of America,Washington Harbor,2024,7,11.292592592592591,2.8353909465020575,101796.29629629629,0.008888888888888889,94.92592592592592,33.148148148148145,2.0,3.94074074074074,6.185185185185185
United States of America,Washington Harbor,2024,8,11.361290322580645,1.9157706093189966,101716.12903225806,0.09225806451612903,91.70967741935483,39.16129032258065,1.0,5.15483870967742,7.387096774193548
United States of America,Washington Harbor,2024,9,11.176666666666668,1.8462962962962963,101616.66666666667,0.008,96.33333333333333,50.0,1.0,7.453833333333334,11.219166666666666
United States of America,Washington Harbor,2024,10,8.506666666666666,1.7861111111111112,101763.33333333333,0.1673333333333333,93.66666666666667,38.43333333333333,0.3,3.872666666666667,6.135833333333333
United States of America,Washington Harbor,2024,11,6.755172413793104,2.507662835249042,101337.93103448275,0.0,93.93103448275862,70.6896551724138,0.0,5.55,7.4574137931034485
United States of America,Washington Harbor,2024,12,5.880645161290323,2.2885304659498207,101519.35483870968,0.0,93.16129032258064,76.16129032258064,0.0,5.752903225806452,6.7256451612903225
United States of America,Washington Harbor,2025,1,3.7866666666666666,1.4953703703703705,102740.0,0.054000000000000006,89.86666666666666,54.93333333333333,0.0,8.133833333333333,9.206833333333332
United States of America,Washington Harbor,2025,2,3.132142857142857,2.5426587301587302,101639.28571428571,0.19785714285714287,92.14285714285714,70.53571428571429,0.0,6.726071428571428,8.443928571428572
United States of America,Washington Harbor,2025,3,6.248387096774193,2.0797491039426523,101180.64516129032,0.07129032258064516,93.54838709677419,65.3225806451613,0.0,4.046129032258064,5.317258064516129
United States of America,Washington Harbor,2025,4,7.91,2.553703703703704,101990.0,0.0,84.53333333333333,32.5,0.0,7.702166666666667,12.148333333333333
United States of America,Washington Harbor,2025,5,9.493333333333334,2.5324074074074074,101803.33333333333,0.04933333333333333,84.86666666666666,39.166666666666664,0.0,6.697,10.279833333333332
United States of America,Washington Harbor,2025,6,10.99,2.650925925925926,101836.66666666667,0.0,86.4,34.166666666666664,0.0,8.368166666666665,10.915
United States of America,Washington Harbor,2025,7,12.648387096774194,3.481182795698925,101758.06451612903,0.0,86.45161290322581,17.741935483870968,0.0,7.101612903225806,8.211612903225806
United States of America,Washington Harbor,2025,8,14.803225806451614,2.528673835125448,101777.41935483871,0.0,83.80645161290323,25.806451612903224,0.0,16.184516129032257,17.580967741935485
United States of America,Washington Harbor,2025,9,12.583333333333334,2.1240740740740742,101583.33333333333,0.0,91.5,31.666666666666668,0.0,15.361333333333333,17.12933333333333
United States of America,Washington Harbor,2025,10,9.16451612903226,1.9157706093189966,101609.67741935483,0.08612903225806451,87.35483870967742,41.12903225806452,0.0,3.988709677419355,4.856451612903226
United States of America,Washington Harbor,2025,11,7.241935483870968,1.8521505376344087,101677.41935483871,0.13419354838709677,91.09677419354838,73.38709677419355,0.0,4.498387096774193,5.443548387096774
United States of America,Washington Harbor,2025,12,5.6,2.235663082437276,101461.29032258065,0.09096774193548388,91.12903225806451,64.51612903225806,0.0,3.0048387096774194,3.4951612903225806
United States of America,Washington Harbor,2026,1,5.4896551724137925,1.8601532567049808,102037.93103448275,0.0006896551724137932,91.10344827586206,57.758620689655174,0.0,4.156896551724138,4.808620689655172
United States of America,Washington Harbor,2026,2,7.74,1.4833333333333334,102340.0,0.0,95.2,40.0,0.0,4.43,4.89
United States of America,Washington Park,2024,5,10.41875,4.463541666666667,101600.0,0.0,60.4375,20.3125,3.3125,1.775,2.3875
Uruguay,Montevideo,2024,5,11.941176470588236,4.143790849673203,102229.41176470589,0.008823529411764706,78.11764705882354,51.470588235294116,3.9411764705882355,7.141176470588236,12.758823529411766
Uruguay,Montevideo,2024,6,13.463333333333333,4.453703703703704,101600.0,0.09233333333333334,81.76666666666667,47.266666666666666,4.8,12.806666666666667,17.796666666666667
Uruguay,Montevideo,2024,7,7.541379310344827,2.8831417624521074,102472.41379310345,0.0006896551724137932,81.65517241379311,20.06896551724138,4.137931034482759,21.820689655172412,30.372413793103448
Uruguay,Montevideo,2024,8,10.416129032258064,5.206989247311829,101945.16129032258,0.13129032258064516,82.93548387096774,55.0,4.290322580645161,8.845161290322581,13.719354838709679
Uruguay,Montevideo,2024,9,12.55,4.455555555555557,101626.66666666667,0.058,87.2,34.166666666666664,4.066666666666666,16.51983333333333,25.121333333333332
Uruguay,Montevideo,2024,10,14.203225806451613,3.945340501792115,101603.2258064516,0.0025806451612903226,91.64516129032258,27.838709677419356,0.5483870967741935,11.94741935483871,18.63725806451613
Uruguay,Montevideo,2024,11,16.71333333333333,4.595370370370371,101390.0,0.08466666666666667,89.2,31.933333333333334,0.25,12.018833333333333,17.920333333333335
Uruguay,Montevideo,2024,12,17.580645161290324,4.820788530465951,101361.29032258065,0.03387096774193549,77.45161290322581,41.096774193548384,0.5935483870967742,11.022419354838709,14.71048387096774
Uruguay,Montevideo,2025,1,20.336666666666666,4.343518518518519,101306.66666666667,0.004,82.3,28.666666666666668,0.7899999999999999,12.832833333333333,16.872
Uruguay,Montevideo,2025,2,20.814285714285713,4.403769841269841,101207.14285714286,0.03392857142857143,90.21428571428571,33.035714285714285,0.28214285714285714,12.53375,16.27339285714286
Uruguay,Montevideo,2025,3,18.883870967741935,4.130824372759857,101564.51612903226,0.14161290322580647,91.2258064516129,32.25806451612903,0.009677419354838712,12.371129032258064,14.943225806451613
Uruguay,Montevideo,2025,4,13.84,4.224074074074074,101736.66666666667,0.18066666666666667,88.5,22.0,0.0,12.105166666666666,15.157666666666668
Uruguay,Montevideo,2025,5,13.003225806451614,4.328853046594983,101719.35483870968,0.4183870967741935,90.64516129032258,37.45161290322581,0.0,13.731774193548388,15.78467741935484
Uruguay,Montevideo,2025,6,6.956666666666666,4.190740740740741,101830.0,0.089,91.16666666666667,19.466666666666665,0.0,17.4825,19.708666666666666
Uruguay,Montevideo,2025,7,7.970967741935484,4.077956989247312,102287.09677419355,0.024516129032258065,94.54838709677419,34.0,0.0,22.015,24.688548387096777
Uruguay,Montevideo,2025,8,9.812903225806451,4.553763440860216,101987.09677419355,0.13999999999999999,86.74193548387096,37.096774193548384,0.0,13.940645161290323,16.309838709677418
Uruguay,Montevideo,2025,9,10.97,4.0888888888888895,101796.66666666667,0.057,92.4,35.0,0.0,14.198833333333333,16.54883333333333
Uruguay,Montevideo,2025,10,13.838709677419354,4.558243727598567,101683.87096774194,0.056451612903225805,86.45161290322581,24.193548387096776,0.0,7.069354838709677,8.456451612903225
Uruguay,Montevideo,2025,11,14.923333333333334,4.480555555555556,101376.66666666667,0.034333333333333334,82.2,20.833333333333332,0.0,7.010000000000001,8.606666666666666
Uruguay,Montevideo,2025,12,20.061290322580643,4.405913978494624,100867.74193548386,0.05161290322580645,82.70967741935483,26.612903225806452,0.0,7.201612903225806,8.908064516129032
Uruguay,Montevideo,2026,1,19.646666666666665,5.271296296296296,101306.66666666667,0.07233333333333333,86.8,34.166666666666664,0.0,6.633333333333334,8.683333333333334
Uruguay,Montevideo,2026,2,21.733333333333334,4.333333333333333,100833.33333333333,0.0016666666666666668,88.16666666666667,25.0,0.0,7.466666666666666,9.566666666666666
Uzbekistan,Tashkent,2024,5,23.764705882352942,3.8202614379084965,101582.35294117648,0.005294117647058823,43.529411764705884,13.117647058823529,5.529411764705882,7.488235294117648,11.57058823529412
Uzbekistan,Tashkent,2024,6,33.873333333333335,4.108333333333333,100666.66666666667,0.0013333333333333333,19.866666666666667,7.133333333333334,8.066666666666666,7.569999999999999,20.613333333333333
Uzbekistan,Tashkent,2024,7,35.93448275862069,4.525862068965517,100262.06896551725,0.0020689655172413794,17.482758620689655,3.6206896551724137,8.724137931034482,6.558620689655172,25.16896551724138
Uzbekistan,Tashkent,2024,8,35.52903225806452,4.308243727598567,100619.35483870968,0.0,15.935483870967742,3.5161290322580645,8.709677419354838,6.377419354838709,19.39032258064516
Uzbekistan,Tashkent,2024,9,28.25,3.715740740740741,101443.33333333333,0.0,19.933333333333334,4.966666666666667,7.166666666666667,21.965500000000002,36.414
Uzbekistan,Tashkent,2024,10,20.919354838709676,2.413082437275986,101832.25806451614,0.12580645161290324,36.225806451612904,20.548387096774192,3.335483870967742,28.221451612903227,50.41548387096775
Uzbekistan,Tashkent,2024,11,14.286666666666667,1.9462962962962962,102193.33333333333,0.10266666666666667,47.0,23.533333333333335,1.3900000000000001,37.394666666666666,48.433
Uzbekistan,Tashkent,2024,12,4.696774193548387,1.663978494623656,102670.96774193548,0.024516129032258065,56.225806451612904,35.58064516129032,0.4612903225806451,51.65677419354839,57.218709677419355
Uzbekistan,Tashkent,2025,1,7.225806451612903,1.6577060931899643,102603.2258064516,0.006774193548387097,50.354838709677416,26.225806451612904,0.5838709677419355,44.11354838709677,47.52112903225807
Uzbekistan,Tashkent,2025,2,9.903571428571428,1.931547619047619,102096.42857142857,0.0014285714285714286,48.107142857142854,28.107142857142858,0.8785714285714287,41.19553571428571,50.02267857142857
Uzbekistan,Tashkent,2025,3,16.5,2.216845878136201,102006.45161290323,0.1067741935483871,40.25806451612903,19.35483870967742,2.6129032258064515,34.92322580645162,44.76403225806452
Uzbekistan,Tashkent,2025,4,25.733333333333334,2.6666666666666665,101540.0,0.0003333333333333333,30.4,9.166666666666666,5.256666666666666,23.322333333333333,39.281666666666666
Uzbekistan,Tashkent,2025,5,32.00967741935484,3.5071684587813623,101164.51612903226,0.0,19.967741935483872,4.387096774193548,7.83225806451613,21.24516129032258,41.32064516129032
Uzbekistan,Tashkent,2025,6,34.80333333333333,2.8444444444444446,100806.66666666667,0.0016666666666666668,18.3,2.8333333333333335,8.486666666666666,31.789166666666667,63.991499999999995
Uzbekistan,Tashkent,2025,7,37.21290322580645,3.183691756272401,100429.03225806452,0.0,16.387096774193548,0.8064516129032258,9.306451612903226,21.78822580645161,29.98193548387097
Uzbekistan,Tashkent,2025,8,34.05806451612903,3.307347670250896,100945.16129032258,0.0,19.451612903225808,1.1935483870967742,8.451612903225806,23.03548387096774,30.21467741935484
Uzbekistan,Tashkent,2025,9,28.966666666666665,2.8666666666666667,101346.66666666667,0.0,22.066666666666666,0.8333333333333334,6.0600000000000005,25.608999999999998,30.87633333333333
Uzbekistan,Tashkent,2025,10,22.94516129032258,2.2222222222222223,101845.16129032258,0.0,25.0,2.4193548387096775,3.3129032258064517,21.146774193548385,22.830645161290324
Uzbekistan,Tashkent,2025,11,14.573333333333332,1.5703703703703704,102570.0,0.006,36.93333333333333,3.3333333333333335,2.07,27.35666666666667,28.953333333333333
Uzbekistan,Tashkent,2025,12,7.916129032258064,1.8781362007168458,102138.70967741935,0.19774193548387095,65.90322580645162,33.45161290322581,0.9741935483870967,23.47258064516129,26.988709677419354
Uzbekistan,Tashkent,2026,1,5.8100000000000005,1.7592592592592593,102266.66666666667,0.13366666666666666,70.36666666666666,47.6,1.2,18.34333333333333,22.11
Uzbekistan,Tashkent,2026,2,10.299999999999999,2.5833333333333335,102066.66666666667,0.0033333333333333335,49.5,53.166666666666664,1.4666666666666668,12.1,18.55
Vanuatu,Port Vila,2024,5,23.175,3.0190972222222223,101343.75,0.139375,88.5,79.625,1.0,4.03125,10.4625
Vanuatu,Port Vila,2024,6,22.736666666666668,2.2953703703703705,101466.66666666667,0.052333333333333336,90.73333333333333,59.733333333333334,1.0,3.6166666666666667,9.856666666666666
Vanuatu,Port Vila,2024,7,22.57241379310345,3.5220306513409962,101500.0,0.10862068965517241,84.79310344827586,69.86206896551724,1.0,2.9413793103448276,10.017241379310345
Vanuatu,Port Vila,2024,8,21.532258064516128,4.336021505376344,101758.06451612903,0.03064516129032258,85.12903225806451,56.96774193548387,1.0,2.903225806451613,10.316129032258065
Vanuatu,Port Vila,2024,9,22.503333333333334,4.398148148148149,101570.0,0.07833333333333334,89.7,59.86666666666667,1.0,18.3205,35.480533333333334
Vanuatu,Port Vila,2024,10,23.483870967741936,5.318996415770609,101393.54838709677,0.08290322580645161,88.64516129032258,59.96774193548387,0.2903225806451613,16.25016129032258,29.892419354838708
Vanuatu,Port Vila,2024,11,24.91,5.507407407407408,101256.66666666667,0.21166666666666664,89.4,55.96666666666667,0.03333333333333333,13.511166666666666,23.507333333333335
Vanuatu,Port Vila,2024,12,26.019354838709678,3.775089605734767,100964.51612903226,0.35096774193548386,87.38709677419355,56.29032258064516,0.0,9.99,14.603064516129033
Vanuatu,Port Vila,2025,1,25.51290322580645,3.521505376344086,100903.2258064516,0.30709677419354836,93.3225806451613,56.064516129032256,0.03225806451612903,9.536451612903226,13.308064516129033
Vanuatu,Port Vila,2025,2,26.50357142857143,5.347222222222222,100746.42857142857,0.7642857142857142,91.57142857142857,68.75,0.0,9.276428571428571,13.617321428571428
Vanuatu,Port Vila,2025,3,25.874193548387098,3.767921146953405,101154.83870967742,0.5145161290322581,93.16129032258064,61.29032258064516,0.0,8.074354838709677,11.875806451612902
Vanuatu,Port Vila,2025,4,25.936666666666667,3.6009259259259263,100990.0,0.36466666666666664,92.23333333333333,56.3,0.0,7.0793333333333335,10.729999999999999
Vanuatu,Port Vila,2025,5,24.458064516129035,5.741935483870968,101251.6129032258,0.4167741935483871,91.09677419354838,53.225806451612904,0.0,11.201451612903226,17.783870967741933
Vanuatu,Port Vila,2025,6,23.716666666666665,5.433333333333334,101406.66666666667,0.10233333333333335,89.83333333333333,60.46666666666667,0.0,11.531666666666666,18.493833333333335
Vanuatu,Port Vila,2025,7,22.603225806451615,5.093189964157706,101383.87096774194,0.18258064516129033,88.7741935483871,53.225806451612904,0.0,12.371129032258064,19.335483870967742
Vanuatu,Port Vila,2025,8,23.529032258064515,4.746415770609319,101325.80645161291,0.13548387096774195,83.80645161290323,64.51612903225806,0.0,11.989193548387098,17.956935483870968
Vanuatu,Port Vila,2025,9,23.796666666666667,6.352777777777778,101486.66666666667,0.057666666666666665,83.13333333333334,67.5,0.0,13.666833333333333,21.360666666666667
Vanuatu,Port Vila,2025,10,25.641935483870967,4.966845878136201,101312.90322580645,0.11161290322580646,80.54838709677419,51.67741935483871,0.03870967741935484,7.453225806451614,11.124193548387098
Vanuatu,Port Vila,2025,11,27.186666666666667,3.592592592592593,100900.0,0.141,77.43333333333334,50.2,0.0,5.973333333333333,8.406666666666666
Vanuatu,Port Vila,2025,12,28.403225806451612,4.82168458781362,100745.16129032258,0.24483870967741936,73.0,60.483870967741936,0.0,6.091935483870968,8.69516129032258
Vanuatu,Port Vila,2026,1,28.796666666666667,5.307407407407408,100536.66666666667,0.233,77.73333333333333,71.26666666666667,0.016666666666666666,5.9,8.103333333333333
Vanuatu,Port Vila,2026,2,28.766666666666666,4.601851851851852,100783.33333333333,0.5599999999999999,83.16666666666667,68.33333333333333,0.09999999999999999,6.383333333333333,8.6
Vatican City,Vatican City,2024,5,23.941176470588236,4.5473856209150325,101223.5294117647,0.0005882352941176471,53.11764705882353,30.88235294117647,6.176470588235294,11.041176470588235,15.36470588235294
Vatican City,Vatican City,2024,6,29.23,4.865740740740741,101356.66666666667,0.021666666666666667,39.03333333333333,15.833333333333334,7.166666666666667,5.97,12.303333333333335
Vatican City,Vatican City,2024,7,34.272413793103446,4.6609195402298855,101206.89655172414,0.0020689655172413794,33.13793103448276,8.96551724137931,8.413793103448276,6.279310344827586,11.53103448275862
Vatican City,Vatican City,2024,8,34.71935483870968,3.813620071684588,101177.41935483871,0.0025806451612903226,34.70967741935484,11.064516129032258,8.451612903225806,9.387096774193548,13.058064516129033
Vatican City,Vatican City,2024,9,25.493333333333332,2.962962962962963,101280.0,0.12766666666666668,56.43333333333333,30.8,6.466666666666667,9.953166666666668,16.304166666666667
Vatican City,Vatican City,2024,10,20.883870967741935,2.611111111111111,101812.90322580645,0.13419354838709677,72.80645161290323,25.70967741935484,2.7580645161290325,17.372096774193547,25.25548387096774
Vatican City,Vatican City,2024,11,13.923333333333334,2.5166666666666666,102076.66666666667,0.013333333333333334,74.76666666666667,25.033333333333335,1.02,26.7325,33.2445
Vatican City,Vatican City,2024,12,10.24516129032258,2.870967741935484,101993.54838709677,0.09903225806451613,70.06451612903226,16.903225806451612,1.067741935483871,23.865000000000002,28.698870967741936
Vatican City,Vatican City,2025,1,12.019354838709678,3.6603942652329753,101964.51612903226,0.07709677419354839,75.25806451612904,24.838709677419356,1.1774193548387097,22.623709677419356,31.056129032258063
Vatican City,Vatican City,2025,2,11.396428571428572,2.110119047619048,102239.28571428571,0.04964285714285715,76.78571428571429,31.25,1.7,29.415,34.31089285714286
Vatican City,Vatican City,2025,3,13.738709677419356,2.772401433691756,101509.67741935483,0.06935483870967742,72.93548387096774,25.387096774193548,2.296774193548387,25.535967741935483,34.15935483870968
Vatican City,Vatican City,2025,4,16.96333333333333,2.7666666666666666,101516.66666666667,0.05533333333333334,68.9,19.166666666666668,3.3866666666666663,23.081833333333336,30.4325
Vatican City,Vatican City,2025,5,20.44516129032258,2.7007168458781363,101454.83870967742,0.08096774193548387,64.06451612903226,18.129032258064516,4.361290322580645,16.811129032258062,25.518064516129034
Vatican City,Vatican City,2025,6,28.506666666666668,2.4972222222222222,101753.33333333333,0.007,46.833333333333336,1.6666666666666667,5.52,21.392166666666665,37.265166666666666
Vatican City,Vatican City,2025,7,28.509677419354837,2.989247311827957,101270.96774193548,0.04387096774193549,49.12903225806452,9.903225806451612,4.496774193548387,14.740322580645161,23.769516129032258
Vatican City,Vatican City,2025,8,27.212903225806453,2.3019713261648747,101383.87096774194,0.09064516129032257,56.70967741935484,8.064516129032258,3.351612903225807,16.97225806451613,25.010806451612904
Vatican City,Vatican City,2025,9,22.103333333333335,2.3342592592592597,101706.66666666667,0.219,73.1,19.166666666666668,1.7266666666666666,15.812666666666667,23.625333333333334
Vatican City,Vatican City,2025,10,15.803225806451612,2.629032258064516,101622.58064516129,0.014193548387096777,73.03225806451613,19.35483870967742,0.6032258064516128,9.611290322580645,12.937096774193549
Vatican City,Vatican City,2025,11,10.416666666666666,2.4277777777777776,101430.0,0.161,86.2,20.833333333333332,0.19666666666666668,13.43,16.62
Vatican City,Vatican City,2025,12,6.948387096774193,2.2437275985663083,101751.6129032258,0.03967741935483871,88.64516129032258,22.580645161290324,0.0,22.633870967741935,25.846774193548388
Vatican City,Vatican City,2026,1,7.1899999999999995,2.4898148148148147,100863.33333333333,0.34700000000000003,88.43333333333334,43.733333333333334,0.02666666666666667,13.463333333333333,17.733333333333334
Vatican City,Vatican City,2026,2,9.083333333333334,3.0601851851851856,100066.66666666667,0.03333333333333333,84.5,37.5,0.10000000000000002,11.433333333333332,15.583333333333334
Venezuela,Caracas,2024,5,28.53529411764706,2.042483660130719,101364.70588235294,0.19705882352941176,76.47058823529412,42.94117647058823,5.882352941176471,7.582352941176471,8.435294117647059
Venezuela,Caracas,2024,6,27.283333333333335,2.1462962962962964,101390.0,0.17833333333333332,79.56666666666666,46.4,5.7,5.5233333333333325,5.91
Venezuela,Caracas,2024,7,24.862068965517242,1.7614942528735633,101524.13793103448,0.06241379310344828,78.3103448275862,17.586206896551722,5.586206896551724,12.66551724137931,13.26896551724138
Venezuela,Caracas,2024,8,24.774193548387096,1.6335125448028676,101448.3870967742,0.023870967741935485,75.06451612903226,7.645161290322581,5.870967741935484,29.429032258064513,31.12258064516129
Venezuela,Caracas,2024,9,26.896666666666665,1.7046296296296297,101096.66666666667,0.08633333333333333,76.1,9.166666666666666,3.8666666666666667,18.821166666666667,25.724833333333333
Venezuela,Caracas,2024,10,18.983333333333334,1.3194444444444444,101270.0,0.09366666666666666,91.43333333333334,38.93333333333333,0.3,21.157833333333333,31.302
Venezuela,Caracas,2024,11,17.92758620689655,1.1446360153256705,101189.6551724138,0.07172413793103448,92.06896551724138,38.44827586206897,0.0,18.595689655172414,22.62103448275862
Venezuela,Caracas,2024,12,17.374193548387098,1.3225806451612903,101425.80645161291,0.01,90.90322580645162,24.677419354838708,0.0,15.074516129032258,18.36274193548387
Venezuela,Caracas,2025,1,21.93,1.2842592592592592,101410.0,0.023666666666666666,76.4,14.7,0.0,9.638499999999999,12.259333333333332
Venezuela,Caracas,2025,2,23.65357142857143,1.4990079365079365,101310.71428571429,0.0,71.64285714285714,1.7857142857142858,0.0,14.330892857142857,20.521785714285716
Venezuela,Caracas,2025,3,23.896774193548385,1.3405017921146953,101290.32258064517,0.04129032258064516,75.2258064516129,3.225806451612903,0.0,16.226290322580645,22.408870967741933
Venezuela,Caracas,2025,4,24.21333333333333,1.347222222222222,101226.66666666667,0.06699999999999999,80.06666666666666,4.333333333333333,0.0,15.459833333333334,19.7025
Venezuela,Caracas,2025,5,25.419354838709676,1.5896057347670252,101258.06451612903,0.31,81.41935483870968,3.225806451612903,0.0,20.982580645161292,26.52064516129032
Venezuela,Caracas,2025,6,24.56,1.7083333333333333,101420.0,0.11866666666666667,82.1,0.0,0.0,18.148500000000002,28.483833333333333
Venezuela,Caracas,2025,7,22.251612903225805,1.6326164874551972,101483.87096774194,0.041935483870967745,88.16129032258064,43.03225806451613,0.0,20.212741935483873,27.720161290322583
Venezuela,Caracas,2025,8,23.05483870967742,1.5905017921146953,101377.41935483871,0.3925806451612903,89.80645161290323,40.935483870967744,0.0,21.13774193548387,28.406451612903226
Venezuela,Caracas,2025,9,23.186666666666667,1.5925925925925926,101250.0,0.106,89.03333333333333,40.03333333333333,0.0,26.671166666666668,28.481833333333334
Venezuela,Caracas,2025,10,24.861290322580647,1.432795698924731,101112.90322580645,0.0661290322580645,82.41935483870968,33.516129032258064,0.0,16.15967741935484,16.701612903225808
Venezuela,Caracas,2025,11,23.696666666666665,1.3296296296296295,101226.66666666667,0.007333333333333333,85.06666666666666,27.4,0.0,10.360000000000001,11.273333333333333
Venezuela,Caracas,2025,12,24.103225806451615,1.3082437275985663,101277.41935483871,0.0,76.41935483870968,12.806451612903226,0.0,7.837096774193548,8.811290322580644
Venezuela,Caracas,2026,1,23.336666666666666,1.3648148148148147,101333.33333333333,0.009000000000000001,80.9,16.0,0.0,8.533333333333333,9.486666666666668
Venezuela,Caracas,2026,2,20.216666666666665,1.5046296296296298,101416.66666666667,0.0,85.33333333333333,14.166666666666666,0.0,11.233333333333334,12.483333333333334
Vietnam,Ban Lom,2024,6,26.549999999999997,1.5555555555555556,100500.0,0.5075,92.75,63.5,1.0,5.95,6.3
Vietnam,Ban Lom,2024,7,25.65909090909091,1.2676767676767677,100400.0,0.4395454545454545,95.36363636363636,74.36363636363636,1.0,2.9454545454545453,3.277272727272727
Vietnam,Ban Lom,2024,8,25.64516129032258,1.2016129032258065,100619.35483870968,0.25967741935483873,93.51612903225806,63.45161290322581,1.0,2.6193548387096777,3.07741935483871
Vietnam,Ban Lom,2024,9,26.02,1.2120370370370372,100573.33333333333,0.6976666666666667,91.3,76.33333333333333,3.1333333333333333,16.4491,23.447266666666668
Vietnam,Ban Lom,2024,10,26.63225806451613,1.510752688172043,101129.03225806452,0.10354838709677419,75.38709677419355,62.645161290322584,2.7,28.406451612903226,41.75629032258065
Vietnam,Ban Lom,2024,11,25.12,1.675,101406.66666666667,0.04033333333333333,65.7,50.93333333333333,1.2433333333333332,45.48533333333333,55.82683333333333
Vietnam,Ban Lom,2024,12,18.5,1.724014336917563,101651.6129032258,0.0022580645161290325,77.38709677419355,51.16129032258065,0.03870967741935485,55.24935483870968,55.78048387096775
Vietnam,Ban Lom,2025,1,20.187096774193545,1.6792114695340503,101545.16129032258,0.0009677419354838711,56.03225806451613,20.225806451612904,0.30000000000000004,67.17887096774194,68.8558064516129
Vietnam,Ban Lom,2025,2,21.839285714285715,2.2718253968253967,101417.85714285714,0.024285714285714282,66.07142857142857,45.607142857142854,0.2571428571428572,37.24446428571429,38.53285714285715
Vietnam,Ban Lom,2025,3,28.99032258064516,2.5197132616487457,100938.70967741935,0.028064516129032258,40.483870967741936,27.967741935483872,1.0193548387096774,63.472903225806455,68.82596774193549
Vietnam,Ban Lom,2025,4,30.666666666666668,2.0120370370370373,100710.0,0.22166666666666668,51.13333333333333,53.93333333333333,1.4266666666666665,59.59466666666666,66.33483333333334
Vietnam,Ban Lom,2025,5,30.42258064516129,1.8028673835125448,100580.64516129032,0.4361290322580645,63.83870967741935,59.96774193548387,2.532258064516129,27.159193548387094,31.611129032258066
Vietnam,Ban Lom,2025,6,29.966666666666665,1.4814814814814814,100323.33333333333,0.5973333333333334,76.63333333333334,72.3,3.4733333333333336,15.2995,17.205
Vietnam,Ban Lom,2025,7,29.75483870967742,1.3844086021505375,100100.0,0.8603225806451613,80.19354838709677,73.74193548387096,4.12258064516129,13.218548387096773,13.910806451612904
Vietnam,Ban Lom,2025,8,30.369999999999997,1.4944444444444445,100410.0,0.35250000000000004,73.2,73.25,4.5600000000000005,13.505,15.5585
Vietnam,Hanoi,2024,5,28.41176470588235,2.8741830065359477,100623.5294117647,0.361764705882353,83.58823529411765,33.8235294117647,1.2941176470588236,88.2,108.85882352941177
Vietnam,Hanoi,2024,6,29.36896551724138,2.9980842911877392,100365.5172413793,0.9755172413793103,81.6896551724138,43.51724137931034,1.0,69.66896551724139,87.66551724137932
Vietnam,Hanoi,2024,7,29.158620689655173,3.445402298850575,100196.55172413793,0.45655172413793105,82.24137931034483,43.41379310344828,1.0,52.79655172413793,63.88275862068965
Vietnam,Hanoi,2024,8,29.503225806451614,3.2759856630824373,100348.3870967742,0.14322580645161292,79.2258064516129,39.74193548387097,1.0,117.09032258064516,136.03870967741935
Vietnam,Hanoi,2024,9,29.83,3.2203703703703703,100330.0,1.3503333333333332,77.03333333333333,34.166666666666664,3.2,58.6395,82.7245
Vietnam,Hanoi,2024,10,29.896774193548385,2.958781362007169,101029.03225806452,0.01741935483870968,51.83870967741935,22.903225806451612,2.5903225806451613,57.95870967741936,85.64306451612903
Vietnam,Hanoi,2024,11,27.89333333333333,2.3694444444444445,101426.66666666667,0.02,49.7,13.7,1.0933333333333333,82.38666666666667,102.20016666666668
Vietnam,Hanoi,2024,12,20.84193548387097,2.6998207885304657,101725.80645161291,0.012903225806451613,56.354838709677416,41.87096774193548,0.0,86.9559677419355,87.89887096774193
Vietnam,Hanoi,2025,1,21.019354838709678,3.485663082437276,101735.48387096774,0.0022580645161290325,49.903225806451616,19.612903225806452,0.26774193548387093,120.64387096774193,122.67887096774194
Vietnam,Hanoi,2025,2,18.732142857142858,3.0,101700.0,0.009642857142857144,75.14285714285714,78.57142857142857,0.10357142857142858,75.75750000000001,78.24178571428571
Vietnam,Hanoi,2025,3,23.648387096774194,4.196236559139785,101251.6129032258,0.01935483870967742,64.93548387096774,60.483870967741936,0.7741935483870968,89.6832258064516,94.6841935483871
Vietnam,Hanoi,2025,4,28.17,4.6305555555555555,100836.66666666667,0.082,67.13333333333334,42.5,1.3666666666666667,121.24900000000001,129.648
Vietnam,Hanoi,2025,5,30.92258064516129,3.588709677419355,100567.74193548386,0.32096774193548383,68.7741935483871,48.38709677419355,2.3741935483870966,79.10241935483872,83.96612903225805
Vietnam,Hanoi,2025,6,32.29,2.886111111111111,100150.0,0.345,70.06666666666666,37.2,2.49,73.08733333333333,75.93633333333334
Vietnam,Hanoi,2025,7,32.958064516129035,2.2589605734767026,99874.19354838709,0.6735483870967741,69.29032258064517,34.903225806451616,3.693548387096774,94.9408064516129,96.00306451612903
Vietnam,Hanoi,2025,8,31.532258064516128,2.6173835125448033,100374.19354838709,0.6035483870967743,73.38709677419355,28.225806451612904,2.8161290322580643,81.96693548387097,84.81354838709677
Vietnam,Hanoi,2025,9,31.876666666666665,3.071296296296296,100586.66666666667,0.7390000000000001,68.96666666666667,41.266666666666666,3.5866666666666664,70.1955,71.713
Vietnam,Hanoi,2025,10,28.838709677419356,3.348566308243728,101203.2258064516,0.22516129032258067,67.93548387096774,46.064516129032256,3.464516129032258,48.33387096774193,48.843548387096774
Vietnam,Hanoi,2025,11,24.34333333333333,3.128703703703704,101640.0,0.06233333333333334,60.96666666666667,44.166666666666664,2.7633333333333336,47.61666666666667,48.13666666666666
Vietnam,Hanoi,2025,12,23.79032258064516,2.4695340501792113,101616.12903225806,0.1396774193548387,62.193548387096776,54.03225806451613,1.9,82.11129032258066,82.6758064516129
Vietnam,Hanoi,2026,1,20.203333333333333,2.723148148148148,101890.0,0.012333333333333333,64.4,71.66666666666667,2.123333333333333,71.31666666666666,72.30666666666666
Vietnam,Hanoi,2026,2,21.266666666666666,1.837962962962963,101850.0,0.0016666666666666668,68.16666666666667,75.0,2.566666666666667,73.3,74.7
Vietnam,Ho Chi Minh City,2024,6,26.6,1.8055555555555556,100800.0,0.1,86.0,76.0,1.0,104.6,130.3
Vietnam,S. Manian,2025,12,25.95,4.194444444444445,100900.0,0.005,72.0,49.5,5.824999999999999,14.95,17.475
Vietnam,S. Manian,2026,1,26.707142857142856,4.861111111111112,101114.28571428571,0.008571428571428572,61.642857142857146,22.428571428571427,6.335714285714286,15.485714285714286,18.035714285714285
Vietnam,S. Manian,2026,2,27.5,6.152777777777778,101100.0,0.0,63.0,18.5,6.3,14.05,16.45
Yemen,Sanaa,2024,5,26.3,5.7140522875817,101129.41176470589,0.02,20.235294117647058,26.294117647058822,6.235294117647059,28.794117647058822,112.39999999999999
Yemen,Sanaa,2024,6,26.836666666666666,5.807407407407408,100873.33333333333,0.033,20.4,40.4,6.533333333333333,23.116666666666667,85.43
Yemen,Sanaa,2024,7,24.553571428571427,3.981150793650794,100857.14285714286,0.22999999999999998,34.785714285714285,64.57142857142857,5.642857142857143,24.907142857142855,91.48928571428571
Yemen,Sanaa,2024,8,23.703225806451613,3.425627240143369,100864.51612903226,0.42451612903225805,42.70967741935484,73.19354838709677,5.290322580645161,19.700000000000003,69.93548387096774
Yemen,Sanaa,2024,9,25.44,5.433333333333334,101063.33333333333,0.014333333333333333,19.8,29.533333333333335,6.3,24.968666666666664,117.78633333333332
Yemen,Sanaa,2024,10,22.44516129032258,3.644265232974911,101470.96774193548,0.01870967741935484,24.93548387096774,10.774193548387096,9.574193548387097,18.1658064516129,83.6558064516129
Yemen,Sanaa,2024,11,19.896666666666665,1.6324074074074073,101610.0,0.0006666666666666666,24.666666666666668,6.5,9.276666666666667,20.83716666666667,81.77
Yemen,Sanaa,2024,12,20.838709677419356,2.0197132616487457,101516.12903225806,0.0012903225806451613,16.451612903225808,5.612903225806452,7.925806451612903,22.575967741935486,69.42274193548387
Yemen,Sanaa,2025,1,20.493548387096773,2.2777777777777777,101451.6129032258,0.0,20.677419354838708,0.22580645161290322,8.838709677419354,20.451451612903227,72.75870967741936
Yemen,Sanaa,2025,2,23.217857142857145,3.078373015873016,101328.57142857143,0.0,16.428571428571427,0.42857142857142855,11.139285714285714,25.6225,113.62303571428572
Yemen,Sanaa,2025,3,22.296774193548387,3.339605734767025,101451.6129032258,0.009677419354838712,25.774193548387096,18.903225806451612,13.27741935483871,36.37935483870968,173.60758064516128
Yemen,Sanaa,2025,4,23.873333333333335,3.2564814814814813,101393.33333333333,0.006666666666666667,18.666666666666668,6.033333333333333,14.346666666666666,28.5085,168.96666666666667
Yemen,Sanaa,2025,5,25.783870967741933,4.558243727598567,101277.41935483871,0.00870967741935484,15.709677419354838,11.741935483870968,12.629032258064516,33.34177419354839,175.77983870967742
Yemen,Sanaa,2025,6,26.89333333333333,4.715740740740741,101120.0,0.0,12.4,16.566666666666666,11.943333333333333,30.4695,141.56816666666666
Yemen,Sanaa,2025,7,27.151612903225807,4.28405017921147,100993.54838709677,0.0,17.419354838709676,41.87096774193548,11.04516129032258,37.22677419354839,175.21290322580646
Yemen,Sanaa,2025,8,24.664516129032258,4.299283154121864,101016.12903225806,0.08290322580645161,32.03225806451613,59.064516129032256,9.819354838709677,39.124516129032266,143.64354838709676
Yemen,Sanaa,2025,9,23.563333333333333,5.1305555555555555,101376.66666666667,0.054000000000000006,27.766666666666666,20.233333333333334,9.406666666666666,35.69433333333333,106.39899999999999
Yemen,Sanaa,2025,10,19.29032258064516,2.824372759856631,101777.41935483871,0.0,21.64516129032258,0.967741935483871,8.596774193548388,14.404838709677419,40.24032258064516
Yemen,Sanaa,2025,11,16.29,1.449074074074074,102046.66666666667,0.0,25.333333333333332,0.5333333333333333,7.11,13.746666666666666,31.816666666666666
Yemen,Sanaa,2025,12,16.616129032258065,1.5439068100358424,101800.0,0.000967741935483871,31.0,6.193548387096774,6.319354838709677,13.875806451612902,30.146774193548385
Yemen,Sanaa,2026,1,15.74,1.4574074074074075,102023.33333333333,0.0,26.866666666666667,1.3666666666666667,6.903333333333333,17.996666666666666,52.74333333333333
Yemen,Sanaa,2026,2,16.7,1.2361111111111112,101983.33333333333,0.0,30.166666666666668,1.3333333333333333,7.316666666666666,15.316666666666668,47.78333333333333
Zambia,Lusaka,2024,5,23.91176470588235,3.812091503267974,101629.41176470589,0.0,32.11764705882353,13.823529411764707,6.823529411764706,10.547058823529412,18.805882352941175
Zambia,Lusaka,2024,6,24.14,3.4435185185185184,101643.33333333333,0.0003333333333333333,27.5,12.933333333333334,7.3,14.04,22.003333333333334
Zambia,Lusaka,2024,7,27.67241379310345,2.8706896551724137,101451.72413793103,0.0,14.03448275862069,1.0,8.0,15.624137931034484,21.913793103448278
Zambia,Lusaka,2024,8,28.27741935483871,3.8763440860215055,101493.54838709677,0.0,15.612903225806452,2.806451612903226,8.096774193548388,10.338709677419354,15.574193548387097
Zambia,Lusaka,2024,9,30.13,4.052777777777778,101323.33333333333,0.0006666666666666666,19.366666666666667,5.933333333333334,8.533333333333333,16.607666666666667,24.80816666666667
Zambia,Lusaka,2024,10,29.187096774193552,4.025089605734768,101377.41935483871,0.007741935483870968,26.225806451612904,16.580645161290324,9.693548387096774,16.369516129032256,24.44983870967742
Zambia,Lusaka,2024,11,28.566666666666666,3.6333333333333333,101246.66666666667,0.09866666666666667,40.6,35.733333333333334,9.120000000000001,13.091833333333334,16.175166666666666
Zambia,Lusaka,2024,12,31.112903225806452,3.0654121863799286,101035.48387096774,0.15677419354838712,32.67741935483871,28.64516129032258,12.351612903225806,10.240645161290322,10.62258064516129
Zambia,Lusaka,2025,1,23.358064516129033,2.776881720430108,101109.67741935483,0.6087096774193549,73.09677419354838,71.96774193548387,10.893548387096773,12.36516129032258,12.526290322580644
Zambia,Lusaka,2025,2,23.575,2.748015873015873,101139.28571428571,0.5160714285714285,75.64285714285714,68.85714285714286,10.582142857142857,15.361607142857142,16.279999999999998
Zambia,Lusaka,2025,3,23.503225806451614,3.423835125448029,101474.19354838709,0.13354838709677422,67.25806451612904,64.7741935483871,12.283870967741937,7.0240322580645165,7.579032258064517
Zambia,Lusaka,2025,4,23.626666666666665,4.013888888888889,101590.0,0.039,60.833333333333336,54.233333333333334,8.406666666666666,7.313666666666666,8.016666666666667
Zambia,Lusaka,2025,5,21.729032258064517,4.064516129032258,102038.70967741935,0.005806451612903226,49.45161290322581,30.483870967741936,6.558064516129033,7.811774193548387,8.778548387096773
Zambia,Lusaka,2025,6,21.456666666666667,3.775,102110.0,0.0,40.36666666666667,14.533333333333333,6.033333333333333,12.018833333333333,12.672500000000001
Zambia,Lusaka,2025,7,19.29032258064516,4.71505376344086,102325.80645161291,0.0032258064516129032,42.54838709677419,22.06451612903226,5.419354838709677,9.793064516129032,10.676290322580646
Zambia,Lusaka,2025,8,22.44193548387097,4.313620071684588,102012.90322580645,0.0,26.548387096774192,2.3548387096774195,6.029032258064516,19.037096774193547,19.896451612903224
Zambia,Lusaka,2025,9,27.05666666666667,4.861111111111112,101690.0,0.0,23.433333333333334,2.6,6.069999999999999,27.265666666666668,27.8245
Zambia,Lusaka,2025,10,27.34193548387097,4.931003584229391,101506.45161290323,0.0,30.419354838709676,7.290322580645161,6.080645161290323,10.356451612903227,10.837096774193547
Zambia,Lusaka,2025,11,24.226666666666667,3.6972222222222224,101490.0,0.14966666666666667,56.4,43.7,5.12,7.666666666666667,7.86
Zambia,Lusaka,2025,12,21.003225806451614,3.1478494623655915,101416.12903225806,0.18774193548387097,77.87096774193549,64.90322580645162,3.664516129032258,6.695161290322581,6.824193548387097
Zambia,Lusaka,2026,1,20.77,2.862037037037037,101346.66666666667,0.27133333333333337,83.43333333333334,66.2,4.73,9.76,9.883333333333333
Zambia,Lusaka,2026,2,20.25,3.1481481481481484,101566.66666666667,0.15833333333333335,80.33333333333333,49.666666666666664,4.933333333333334,11.433333333333332,11.799999999999999
Zimbabwe,Harare,2024,5,23.170588235294115,3.088235294117647,101729.41176470589,0.0,24.294117647058822,4.9411764705882355,6.705882352941177,15.705882352941176,19.658823529411762
Zimbabwe,Harare,2024,6,22.403333333333332,2.948148148148148,101800.0,0.001,25.2,10.833333333333334,6.966666666666667,17.05,20.533333333333335
Zimbabwe,Harare,2024,7,25.81111111111111,1.9814814814814814,101548.14814814815,0.0,12.148148148148149,0.6296296296296297,7.851851851851852,25.814814814814813,30.53333333333333
Zimbabwe,Harare,2024,8,26.593548387096774,2.809139784946237,101619.35483870968,0.0,13.580645161290322,1.2258064516129032,7.838709677419355,21.264516129032256,24.46451612903226
Zimbabwe,Harare,2024,9,28.40666666666667,3.625,101466.66666666667,0.0,17.366666666666667,3.1,8.2,17.183,25.144166666666667
Zimbabwe,Harare,2024,10,26.67096774193548,3.5860215053763445,101554.83870967742,0.0070967741935483875,26.806451612903224,19.612903225806452,9.258064516129032,17.74209677419355,26.431129032258063
Zimbabwe,Harare,2024,11,27.383333333333333,3.275,101363.33333333333,0.081,36.3,29.366666666666667,10.639999999999999,12.074333333333334,14.682833333333333
Zimbabwe,Harare,2024,12,29.393548387096775,3.3324372759856633,101174.19354838709,0.17129032258064517,31.483870967741936,29.032258064516128,12.461290322580645,9.77516129032258,10.246612903225806
Zimbabwe,Harare,2025,1,23.37741935483871,3.3001792114695343,101138.70967741935,0.38129032258064516,65.51612903225806,77.58064516129032,12.019354838709678,8.223548387096775,8.492096774193548
Zimbabwe,Harare,2025,2,24.857142857142858,2.755952380952381,101089.28571428571,0.3653571428571429,59.17857142857143,64.0,13.125,7.433035714285714,7.9087499999999995
Zimbabwe,Harare,2025,3,24.093548387096774,2.453405017921147,101509.67741935483,0.1538709677419355,52.96774193548387,46.354838709677416,12.425806451612903,9.023225806451613,9.787096774193548
Zimbabwe,Harare,2025,4,23.133333333333333,2.7416666666666667,101700.0,0.12033333333333333,54.1,40.36666666666667,9.35,12.506,13.289166666666667
Zimbabwe,Harare,2025,5,20.916129032258063,2.810931899641577,102141.93548387097,0.0032258064516129032,39.354838709677416,12.64516129032258,7.093548387096774,17.945,19.02516129032258
Zimbabwe,Harare,2025,6,19.64,2.9703703703703703,102236.66666666667,0.0,37.7,9.833333333333334,5.926666666666667,25.17233333333333,25.980166666666666
Zimbabwe,Harare,2025,7,17.603225806451615,3.0501792114695343,102470.96774193548,0.0,38.96774193548387,9.225806451612904,5.354838709677419,39.685483870967744,40.59854838709678
Zimbabwe,Harare,2025,8,20.258064516129032,3.456989247311828,102177.41935483871,0.0,25.774193548387096,2.096774193548387,6.296774193548386,45.74274193548387,47.36
Zimbabwe,Harare,2025,9,24.78666666666667,4.002777777777778,101873.33333333333,0.009333333333333334,23.333333333333332,4.966666666666667,6.4,46.93066666666667,48.14933333333333
Zimbabwe,Harare,2025,10,24.874193548387098,3.9964157706093193,101719.35483870968,0.0064516129032258064,31.741935483870968,11.35483870967742,6.738709677419355,13.61774193548387,14.256451612903225
Zimbabwe,Harare,2025,11,22.89,3.5120370370370373,101623.33333333333,0.15733333333333333,55.266666666666666,44.03333333333333,6.006666666666666,9.870000000000001,10.206666666666667
Zimbabwe,Harare,2025,12,21.006451612903227,3.127240143369176,101490.32258064517,0.3080645161290323,67.93548387096774,52.87096774193548,5.641935483870968,8.453225806451613,8.62741935483871
Zimbabwe,Harare,2026,1,20.209999999999997,2.658333333333333,101400.0,0.2763333333333333,77.2,54.266666666666666,5.693333333333333,9.843333333333334,10.0
Zimbabwe,Harare,2026,2,21.25,1.5787037037037035,101650.0,0.01,63.666666666666664,51.166666666666664,6.666666666666667,17.183333333333334,17.650000000000002
Гватемала,New Guatemala,2024,7,15.9,1.8055555555555556,102000.0,0.0,95.0,46.0,4.0,40.8,68.8
Польша,Beirut,2024,7,24.2,3.8055555555555554,101300.0,0.0,56.0,74.0,5.0,2.5,2.6
Турция,Yaren,2024,7,34.0,6.6944444444444455,100600.0,0.0,44.0,25.0,8.0,11.3,14.2
كولومبيا,Costa Rica,2024,7,23.1,1.8055555555555556,101700.0,0.05,95.0,92.0,5.0,0.5,0.5
火鸡,-Kingdom,2024,7,29.7,5.111111111111111,100300.0,0.0,24.0,4.0,7.0,3.0,3.4
